date,soxx_open,soxx_high,soxx_low,soxx_close,soxx_volume,qqq_close
2001-07-13,24.1,24.53,23.5267,24.2167,603300,43.15
2001-07-16,23.7833,23.85,22.8133,22.8133,180000,42.35
2001-07-17,22.65,23.75,22.6333,23.75,287100,43.3
2001-07-18,23.0333,23.2033,22.7667,22.7667,301800,41.65
2001-07-19,24.1333,24.2333,23.7333,23.7333,405000,42.64
2001-07-20,23.25,23.6333,23.25,23.6167,360000,41.65
2001-07-23,23.75,23.75,22.9,22.9,195300,40.61
2001-07-24,22.7667,22.7667,22.2667,22.2833,150300,40.15
2001-07-25,22.2,22.6167,21.8833,21.8833,179100,40.5
2001-07-26,22.85,24.15,22.7667,23.9167,281700,41.1
2001-07-27,24.1667,24.7333,24.1667,24.47,121500,41.95
2001-07-30,24.5967,24.8467,24.43,24.6333,7800,41.7
2001-07-31,25.1333,25.1333,24.6333,24.6333,152100,41.76
2001-08-01,25.5833,26.2333,25.5833,25.9167,28500,43.1
2001-08-02,26.5667,26.65,26.3833,26.4167,64800,43.91
2001-08-03,26.4167,26.4167,25.9167,26.0833,9600,43.18
2001-08-06,25.5167,25.7167,25.4667,25.6167,21900,42.5
2001-08-07,25.2,25.22,25.0,25.22,18600,42.28
2001-08-08,25.1133,25.5167,24.9333,24.9333,18900,40.5
2001-08-09,24.0,24.25,24.0,24.25,3000,40.67
2001-08-10,24.2,24.3333,24.2,24.3,12600,40.28
2001-08-13,24.8333,24.9333,24.7,24.8833,24300,41.1
2001-08-14,25.0667,25.0667,24.9833,24.9833,4200,40.6
2001-08-15,24.5833,24.5833,24.0067,24.0067,6300,39.1
2001-08-16,23.3333,23.7,23.1,23.7,13500,39.56
2001-08-17,23.3333,23.3333,22.8667,22.8667,1500,37.76
2001-08-20,23.0,23.15,22.85,23.1167,32700,38.28
2001-08-21,23.1,23.1,22.5333,22.5333,4200,36.69
2001-08-22,22.73,23.2333,22.5,23.2333,8400,37.69
2001-08-23,23.37,23.6633,23.31,23.35,3000,37.32
2001-08-24,23.7567,24.4833,23.6667,24.3567,1200,39.3
2001-08-27,24.5,25.13,24.5,24.9,12300,39.35
2001-08-28,24.45,24.55,24.3167,24.3167,3000,38.12
2001-08-29,24.4333,24.4333,23.4667,23.4667,900,37.56
2001-08-30,22.55,22.8333,22.5,22.8333,3600,36.17
2001-08-31,22.6667,23.16,22.6667,22.9467,6000,36.63
2001-09-04,22.8667,23.1567,22.3333,22.3333,3300,35.47
2001-09-05,22.2467,22.2467,21.5333,21.5667,22500,35.33
2001-09-06,21.3333,21.6667,20.4667,20.5667,792000,33.9
2001-09-07,20.3833,21.2267,20.3833,20.7167,9900,33.7
2001-09-10,20.6133,20.9133,20.6133,20.6967,3900,34.1
2001-09-17,19.0,19.5933,18.8,18.8,24600,31.2
2001-09-18,18.75,18.9067,18.5033,18.9067,1200,30.5
2001-09-19,17.1233,17.3167,15.9,17.3167,40200,29.97
2001-09-20,16.55,17.0667,16.2,16.2,51000,28.97
2001-09-21,15.1333,16.1,15.1333,15.4167,11400,28.19
2001-09-24,16.3333,16.95,16.3333,16.95,28500,29.61
2001-09-25,17.2333,17.2333,16.5,16.5,12900,29.7
2001-09-26,16.9,16.9,16.0,16.0333,9600,28.67
2001-09-27,15.3333,15.55,14.9633,15.55,3600,28.48
2001-09-28,15.9167,16.1667,15.6333,15.9833,14400,28.98
2001-10-01,15.7333,15.7333,15.45,15.45,5100,28.73
2001-10-02,15.75,15.75,15.1667,15.1667,12900,28.82
2001-10-03,15.0,16.7833,14.9667,16.6167,12900,31.0
2001-10-04,17.0,17.98,16.6333,17.5833,22800,31.3
2001-10-05,17.3333,17.8,16.6333,17.69,23700,31.76
2001-10-08,17.3333,18.5667,17.3,18.4,49200,31.86
2001-10-09,17.9667,17.9667,17.5167,17.5667,22200,31.09
2001-10-10,17.5333,18.5667,17.4167,18.5667,28200,32.5
2001-10-11,19.2633,20.2767,19.2633,20.2133,62100,34.7
2001-10-12,19.7333,20.0167,19.2667,19.8667,26400,34.55
2001-10-15,19.7167,19.7167,19.32,19.45,7800,34.4
2001-10-16,19.7667,20.05,19.5,20.05,6600,34.96
2001-10-17,20.55,20.6,19.2333,19.2333,15000,32.45
2001-10-18,18.75,18.8833,18.3,18.5333,13200,33.33
2001-10-19,18.15,18.68,18.15,18.68,6900,33.55
2001-10-22,18.5167,19.6,18.5167,19.6,23100,34.45
2001-10-23,19.8,20.0867,19.47,19.5167,4500,34.63
2001-10-24,20.0667,20.2967,19.9733,20.13,16800,35.38
2001-10-25,19.7,21.0,19.45,21.0,10200,36.8
2001-10-26,21.1333,21.1833,20.8,21.08,22500,36.01
2001-10-29,20.4167,20.4167,19.9167,19.9167,7500,34.04
2001-10-30,19.1833,19.1833,18.6767,18.7167,16800,33.38
2001-10-31,19.4367,20.0467,19.4067,19.4067,8100,33.9
2001-11-01,19.7833,20.6467,19.7833,20.6,3612900,35.34
2001-11-02,20.9833,20.9967,20.5033,20.8,2115300,35.6
2001-11-05,21.55,21.63,21.4333,21.63,2100,36.76
2001-11-06,21.2,22.2833,21.2,22.2333,13500,38.19
2001-11-07,22.06,22.6367,22.02,22.3933,144000,38.14
2001-11-08,22.6667,23.1733,21.7667,21.7867,627300,37.75
2001-11-09,22.0067,22.2,21.7533,21.9633,207900,37.73
2001-11-12,21.5333,22.5167,21.5,22.39,76800,38.0
2001-11-13,23.2333,23.4667,22.9733,23.3833,18900,39.36
2001-11-14,24.0,24.0,22.9667,23.5,60900,39.64
2001-11-15,23.3833,23.5833,23.05,23.2667,200400,39.48
2001-11-16,23.4167,23.4667,23.0,23.1833,24600,39.37
2001-11-19,23.4233,23.4433,22.75,23.0867,24300,40.49
2001-11-20,22.7833,22.8333,21.7767,21.7767,29100,38.62
2001-11-21,21.6833,22.05,21.5133,22.05,42300,38.42
2001-11-23,22.05,22.47,22.05,22.4167,13200,39.28
2001-11-26,22.7333,23.3333,22.7333,23.32,9300,40.25
2001-11-27,22.8,23.8967,22.6567,23.3433,43500,40.2
2001-11-28,23.0167,23.0167,22.3033,22.3033,18600,38.75
2001-11-29,22.4333,22.9467,22.2167,22.9133,19200,39.95
2001-11-30,22.6333,22.71,22.34,22.6133,50400,39.65
2001-12-03,22.3667,22.6433,22.2167,22.3167,10500,38.97
2001-12-04,22.6833,23.4167,22.6833,23.4167,14400,40.83
2001-12-05,24.0833,25.4667,24.0833,25.2833,33000,42.85
2001-12-06,25.1167,25.4367,24.8533,25.1167,28500,42.91
2001-12-07,24.9333,24.9333,24.0,24.2167,19200,41.73
2001-12-10,24.1333,24.1333,23.6567,23.7,132000,41.0
2001-12-11,24.1333,24.4333,23.9367,23.9533,30600,41.23
2001-12-12,24.2167,24.31,23.75,23.8833,4800,41.56
2001-12-13,23.5833,23.5833,22.7533,22.7533,36600,39.76
2001-12-14,22.9167,23.3867,22.75,23.22,75900,40.11
2001-12-17,23.5433,23.85,23.4967,23.7333,31500,40.8
2001-12-18,23.9633,23.9633,23.7167,23.9167,45000,41.26
2001-12-19,23.0,23.3067,22.6833,22.6833,519600,40.51
2001-12-20,22.3333,22.4333,21.5267,21.5367,62400,38.79
2001-12-21,22.0,22.08,21.8667,22.08,24900,39.48
2001-12-24,22.0333,22.0333,21.9167,21.9167,4500,39.32
2001-12-26,22.3633,22.54,22.04,22.1833,34200,39.69
2001-12-27,22.3367,22.5767,22.3367,22.5267,103800,40.01
2001-12-28,22.8,22.96,22.5667,22.7167,132300,40.33
2001-12-31,22.7333,22.7333,22.1,22.1667,23100,38.91
2002-01-02,22.6333,23.0667,22.4667,23.0667,207900,40.11
2002-01-03,23.5,24.9067,23.5,24.8333,251700,41.5
2002-01-04,25.3,25.33,24.3,24.7467,111600,41.67
2002-01-07,25.0,25.0,24.1333,24.2033,24900,41.21
2002-01-08,24.1533,24.6633,23.9833,24.2667,79500,41.49
2002-01-09,24.6667,25.0367,24.1333,24.1333,19200,41.11
2002-01-10,24.0367,24.1533,23.8233,23.86,32700,41.38
2002-01-11,24.2667,24.2667,23.6667,23.7333,43800,40.85
2002-01-14,23.6667,23.6767,23.2533,23.27,52200,39.96
2002-01-15,23.55,23.55,23.0033,23.3333,765300,40.34
2002-01-16,22.65,22.8233,22.3467,22.3467,1594800,38.78
2002-01-17,22.7,22.9167,22.3167,22.8833,25200,39.65
2002-01-18,22.1667,22.56,22.1667,22.3,18000,38.59
2002-01-22,22.4333,22.4333,21.3,21.3,16500,37.4
2002-01-23,21.75,22.0533,21.3667,21.9333,34500,38.43
2002-01-24,22.1333,22.5733,22.1333,22.2733,27900,38.94
2002-01-25,22.2567,22.6667,22.1667,22.49,4500,38.83
2002-01-28,22.8,22.9667,22.54,22.8867,9300,39.05
2002-01-29,23.25,23.25,22.2933,22.36,27300,37.98
2002-01-30,22.2333,22.9333,22.2333,22.9333,16800,38.27
2002-01-31,23.3333,23.3333,22.81,23.1133,12600,38.51
2002-02-01,22.9833,22.9833,22.8833,22.8833,7200,38.14
2002-02-04,22.9167,22.9167,22.3,22.4567,14400,36.92
2002-02-05,22.3333,22.58,22.1333,22.1333,2700,36.31
2002-02-06,22.3333,22.3333,21.95,22.0667,429900,36.06
2002-02-07,21.7833,22.1,21.35,21.35,11400,35.19
2002-02-08,21.5333,21.83,21.2067,21.8167,62100,36.17
2002-02-11,22.05,22.66,22.05,22.66,207000,36.63
2002-02-12,22.4667,22.9233,22.26,22.5333,14700,36.33
2002-02-13,22.9933,23.05,22.97,23.0333,9900,36.95
2002-02-14,23.27,23.3467,22.7733,22.91,12900,36.88
2002-02-15,22.7,22.7,22.36,22.36,1800,35.78
2002-02-19,22.0,22.0067,21.38,21.38,26400,34.68
2002-02-20,21.6,21.8167,20.94,21.8167,38700,35.15
2002-02-21,21.1133,21.2567,20.4167,20.4667,246300,33.48
2002-02-22,20.5,20.62,20.18,20.5533,104400,33.65
2002-02-25,20.7167,21.7333,20.7167,21.6333,182100,35.01
2002-02-26,21.75,21.8,21.1433,21.3167,14700,34.88
2002-02-27,21.6333,21.93,21.0733,21.22,90300,34.4
2002-02-28,21.3933,21.3933,20.5667,20.5667,325500,33.78
2002-03-01,21.25,22.5333,21.25,22.4733,250200,35.74
2002-03-04,22.8333,24.05,22.6367,23.95,172800,37.15
2002-03-05,23.8833,24.5333,23.8833,24.3567,492600,37.42
2002-03-06,24.1333,24.4,23.6733,24.3067,504600,37.6
2002-03-07,24.8333,24.8967,24.15,24.5133,304200,37.68
2002-03-08,25.0667,25.5067,25.0667,25.4,40500,38.67
2002-03-11,24.9,25.1933,24.5167,24.8933,145800,38.53
2002-03-12,23.8667,24.1067,23.75,24.01,18900,38.0
2002-03-13,23.5833,23.66,23.1667,23.3567,330000,37.08
2002-03-14,23.5833,23.5833,23.2267,23.2933,9600,36.86
2002-03-15,23.2667,23.7,23.2667,23.6367,32400,37.23
2002-03-18,24.2,24.4333,23.8667,23.9167,45300,37.44
2002-03-19,24.0467,24.3133,23.9833,24.0667,42900,37.38
2002-03-20,23.4867,23.5833,23.2367,23.2367,22500,36.06
2002-03-21,23.3333,23.8333,23.1267,23.8333,217500,37.02
2002-03-22,23.7667,23.8833,23.5667,23.5667,20100,36.68
2002-03-25,23.6333,23.8,22.9233,22.9233,27000,35.56
2002-03-26,22.9667,23.5633,22.8167,23.2833,27900,35.89
2002-03-27,23.4,23.48,23.1233,23.32,310200,35.61
2002-03-28,23.8167,24.0,23.7433,23.7433,481500,36.06
2002-04-01,23.4667,24.4967,23.4667,24.3333,128100,36.75
2002-04-02,24.0667,24.0667,23.62,23.62,21300,35.09
2002-04-03,23.55,23.5667,22.9267,23.12,237000,35.03
2002-04-04,23.3833,23.3833,22.95,23.2,468000,34.76
2002-04-05,23.1,23.1167,22.9333,23.0067,4500,34.37
2002-04-08,22.2433,23.0333,22.0833,22.9333,33600,34.8
2002-04-09,22.85,22.85,22.35,22.4167,36900,33.59
2002-04-10,22.4667,22.5667,21.8533,22.5,92700,33.84
2002-04-11,22.2,22.4933,21.9133,22.05,24000,33.0
2002-04-12,22.2,22.2333,21.8033,22.1667,42300,33.52
2002-04-15,22.5,22.6667,22.2,22.65,28500,33.79
2002-04-16,23.6667,23.9867,23.62,23.8867,46500,35.2
2002-04-17,24.3,24.69,24.09,24.4067,1386600,35.02
2002-04-18,23.9167,24.0833,23.3333,23.6767,34800,34.35
2002-04-19,23.8333,23.9833,23.3,23.3667,37500,34.46
2002-04-22,23.0333,23.0333,22.7667,22.95,471300,33.59
2002-04-23,23.05,23.2833,22.4133,22.5,67800,33.01
2002-04-24,22.7,22.7667,21.7333,21.7667,41400,32.5
2002-04-25,21.7333,21.9833,21.45,21.95,251400,32.42
2002-04-26,22.1667,22.2,20.9767,21.0,239400,31.04
2002-04-29,21.15,21.6267,20.86,21.05,209400,31.12
2002-04-30,21.1167,21.95,21.1167,21.5,93300,31.73
2002-05-01,21.4333,21.8267,20.8567,21.58,27900,31.56
2002-05-02,21.5667,21.9167,20.6567,20.7,89400,30.51
2002-05-03,20.4167,20.4167,19.65,19.8467,99300,29.74
2002-05-06,20.0833,20.2667,19.4067,19.45,21300,28.97
2002-05-07,19.5167,19.64,18.95,19.3333,542700,28.7
2002-05-08,20.7333,21.71,20.6167,21.6,215100,31.77
2002-05-09,21.5333,21.6133,20.9,21.2567,46800,30.95
2002-05-10,21.05,21.05,19.9067,20.06,72900,29.56
2002-05-13,20.3833,21.13,20.3333,21.13,37800,30.76
2002-05-14,22.35,22.5333,22.0033,22.4867,107700,32.57
2002-05-15,22.0,23.05,21.82,22.3033,87300,32.81
2002-05-16,22.3333,22.63,22.0333,22.63,42600,32.86
2002-05-17,22.9333,22.9467,22.3333,22.6467,40800,32.93
2002-05-20,22.4333,22.4667,22.1667,22.3633,17700,32.21
2002-05-21,22.4333,22.5333,21.5633,21.75,45000,31.33
2002-05-22,21.5,21.8333,21.15,21.2133,147000,31.4
2002-05-23,21.6667,21.6667,21.0,21.6633,41700,32.03
2002-05-24,20.9,21.03,20.7833,20.9,49500,31.24
2002-05-28,21.0,21.0,20.5667,20.8167,16200,31.1
2002-05-29,20.3333,20.4133,20.1333,20.1867,38400,30.28
2002-05-30,19.7333,20.1167,19.45,19.9633,57300,30.54
2002-05-31,20.2167,20.4667,19.9167,19.9333,375600,30.04
2002-06-03,19.7,19.7,18.9167,18.9667,80700,28.98
2002-06-04,18.9,19.6,18.8,19.38,65400,29.36
2002-06-05,19.5667,19.5667,19.0,19.4967,40500,29.66
2002-06-06,18.9367,19.0167,18.6333,18.7967,91500,28.88
2002-06-07,17.6,18.2167,17.3333,18.2133,100800,28.3
2002-06-10,18.1667,18.4133,17.99,18.0267,359100,28.25
2002-06-11,18.0867,18.13,17.25,17.25,324900,27.46
2002-06-12,17.45,17.8167,17.0233,17.78,94800,27.86
2002-06-13,17.6367,18.1133,17.4467,17.5367,1902600,27.68
2002-06-14,16.6667,17.6667,16.6,17.5,42600,27.62
2002-06-17,17.95,18.55,17.95,18.3833,53700,28.56
2002-06-18,18.3667,18.9,18.1667,18.1667,68400,29.02
2002-06-19,17.5167,17.75,16.9167,16.95,352500,27.34
2002-06-20,17.25,17.25,16.0833,16.2,125700,26.46
2002-06-21,16.17,16.3767,15.6833,15.76,125700,25.82
2002-06-24,15.7833,16.55,15.5667,16.4667,62100,26.33
2002-06-25,16.5833,16.5833,15.4833,15.5667,76800,25.46
2002-06-26,14.8,15.5667,14.8,15.5033,26700,25.65
2002-06-27,16.1667,16.38,15.75,16.2333,240300,26.21
2002-06-28,16.2667,16.7033,15.95,15.97,105000,26.1
2002-07-01,16.1,16.2167,15.25,15.25,75600,24.85
2002-07-02,15.0,15.1167,14.5667,14.6967,51000,23.95
2002-07-03,14.4167,15.2167,14.4167,15.2,70200,24.75
2002-07-05,16.0,16.45,15.9333,16.45,39000,26.34
2002-07-08,16.4833,16.4833,15.8333,15.8333,16800,25.38
2002-07-09,15.6,15.6167,15.2667,15.2667,29400,24.66
2002-07-10,15.45,15.4533,14.6967,14.7967,36900,23.9
2002-07-11,14.5167,15.54,14.38,15.54,107400,24.8
2002-07-12,15.6667,15.9833,15.4267,15.8433,114000,24.8
2002-07-15,15.4667,16.0,15.2467,15.8833,63600,25.57
2002-07-16,16.4,16.9333,16.0,16.21,239700,25.19
2002-07-17,17.1833,17.1833,15.93,16.2833,317100,25.65
2002-07-18,16.2233,16.4333,15.8367,15.9167,61200,24.73
2002-07-19,15.5833,16.0533,15.3667,15.4667,149400,23.99
2002-07-22,15.5,15.7267,15.0,15.1167,150300,23.4
2002-07-23,15.0833,15.27,14.3333,14.3333,245100,22.4
2002-07-24,13.8667,14.9367,13.8667,14.9367,103800,23.62
2002-07-25,14.3833,14.3833,12.9733,13.5267,259500,22.25
2002-07-26,13.5667,13.5967,12.9167,13.2167,89400,22.67
2002-07-29,13.7,14.1767,13.4667,14.1333,77100,23.83
2002-07-30,14.18,14.6433,13.94,14.5167,69000,24.31
2002-07-31,14.1933,14.2167,13.66,13.8,72600,23.85
2002-08-01,13.7,13.9,13.04,13.04,51600,22.73
2002-08-02,13.0,13.0,12.3233,12.5033,153900,22.25
2002-08-05,12.5,12.5033,11.7033,11.7967,80100,21.44
2002-08-06,12.25,12.82,12.2333,12.5,76800,22.5
2002-08-07,13.2167,13.2167,12.1667,12.7633,217800,22.8
2002-08-08,12.5367,13.3333,12.3833,13.2367,54300,23.57
2002-08-09,12.8667,13.2567,12.77,13.1667,78000,23.33
2002-08-12,12.7667,12.9,12.7167,12.85,104400,23.4
2002-08-13,12.8667,13.27,12.3867,12.3867,30600,22.6
2002-08-14,12.35,13.1833,12.2033,13.1433,85200,24.04
2002-08-15,13.3833,13.5867,13.0333,13.4167,109200,24.53
2002-08-16,13.3,14.45,13.2833,14.25,243600,24.7
2002-08-19,14.25,15.0833,14.23,14.92,129300,25.3
2002-08-20,14.6667,14.6667,14.2167,14.2833,124200,25.19
2002-08-21,14.7167,14.9967,14.3567,14.8833,66300,25.75
2002-08-22,14.8833,15.2733,14.6833,14.9667,170100,26.16
2002-08-23,14.4667,14.6233,14.0,14.08,120000,25.15
2002-08-26,14.0,14.2067,13.67,14.0967,73800,25.25
2002-08-27,14.15,14.15,13.3667,13.4667,135900,24.37
2002-08-28,13.0167,13.29,12.7067,12.77,70200,23.48
2002-08-29,12.5,13.0033,12.3633,12.8133,136800,23.79
2002-08-30,12.5467,12.95,12.5467,12.6667,150000,23.49
2002-09-03,12.4133,12.4133,11.9667,12.0333,83400,22.64
2002-09-04,12.0,12.2167,11.65,12.1,157200,22.73
2002-09-05,11.8667,11.8667,11.56,11.5867,143400,22.17
2002-09-06,12.3,12.35,12.17,12.27,120000,22.85
2002-09-09,11.9333,12.2633,11.8167,12.2333,93000,23.08
2002-09-10,12.2667,12.73,12.2333,12.5133,99900,23.65
2002-09-11,13.0667,13.0667,12.7033,12.7167,166200,23.45
2002-09-12,12.25,12.3133,11.9067,11.9067,131400,22.81
2002-09-13,11.7667,12.0067,11.6333,11.7333,169200,22.99
2002-09-16,11.5333,11.5333,11.1333,11.2167,192300,22.66
2002-09-17,11.7,11.7,10.92,10.98,264900,22.18
2002-09-18,10.7667,11.0,10.6033,10.7833,846300,21.93
2002-09-19,10.56,10.7933,10.4133,10.52,274800,21.58
2002-09-20,10.6267,10.69,10.3033,10.3633,48900,21.67
2002-09-23,10.2,10.2,9.72,9.8967,193800,21.02
2002-09-24,9.7967,10.25,9.7733,9.93,168600,21.03
2002-09-25,10.2167,10.7767,10.06,10.6167,193500,21.87
2002-09-26,10.7167,10.8433,10.19,10.4,68400,21.6
2002-09-27,10.22,10.6167,10.1433,10.1533,42300,21.31
2002-09-30,9.8333,9.8967,9.6933,9.8433,29100,20.72
2002-10-01,10.0667,10.4,9.72,10.4,57300,21.98
2002-10-02,10.3333,10.7667,10.1533,10.2033,217800,21.25
2002-10-03,10.02,10.0667,9.8067,9.9,41400,20.74
2002-10-04,9.85,9.85,9.28,9.3833,435600,20.35
2002-10-07,9.12,9.2933,8.9633,8.9633,44400,20.16
2002-10-08,9.1,9.1,8.6167,8.8667,106500,20.2
2002-10-09,8.75,9.05,8.65,8.65,60000,20.06
2002-10-10,8.7,9.5233,8.7,9.3433,686700,21.08
2002-10-11,9.8,10.41,9.8,10.1833,661500,22.22
2002-10-14,10.05,10.2833,9.9167,10.2167,100200,22.48
2002-10-15,11.15,11.23,10.94,11.23,143400,23.56
2002-10-16,10.2667,10.3333,10.0,10.0,127200,22.78
2002-10-17,10.76,10.9067,10.62,10.7567,282600,23.55
2002-10-18,10.5033,11.02,10.4,10.9433,140400,23.81
2002-10-21,10.8,11.6167,10.6533,11.6167,95100,24.29
2002-10-22,10.7667,11.2033,10.7,10.8333,106200,24.14
2002-10-23,10.99,11.6833,10.82,11.6667,66900,24.6
2002-10-24,11.8,12.1,11.2867,11.3333,276300,23.98
2002-10-25,11.4033,11.9,11.4033,11.88,78900,24.7
2002-10-28,12.2667,12.35,11.8933,11.9633,75900,24.49
2002-10-29,11.9533,12.0667,11.09,11.5633,165000,23.92
2002-10-30,11.67,12.3467,11.6033,12.2067,104700,24.56
2002-10-31,12.4,12.4933,12.0667,12.1667,64500,24.55
2002-11-01,12.0333,12.8833,12.0333,12.76,132000,25.25
2002-11-04,13.3333,13.93,13.27,13.45,570300,25.9
2002-11-05,13.1667,13.4833,12.8833,13.2,107400,26.1
2002-11-06,13.4,13.7,13.0233,13.57,150600,26.47
2002-11-07,13.1667,13.1967,12.6,12.6167,428700,25.54
2002-11-08,12.6667,12.7433,12.2167,12.4,188100,25.07
2002-11-11,12.1,12.1,11.5867,11.7333,207000,24.31
2002-11-12,11.9167,12.5133,11.8533,12.1667,96600,24.93
2002-11-13,12.15,12.4467,11.9167,12.1067,81000,25.23
2002-11-14,12.6667,13.1267,12.5167,13.1,308700,26.1
2002-11-15,12.7333,13.18,12.6733,13.1,184200,26.44
2002-11-18,13.4167,13.5733,13.15,13.15,100200,26.05
2002-11-19,13.0767,13.18,12.7367,12.8167,201900,25.65
2002-11-20,13.03,13.7467,13.0267,13.6433,93000,26.74
2002-11-21,14.1167,14.8333,14.1,14.8333,270300,27.73
2002-11-22,14.4333,14.8967,14.4333,14.6967,355800,27.72
2002-11-25,14.95,15.2567,14.8033,15.1867,225300,27.99
2002-11-26,14.8667,15.0,14.47,14.5533,126900,27.05
2002-11-27,15.0,15.4967,14.9333,15.4467,152700,27.91
2002-11-29,15.6,15.6,15.0667,15.0667,81000,27.72
2002-12-02,15.95,16.0,15.0833,15.2667,816600,28.0
2002-12-03,14.8333,14.8767,14.3667,14.4533,305100,27.17
2002-12-04,13.5,13.89,13.3867,13.6067,1289400,26.57
2002-12-05,13.75,13.7933,13.3333,13.5333,562500,26.2
2002-12-06,13.0833,13.63,13.0833,13.3867,412200,26.47
2002-12-09,13.0833,13.1,12.47,12.5833,367800,25.22
2002-12-10,12.7333,13.1667,12.5333,13.15,252600,25.6
2002-12-11,12.8333,13.3333,12.7833,13.05,146100,25.72
2002-12-12,13.0833,13.3167,12.8267,12.9167,706500,25.86
2002-12-13,12.6,12.6633,12.4667,12.5033,273000,25.04
2002-12-16,12.5667,13.1167,12.4533,13.0833,102900,25.85
2002-12-17,12.9167,13.2433,12.7333,12.8033,1558200,25.93
2002-12-18,12.3333,12.3333,11.8867,11.99,228300,25.38
2002-12-19,12.0,12.1933,11.6733,11.8967,394200,25.06
2002-12-20,11.9667,12.1333,11.8367,11.9233,520200,25.32
2002-12-23,11.9667,12.2733,11.9667,12.15,988200,25.67
2002-12-24,12.1333,12.1667,11.9667,11.9833,35700,25.35
2002-12-26,12.2633,12.3867,11.9,11.9333,60000,25.28
2002-12-27,11.9867,12.0167,11.8,11.85,179700,24.82
2002-12-30,12.0333,12.0333,11.5067,11.6,168600,24.63
2002-12-31,11.5,11.6733,11.3533,11.56,119400,24.37
2003-01-02,11.7667,12.3467,11.56,12.3267,386100,25.4
2003-01-03,12.3167,12.58,12.2033,12.5133,114600,25.68
2003-01-06,12.7667,13.28,12.7167,13.15,130800,26.32
2003-01-07,13.2667,13.5133,13.0033,13.0833,97200,26.65
2003-01-08,12.9167,12.9333,12.53,12.5933,83700,25.9
2003-01-09,12.9333,13.2633,12.9333,12.98,348600,26.7
2003-01-10,12.8333,13.3667,12.7367,13.27,254700,27.1
2003-01-13,13.5767,13.5767,12.9333,13.0633,77400,26.94
2003-01-14,13.0333,13.3567,12.9667,13.1,97200,27.08
2003-01-15,13.0833,13.0833,12.7,12.8333,70800,26.74
2003-01-16,12.8333,12.8333,12.3567,12.3833,587700,26.44
2003-01-17,11.9167,12.0133,11.65,11.6667,707700,25.31
2003-01-21,11.8333,11.8633,11.5067,11.59,70800,25.03
2003-01-22,11.5833,11.7967,11.5067,11.51,121800,24.93
2003-01-23,11.8333,11.9867,11.6367,11.9267,499200,25.51
2003-01-24,11.7,11.7,11.3333,11.4333,123600,24.82
2003-01-27,11.2667,11.41,11.1333,11.2167,168000,24.53
2003-01-28,11.3333,11.4333,11.1333,11.3367,126600,24.78
2003-01-29,11.1367,11.7467,11.1333,11.6333,155100,25.15
2003-01-30,11.65,11.65,11.07,11.0733,138600,24.5
2003-01-31,10.6,11.1133,10.57,11.0,322500,24.44
2003-02-03,11.0,11.2467,10.9967,11.0,3028500,24.49
2003-02-04,10.8,10.94,10.8,10.8267,49500,24.19
2003-02-05,11.0,11.31,10.8667,10.9,52800,24.08
2003-02-06,10.8667,10.9233,10.6833,10.7067,71400,24.21
2003-02-07,10.8167,10.8167,10.5967,10.6,32700,23.81
2003-02-10,10.6,10.7767,10.4733,10.7767,50700,24.02
2003-02-11,10.85,11.0467,10.7533,10.78,33300,24.15
2003-02-12,10.8433,10.98,10.7333,10.7767,40200,23.82
2003-02-13,10.6667,10.7267,10.5033,10.6567,285000,23.94
2003-02-14,10.8333,11.3167,10.8333,11.3167,75000,24.49
2003-02-18,11.4733,11.7633,11.4733,11.7433,279900,25.25
2003-02-19,11.7667,11.78,11.4333,11.5767,149100,25.08
2003-02-20,11.75,11.8567,11.6367,11.8333,549300,24.98
2003-02-21,11.8,11.83,11.5067,11.75,374700,25.17
2003-02-24,11.6667,11.8567,11.6067,11.6167,170400,24.74
2003-02-25,11.35,11.63,11.2,11.52,340200,24.77
2003-02-26,11.44,11.6633,11.2233,11.2233,104400,24.22
2003-02-27,11.3933,11.6,11.3033,11.5933,925200,24.77
2003-02-28,11.6667,11.95,11.6633,11.95,2178600,25.16
2003-03-03,12.1,12.1133,11.5033,11.5067,207900,24.65
2003-03-04,11.5,11.5667,11.3667,11.3667,27600,24.5
2003-03-05,11.4,11.5933,11.35,11.5033,64500,24.55
2003-03-06,11.3667,11.56,11.3667,11.4667,27600,24.49
2003-03-07,11.1,11.3933,11.1,11.2833,93300,24.54
2003-03-10,11.2,11.26,11.0367,11.0667,52800,24.01
2003-03-11,11.0333,11.1633,11.0167,11.0167,29400,23.8
2003-03-12,11.1667,11.3333,10.97,11.33,84000,24.23
2003-03-13,11.6667,12.1667,11.4967,12.15,176700,25.62
2003-03-14,12.1667,12.3333,11.8667,11.9367,568800,25.72
2003-03-17,11.8667,12.76,11.8067,12.65,589800,26.6
2003-03-18,12.7,12.8767,12.5167,12.8467,499800,26.93
2003-03-19,12.6667,12.81,12.4533,12.7333,160200,26.7
2003-03-20,12.5667,12.9833,12.5033,12.7833,114600,26.8
2003-03-21,13.0167,13.1467,12.8867,13.1167,381900,27.17
2003-03-24,12.6667,12.69,12.4067,12.4067,2379000,26.04
2003-03-25,12.4333,12.7667,12.3833,12.69,312300,26.41
2003-03-26,12.6667,12.7967,12.5333,12.6267,132000,26.56
2003-03-27,12.35,12.5267,12.2733,12.4333,1483800,26.37
2003-03-28,12.3,12.4633,12.0733,12.1333,84900,26.08
2003-03-31,11.8667,11.88,11.6067,11.6467,360900,25.25
2003-04-01,11.6667,11.8933,11.6667,11.72,30300,25.45
2003-04-02,12.3333,12.58,12.2167,12.5,111300,26.15
2003-04-03,12.5667,12.7267,12.3567,12.5167,356700,26.48
2003-04-04,12.3667,12.41,12.04,12.1833,165900,26.05
2003-04-07,12.8,12.8,12.3333,12.3667,126300,26.09
2003-04-08,12.1333,12.1333,11.8333,11.8533,217500,26.06
2003-04-09,11.8533,12.01,11.67,11.7333,308100,25.46
2003-04-10,11.6667,11.8633,11.5833,11.72,43800,25.77
2003-04-11,11.9333,11.9333,11.57,11.5867,22500,25.51
2003-04-14,11.7167,11.96,11.61,11.96,43200,26.03
2003-04-15,11.7167,12.15,11.7033,11.9467,38100,26.28
2003-04-16,12.4,12.6467,12.3533,12.4767,365700,26.22
2003-04-17,12.55,13.0633,12.4767,13.0,357300,26.82
2003-04-21,12.9333,13.0967,12.9167,13.06,276600,26.92
2003-04-22,12.8333,13.4833,12.8333,13.4767,489600,27.43
2003-04-23,13.4333,13.6233,13.37,13.57,54000,27.63
2003-04-24,13.3667,13.4933,13.2567,13.3933,125700,27.48
2003-04-25,13.0,13.0267,12.7,12.77,86100,26.95
2003-04-28,12.77,13.16,12.77,13.1267,41700,27.48
2003-04-29,13.3167,13.5,13.2233,13.4,1008900,27.73
2003-04-30,13.24,13.2933,13.0767,13.1333,574500,27.45
2003-05-01,13.1333,13.2133,12.9167,13.1233,116700,27.69
2003-05-02,13.2933,13.63,13.2933,13.54,84600,28.28
2003-05-05,13.7667,14.1167,13.6367,13.7933,186600,28.25
2003-05-06,13.7667,14.15,13.7667,13.9233,53400,28.61
2003-05-07,13.7667,14.0033,13.6033,13.7,535200,28.29
2003-05-08,13.4333,13.5633,13.37,13.3767,84300,27.77
2003-05-09,13.6933,14.0,13.6667,14.0,83100,28.41
2003-05-12,13.9667,14.2967,13.8867,14.29,260700,28.84
2003-05-13,14.0833,14.1933,14.0,14.0533,804300,28.66
2003-05-14,14.2167,14.22,13.7733,14.05,769800,28.6
2003-05-15,14.3,14.3633,14.1,14.2067,90300,28.92
2003-05-16,14.1333,14.15,13.92,14.0233,79800,28.7
2003-05-19,13.7667,13.8333,13.3833,13.3867,129300,27.69
2003-05-20,13.5167,13.56,13.2433,13.4,154200,27.77
2003-05-21,13.3333,13.4767,13.2167,13.4567,72900,27.69
2003-05-22,13.4,13.7467,13.37,13.6067,65700,28.09
2003-05-23,13.5833,13.7967,13.5833,13.7,30900,28.1
2003-05-27,13.6333,14.4933,13.6333,14.4167,137100,29.1
2003-05-28,14.5,14.75,14.4233,14.4733,85200,29.19
2003-05-29,14.65,15.0933,14.65,14.92,69600,29.31
2003-05-30,15.1,15.2167,15.0833,15.1333,545100,29.79
2003-06-02,15.4,15.4,14.79,14.8267,854400,29.58
2003-06-03,14.7,15.0633,14.7,15.0233,381000,29.86
2003-06-04,15.1,15.61,15.1,15.5767,75000,30.42
2003-06-05,15.1667,15.7967,15.1433,15.75,285600,30.64
2003-06-06,16.4167,16.4467,15.4033,15.4867,269100,30.13
2003-06-09,15.1667,15.2667,14.8967,15.0667,341400,29.73
2003-06-10,15.0667,15.2633,14.8333,15.2,51000,30.18
2003-06-11,14.7333,15.2,14.62,15.2,104700,30.52
2003-06-12,15.2333,15.2333,14.8367,15.0,164400,30.65
2003-06-13,14.8333,14.8333,14.3833,14.5167,202200,29.96
2003-06-16,14.5333,14.9,14.42,14.77,132300,30.88
2003-06-17,14.88,14.9167,14.6167,14.86,244800,30.76
2003-06-18,14.8,15.2467,14.6633,15.1767,67800,30.92
2003-06-19,15.4,15.4,14.97,15.0333,96900,30.42
2003-06-20,15.0333,15.0333,14.7733,14.8167,47400,30.38
2003-06-23,14.74,14.8933,14.37,14.42,145800,29.91
2003-06-24,14.25,14.5,14.1,14.3,585600,29.68
2003-06-25,14.5,14.7067,14.27,14.3833,199800,29.52
2003-06-26,14.4333,14.7633,14.4233,14.7267,59400,30.22
2003-06-27,14.85,14.88,14.5067,14.63,213300,29.83
2003-06-30,14.7833,14.8833,14.5333,14.5333,355800,29.95
2003-07-01,14.4833,14.8033,14.25,14.8033,552300,30.35
2003-07-02,14.95,15.2967,14.9433,15.2967,222300,30.97
2003-07-03,15.0667,15.3333,15.0667,15.13,31200,30.58
2003-07-07,15.5333,16.05,15.4667,16.0433,198900,31.89
2003-07-08,16.0333,16.28,15.8267,16.2333,252900,32.28
2003-07-09,16.2167,16.6167,16.06,16.3967,245400,32.2
2003-07-10,16.1,16.15,15.7633,15.85,198300,31.6
2003-07-11,15.8667,16.05,15.8667,16.0,102300,31.84
2003-07-14,16.4667,16.6167,16.3333,16.4167,404100,32.22
2003-07-15,16.6,16.7333,16.3433,16.4433,267900,32.26
2003-07-16,16.6667,16.6667,16.1333,16.4167,396000,32.16
2003-07-17,15.9267,15.9667,15.54,15.7067,273300,31.18
2003-07-18,15.74,15.8933,15.35,15.75,177900,31.28
2003-07-21,15.6833,15.6833,15.3067,15.4633,411600,30.88
2003-07-22,15.7333,16.0133,15.7067,15.9767,163500,31.34
2003-07-23,15.9667,16.28,15.8433,16.28,147000,31.6
2003-07-24,16.3167,16.3833,15.8367,15.8367,327300,31.18
2003-07-25,15.8667,16.16,15.5333,16.16,170100,31.8
2003-07-28,16.0833,16.3933,16.07,16.3533,101400,31.89
2003-07-29,16.2833,16.2833,15.8733,15.9667,282600,31.65
2003-07-30,16.0167,16.0167,15.83,15.8667,141900,31.42
2003-07-31,16.25,16.47,16.1,16.1,447300,31.8
2003-08-01,16.1667,16.3,16.0033,16.3,327900,31.46
2003-08-04,16.2667,16.4333,16.0167,16.36,56700,31.45
2003-08-05,16.35,16.35,15.8333,15.8333,194100,30.21
2003-08-06,15.7833,15.9633,15.5833,15.7,162600,30.19
2003-08-07,15.6667,15.7067,15.47,15.5667,231900,30.31
2003-08-08,15.5833,15.6667,14.9533,15.1633,467400,30.07
2003-08-11,15.23,15.5067,15.23,15.44,245100,30.4
2003-08-12,15.4333,15.7333,15.4333,15.7333,45300,30.86
2003-08-13,15.8067,16.2,15.7367,16.0233,153300,30.87
2003-08-14,16.0667,16.22,15.9633,16.2067,42300,30.9
2003-08-15,16.16,16.25,16.16,16.25,4800,31.17
2003-08-18,16.26,17.0,16.26,17.0,331500,31.97
2003-08-19,17.05,17.3333,16.9967,17.3333,1208700,32.37
2003-08-20,17.0667,17.46,17.02,17.1667,397500,32.29
2003-08-21,17.5,17.8467,17.4167,17.7333,1836600,32.64
2003-08-22,18.6,18.7167,18.0033,18.0667,3881700,32.44
2003-08-25,18.0,18.03,17.73,17.8467,3254700,32.51
2003-08-26,17.6333,17.9167,17.42,17.9167,129000,32.54
2003-08-27,17.9667,18.46,17.9633,18.46,157200,32.8
2003-08-28,18.5667,18.6533,18.2067,18.62,1809300,33.09
2003-08-29,18.5833,18.7967,18.5167,18.7333,1696800,33.39
2003-09-02,18.8,18.8033,18.4167,18.7667,278700,33.87
2003-09-03,18.7667,18.8133,18.2667,18.4,695100,33.85
2003-09-04,18.3667,18.8133,18.3067,18.67,276000,34.16
2003-09-05,18.7,19.3267,18.6333,18.9167,480300,33.94
2003-09-08,19.2333,19.6133,19.2033,19.5567,801000,34.5
2003-09-09,19.5167,19.5667,19.24,19.3333,522300,34.09
2003-09-10,18.7333,18.8167,18.1833,18.2167,3028500,33.27
2003-09-11,18.4333,18.7067,17.9167,18.4733,836400,33.64
2003-09-12,18.3333,18.81,18.17,18.57,574200,33.82
2003-09-15,18.7333,18.7433,18.2667,18.2767,98100,33.49
2003-09-16,18.5167,18.99,18.4333,18.9833,1340400,34.4
2003-09-17,18.9667,19.0867,18.7767,18.8667,156600,34.26
2003-09-18,18.6233,19.0333,18.5,18.9867,205800,34.78
2003-09-19,18.9333,19.08,18.7367,18.9133,62100,34.58
2003-09-22,18.6333,18.6667,18.39,18.4733,217800,33.92
2003-09-23,18.55,18.7667,18.4167,18.7467,107700,34.52
2003-09-24,18.8267,18.8267,17.9133,17.9133,202500,33.22
2003-09-25,18.0833,18.5,17.8667,17.9167,94500,32.79
2003-09-26,17.7,17.91,17.4833,17.5867,888600,32.58
2003-09-29,17.8333,17.9833,17.5167,17.8833,917400,33.14
2003-09-30,17.8167,17.8167,17.3533,17.4667,423600,32.42
2003-10-01,17.6,17.7667,17.4667,17.7267,337800,33.15
2003-10-02,17.7667,18.1,17.7667,17.96,345900,33.26
2003-10-03,18.5667,18.9,18.4667,18.7,613200,34.19
2003-10-06,18.7667,18.8833,18.67,18.84,214500,34.44
2003-10-07,18.7767,19.25,18.6333,19.2333,157500,34.65
2003-10-08,19.3,19.3333,19.0,19.1267,344400,34.43
2003-10-09,19.4167,19.66,19.1367,19.26,2020500,34.69
2003-10-10,19.5,19.5667,19.3367,19.5,178500,35.01
2003-10-13,19.7,19.8733,19.4533,19.6333,253200,35.24
2003-10-14,19.4,19.8,19.3533,19.8,73500,35.33
2003-10-15,20.3167,20.33,19.7933,19.84,2100600,35.18
2003-10-16,19.8333,20.03,19.72,20.0233,101700,35.46
2003-10-17,20.05,20.0833,19.4167,19.51,196500,34.61
2003-10-20,19.51,19.7267,19.3667,19.7267,187500,35.04
2003-10-21,20.0,20.2933,19.9667,20.25,241200,35.25
2003-10-22,19.95,19.95,19.65,19.7767,112200,34.57
2003-10-23,19.0333,19.3833,19.0,19.3333,941400,34.17
2003-10-24,19.25,19.3667,18.92,19.3067,1503000,34.2
2003-10-27,19.6667,19.6667,19.3833,19.49,470100,34.21
2003-10-28,19.9167,20.6033,19.86,20.6033,543000,35.36
2003-10-29,20.6,20.94,20.47,20.8333,353100,35.32
2003-10-30,21.1167,21.1933,20.85,21.0,325800,35.39
2003-10-31,21.0,21.0,20.6367,20.7667,141900,35.18
2003-11-03,21.0333,21.5333,21.0133,21.4667,183300,35.76
2003-11-04,21.4,21.7133,21.3333,21.56,267900,35.52
2003-11-05,21.5,21.7033,21.1733,21.6967,202200,35.84
2003-11-06,21.8667,22.02,21.5233,21.9233,990600,35.94
2003-11-07,22.1667,22.2333,21.96,21.9667,443700,35.63
2003-11-10,21.95,21.9733,21.21,21.3267,133200,35.19
2003-11-11,21.2667,21.3467,21.0367,21.26,648900,35.06
2003-11-12,21.5833,22.04,21.5667,22.04,571800,35.81
2003-11-13,21.8667,22.0633,21.4667,21.75,285600,35.77
2003-11-14,21.6733,21.8167,21.0067,21.1433,168900,35.04
2003-11-17,20.7667,20.95,20.4833,20.83,2065200,34.68
2003-11-18,21.15,21.2333,20.5,20.5167,324300,33.88
2003-11-19,20.5833,20.9333,20.45,20.8867,663000,34.21
2003-11-20,20.6667,21.0367,20.47,20.4833,116700,33.88
2003-11-21,20.7,20.8667,20.5,20.7267,269400,34.23
2003-11-24,21.0,21.5,21.0,21.4,304800,35.18
2003-11-25,21.5333,21.7367,21.4667,21.5233,198900,35.18
2003-11-26,21.8167,21.8333,21.3333,21.63,137400,35.34
2003-11-28,21.65,21.8933,21.64,21.8633,66900,35.38
2003-12-01,22.1667,22.2367,21.8033,22.0767,353700,35.9
2003-12-02,22.0,22.15,21.9,21.9067,557100,35.7
2003-12-03,22.1167,22.1633,21.5,21.5333,240000,35.25
2003-12-04,21.5833,21.7167,20.87,21.2867,378900,35.63
2003-12-05,20.7667,21.0933,20.5567,20.67,1639800,35.04
2003-12-08,20.7333,20.8133,20.35,20.62,179100,35.24
2003-12-09,20.6667,20.8633,19.6167,19.7667,1197600,34.43
2003-12-10,19.8,20.0367,19.5833,19.8867,1527900,34.56
2003-12-11,19.94,20.63,19.9033,20.5667,473400,35.3
2003-12-12,20.7,20.76,20.34,20.58,414600,35.24
2003-12-15,21.0,21.0,19.9433,19.9433,243000,34.78
2003-12-16,20.0167,20.0167,19.42,19.87,403800,34.85
2003-12-17,19.7933,19.93,19.54,19.6733,112500,34.91
2003-12-18,19.8667,20.4333,19.8533,20.3333,222600,35.56
2003-12-19,20.3333,20.4633,20.1,20.2067,165900,35.46
2003-12-22,20.15,20.38,20.0633,20.19,102600,35.57
2003-12-23,20.25,20.63,20.25,20.54,127500,35.84
2003-12-24,20.6,20.7167,20.5,20.54,43200,35.9
2003-12-26,20.6,20.7067,20.6,20.65,49800,35.85
2003-12-29,20.7167,21.0333,20.7167,20.9733,110700,36.44
2003-12-30,21.0333,21.1833,20.8733,21.01,180900,36.56
2003-12-31,21.0833,21.1833,20.7833,20.9167,418800,36.46
2004-01-02,21.1167,21.2467,20.92,21.0,222000,36.36
2004-01-05,21.3833,21.7633,21.3,21.6833,309900,37.09
2004-01-06,21.75,22.0,21.5733,21.9167,510300,37.34
2004-01-07,21.9833,22.1333,21.7533,22.1133,354900,37.68
2004-01-08,22.6167,22.84,22.25,22.7733,625800,37.98
2004-01-09,22.6667,23.0967,22.47,22.7833,275700,37.73
2004-01-12,22.9167,23.35,22.7,23.35,255900,38.33
2004-01-13,23.4,23.4033,22.5833,22.81,735000,37.95
2004-01-14,22.8833,22.9,22.52,22.7067,290100,38.08
2004-01-15,22.6833,23.1433,22.4767,22.9667,558900,38.18
2004-01-16,23.2333,23.4167,22.97,23.3867,93900,38.57
2004-01-20,23.5167,23.5567,23.1533,23.39,974400,38.54
2004-01-21,23.0,23.0,22.5533,22.7967,311700,38.38
2004-01-22,23.1667,23.1667,22.3767,22.4533,302400,38.15
2004-01-23,22.4167,22.5133,21.9667,22.1,614700,38.01
2004-01-26,22.1667,22.6367,22.1333,22.6267,113100,38.59
2004-01-27,22.4167,22.51,21.9467,21.9467,291900,37.74
2004-01-28,22.3333,22.4,21.6833,21.77,464400,37.1
2004-01-29,22.0,22.0,21.1667,21.52,950400,37.24
2004-01-30,21.5833,21.7667,21.5,21.6667,132300,37.07
2004-02-02,21.9,21.9133,21.2767,21.3333,243900,36.97
2004-02-03,21.25,21.5433,21.25,21.42,153000,36.93
2004-02-04,21.0833,21.1367,20.7633,20.7733,569400,36.33
2004-02-05,21.1333,21.1533,20.8667,21.05,319500,36.47
2004-02-06,21.4167,21.92,21.26,21.8333,1054800,37.13
2004-02-09,22.0667,22.0667,21.74,21.7667,387300,37.12
2004-02-10,21.7833,21.9467,21.6933,21.8167,161400,37.18
2004-02-11,21.9833,22.33,21.9633,22.2867,254400,37.58
2004-02-12,22.1333,22.3967,21.9167,21.9167,142800,37.25
2004-02-13,22.1667,22.1667,21.4267,21.6667,257700,36.94
2004-02-17,21.9333,22.02,21.74,21.95,97500,37.44
2004-02-18,22.2,22.3033,22.0,22.1,140700,37.55
2004-02-19,22.6667,22.6667,21.8267,21.8333,551400,36.98
2004-02-20,21.8167,21.8167,21.3567,21.6467,270300,36.86
2004-02-23,21.6667,21.6967,20.79,20.9833,486300,36.45
2004-02-24,20.8333,21.22,20.75,21.0067,312900,36.36
2004-02-25,21.2,21.4933,21.2,21.4167,92700,36.58
2004-02-26,21.4167,21.7867,21.25,21.6433,112800,36.67
2004-02-27,21.7167,21.7633,21.2667,21.4767,70500,36.57
2004-03-01,21.35,21.9,21.3333,21.85,165600,37.05
2004-03-02,22.0667,22.1533,21.7,21.7,285000,36.62
2004-03-03,21.6333,21.64,21.3033,21.44,127200,36.42
2004-03-04,21.5,21.7,21.4467,21.7,840900,36.76
2004-03-05,21.3,21.8267,21.3,21.5867,542700,36.63
2004-03-08,21.6,21.6867,20.7333,20.7333,243300,35.77
2004-03-09,20.7333,20.7433,20.3633,20.6333,1046700,35.66
2004-03-10,20.6333,20.7867,20.0733,20.22,260100,35.19
2004-03-11,20.0667,20.55,19.95,19.9667,736200,34.87
2004-03-12,20.3333,20.5267,20.24,20.52,599100,35.51
2004-03-15,20.3333,20.3333,19.8333,19.8767,198900,34.89
2004-03-16,20.1167,20.2167,19.7433,20.1,471000,34.95
2004-03-17,20.3,20.56,20.3,20.5467,80400,35.5
2004-03-18,20.4167,20.49,20.0833,20.2433,81000,35.34
2004-03-19,20.0333,20.17,19.5333,19.5933,150000,34.75
2004-03-22,19.2667,19.47,19.0433,19.3033,399300,34.31
2004-03-23,19.5333,19.6,19.1533,19.3333,97800,34.03
2004-03-24,19.41,19.8667,19.3833,19.6667,183300,34.42
2004-03-25,20.0333,20.4733,19.9,20.4067,321900,35.34
2004-03-26,20.3333,20.5,20.2533,20.2633,342900,35.22
2004-03-29,20.6667,20.7867,20.5,20.65,311400,35.79
2004-03-30,20.4667,20.6267,20.27,20.6,199500,35.91
2004-03-31,20.5833,20.76,20.3767,20.5533,237600,35.84
2004-04-01,20.8333,21.1133,20.72,20.9667,361800,36.16
2004-04-02,21.6667,21.6967,21.33,21.6667,522000,37.1
2004-04-05,21.7167,21.8333,21.54,21.8333,216600,37.45
2004-04-06,21.4167,21.4667,21.1833,21.3667,726900,36.98
2004-04-07,21.3333,21.4667,21.0033,21.34,88200,36.94
2004-04-08,21.6333,21.6367,21.2333,21.4367,174000,36.94
2004-04-12,21.5333,21.5467,21.3233,21.4733,245400,37.17
2004-04-13,21.6333,21.6333,21.0533,21.1767,156900,36.63
2004-04-14,20.9667,21.2633,20.8267,20.9667,213300,36.81
2004-04-15,20.9233,20.9333,20.1733,20.4133,146400,36.15
2004-04-16,19.91,20.13,19.67,19.9567,338100,36.09
2004-04-19,20.0433,20.25,19.89,20.2,111900,36.53
2004-04-20,20.26,20.32,19.5067,19.5733,109200,35.68
2004-04-21,19.99,20.2333,19.82,20.1,114600,35.99
2004-04-22,19.7767,20.4333,19.7267,20.36,109800,36.92
2004-04-23,20.4133,20.6733,20.4133,20.61,82200,37.21
2004-04-26,20.5333,20.6133,20.0533,20.15,192900,36.94
2004-04-27,20.0833,20.27,19.7833,19.8367,59100,36.87
2004-04-28,19.6,19.8633,19.3733,19.42,152100,36.2
2004-04-29,19.4333,19.4333,18.56,18.75,431400,35.64
2004-04-30,18.8667,19.0,18.3867,18.4333,112800,34.77
2004-05-03,18.51,18.9133,18.1167,18.3833,204600,35.1
2004-05-04,18.6667,19.0667,18.5367,18.75,232200,35.25
2004-05-05,18.88,19.1533,18.75,19.05,92100,35.53
2004-05-06,18.7167,18.99,18.63,18.95,260400,35.26
2004-05-07,19.09,19.42,19.0333,19.11,177600,34.97
2004-05-10,18.8133,19.2533,18.8133,19.05,457500,34.67
2004-05-11,19.3833,19.5733,19.2967,19.3667,267000,35.19
2004-05-12,19.3667,19.3667,18.68,19.3,317700,35.26
2004-05-13,19.2,19.3767,19.08,19.2133,234900,35.01
2004-05-14,19.2533,19.2533,18.8033,18.8467,162900,34.75
2004-05-17,18.3367,18.7533,18.3367,18.5033,145500,34.42
2004-05-18,18.8933,19.0567,18.83,18.9167,129300,34.73
2004-05-19,19.3667,19.64,19.1367,19.1667,266100,34.69
2004-05-20,19.3133,19.3133,18.9333,19.0567,20100,34.85
2004-05-21,19.2833,19.2833,19.0,19.1333,77400,35.02
2004-05-24,19.4333,19.45,19.2233,19.34,66600,35.26
2004-05-25,19.2467,19.8833,19.07,19.8067,152400,35.96
2004-05-26,19.85,20.0,19.7067,19.88,118200,36.19
2004-05-27,20.18,20.2967,20.0233,20.2,182100,36.42
2004-05-28,20.2567,20.3933,20.15,20.34,366900,36.55
2004-06-01,20.2533,20.3867,20.02,20.1667,283800,36.5
2004-06-02,20.0867,20.0867,19.7467,19.89,342000,36.42
2004-06-03,19.6667,19.6667,19.2967,19.3333,391800,35.98
2004-06-04,19.7333,19.9,19.6267,19.6767,203400,36.19
2004-06-07,19.9533,20.41,19.9433,20.3667,308700,37.05
2004-06-08,20.1933,20.3667,20.12,20.3667,181800,37.1
2004-06-09,20.1767,20.2133,19.6967,19.6967,132300,36.58
2004-06-10,19.9467,19.9633,19.6367,19.7467,96000,36.84
2004-06-14,19.55,19.56,19.1967,19.2533,120300,36.32
2004-06-15,19.59,19.6167,19.35,19.4167,81600,36.79
2004-06-16,19.4,19.4067,19.2167,19.3433,165900,36.73
2004-06-17,19.0167,19.0367,18.69,18.7267,313500,36.39
2004-06-18,18.5333,18.9167,18.5333,18.6467,158100,36.44
2004-06-21,18.8,18.9133,18.4733,18.4833,66600,36.15
2004-06-22,18.6,19.0867,18.5833,19.0467,307500,36.68
2004-06-23,19.2,19.53,19.1033,19.4833,545100,37.12
2004-06-24,19.4833,19.6333,19.2667,19.33,357300,37.05
2004-06-25,19.39,19.5333,19.3633,19.4467,149700,37.33
2004-06-28,19.6733,19.6733,19.1667,19.22,81000,37.02
2004-06-29,19.28,19.59,19.28,19.59,806700,37.37
2004-06-30,19.6733,19.8667,19.54,19.75,539100,37.74
2004-07-01,19.5,19.5,18.92,19.02,575400,37.04
2004-07-02,18.8667,18.8667,18.6333,18.6633,250800,36.82
2004-07-06,18.3333,18.35,17.79,17.8833,386400,36.03
2004-07-07,18.0567,18.26,18.0567,18.1333,254100,36.1
2004-07-08,18.0533,18.2467,17.9533,17.9533,230400,35.7
2004-07-09,18.2167,18.3833,18.15,18.22,130500,35.75
2004-07-12,17.75,17.8833,17.6,17.7867,617400,35.6
2004-07-13,17.9367,18.0,17.71,17.8167,445500,35.55
2004-07-14,17.0833,17.3933,16.9667,17.0833,320700,35.19
2004-07-15,17.1,17.3033,16.9567,17.09,280500,35.07
2004-07-16,17.2,17.2,16.6367,16.6933,468000,34.67
2004-07-19,16.75,16.89,16.55,16.8033,456300,34.6
2004-07-20,16.7667,17.2167,16.7667,17.2167,264000,35.43
2004-07-21,17.4667,17.4867,16.4567,16.4567,1143600,34.4
2004-07-22,16.5967,17.05,16.4333,16.9167,726000,34.87
2004-07-23,16.7167,16.7667,16.3667,16.37,390600,34.21
2004-07-26,16.4333,16.4933,16.08,16.2233,573300,34.06
2004-07-27,16.32,16.41,15.9333,16.31,336900,34.53
2004-07-28,16.1633,16.3267,15.84,16.2333,388800,34.38
2004-07-29,16.4667,16.8067,16.3967,16.7,390600,34.78
2004-07-30,16.7,17.0167,16.6167,16.8967,750600,34.89
2004-08-02,16.6767,17.0,16.6767,16.9067,258300,34.96
2004-08-03,16.8567,16.8633,16.3167,16.3167,266700,34.23
2004-08-04,16.2333,16.6033,16.1367,16.4733,348000,34.24
2004-08-05,16.5533,16.6667,16.2333,16.2333,280200,33.6
2004-08-06,16.2533,16.2533,15.5233,15.6533,868800,32.72
2004-08-09,15.6833,15.7533,15.5467,15.65,311400,32.8
2004-08-10,15.8167,15.8833,15.6833,15.8733,138600,33.21
2004-08-11,15.0033,15.19,14.8667,15.1367,650700,32.92
2004-08-12,14.97,15.0667,14.6667,14.7467,719700,32.47
2004-08-13,14.8133,14.8133,14.5667,14.8,365700,32.52
2004-08-16,14.9733,15.0867,14.92,14.9967,261600,32.89
2004-08-17,15.3267,15.4233,15.24,15.2467,240000,33.26
2004-08-18,15.1167,15.8333,15.1167,15.8333,402600,33.85
2004-08-19,15.7667,15.8767,15.55,15.6967,115200,33.67
2004-08-20,15.6167,15.9067,15.5667,15.8033,118200,34.01
2004-08-23,15.8867,16.13,15.88,15.9633,418200,34.09
2004-08-24,15.9667,16.0167,15.51,15.6167,401100,34.08
2004-08-25,15.5,15.8567,15.3967,15.78,289500,34.55
2004-08-26,15.7767,15.7767,15.5667,15.63,322200,34.4
2004-08-27,15.7133,15.8467,15.66,15.75,115200,34.56
2004-08-30,15.6333,15.6767,15.36,15.41,305100,33.98
2004-08-31,15.3333,15.35,14.9667,15.2467,275700,34.02
2004-09-01,15.29,15.6233,15.29,15.4433,93300,34.27
2004-09-02,15.36,15.58,15.2967,15.5467,43200,34.78
2004-09-03,15.1067,15.1667,14.8,14.8167,430800,34.14
2004-09-07,14.9833,15.0333,14.6233,14.6867,171600,34.43
2004-09-08,14.6667,14.8367,14.5767,14.62,146100,34.3
2004-09-09,14.9967,15.56,14.8667,15.4333,407100,34.59
2004-09-10,15.46,16.07,15.4433,16.01,949200,35.12
2004-09-13,16.3,16.5967,16.1033,16.33,3798000,35.58
2004-09-14,16.3,16.4,16.1433,16.3733,795300,35.63
2004-09-15,16.1267,16.1267,15.8033,15.89,451500,35.25
2004-09-16,16.0433,16.1,15.86,15.9067,524700,35.32
2004-09-17,16.07,16.1967,15.9133,16.1767,431400,35.43
2004-09-20,16.0833,16.8133,16.0467,16.6467,837600,35.43
2004-09-21,16.7833,16.92,16.6867,16.8367,1195500,35.57
2004-09-22,16.66,16.6733,16.3333,16.3533,482100,34.95
2004-09-23,16.4,16.55,16.2233,16.4167,168000,34.92
2004-09-24,16.5,16.5433,15.9267,16.0167,448800,34.8
2004-09-27,15.72,16.0133,15.6667,15.7867,1411800,34.5
2004-09-28,15.77,15.8033,15.4833,15.61,587100,34.57
2004-09-29,15.64,15.97,15.64,15.84,856500,35.08
2004-09-30,15.9067,16.1633,15.8967,16.0067,1130400,35.14
2004-10-01,16.3167,16.7533,16.2767,16.7533,610200,36.1
2004-10-04,17.0,17.2167,16.9,16.9367,673200,36.31
2004-10-05,16.9167,17.04,16.6867,16.88,389100,36.36
2004-10-06,16.8667,16.9567,16.6533,16.9567,255000,36.65
2004-10-07,16.9667,17.1133,16.8133,16.8333,365100,36.24
2004-10-08,16.6333,16.6967,16.1733,16.2833,404400,35.58
2004-10-11,16.2267,16.33,16.0333,16.3133,211200,35.75
2004-10-12,15.9933,16.1333,15.85,16.0767,617400,35.69
2004-10-13,16.48,16.65,16.25,16.3267,423000,35.61
2004-10-14,16.2,16.3,15.8167,15.85,281700,35.45
2004-10-15,15.9833,16.0433,15.78,15.88,207000,35.63
2004-10-18,15.8333,15.99,15.64,15.99,326100,36.14
2004-10-19,16.3867,16.52,16.1667,16.1667,453900,35.88
2004-10-20,16.04,16.4333,15.93,16.3033,273900,36.05
2004-10-21,16.38,16.9067,16.38,16.82,258900,36.6
2004-10-22,16.8833,16.8833,16.2333,16.25,345600,35.8
2004-10-25,16.3167,16.53,16.2133,16.3833,401400,35.63
2004-10-26,16.4433,16.4433,16.1567,16.2667,183300,35.82
2004-10-27,16.4167,16.9067,16.32,16.8733,416100,36.73
2004-10-28,16.9,17.15,16.85,16.9833,994500,36.96
2004-10-29,16.99,17.07,16.8,16.9567,186600,36.9
2004-11-01,16.9133,17.05,16.8667,17.02,465600,37.04
2004-11-02,16.95,17.1667,16.8067,16.9467,1016400,37.16
2004-11-03,17.5033,17.5033,16.77,16.82,710700,37.41
2004-11-04,16.6567,16.9967,16.6067,16.9267,396300,37.62
2004-11-05,17.2333,17.3933,17.0833,17.1967,687900,37.96
2004-11-08,17.1967,17.3433,17.1233,17.2033,178500,38.0
2004-11-09,17.2167,17.2267,17.0233,17.0767,157500,37.92
2004-11-10,17.0667,17.0667,16.78,16.8233,405900,37.79
2004-11-11,16.95,17.2,16.92,17.1667,223200,38.29
2004-11-12,17.3,17.51,17.1,17.4767,447300,38.66
2004-11-15,17.44,17.8433,17.3733,17.75,364500,38.83
2004-11-16,17.5933,17.8067,17.51,17.6367,297300,38.59
2004-11-17,17.9933,18.3567,17.9233,18.1067,676200,39.11
2004-11-18,17.9967,18.3633,17.89,18.3433,585000,39.29
2004-11-19,18.2933,18.2933,17.7933,17.7967,687300,38.68
2004-11-22,17.68,17.8633,17.61,17.86,259200,39.05
2004-11-23,17.8933,17.9867,17.6233,17.7333,188700,38.99
2004-11-24,17.8967,17.94,17.7833,17.88,180900,39.33
2004-11-26,17.9367,17.9367,17.7733,17.7767,50100,39.21
2004-11-29,17.9933,18.0733,17.66,17.7367,360600,39.2
2004-11-30,17.8,17.8,17.5,17.5,324900,39.12
2004-12-01,17.6167,18.2333,17.6167,18.2333,238500,39.92
2004-12-02,18.0833,18.4467,18.03,18.08,648900,40.07
2004-12-03,18.6367,18.75,18.42,18.4333,417000,40.13
2004-12-06,18.45,18.6433,18.2833,18.55,219000,40.27
2004-12-07,18.5767,18.7733,18.18,18.1833,383100,39.58
2004-12-08,18.0833,18.0833,17.8133,17.8733,575400,39.81
2004-12-09,17.4167,17.7867,17.2067,17.6533,1047300,40.05
2004-12-10,17.7967,17.7967,17.46,17.46,206400,39.93
2004-12-13,17.7067,17.7067,17.54,17.6167,138300,40.28
2004-12-14,17.7767,17.9933,17.7767,17.9067,711000,40.48
2004-12-15,17.94,18.1233,17.8967,17.9833,341700,40.33
2004-12-16,17.9833,18.12,17.6367,17.74,849300,39.95
2004-12-17,17.7467,17.76,17.5267,17.5733,747600,39.47
2004-12-20,17.6,17.74,17.36,17.3733,572700,39.2
2004-12-21,17.45,17.65,17.3933,17.6133,1310100,39.68
2004-12-22,17.6833,17.7667,17.6033,17.7,409200,39.73
2004-12-23,17.7,17.7867,17.66,17.74,279300,39.76
2004-12-27,17.77,17.8667,17.5633,17.64,125100,39.59
2004-12-28,17.5867,17.7333,17.55,17.67,212700,39.97
2004-12-29,17.7067,17.9233,17.65,17.8367,174900,40.02
2004-12-30,17.8433,17.9633,17.8433,17.91,328500,39.99
2004-12-31,17.9067,18.0133,17.8667,17.9333,359400,39.92
2005-01-03,18.1267,18.1333,17.5867,17.6333,674700,39.5
2005-01-04,17.6333,17.6833,16.86,17.1,1019700,38.78
2005-01-05,16.9433,17.13,16.7533,16.83,1136100,38.54
2005-01-06,16.8667,17.0033,16.71,16.75,1602000,38.35
2005-01-07,16.8567,17.0333,16.66,16.8333,585300,38.55
2005-01-10,16.8567,17.0267,16.7933,16.8333,247500,38.53
2005-01-11,16.5567,16.6367,16.36,16.4467,678900,38.26
2005-01-12,16.6533,16.7767,16.4167,16.6733,341100,38.58
2005-01-13,16.61,16.7367,16.4833,16.5133,2932500,38.07
2005-01-14,16.65,16.83,16.62,16.7,198300,38.43
2005-01-18,16.6667,16.8533,16.6,16.8367,106200,38.72
2005-01-19,16.8167,16.8167,16.36,16.3867,588900,38.08
2005-01-20,16.2667,16.4833,16.22,16.2333,741000,37.35
2005-01-21,16.3967,16.3967,16.0667,16.0667,882600,37.05
2005-01-24,16.12,16.12,15.71,15.71,3387300,36.53
2005-01-25,15.9333,16.0667,15.9333,15.9733,463800,36.71
2005-01-26,16.2367,16.4433,15.9,16.3933,871500,37.15
2005-01-27,16.4067,16.5867,16.33,16.5733,296400,37.1
2005-01-28,16.6333,16.6667,16.3133,16.41,193800,36.92
2005-01-31,16.6667,16.71,16.5533,16.6133,404100,37.4
2005-02-01,16.6267,16.86,16.6267,16.8167,306000,37.52
2005-02-02,16.8833,16.9167,16.7533,16.8167,80100,37.58
2005-02-03,16.67,16.6933,16.4733,16.58,155400,37.15
2005-02-04,16.8067,17.2967,16.77,17.28,223200,37.75
2005-02-07,17.2467,17.44,17.2,17.2333,166800,37.67
2005-02-08,17.2067,17.6867,17.2067,17.58,735600,37.74
2005-02-09,17.5833,17.5833,17.14,17.1533,266400,37.11
2005-02-10,17.4667,17.4667,17.13,17.26,163800,37.15
2005-02-11,17.2667,17.9267,17.2,17.8067,981900,37.7
2005-02-14,17.8433,17.9133,17.75,17.86,195000,37.87
2005-02-15,17.9433,18.1867,17.8067,17.96,686400,38.12
2005-02-16,17.8233,17.9533,17.7,17.8267,499800,37.98
2005-02-17,17.79,17.9367,17.5333,17.56,264300,37.47
2005-02-18,17.5067,17.6633,17.5,17.5467,325200,37.35
2005-02-22,17.3867,17.95,17.3867,17.5133,468900,36.89
2005-02-23,17.6667,17.6667,17.2567,17.4433,381900,36.94
2005-02-24,17.57,17.83,17.38,17.82,674700,37.41
2005-02-25,17.8833,18.16,17.7933,18.1367,622800,37.62
2005-02-28,18.2167,18.3367,17.81,17.92,423300,37.22
2005-03-01,18.15,18.3267,18.08,18.3167,420000,37.63
2005-03-02,18.3167,18.3167,17.9467,18.0533,365700,37.61
2005-03-03,18.05,18.05,17.6467,17.81,614100,37.3
2005-03-04,17.9267,18.0333,17.7333,17.8067,199500,37.52
2005-03-07,17.9167,18.2667,17.9133,18.1033,371100,38.06
2005-03-08,18.0333,18.2667,17.8,17.83,469500,37.68
2005-03-09,17.91,18.0333,17.72,17.72,357600,37.57
2005-03-10,17.75,17.9767,17.6267,17.9533,584700,37.52
2005-03-11,18.0233,18.08,17.47,17.5533,385800,37.17
2005-03-14,17.5667,17.65,17.5033,17.58,241800,37.34
2005-03-15,17.6667,17.6733,17.27,17.2733,320400,37.04
2005-03-16,17.2267,17.4667,17.0567,17.1033,721200,36.62
2005-03-17,17.1367,17.2433,17.0833,17.14,519900,36.71
2005-03-18,17.11,17.1233,16.8833,16.92,430800,36.51
2005-03-21,17.0267,17.0933,16.81,16.9733,1236900,36.58
2005-03-22,17.1767,17.1833,16.8133,16.8133,431400,36.13
2005-03-23,16.9367,17.12,16.9367,17.0067,406500,36.26
2005-03-24,17.1267,17.1767,17.02,17.03,153300,36.27
2005-03-28,17.17,17.2667,16.99,16.99,225900,36.34
2005-03-29,16.9467,17.0567,16.71,16.71,168300,36.05
2005-03-30,16.8833,17.1333,16.8033,17.1333,159000,36.73
2005-03-31,17.1333,17.1333,16.9667,16.99,209700,36.57
2005-04-01,17.1167,17.1767,16.7633,16.77,221700,36.2
2005-04-04,16.7133,16.77,16.59,16.7067,302100,36.46
2005-04-05,16.7,16.8767,16.6467,16.6933,387300,36.56
2005-04-06,16.8333,16.9233,16.7,16.7067,135600,36.5
2005-04-07,16.8,17.0033,16.7133,16.99,181800,36.94
2005-04-08,17.05,17.0933,16.9267,16.94,305700,36.64
2005-04-11,16.9667,17.01,16.77,16.8,160200,36.48
2005-04-12,16.7667,16.7933,16.3867,16.76,304200,36.66
2005-04-13,16.7333,16.7333,16.3233,16.3667,278700,36.06
2005-04-14,16.3267,16.39,16.12,16.1233,371700,35.55
2005-04-15,15.8667,15.8867,15.5667,15.6167,764100,34.74
2005-04-18,15.6233,15.8433,15.5633,15.6933,603600,34.75
2005-04-19,16.01,16.1067,15.9133,16.04,255900,34.99
2005-04-20,16.2833,16.3167,15.79,15.8133,423300,34.7
2005-04-21,16.1267,16.4,16.0833,16.3867,433500,35.62
2005-04-22,16.3167,16.33,16.0,16.1333,254400,35.09
2005-04-25,16.2333,16.2833,16.0833,16.1933,195600,35.38
2005-04-26,16.1333,16.4433,16.0733,16.14,147000,35.05
2005-04-27,15.9233,16.14,15.8433,16.0267,166200,35.1
2005-04-28,16.1267,16.1267,15.8333,15.8333,742500,34.75
2005-04-29,15.9233,16.0533,15.6333,16.01,1150800,34.98
2005-05-02,16.01,16.0933,15.9167,16.0,124800,35.12
2005-05-03,16.05,16.1433,15.93,15.96,367200,35.3
2005-05-04,16.0333,16.39,16.03,16.32,462000,35.73
2005-05-05,16.3667,16.53,16.2967,16.36,183600,35.76
2005-05-06,16.4433,16.52,16.3533,16.48,123600,35.86
2005-05-09,16.4933,16.55,16.3467,16.5433,118200,36.03
2005-05-10,16.4833,16.4833,16.32,16.3667,81900,35.77
2005-05-11,16.4733,16.4733,16.16,16.3933,257400,35.95
2005-05-12,16.4967,16.6467,16.4033,16.4567,180300,35.85
2005-05-13,16.54,17.0667,16.54,16.98,830700,36.24
2005-05-16,17.0,17.0767,16.8733,17.0433,178200,36.48
2005-05-17,17.0267,17.1767,16.9633,17.1767,333300,36.7
2005-05-18,17.2833,17.4267,17.0767,17.3833,1954500,37.2
2005-05-19,17.44,17.5833,17.3333,17.4167,2020800,37.51
2005-05-20,17.41,17.5633,17.3067,17.5467,204900,37.66
2005-05-23,17.5667,17.6867,17.4633,17.5867,168300,37.85
2005-05-24,17.5433,17.8033,17.5,17.7967,364500,37.97
2005-05-25,17.7667,17.7667,17.5167,17.6467,292800,37.81
2005-05-26,17.7833,18.0,17.7833,17.9467,255600,38.19
2005-05-27,17.9467,17.9467,17.72,17.87,873000,38.21
2005-05-31,17.9433,18.0,17.7933,17.8333,846900,38.08
2005-06-01,17.83,18.0833,17.7633,17.9667,683100,38.39
2005-06-02,17.9667,18.2333,17.9667,18.23,461400,38.66
2005-06-03,18.2667,18.2667,18.0467,18.0733,948000,38.1
2005-06-06,18.0167,18.0167,17.8267,17.95,820800,38.11
2005-06-07,18.02,18.2167,17.7733,17.8067,1004700,37.79
2005-06-08,18.0333,18.09,17.89,17.9433,520500,37.71
2005-06-09,17.9433,18.29,17.8333,18.2833,415500,37.95
2005-06-10,18.2067,18.22,17.93,18.0067,468900,37.55
2005-06-13,17.95,18.1467,17.9,17.9767,173400,37.73
2005-06-14,17.97,18.05,17.82,17.8567,139500,37.58
2005-06-15,17.9267,17.9867,17.5933,17.8967,499800,37.7
2005-06-16,17.8967,18.11,17.8967,18.0333,334800,37.9
2005-06-17,18.05,18.1467,17.95,18.0333,166200,37.87
2005-06-20,17.88,18.01,17.82,17.95,213600,37.87
2005-06-21,17.9667,18.1,17.9667,18.0667,225000,37.85
2005-06-22,18.15,18.2167,18.0567,18.2067,356700,37.81
2005-06-23,18.26,18.6533,18.2067,18.2133,1476300,37.39
2005-06-24,18.2267,18.2267,17.8567,17.8667,185100,36.97
2005-06-27,17.8,17.82,17.52,17.5867,1243200,36.8
2005-06-28,17.75,17.8067,17.65,17.7933,398400,37.15
2005-06-29,17.8333,17.8333,17.6733,17.7167,516000,37.07
2005-06-30,17.77,17.8333,17.5633,17.5733,843300,36.78
2005-07-01,17.6667,17.7033,17.5533,17.62,125700,36.73
2005-07-05,17.57,17.9033,17.5433,17.87,154500,37.11
2005-07-06,17.87,18.1667,17.87,18.0267,664800,36.93
2005-07-07,17.74,18.1,17.74,18.1,778200,37.06
2005-07-08,18.1,18.51,18.1,18.4867,743700,37.77
2005-07-11,18.6667,18.9133,18.6667,18.9067,432000,38.12
2005-07-12,18.9,19.1333,18.85,19.0667,873300,38.3
2005-07-13,19.0667,19.1633,18.9433,19.12,1061100,38.39
2005-07-14,19.5,19.5,19.1633,19.3167,5923800,38.77
2005-07-15,19.3167,19.32,19.0567,19.26,751500,38.89
2005-07-18,19.2,19.2333,19.0533,19.16,806400,38.73
2005-07-19,19.2233,19.5533,19.2233,19.55,773700,39.18
2005-07-20,19.2033,19.8167,19.1933,19.74,646800,39.46
2005-07-21,19.72,19.9367,19.34,19.42,349500,39.47
2005-07-22,19.66,19.7167,19.41,19.5467,578100,39.42
2005-07-25,19.6267,19.7433,19.4567,19.5067,262500,39.27
2005-07-26,19.66,19.8,19.5667,19.7833,360600,39.42
2005-07-27,19.6167,19.7,19.3867,19.6333,539700,39.72
2005-07-28,19.6667,19.7333,19.5233,19.7333,162300,39.91
2005-07-29,19.6433,19.7,19.5,19.6133,796200,39.58
2005-08-01,19.6567,19.7167,19.54,19.6467,851100,39.65
2005-08-02,19.7,20.0833,19.7,20.0667,365400,40.08
2005-08-03,19.9933,20.0467,19.8833,19.97,368100,40.06
2005-08-04,19.81,19.81,19.54,19.54,491100,39.67
2005-08-05,19.4667,19.5867,19.3467,19.44,247800,39.48
2005-08-08,19.4633,19.55,19.3133,19.3133,239100,39.19
2005-08-09,19.3833,19.6367,19.3833,19.5733,154800,39.45
2005-08-10,19.5833,19.74,19.25,19.3,1062000,39.11
2005-08-11,19.2667,19.5267,19.2367,19.5133,211800,39.43
2005-08-12,19.32,19.3367,19.0967,19.1667,1021200,39.21
2005-08-15,19.1667,19.47,19.1367,19.4167,211800,39.45
2005-08-16,19.36,19.36,19.0067,19.0267,213600,38.81
2005-08-17,19.15,19.35,19.15,19.2933,908100,39.04
2005-08-18,19.15,19.5267,19.0967,19.1167,304800,38.84
2005-08-19,19.1833,19.2867,19.1133,19.12,857400,38.82
2005-08-22,19.3,19.41,19.21,19.4,1209000,38.84
2005-08-23,19.3667,19.4667,19.26,19.34,209700,38.73
2005-08-24,19.2633,19.58,19.1867,19.2,776100,38.5
2005-08-25,19.2667,19.3833,19.2,19.32,7514700,38.59
2005-08-26,19.3133,19.3133,19.0833,19.1467,745200,38.46
2005-08-29,19.1,19.4167,19.07,19.37,310800,38.76
2005-08-30,19.27,19.4467,19.15,19.4467,175200,38.62
2005-08-31,19.4267,19.6667,19.32,19.65,522600,38.98
2005-09-01,19.5267,19.6267,19.4133,19.46,1964100,38.92
2005-09-02,19.49,19.5233,19.34,19.39,218400,38.77
2005-09-06,19.52,19.7267,19.5133,19.7,212100,39.34
2005-09-07,19.67,19.8233,19.5367,19.7133,282000,39.41
2005-09-08,19.7,20.0433,19.7,19.9933,526500,39.4
2005-09-09,20.0333,20.14,19.9,20.07,2484000,39.62
2005-09-12,20.0933,20.12,19.9867,20.0333,123900,39.73
2005-09-13,20.0,20.3067,19.9867,20.2133,981000,39.63
2005-09-14,20.4,20.4,20.0067,20.1,288600,39.18
2005-09-15,20.1,20.12,19.85,19.9,232500,39.16
2005-09-16,19.9833,19.9867,19.7733,19.9667,196800,39.4
2005-09-19,19.9067,19.9667,19.6133,19.68,244500,39.09
2005-09-20,19.7233,19.92,19.55,19.55,346800,38.93
2005-09-21,19.4767,19.4767,19.2,19.28,366300,38.5
2005-09-22,19.16,19.3133,18.97,19.19,575400,38.64
2005-09-23,19.1433,19.4433,19.0533,19.3467,299400,38.75
2005-09-26,19.6267,19.6667,19.29,19.39,345000,38.76
2005-09-27,19.3667,19.43,19.0467,19.1733,896100,38.67
2005-09-28,19.1767,19.3767,19.0467,19.16,292200,38.68
2005-09-29,19.17,19.5233,19.0533,19.46,245100,39.2
2005-09-30,19.51,19.8567,19.5,19.7533,522900,39.46
2005-10-03,19.9,20.13,19.9,19.94,2934300,39.56
2005-10-04,19.94,20.0833,19.6733,19.6733,262200,39.3
2005-10-05,19.6767,19.6867,19.3467,19.3467,225600,38.76
2005-10-06,19.36,19.4433,18.87,19.0833,2484000,38.25
2005-10-07,19.16,19.2667,19.0967,19.19,289500,38.34
2005-10-10,19.0333,19.0333,18.61,18.61,527700,38.13
2005-10-11,18.65,18.7,18.2067,18.28,1189200,37.94
2005-10-12,18.2,18.3267,18.0367,18.24,989700,37.49
2005-10-13,18.28,18.5833,18.1467,18.5533,281700,37.78
2005-10-14,18.6,18.7033,18.3533,18.5267,220200,38.06
2005-10-17,18.5467,18.6133,18.4033,18.56,230700,38.18
2005-10-18,18.55,18.55,18.3467,18.4267,202800,37.91
2005-10-19,18.1467,18.5133,17.9833,18.5,568200,38.67
2005-10-20,18.55,18.7833,18.4533,18.5333,473100,38.31
2005-10-21,18.7167,18.83,18.66,18.7133,417600,38.55
2005-10-24,18.7733,18.9267,18.6067,18.9267,302400,39.16
2005-10-25,18.8167,18.8167,18.58,18.64,320400,39.01
2005-10-26,18.6933,18.8667,18.5833,18.6267,407100,38.81
2005-10-27,18.5733,18.6033,18.1867,18.2267,817200,38.03
2005-10-28,17.9833,18.21,17.7567,18.21,1075800,38.32
2005-10-31,18.44,18.6933,18.43,18.6,866700,38.87
2005-11-01,18.5,18.5133,18.3433,18.4,836100,38.84
2005-11-02,18.48,19.0733,18.48,19.0467,261900,39.35
2005-11-03,19.3333,19.5433,19.2833,19.4,1457400,39.94
2005-11-04,19.1933,19.54,19.1933,19.4733,1249500,40.08
2005-11-07,19.5333,19.61,19.35,19.5,1322400,40.13
2005-11-08,19.5,19.62,19.3333,19.4767,138600,40.14
2005-11-09,19.7933,19.81,19.4067,19.7733,303000,40.16
2005-11-10,19.8333,19.98,19.6033,19.92,301500,40.6
2005-11-11,20.0967,20.11,19.8467,19.8667,911400,40.71
2005-11-14,19.9133,19.9833,19.8467,19.9333,1260600,40.71
2005-11-15,19.9167,20.04,19.75,19.7867,211200,40.52
2005-11-16,19.84,19.8467,19.6367,19.7767,339600,40.77
2005-11-17,19.7333,20.0267,19.6733,20.0,580200,41.31
2005-11-18,20.1967,20.4633,20.15,20.3533,686400,41.45
2005-11-21,20.3067,20.3933,20.19,20.26,203400,41.55
2005-11-22,20.23,20.6567,20.23,20.54,1948500,41.7
2005-11-23,20.5733,20.8133,20.5667,20.59,436200,41.8
2005-11-25,20.6567,20.7833,20.6333,20.7233,338100,41.89
2005-11-28,20.84,20.84,20.47,20.4867,470100,41.54
2005-11-29,20.57,20.69,20.3833,20.3833,348600,41.34
2005-11-30,20.46,20.7367,20.4567,20.6167,271500,41.24
2005-12-01,20.8667,21.36,20.8667,21.3167,1682700,42.01
2005-12-02,21.33,21.5467,21.2867,21.3,386400,42.11
2005-12-05,21.2667,21.2667,20.9367,21.0133,248100,41.8
2005-12-06,21.2467,21.4633,21.1367,21.2167,1305300,41.94
2005-12-07,21.2067,21.2067,20.8833,20.9433,391500,41.86
2005-12-08,21.01,21.1267,20.5,20.6533,567600,41.56
2005-12-09,20.6767,20.9867,20.56,20.9367,255000,41.72
2005-12-12,21.1167,21.1467,20.96,21.0967,309600,41.87
2005-12-13,21.0933,21.3067,20.9667,21.1167,343800,42.04
2005-12-14,21.12,21.1867,20.9467,21.06,169200,41.9
2005-12-15,21.13,21.15,20.93,20.9733,154800,41.97
2005-12-16,20.9767,21.0067,20.86,20.8667,210600,41.58
2005-12-19,20.8667,20.8667,20.4233,20.4467,243900,40.92
2005-12-20,20.4333,20.6667,20.3,20.4833,451200,40.95
2005-12-21,20.5,20.7033,20.45,20.5367,372000,41.13
2005-12-22,20.6367,20.8133,20.6,20.79,261000,41.4
2005-12-23,20.8733,20.98,20.8133,20.8533,144600,41.4
2005-12-27,21.0067,21.03,20.6033,20.6333,1374600,41.04
2005-12-28,20.6333,20.7033,20.4467,20.6467,182100,40.99
2005-12-29,20.7,20.7367,20.4467,20.4633,180600,40.72
2005-12-30,20.3333,20.39,20.16,20.3233,2471100,40.41
2006-01-03,20.5533,21.0333,20.2433,20.8767,469500,41.31
2006-01-04,21.0833,21.21,21.0333,21.18,299100,41.74
2006-01-05,21.4867,21.6933,21.3867,21.6233,1715700,41.92
2006-01-06,21.9667,22.1633,21.7267,22.1167,892200,42.68
2006-01-09,22.2167,22.4233,22.1167,22.3567,2550000,42.85
2006-01-10,22.0633,22.39,22.0633,22.3833,1974900,42.88
2006-01-11,22.4333,22.71,22.35,22.65,544800,43.21
2006-01-12,22.6567,22.7867,22.3833,22.41,882600,43.0
2006-01-13,22.3167,22.3767,22.0667,22.2333,501000,42.98
2006-01-17,21.9567,21.98,21.7467,21.8867,647100,42.7
2006-01-18,21.3433,21.7367,21.32,21.6833,3969000,42.21
2006-01-19,22.2,22.47,22.19,22.29,768600,42.52
2006-01-20,22.0667,22.0667,21.4133,21.4567,2289300,41.25
2006-01-23,21.53,21.6667,21.3467,21.5467,1102500,41.26
2006-01-24,21.8333,21.9333,21.63,21.7667,245700,41.44
2006-01-25,21.85,21.85,21.5567,21.7867,239400,41.26
2006-01-26,21.96,22.3567,21.8467,22.25,492900,41.55
2006-01-27,22.3,22.8533,22.3,22.4533,541500,42.11
2006-01-30,22.55,22.55,22.3433,22.44,280200,42.19
2006-01-31,22.3333,22.3667,22.0867,22.1433,212700,42.0
2006-02-01,22.09,22.4,21.97,22.3667,381900,42.15
2006-02-02,22.3833,22.51,21.9833,22.0333,295500,41.43
2006-02-03,21.95,22.0567,21.77,21.8,304200,40.92
2006-02-06,21.8833,22.11,21.7667,22.0667,121800,40.81
2006-02-07,22.0833,22.2,21.9233,22.1167,253800,40.63
2006-02-08,22.3367,22.5133,22.2,22.5033,333300,41.1
2006-02-09,22.5667,22.8,22.3633,22.42,395700,40.71
2006-02-10,22.3367,22.3467,21.8933,22.2667,201300,40.96
2006-02-13,22.1,22.1333,21.87,21.99,305700,40.49
2006-02-14,22.0233,22.2267,21.8333,22.21,312600,40.9
2006-02-15,22.1467,22.33,22.0533,22.27,221100,41.16
2006-02-16,22.4967,22.5333,22.3067,22.5,254400,41.54
2006-02-17,22.35,22.3867,22.1233,22.1233,197700,41.21
2006-02-21,22.04,22.1167,21.64,21.7,663300,40.75
2006-02-22,21.6267,21.9967,21.4467,21.9,2075100,41.26
2006-02-23,21.8167,21.91,21.6633,21.6633,1335300,41.15
2006-02-24,21.65,21.8,21.5733,21.7067,1876800,41.26
2006-02-27,21.6767,21.8833,21.6767,21.8,335700,41.72
2006-02-28,21.7667,21.93,21.5767,21.6533,2030400,41.1
2006-03-01,21.89,22.5633,21.89,22.49,735300,41.66
2006-03-02,22.4067,22.7133,22.3333,22.5267,541500,41.69
2006-03-03,22.4567,22.6067,22.2533,22.2567,387900,41.45
2006-03-06,22.3367,22.38,21.9633,22.0467,200100,41.09
2006-03-07,21.7267,21.7833,21.3867,21.4567,546600,40.85
2006-03-08,21.3833,21.5,21.0833,21.3733,1535100,40.87
2006-03-09,21.4167,21.64,21.08,21.0833,235200,40.52
2006-03-10,21.0267,21.3033,20.8967,21.0133,2356500,40.56
2006-03-13,21.0933,21.2167,20.9267,20.9267,230400,40.68
2006-03-14,20.9267,21.4733,20.9267,21.41,1035300,41.37
2006-03-15,21.6333,21.6967,21.4633,21.6567,158700,41.72
2006-03-16,21.6667,21.6767,21.0867,21.0867,690000,41.37
2006-03-17,21.0367,21.2167,20.86,21.0933,708600,41.45
2006-03-20,21.12,21.2633,21.0433,21.13,479700,41.55
2006-03-21,21.13,21.65,21.08,21.1333,2416200,41.11
2006-03-22,21.07,21.22,20.98,21.1367,640800,41.21
2006-03-23,21.19,21.4167,21.19,21.3233,402900,41.09
2006-03-24,21.3633,21.5767,21.2933,21.57,331800,41.3
2006-03-27,21.59,21.7133,21.5133,21.54,2412300,41.31
2006-03-28,21.5,21.6,21.1367,21.1567,456300,41.14
2006-03-29,21.05,21.82,21.05,21.7433,1086900,41.92
2006-03-30,22.0333,22.0667,21.75,21.8533,413100,42.05
2006-03-31,21.9433,21.9867,21.63,21.73,279900,41.93
2006-04-03,21.7067,22.1667,21.7067,21.8833,858000,41.98
2006-04-04,21.9567,22.1033,21.8633,21.9533,305700,42.21
2006-04-05,22.03,22.4567,22.0,22.4,267300,42.61
2006-04-06,22.3933,22.7633,22.3933,22.64,734700,42.73
2006-04-07,22.7233,22.7833,22.19,22.2567,426900,42.32
2006-04-10,22.1867,22.21,21.8833,21.98,414900,42.26
2006-04-11,22.0633,22.12,21.61,21.7633,802200,41.92
2006-04-12,21.79,22.0467,21.79,21.9533,239700,41.93
2006-04-13,21.9667,22.2567,21.9667,22.05,219900,42.1
2006-04-17,22.1333,22.2333,21.6333,21.7567,566400,41.66
2006-04-18,21.84,22.5033,21.84,22.4433,478800,42.46
2006-04-19,22.48,22.7167,22.36,22.6967,772500,42.65
2006-04-20,22.6433,23.1333,22.6267,22.8033,502200,42.5
2006-04-21,22.7567,22.79,22.1633,22.2867,454200,42.0
2006-04-24,22.0767,22.28,21.9833,22.2267,445200,41.96
2006-04-25,22.28,22.3933,22.16,22.3033,720600,41.87
2006-04-26,22.3667,22.43,22.0833,22.19,383400,41.86
2006-04-27,21.8767,22.61,21.8767,22.46,424800,42.26
2006-04-28,22.3967,22.5667,22.22,22.24,333600,41.85
2006-05-01,22.26,22.3333,22.0267,22.0333,210600,41.44
2006-05-02,22.16,22.3133,22.1167,22.2233,320400,41.55
2006-05-03,22.2,22.4333,22.13,22.4233,233700,41.49
2006-05-04,22.51,22.7733,22.51,22.6733,322500,41.83
2006-05-05,22.87,22.9,22.6967,22.84,167100,42.16
2006-05-08,22.89,22.9833,22.79,22.79,302100,42.2
2006-05-09,22.7067,22.7167,22.5233,22.5733,1642800,42.04
2006-05-10,22.4767,22.5633,22.0467,22.1,791700,41.67
2006-05-11,22.0033,22.0333,21.4733,21.5233,1251000,40.74
2006-05-12,21.3333,21.65,21.27,21.3333,2131200,40.19
2006-05-15,21.3167,21.4667,20.8533,21.1367,2332800,40.16
2006-05-16,21.14,21.3167,20.8733,21.0333,1064400,39.86
2006-05-17,20.9133,21.04,20.5667,20.6833,1345200,39.32
2006-05-18,20.8367,20.9133,20.3533,20.3533,412200,39.05
2006-05-19,20.6667,20.8533,20.4167,20.7433,698400,39.35
2006-05-22,20.46,20.5667,19.9633,20.23,791700,38.97
2006-05-23,20.4933,20.6267,19.9533,19.9567,315600,38.59
2006-05-24,19.9533,20.3233,19.69,20.0833,897600,38.85
2006-05-25,20.1967,20.2133,20.0,20.1433,621600,39.36
2006-05-26,20.1667,20.3567,20.1267,20.28,514200,39.49
2006-05-30,20.2033,20.2033,19.8167,19.8167,374400,38.64
2006-05-31,19.9367,20.2267,19.89,20.1333,323100,38.82
2006-06-01,20.1733,20.6067,20.1733,20.6,278700,39.74
2006-06-02,20.8167,20.8167,20.3867,20.56,154200,39.64
2006-06-05,20.4933,20.4933,19.95,19.95,331800,38.78
2006-06-06,19.9767,19.9767,19.7267,19.8533,194400,38.75
2006-06-07,19.81,19.9367,19.4167,19.4167,265200,38.46
2006-06-08,19.2567,19.4533,18.8267,19.3033,553800,38.4
2006-06-09,19.5633,19.7033,19.11,19.2,407400,38.15
2006-06-12,19.2433,19.2767,18.65,18.65,333900,37.4
2006-06-13,18.8667,19.0133,18.5467,18.6,378300,37.25
2006-06-14,18.8567,19.0033,18.6567,18.9,733200,37.63
2006-06-15,19.1833,19.7033,19.1833,19.63,555000,38.65
2006-06-16,19.53,19.5567,19.2667,19.4067,177600,38.34
2006-06-19,19.49,19.5067,19.1667,19.2367,296400,38.03
2006-06-20,19.2267,19.3867,19.03,19.12,325500,38.08
2006-06-21,19.2033,19.7167,19.2033,19.5433,380100,38.68
2006-06-22,19.48,19.48,19.1433,19.23,290100,38.19
2006-06-23,18.9967,19.2867,18.9967,19.1033,167400,38.15
2006-06-26,19.1667,19.2733,19.12,19.2,371700,38.25
2006-06-27,19.1833,19.1833,18.6867,18.7333,311700,37.53
2006-06-28,18.4633,18.7067,18.4067,18.7,486600,37.81
2006-06-29,18.7833,19.3667,18.7,19.3233,636300,38.96
2006-06-30,19.4067,19.4167,19.15,19.3167,153600,38.77
2006-07-03,19.41,19.5,19.3667,19.4767,94200,39.0
2006-07-05,19.2633,19.27,18.9367,18.95,231300,38.15
2006-07-06,19.07,19.1667,18.8667,18.9333,125400,38.11
2006-07-07,18.75,18.8167,18.5,18.63,372900,37.69
2006-07-10,18.6633,18.8,18.06,18.1567,450300,37.36
2006-07-11,18.0333,18.6367,18.0333,18.6,376800,37.64
2006-07-12,18.52,18.6,18.0967,18.1233,682200,36.93
2006-07-13,17.85,18.3267,17.8167,17.86,719400,36.31
2006-07-14,17.7733,17.9733,17.63,17.7633,776400,35.94
2006-07-17,17.8567,17.97,17.6667,17.7667,333900,36.03
2006-07-18,17.85,17.9033,17.2833,17.7133,538500,36.15
2006-07-19,17.7967,18.28,17.7533,18.14,405600,36.62
2006-07-20,18.33,18.3567,17.6967,17.7033,579900,36.08
2006-07-21,17.2367,17.3033,16.93,16.9733,703500,35.7
2006-07-24,17.2167,17.5767,17.2167,17.47,952500,36.41
2006-07-25,17.64,17.9067,17.54,17.7667,542400,36.62
2006-07-26,17.5,18.0067,17.5,17.8233,465300,36.59
2006-07-27,18.0533,18.1933,17.8667,17.9,1578900,36.35
2006-07-28,18.05,18.4767,18.05,18.4333,1031400,37.11
2006-07-31,18.36,18.5833,18.3333,18.4867,551100,37.1
2006-08-01,18.2667,18.2667,17.9433,18.1067,560400,36.48
2006-08-02,18.15,18.4533,18.15,18.3067,241800,36.89
2006-08-03,18.2567,18.71,18.2167,18.6133,1366800,37.12
2006-08-04,18.8567,18.9567,18.2467,18.45,611400,36.95
2006-08-07,18.3633,18.47,18.2667,18.35,228000,36.71
2006-08-08,18.4033,18.5433,18.1367,18.2467,376200,36.48
2006-08-09,18.6267,18.7967,18.3,18.3267,457200,36.53
2006-08-10,18.3,18.63,18.2433,18.5633,208800,36.79
2006-08-11,18.3833,18.3833,18.03,18.08,379200,36.53
2006-08-14,18.2533,18.6067,18.22,18.3267,156900,36.77
2006-08-15,18.6733,19.0233,18.6367,19.0067,263700,37.7
2006-08-16,19.1167,19.7233,19.02,19.63,1693800,38.59
2006-08-17,19.62,19.9733,19.6167,19.6733,1537200,38.73
2006-08-18,19.5333,19.71,19.3433,19.6833,360900,38.79
2006-08-21,19.44,19.44,19.22,19.3567,330600,38.42
2006-08-22,19.3333,19.56,19.2467,19.3233,550500,38.43
2006-08-23,19.5733,19.5767,19.0667,19.1933,968100,38.14
2006-08-24,19.2167,19.3233,19.0633,19.3233,485700,38.25
2006-08-25,19.2633,19.5267,19.22,19.3333,467700,38.32
2006-08-28,19.3533,19.6133,19.3533,19.61,471600,38.61
2006-08-29,19.6733,19.9667,19.5233,19.9667,822900,38.73
2006-08-30,20.0667,20.3567,19.9167,20.3567,702000,38.91
2006-08-31,20.2833,20.2833,20.0533,20.15,395700,38.87
2006-09-01,20.3167,20.3167,19.88,19.9667,329400,39.08
2006-09-05,19.8767,20.22,19.8067,20.2067,806700,39.46
2006-09-06,19.9667,19.9667,19.5567,19.56,226200,38.67
2006-09-07,19.4,19.7567,19.2933,19.4933,655800,38.49
2006-09-08,19.55,19.73,19.4967,19.6833,158100,38.72
2006-09-11,19.66,20.18,19.66,20.0333,451800,38.96
2006-09-12,20.1833,20.7567,20.1667,20.71,1234500,39.68
2006-09-13,20.6767,20.8,20.48,20.61,211500,39.95
2006-09-14,20.5267,20.6933,20.4767,20.6767,414300,39.99
2006-09-15,20.7967,21.03,20.5667,20.6533,1365900,40.11
2006-09-18,20.68,21.09,20.68,20.91,377100,40.12
2006-09-19,20.8267,20.8267,20.35,20.5667,1032000,39.85
2006-09-20,20.75,20.8167,20.6467,20.7333,497100,40.43
2006-09-21,20.7667,20.7833,20.3233,20.3333,279600,40.18
2006-09-22,20.2467,20.3,20.0633,20.0933,252600,39.87
2006-09-25,20.15,20.62,19.9867,20.5833,773400,40.57
2006-09-26,20.4833,20.61,20.3233,20.57,241800,40.77
2006-09-27,20.6233,20.81,20.4133,20.4867,597600,40.72
2006-09-28,20.5233,20.7067,20.45,20.7067,348000,40.83
2006-09-29,20.69,20.69,20.4933,20.4933,120000,40.65
2006-10-02,20.4167,20.64,20.3,20.3,286800,40.14
2006-10-03,20.1067,20.2933,19.99,20.1767,349800,40.31
2006-10-04,20.17,20.6167,20.1433,20.6167,304200,41.3
2006-10-05,20.5533,20.6,20.4367,20.57,1017900,41.5
2006-10-06,20.3767,20.5133,20.33,20.41,254700,41.41
2006-10-09,20.3867,20.7733,20.3833,20.61,491100,41.55
2006-10-10,20.6,20.6333,20.4633,20.55,917100,41.62
2006-10-11,20.5033,20.9867,20.4667,20.7567,441000,41.54
2006-10-12,20.89,21.0667,20.74,21.0133,941400,42.2
2006-10-13,21.0667,21.3867,21.0,21.2967,957300,42.43
2006-10-16,21.4567,21.5567,21.39,21.44,243600,42.47
2006-10-17,21.1933,21.1933,20.7867,20.8967,522600,42.0
2006-10-18,20.8533,20.8533,20.3033,20.3733,2041500,41.8
2006-10-19,20.4033,20.4167,20.1,20.2667,681000,41.9
2006-10-20,20.25,20.25,19.9567,20.0333,2808600,42.0
2006-10-23,19.9667,20.28,19.9033,20.0533,293100,42.43
2006-10-24,19.9833,20.1767,19.8667,19.8733,367800,42.14
2006-10-25,19.8733,20.2933,19.8733,20.2567,448800,42.43
2006-10-26,20.4667,20.52,20.2133,20.47,956100,42.82
2006-10-27,20.4333,20.4333,19.95,20.0133,2468700,42.21
2006-10-30,19.9967,20.2933,19.9967,20.1833,420000,42.48
2006-10-31,20.2667,20.37,20.18,20.2933,1251900,42.58
2006-11-01,20.5,20.5,19.8767,19.9367,343500,42.0
2006-11-02,19.8667,19.9433,19.7267,19.8333,705900,42.04
2006-11-03,19.9167,19.97,19.76,19.92,2835300,41.93
2006-11-06,19.9833,20.2833,19.9167,20.2433,204300,42.54
2006-11-07,20.0333,20.66,20.0333,20.3767,802200,42.83
2006-11-08,20.23,20.41,20.12,20.3633,915300,43.03
2006-11-09,20.4467,20.4767,19.9833,20.0,336300,42.83
2006-11-10,19.9333,20.2167,19.9333,20.1667,222900,43.03
2006-11-13,20.19,20.5333,20.19,20.5133,1661700,43.47
2006-11-14,20.5667,21.1033,20.4067,21.0567,570000,43.93
2006-11-15,21.1133,21.3967,21.0633,21.2333,2043000,44.11
2006-11-16,21.2333,21.37,21.05,21.29,1357500,44.3
2006-11-17,21.1833,21.2033,21.05,21.17,192900,44.3
2006-11-20,21.0867,21.4633,21.0333,21.45,1461900,44.39
2006-11-21,21.4867,21.4867,21.0667,21.0667,3295500,44.45
2006-11-22,21.2467,21.3933,21.16,21.37,578400,44.73
2006-11-24,21.2033,21.3967,21.17,21.3033,173700,44.65
2006-11-27,21.22,21.37,20.7533,20.7533,373200,43.64
2006-11-28,20.71,20.79,20.5667,20.78,759900,43.77
2006-11-29,21.03,21.0333,20.6333,20.7633,473700,44.07
2006-11-30,20.83,21.0467,20.6533,20.96,2117400,44.04
2006-12-01,20.96,20.96,20.4067,20.6633,723900,43.66
2006-12-04,20.7067,21.1733,20.6967,21.0467,917100,44.26
2006-12-05,21.0333,21.2667,21.0333,21.1167,138000,44.42
2006-12-06,21.0833,21.2967,20.9833,21.21,816000,44.26
2006-12-07,21.34,21.36,20.9,20.9067,265500,43.7
2006-12-08,20.8733,20.9733,20.63,20.8067,791100,43.9
2006-12-11,20.81,20.9433,20.7333,20.7633,292800,44.06
2006-12-12,20.75,20.8367,20.48,20.6367,403200,43.8
2006-12-13,20.9067,20.9067,20.4667,20.48,381300,43.88
2006-12-14,20.5067,20.8567,20.5067,20.79,4226400,44.37
2006-12-15,20.93,20.9367,20.7533,20.7867,408000,44.43
2006-12-18,20.87,21.0333,20.6667,20.7333,2740800,43.99
2006-12-19,20.36,20.5967,20.3533,20.4967,331800,43.85
2006-12-20,20.7333,20.7833,20.54,20.59,449100,43.69
2006-12-21,20.5933,20.6233,20.22,20.3,351600,43.38
2006-12-22,20.3333,20.3667,20.1767,20.1767,555900,42.93
2006-12-26,20.1333,20.36,20.1333,20.3333,414300,43.11
2006-12-27,20.3667,20.56,20.3667,20.4467,565500,43.33
2006-12-28,20.46,20.5067,20.4167,20.4533,123900,43.12
2006-12-29,20.4167,20.5967,20.3367,20.3367,77700,43.16
2007-01-03,20.5633,20.74,20.0833,20.2767,509400,43.24
2007-01-04,20.2767,20.7367,20.2433,20.6733,462300,44.06
2007-01-05,20.32,20.4833,20.12,20.28,241500,43.85
2007-01-08,20.29,20.52,20.21,20.36,269100,43.88
2007-01-09,20.4433,20.5367,20.2567,20.4333,429000,44.1
2007-01-10,20.3333,20.86,20.3333,20.7833,473100,44.62
2007-01-11,20.86,21.0333,20.8033,20.8467,708000,45.08
2007-01-12,20.7667,20.9,20.6667,20.9,179700,45.31
2007-01-16,20.8167,20.8167,20.65,20.73,184200,45.28
2007-01-17,20.6067,20.76,20.5333,20.5833,554400,44.91
2007-01-18,20.4067,20.4067,19.81,19.8333,803400,44.08
2007-01-19,19.8267,20.18,19.8033,20.02,542700,44.17
2007-01-22,19.9433,19.9433,19.7,19.8033,564300,43.69
2007-01-23,19.8633,20.0033,19.7833,19.7833,466500,43.58
2007-01-24,19.9233,20.1267,19.86,20.0867,195600,44.3
2007-01-25,20.3067,20.4367,19.96,20.0033,382800,43.73
2007-01-26,20.0867,20.35,19.9767,20.2733,225900,43.57
2007-01-29,20.2333,20.34,20.1,20.16,143700,43.61
2007-01-30,20.2733,20.3233,20.1967,20.25,130200,43.63
2007-01-31,20.0367,20.3133,19.9867,20.27,320100,44.07
2007-02-01,20.3333,20.51,20.2767,20.44,635700,44.0
2007-02-02,20.52,20.6367,20.4333,20.57,743400,44.16
2007-02-05,20.64,20.7567,20.5533,20.6467,318600,44.12
2007-02-06,20.6233,20.68,20.3567,20.57,531600,44.06
2007-02-07,20.7967,20.9667,20.6667,20.8467,997500,44.46
2007-02-08,20.7633,20.81,20.64,20.7667,246900,44.45
2007-02-09,20.9867,21.0067,20.41,20.4567,588300,43.88
2007-02-12,20.4,20.4,20.1933,20.2233,71400,43.71
2007-02-13,20.3267,20.3633,20.21,20.33,226200,43.86
2007-02-14,20.4867,20.8033,20.4733,20.73,475500,44.6
2007-02-15,20.7,20.8667,20.7,20.84,1452600,44.86
2007-02-16,20.7667,20.86,20.7233,20.8267,703200,44.71
2007-02-20,20.6567,20.85,20.58,20.8267,128700,45.05
2007-02-21,20.67,20.81,20.64,20.81,163200,45.19
2007-02-22,21.05,21.2767,21.05,21.25,529200,45.42
2007-02-23,21.3167,21.4333,21.2733,21.3667,1146000,45.26
2007-02-26,21.4367,21.4433,21.2333,21.3367,231600,45.04
2007-02-27,20.8333,21.1333,20.5233,20.5833,459900,43.19
2007-02-28,20.63,20.8067,20.47,20.6267,717300,43.33
2007-03-01,20.1333,20.64,20.1333,20.48,1791300,43.13
2007-03-02,20.3833,20.4533,20.07,20.07,390900,42.48
2007-03-05,19.8933,20.2333,19.8533,19.8533,306600,42.15
2007-03-06,20.1933,20.37,20.1533,20.3267,206400,42.85
2007-03-07,20.2,20.35,20.1367,20.2433,147300,42.68
2007-03-08,20.4833,20.5733,20.4233,20.4467,351600,42.97
2007-03-09,20.7733,20.7733,20.4233,20.5733,339600,42.93
2007-03-12,20.56,20.8233,20.56,20.7367,108900,43.21
2007-03-13,20.5633,20.6767,20.3133,20.3133,99900,42.37
2007-03-14,20.3833,20.4367,20.07,20.4367,356700,42.99
2007-03-15,20.3667,20.4567,20.3367,20.4267,465900,42.89
2007-03-16,20.4,20.45,20.21,20.2933,154500,42.83
2007-03-19,20.4167,20.4333,20.18,20.1867,156900,43.27
2007-03-20,20.2133,20.4633,20.2133,20.39,278700,43.58
2007-03-21,20.44,20.84,20.3833,20.76,207600,44.42
2007-03-22,20.6367,20.6367,20.4467,20.4733,196800,44.26
2007-03-23,20.6,20.7067,20.5267,20.5967,291900,44.12
2007-03-26,20.5833,20.62,20.3333,20.56,222300,44.3
2007-03-27,20.5133,20.5967,20.48,20.48,104700,43.99
2007-03-28,20.3533,20.3667,20.2167,20.2267,285600,43.52
2007-03-29,20.3467,20.3467,19.8733,20.0367,843900,43.57
2007-03-30,20.1533,20.1967,19.9967,20.1,188400,43.53
2007-04-02,20.23,20.23,19.94,20.0733,274500,43.59
2007-04-03,20.21,20.2867,20.0667,20.21,60900,44.16
2007-04-04,20.21,20.4333,20.21,20.38,349200,44.34
2007-04-05,20.42,20.5633,20.42,20.5433,493500,44.56
2007-04-09,20.57,20.5933,20.4133,20.4967,193200,44.45
2007-04-10,20.5067,20.6733,20.5,20.6733,55200,44.68
2007-04-11,20.6467,20.6467,20.45,20.4633,231300,44.21
2007-04-12,20.4467,20.7,20.4467,20.6733,64800,44.56
2007-04-13,20.5833,20.6367,20.43,20.6333,29100,44.65
2007-04-16,20.66,20.8033,20.6233,20.78,265200,45.06
2007-04-17,20.8,20.8167,20.7,20.76,127500,45.16
2007-04-18,21.0,21.34,20.9567,21.1933,644100,45.01
2007-04-19,21.0367,21.4767,21.0333,21.32,802200,45.15
2007-04-20,21.5,21.5367,21.26,21.4,316800,45.4
2007-04-23,21.3467,21.36,21.2167,21.2367,509700,45.47
2007-04-24,21.5667,21.89,21.5167,21.7633,701700,45.7
2007-04-25,21.9067,21.9833,21.7,21.9667,218400,46.31
2007-04-26,21.9567,21.9667,21.7333,21.96,485100,46.55
2007-04-27,21.8133,21.8367,21.6233,21.6333,487500,46.57
2007-04-30,21.5833,21.5967,21.32,21.3233,191400,45.96
2007-05-01,21.3667,21.4367,21.1767,21.3767,139500,45.92
2007-05-02,21.4267,21.67,21.4167,21.5533,336300,46.42
2007-05-03,21.6,21.79,21.6,21.68,185400,46.59
2007-05-04,21.7667,21.94,21.7467,21.8833,381600,46.63
2007-05-07,21.93,21.93,21.7933,21.7933,217800,46.63
2007-05-08,21.63,21.7667,21.56,21.7433,266700,46.73
2007-05-09,21.6667,22.1367,21.6667,22.1367,332400,46.83
2007-05-10,21.9667,22.1633,21.6733,21.73,373800,46.19
2007-05-11,21.89,22.0633,21.8433,22.0333,194700,46.78
2007-05-14,22.1967,22.2,21.9133,22.0033,265500,46.46
2007-05-15,21.97,22.0133,21.71,21.71,196200,46.1
2007-05-16,21.6667,21.7367,21.5,21.7133,123900,46.55
2007-05-17,21.6667,21.76,21.5,21.6133,462300,46.33
2007-05-18,21.7467,21.7467,21.4733,21.6467,544200,46.71
2007-05-21,21.6667,21.9333,21.59,21.6667,362400,47.01
2007-05-22,21.75,21.8967,21.6033,21.7667,587400,47.05
2007-05-23,21.6167,21.71,21.4267,21.4533,571800,46.83
2007-05-24,21.45,21.4667,20.9633,21.0767,952200,46.16
2007-05-25,21.16,21.2633,21.0967,21.1867,761400,46.45
2007-05-29,21.22,21.3533,21.22,21.32,350100,46.81
2007-05-30,21.0367,21.1833,21.0233,21.1767,255600,47.19
2007-05-31,21.3833,21.5167,21.33,21.5033,419700,47.41
2007-06-01,21.6467,21.8,21.6433,21.6967,792000,47.44
2007-06-04,21.6133,21.8167,21.61,21.6433,315600,47.58
2007-06-05,21.64,21.6433,21.37,21.54,186300,47.58
2007-06-06,21.4567,21.5367,21.2633,21.2633,64200,47.07
2007-06-07,21.29,21.3267,20.87,20.87,295200,46.34
2007-06-08,21.07,21.4667,21.0,21.4533,479700,46.91
2007-06-11,21.3967,21.54,21.35,21.37,210900,46.82
2007-06-12,21.21,21.41,21.14,21.2,134700,46.54
2007-06-13,21.28,21.5433,21.28,21.5433,307200,47.05
2007-06-14,21.6167,21.9033,21.6,21.8233,194700,47.36
2007-06-15,22.13,22.22,22.05,22.19,279300,47.76
2007-06-18,22.18,22.2333,22.0833,22.1833,98700,47.77
2007-06-19,21.9833,22.0167,21.8333,22.0,124500,47.76
2007-06-20,21.98,22.13,21.8533,21.8533,321900,47.31
2007-06-21,21.91,22.5333,21.9,22.5,1065900,47.74
2007-06-22,22.4567,22.5167,22.1767,22.2333,354300,47.29
2007-06-25,22.2533,22.2733,21.9033,21.9533,257100,47.09
2007-06-26,22.0333,22.0333,21.7333,21.8367,264600,46.82
2007-06-27,21.9,22.3367,21.88,22.3267,134100,47.54
2007-06-28,22.2933,22.3033,22.1167,22.1167,377100,47.52
2007-06-29,22.1733,22.21,21.8533,21.9433,135300,47.6
2007-07-02,22.1433,22.25,22.07,22.2333,333000,48.03
2007-07-03,22.3067,22.33,22.2267,22.2933,336600,48.31
2007-07-05,22.2833,22.4333,22.2233,22.4333,79200,48.66
2007-07-06,22.47,22.64,22.43,22.62,184200,48.86
2007-07-09,22.6667,22.8167,22.6667,22.7833,354000,48.89
2007-07-10,22.6,22.7933,22.6,22.6033,270900,48.48
2007-07-11,22.58,22.6467,22.4233,22.5833,143700,48.81
2007-07-12,22.6867,23.1833,22.6433,23.1833,258600,49.56
2007-07-13,23.24,23.2867,23.0867,23.14,326700,49.9
2007-07-16,23.1667,23.29,23.1167,23.2667,264000,49.85
2007-07-17,23.4,23.75,23.3767,23.6267,496200,50.23
2007-07-18,23.2033,23.2867,22.9933,23.2133,413100,50.17
2007-07-19,23.3833,23.4533,23.22,23.3733,184800,50.32
2007-07-20,23.4333,23.4633,23.04,23.09,544800,50.05
2007-07-23,23.16,23.3233,23.0633,23.0867,431700,50.07
2007-07-24,22.7933,22.9667,22.55,22.6167,562800,49.33
2007-07-25,22.8633,22.8633,22.52,22.67,666300,49.4
2007-07-26,22.4367,22.5733,21.88,22.2767,575400,48.98
2007-07-27,22.2,22.4133,21.9133,21.9167,605400,47.99
2007-07-30,22.1533,22.4233,22.0167,22.31,478800,48.55
2007-07-31,22.55,22.55,21.9533,21.9533,1174500,47.53
2007-08-01,22.1033,22.14,21.5833,22.0733,1347000,47.9
2007-08-02,22.1933,22.1933,21.8333,22.0833,553200,48.34
2007-08-03,22.0,22.0333,21.4267,21.4267,1453500,47.42
2007-08-06,21.45,21.72,21.2833,21.71,2033400,47.97
2007-08-07,21.5733,21.7833,21.3433,21.6933,1598400,48.31
2007-08-08,21.9133,22.48,21.9133,22.18,915600,48.84
2007-08-09,21.8667,22.4167,21.8333,22.02,2946300,47.71
2007-08-10,21.63,22.12,21.5333,21.8933,961500,47.28
2007-08-13,22.1167,22.1167,21.8167,21.8167,336000,47.6
2007-08-14,21.9,21.9867,21.5267,21.54,1852500,46.79
2007-08-15,21.31,21.5233,20.9333,20.9467,1248600,45.9
2007-08-16,20.8167,21.0833,20.3067,20.93,1069200,45.45
2007-08-17,21.5667,21.9967,21.0867,21.2933,3301200,46.31
2007-08-20,21.4367,21.6433,21.33,21.5433,368400,46.53
2007-08-21,21.5467,21.7567,21.5467,21.71,165900,47.02
2007-08-22,21.9167,21.9367,21.7433,21.86,251100,47.66
2007-08-23,21.9267,21.9267,21.6033,21.66,338700,47.53
2007-08-24,21.7667,21.9833,21.6767,21.97,142800,48.2
2007-08-27,21.8933,21.9167,21.7533,21.7767,64200,47.88
2007-08-28,21.6533,21.6833,21.1633,21.2133,462300,46.74
2007-08-29,21.4133,21.84,21.4133,21.8233,112200,48.08
2007-08-30,21.6667,22.0833,21.6667,21.8467,287700,48.33
2007-08-31,22.0833,22.3,22.04,22.2533,678300,48.87
2007-09-04,22.3,22.8367,22.3,22.6367,144300,49.68
2007-09-05,22.5667,22.5833,22.29,22.41,390600,49.18
2007-09-06,22.5867,22.64,22.34,22.6033,615300,49.14
2007-09-07,22.24,22.24,21.8467,22.0233,1014900,48.23
2007-09-10,22.2933,22.3533,21.8433,22.0667,530100,48.2
2007-09-11,22.25,22.4767,22.0933,22.3433,700500,48.93
2007-09-12,22.25,22.4133,21.96,21.9967,270000,48.94
2007-09-13,22.0,22.1067,21.8967,21.9167,566100,49.18
2007-09-14,21.72,21.89,21.7067,21.78,442800,49.22
2007-09-17,21.68,21.81,21.5933,21.7133,167700,48.81
2007-09-18,21.9233,22.48,21.7933,22.3567,567000,50.04
2007-09-19,22.5,22.7233,22.3467,22.4567,405900,50.17
2007-09-20,22.35,22.5467,22.35,22.4733,214200,50.03
2007-09-21,22.5933,22.7133,22.5567,22.5733,200400,50.36
2007-09-24,22.6167,22.7267,22.3967,22.5067,378900,50.59
2007-09-25,22.34,22.6633,22.34,22.6367,455100,51.07
2007-09-26,22.8633,22.87,22.5,22.5267,780600,51.32
2007-09-27,22.7133,22.7867,22.6033,22.61,149700,51.58
2007-09-28,22.6433,22.73,22.4933,22.4933,324600,51.41
2007-10-01,22.6267,23.08,22.6267,22.9633,241800,52.0
2007-10-02,22.9967,23.0533,22.8467,23.0067,796200,52.01
2007-10-03,22.7267,23.06,22.35,22.51,377100,51.65
2007-10-04,22.5067,22.5067,22.3033,22.47,192600,51.77
2007-10-05,22.6367,22.9733,22.5833,22.8467,613500,52.82
2007-10-08,22.9133,22.9567,22.7733,22.88,783600,53.15
2007-10-09,23.1667,23.1667,22.4333,22.7133,894600,53.38
2007-10-10,22.69,22.7067,22.4633,22.66,633300,53.51
2007-10-11,22.8067,22.8067,21.9933,22.1733,503400,52.66
2007-10-12,22.2833,22.4933,22.2433,22.4433,582900,53.53
2007-10-15,22.5333,22.6,22.35,22.4433,445200,53.12
2007-10-16,22.4167,22.6333,22.3967,22.4067,736500,52.87
2007-10-17,23.0,23.0,22.5967,22.8233,732300,53.55
2007-10-18,22.7167,22.8767,22.56,22.8333,442800,53.78
2007-10-19,22.7533,22.7533,22.1433,22.1633,850800,52.44
2007-10-22,21.94,22.4333,21.9,22.3567,538800,53.07
2007-10-23,22.4067,22.4067,22.1033,22.4067,289500,54.18
2007-10-24,21.9233,21.9233,21.21,21.72,585300,53.77
2007-10-25,21.5767,21.58,20.8033,21.0033,488100,53.05
2007-10-26,21.2967,21.3167,20.9033,21.0733,367800,53.93
2007-10-29,21.1267,21.3933,21.1267,21.27,215100,54.15
2007-10-30,21.1967,21.49,21.1667,21.35,645300,54.26
2007-10-31,21.3933,21.6233,21.2567,21.55,271200,55.03
2007-11-01,21.47,21.47,21.16,21.1933,426600,54.0
2007-11-02,21.2667,21.3567,21.0367,21.34,1254300,54.42
2007-11-05,21.09,21.4767,21.09,21.2367,1152000,54.07
2007-11-06,21.35,21.5633,21.2367,21.5433,1840800,54.68
2007-11-07,21.3467,21.47,20.96,20.9667,384300,53.35
2007-11-08,21.07,21.0833,20.3267,20.67,1187400,51.73
2007-11-09,20.52,20.79,20.4133,20.49,994200,50.0
2007-11-12,20.3667,20.55,19.9533,19.96,693300,48.73
2007-11-13,20.2533,20.47,20.18,20.4133,115200,50.74
2007-11-14,20.6333,20.6667,20.2533,20.2567,114000,50.09
2007-11-15,20.16,20.3933,19.9867,20.1367,652500,49.82
2007-11-16,20.1733,20.2433,19.8967,20.0,1236000,50.28
2007-11-19,19.9267,20.0667,19.6133,19.6367,1242900,49.7
2007-11-20,19.69,19.7967,19.0533,19.3967,1628400,49.9
2007-11-21,19.13,19.43,18.8067,19.0133,1572900,49.31
2007-11-23,19.17,19.3867,19.07,19.29,92700,49.84
2007-11-26,19.4,19.4467,18.7967,18.7967,222600,48.98
2007-11-27,18.8133,19.1967,18.7933,19.1967,1816800,49.96
2007-11-28,19.57,20.09,19.4667,20.0133,443700,51.48
2007-11-29,19.89,20.07,19.8433,19.9967,720300,51.7
2007-11-30,20.2767,20.2767,19.6667,19.7133,90000,51.31
2007-12-03,19.7567,19.8933,19.67,19.6933,72300,50.88
2007-12-04,19.5667,19.6933,19.5033,19.54,2136600,50.67
2007-12-05,19.8667,20.2533,19.8667,20.0967,549300,51.58
2007-12-06,20.0533,20.4833,20.0533,20.4367,541500,52.32
2007-12-07,20.4367,20.48,20.3067,20.4067,277200,52.33
2007-12-10,20.44,20.6433,20.3533,20.5833,181200,52.54
2007-12-11,20.7133,20.8133,20.1767,20.1767,1647000,51.32
2007-12-12,20.7867,20.7867,20.16,20.4267,911400,51.78
2007-12-13,20.3167,20.4933,20.0067,20.2367,1119300,51.5
2007-12-14,20.1033,20.2367,19.9833,20.0233,944100,50.97
2007-12-17,19.91,19.9633,19.58,19.58,1101300,49.73
2007-12-18,19.67,19.76,19.46,19.67,791400,49.89
2007-12-19,19.5733,19.8467,19.5733,19.7167,252900,49.88
2007-12-20,19.92,20.11,19.7967,19.9833,304500,50.9
2007-12-21,20.3333,20.3733,20.1567,20.24,360300,51.85
2007-12-24,20.33,20.4767,20.33,20.45,121800,52.24
2007-12-26,20.4667,20.52,20.3833,20.4867,548400,52.5
2007-12-27,20.35,20.5033,20.0333,20.04,163500,51.87
2007-12-28,20.1333,20.1367,19.88,19.9733,191700,51.82
2007-12-31,19.9333,20.0067,19.7767,19.8033,270000,51.22
2008-01-02,19.78,19.89,19.13,19.2733,536700,50.41
2008-01-03,19.3433,19.3433,18.9767,19.0433,600600,50.62
2008-01-04,18.7533,18.7533,17.96,18.1267,649800,48.4
2008-01-07,18.2133,18.2133,17.53,17.6933,346500,48.17
2008-01-08,17.7667,18.0067,17.2233,17.2767,415200,46.92
2008-01-09,17.21,17.5333,16.9133,17.3867,599100,47.92
2008-01-10,17.1567,17.5433,17.1033,17.4567,1900800,47.99
2008-01-11,17.3467,17.3467,16.8133,16.9133,231300,47.05
2008-01-14,17.1667,17.4567,17.1433,17.4267,115500,47.87
2008-01-15,17.24,17.24,16.7033,16.7733,356700,46.55
2008-01-16,16.38,16.9367,16.1033,16.56,388200,46.05
2008-01-17,16.7433,16.9133,16.2533,16.2533,486300,45.41
2008-01-18,16.48,16.8033,16.39,16.68,392100,45.35
2008-01-22,16.0333,16.6033,15.7933,16.3667,458100,44.18
2008-01-23,15.6267,16.79,15.5,16.7533,443400,44.01
2008-01-24,16.8,17.23,16.7767,17.23,664800,44.91
2008-01-25,17.6,17.7667,16.8667,16.8833,1206000,43.99
2008-01-28,16.8067,17.1033,16.6,17.1033,386100,44.33
2008-01-29,17.0567,17.2767,16.8867,17.1333,224400,44.41
2008-01-30,17.1533,17.3567,17.0067,17.12,269100,44.37
2008-01-31,16.9,17.25,16.8067,17.07,318300,45.13
2008-02-01,17.2,18.0,17.2,17.98,604800,45.59
2008-02-04,17.9967,18.0,17.63,17.66,373800,44.95
2008-02-05,17.3,17.36,16.87,16.89,361500,43.67
2008-02-06,16.9433,17.0667,16.4467,16.4633,379500,42.81
2008-02-07,16.32,16.9,16.1,16.6167,473700,43.11
2008-02-08,16.64,16.9833,16.6167,16.81,233100,43.6
2008-02-11,16.8833,17.3367,16.8833,17.2,164700,44.07
2008-02-12,17.33,17.46,17.08,17.1167,197400,43.82
2008-02-13,17.3233,17.7533,17.3233,17.75,74700,44.78
2008-02-14,17.7667,17.7667,17.15,17.15,992400,43.97
2008-02-15,17.0667,17.17,16.7567,16.8367,103800,43.82
2008-02-19,17.0667,17.0767,16.6467,16.7133,166500,43.74
2008-02-20,16.5233,17.16,16.5233,17.04,165000,43.94
2008-02-21,17.3,17.4467,16.94,16.9933,825900,43.52
2008-02-22,17.0367,17.0633,16.71,17.05,728100,43.68
2008-02-25,16.9867,17.3033,16.8733,17.2133,1883700,43.9
2008-02-26,17.07,17.6567,17.07,17.49,4507200,44.07
2008-02-27,17.35,17.7667,17.35,17.6433,1743300,44.29
2008-02-28,17.4533,17.52,17.1733,17.2267,293700,44.12
2008-02-29,17.0667,17.0967,16.6833,16.73,209400,42.95
2008-03-03,16.7267,16.7667,16.47,16.63,908700,42.67
2008-03-04,16.5,16.7367,16.2067,16.72,808200,42.91
2008-03-05,16.5933,17.03,16.5933,16.8867,235500,43.12
2008-03-06,16.7267,16.8033,16.38,16.4,158400,42.17
2008-03-07,16.25,16.7933,16.07,16.42,339900,42.07
2008-03-10,16.38,16.54,16.1633,16.1633,211800,41.26
2008-03-11,16.3533,16.73,16.2167,16.73,212700,42.83
2008-03-12,16.68,16.9,16.6067,16.6067,1378500,42.71
2008-03-13,16.3033,16.9867,16.3033,16.9,387300,43.04
2008-03-14,16.9333,16.96,16.28,16.4167,956100,42.25
2008-03-17,15.6867,16.5867,15.6867,16.3533,1865100,41.48
2008-03-18,16.51,17.0067,16.46,17.0067,982500,43.33
2008-03-19,16.9633,16.9767,16.2933,16.31,511800,42.26
2008-03-20,16.27,16.63,16.1833,16.63,4154700,43.09
2008-03-24,16.6333,17.36,16.6333,17.1567,727200,44.58
2008-03-25,17.1667,17.3167,17.05,17.2067,162900,44.83
2008-03-26,17.1333,17.2067,16.82,17.0233,2055000,44.7
2008-03-27,16.9533,16.9533,16.5833,16.5833,262500,43.71
2008-03-28,16.75,16.7833,16.3433,16.3433,229500,43.49
2008-03-31,16.3667,16.6733,16.3667,16.52,479700,43.72
2008-04-01,16.6967,17.2467,16.6967,17.21,866400,45.59
2008-04-02,17.2067,17.58,17.2067,17.3333,2016900,45.49
2008-04-03,17.1967,17.68,17.0833,17.58,922800,45.59
2008-04-04,17.5033,17.73,17.3567,17.6033,297900,45.86
2008-04-07,17.6867,17.7667,17.3867,17.47,3148800,45.76
2008-04-08,17.2967,17.2967,17.0433,17.1,337500,45.41
2008-04-09,17.1667,17.45,17.0267,17.2733,2472300,44.9
2008-04-10,17.3167,17.8433,17.31,17.6767,1656900,45.54
2008-04-11,17.4967,17.4967,16.98,17.03,588900,44.28
2008-04-14,16.9,16.9767,16.6833,16.7233,450600,44.08
2008-04-15,16.81,16.81,16.4067,16.7667,748800,44.14
2008-04-16,17.11,17.4833,17.0933,17.4467,555600,45.37
2008-04-17,17.3333,17.3533,17.08,17.3267,360900,45.27
2008-04-18,17.6367,17.85,17.5,17.7,957600,46.71
2008-04-21,17.5833,17.91,17.5833,17.8933,1871700,47.04
2008-04-22,17.7333,17.7333,17.24,17.4233,1019400,46.34
2008-04-23,17.5033,18.11,17.5033,17.93,1615200,46.85
2008-04-24,17.92,18.4,17.7167,18.25,1280400,47.27
2008-04-25,18.35,18.35,17.8233,18.1833,360300,47.15
2008-04-28,18.0767,18.16,17.9633,18.0533,617100,47.24
2008-04-29,18.0067,18.23,18.0,18.14,669900,47.6
2008-04-30,18.1633,18.1633,17.6933,17.7967,2556300,47.21
2008-05-01,17.7833,18.5333,17.7833,18.4633,2147100,48.7
2008-05-02,18.6333,18.6933,18.2333,18.4733,2086800,48.77
2008-05-05,18.3967,18.4733,18.22,18.34,1626600,48.63
2008-05-06,18.1767,18.6733,18.1767,18.65,936600,48.93
2008-05-07,18.7,18.8867,18.4233,18.4233,3071100,48.04
2008-05-08,18.4867,18.6433,18.2833,18.5,3518700,48.4
2008-05-09,18.3033,18.6233,18.3033,18.4967,228600,48.21
2008-05-12,18.4033,18.7467,18.4033,18.7233,172800,49.09
2008-05-13,18.7833,18.84,18.6667,18.8033,249600,49.22
2008-05-14,18.7933,19.3667,18.7933,19.0433,446400,49.11
2008-05-15,19.0733,19.4933,19.0167,19.4867,402000,49.97
2008-05-16,19.5,19.5967,19.19,19.5933,307200,50.01
2008-05-19,19.6333,19.98,19.43,19.5,354300,49.65
2008-05-20,19.4233,19.4233,18.89,19.02,338400,49.27
2008-05-21,18.9367,19.0967,18.68,18.7167,271200,48.18
2008-05-22,18.7367,19.0033,18.7267,18.8233,376500,48.35
2008-05-23,18.7967,18.7967,18.42,18.68,267000,48.2
2008-05-27,18.65,19.04,18.65,19.02,371700,49.05
2008-05-28,19.1133,19.1633,18.9033,19.0933,586500,49.25
2008-05-29,19.0333,19.1567,19.0133,19.0267,132600,49.69
2008-05-30,19.1133,19.4033,19.1133,19.3067,237600,50.01
2008-06-02,19.2633,19.3,18.88,19.1133,230100,49.4
2008-06-03,19.1667,19.1667,18.7,18.8433,556800,49.13
2008-06-04,18.9867,19.26,18.9167,19.14,582900,49.76
2008-06-05,19.33,19.4733,19.1667,19.3867,404100,50.55
2008-06-06,19.35,19.4,18.8767,19.12,354900,49.03
2008-06-09,19.0133,19.0133,18.38,18.7233,331800,48.77
2008-06-10,18.58,18.58,18.2333,18.3467,816300,48.54
2008-06-11,18.4033,18.4033,17.76,17.76,459000,47.37
2008-06-12,17.6833,18.19,17.6833,17.8333,552600,47.42
2008-06-13,18.0,18.3867,17.9667,18.2933,3403200,48.37
2008-06-16,18.21,18.7633,18.21,18.66,1749600,48.8
2008-06-17,18.6833,18.8267,18.4,18.4067,1440300,48.54
2008-06-18,18.2333,18.3667,17.9233,18.0,187800,48.02
2008-06-19,18.08,18.6,17.8933,18.47,430500,48.77
2008-06-20,18.24,18.24,17.98,18.0533,324300,47.42
2008-06-23,18.2333,18.2333,17.7467,17.7667,496800,47.05
2008-06-24,17.62,18.19,17.62,17.8567,2746500,46.81
2008-06-25,18.06,18.4033,18.06,18.17,781800,47.57
2008-06-26,18.0,18.03,17.2633,17.3533,2019000,45.65
2008-06-27,17.2833,17.3767,16.99,17.24,715500,45.65
2008-06-30,17.1233,17.4133,17.0667,17.0667,238500,45.17
2008-07-01,16.9,17.0333,16.5533,17.0067,341700,45.81
2008-07-02,17.0467,17.1467,16.5533,16.6,697200,44.71
2008-07-03,16.7333,16.7333,15.8967,16.1233,1032900,44.63
2008-07-07,16.2067,16.5667,15.9833,16.22,3449100,44.9
2008-07-08,16.1333,16.3733,15.9867,16.3133,901500,45.97
2008-07-09,16.3333,16.3333,15.6533,15.6533,4893900,44.75
2008-07-10,15.5833,15.9433,15.5167,15.8833,750900,45.28
2008-07-11,15.69,16.0633,15.4333,15.8267,2791800,44.56
2008-07-14,15.9233,16.0067,15.47,15.6333,1956900,44.23
2008-07-15,15.5033,16.0867,15.3867,15.7867,1030500,44.24
2008-07-16,15.98,16.3433,15.7233,16.2967,3625800,45.34
2008-07-17,16.43,16.74,16.1767,16.6467,976500,45.64
2008-07-18,16.5733,16.63,16.0833,16.5667,4616400,44.59
2008-07-21,16.6667,16.6867,16.3433,16.4267,501300,44.78
2008-07-22,16.11,16.1133,15.6867,15.92,735000,44.78
2008-07-23,15.97,16.2567,15.8233,16.07,692100,45.37
2008-07-24,16.0,16.0,15.27,15.3033,863700,44.69
2008-07-25,15.34,15.4933,15.1833,15.4533,4945500,45.27
2008-07-28,15.3067,15.48,15.1533,15.2033,2046000,44.42
2008-07-29,15.3333,15.6233,15.2267,15.5933,1445400,45.34
2008-07-30,15.74,15.8833,15.53,15.72,3765600,45.57
2008-07-31,15.5833,16.0,15.5833,15.6633,911100,45.46
2008-08-01,15.6433,15.7,15.31,15.5233,1091400,44.88
2008-08-04,15.5967,15.7167,15.49,15.5533,604200,44.43
2008-08-05,15.71,15.9467,15.57,15.9367,738600,45.93
2008-08-06,16.01,16.2133,15.6967,16.1367,538200,46.63
2008-08-07,16.1333,16.6167,15.9367,16.2933,702000,46.27
2008-08-08,16.28,16.6833,16.2067,16.6333,497700,47.32
2008-08-11,16.7133,17.1967,16.6267,16.9833,676800,47.75
2008-08-12,17.0,17.0867,16.88,16.95,825000,47.8
2008-08-13,17.02,17.2133,16.8433,17.0333,947100,47.7
2008-08-14,16.93,17.2867,16.9,17.2067,695100,48.25
2008-08-15,17.3,17.4333,17.1633,17.2867,1181700,48.16
2008-08-18,17.41,17.41,16.8733,17.0667,1061100,47.6
2008-08-19,16.98,17.0167,16.6867,16.7467,828300,47.01
2008-08-20,16.8967,16.9567,16.6133,16.7,941400,47.09
2008-08-21,16.6567,16.6833,16.4767,16.6067,684600,46.87
2008-08-22,16.8,16.8767,16.65,16.8133,416700,47.49
2008-08-25,16.7133,16.8233,16.54,16.55,838200,46.49
2008-08-26,16.48,16.5,16.28,16.4067,576900,46.43
2008-08-27,16.3667,16.6867,16.3533,16.57,291300,46.73
2008-08-28,16.6433,16.7533,16.5967,16.7267,610500,47.11
2008-08-29,16.5333,16.56,16.2333,16.3533,491400,46.12
2008-09-02,16.6067,16.6933,16.0167,16.0967,1169700,45.55
2008-09-03,16.0,16.0,15.3233,15.3667,1014900,45.12
2008-09-04,15.25,15.28,14.8467,14.8933,1060800,43.66
2008-09-05,14.69,15.1733,14.69,15.09,939000,43.45
2008-09-08,15.4867,15.4867,14.7333,15.0,993900,43.37
2008-09-09,14.8333,14.9933,14.34,14.4167,2081400,42.45
2008-09-10,14.6167,14.68,14.4067,14.5067,1312800,42.8
2008-09-11,14.3433,14.6067,14.1267,14.51,1560000,43.6
2008-09-12,14.32,14.5633,14.16,14.53,1162500,43.43
2008-09-15,13.9867,14.4567,13.95,13.9633,1541100,42.08
2008-09-16,13.3867,14.27,13.3333,14.11,1938600,42.41
2008-09-17,13.6967,14.22,13.6367,13.6367,961500,40.21
2008-09-18,13.8867,14.45,13.3867,14.3233,2410200,41.57
2008-09-19,15.4133,15.6167,13.33,14.67,477300,42.9
2008-09-22,14.4,14.58,13.9967,14.0033,203100,40.88
2008-09-23,14.06,14.21,13.7067,13.79,169800,40.57
2008-09-24,13.9533,14.1233,13.8667,13.93,395700,40.85
2008-09-25,13.58,14.3,13.58,14.13,498000,41.5
2008-09-26,14.0767,14.2067,13.4467,14.2067,467100,41.08
2008-09-29,14.16,14.16,12.9033,13.0,1169700,37.82
2008-09-30,12.8,13.5367,12.8,13.5133,1665900,38.91
2008-10-01,13.64,13.64,13.24,13.44,1028100,38.5
2008-10-02,13.2067,13.2467,12.6,12.6267,941700,36.75
2008-10-03,12.9033,13.13,12.47,12.4833,824400,36.18
2008-10-06,12.1467,12.1933,11.41,12.06,857700,34.86
2008-10-07,12.0933,12.2067,11.2433,11.2733,628500,32.65
2008-10-08,10.81,11.7667,10.81,11.2467,2062500,32.39
2008-10-09,11.49,11.7333,10.9067,11.0533,967800,31.52
2008-10-10,10.3767,11.3633,10.23,10.9133,2379000,31.32
2008-10-13,11.1333,11.9133,11.1333,11.9133,617700,35.13
2008-10-14,12.3033,12.3833,11.2733,11.42,1168800,33.61
2008-10-15,11.3633,11.3733,10.35,10.3633,849000,30.6
2008-10-16,10.3367,10.8967,9.9,10.8667,1512300,32.26
2008-10-17,10.6433,11.1567,10.61,10.6967,928500,32.3
2008-10-20,10.94,11.0467,10.7967,11.0167,562800,33.2
2008-10-21,10.5467,10.8367,10.4933,10.4933,618300,31.48
2008-10-22,10.48,10.6,9.8833,10.0667,415200,30.61
2008-10-23,10.1,10.1733,9.48,9.8567,543000,30.49
2008-10-24,9.0267,10.15,9.0267,9.8467,669600,29.51
2008-10-27,9.5833,10.2533,9.5833,9.8267,532500,28.69
2008-10-28,10.13,10.73,9.8,10.71,981600,31.86
2008-10-29,10.5867,10.85,10.3933,10.5333,593400,31.78
2008-10-30,10.8333,11.0,10.5233,10.99,429900,32.84
2008-10-31,10.7467,11.3333,10.7467,11.13,541500,32.89
2008-11-03,11.2533,11.3367,11.0533,11.1033,217800,32.82
2008-11-04,11.32,11.55,11.22,11.5167,261900,33.75
2008-11-05,11.3467,11.4067,10.9167,10.92,231300,31.99
2008-11-06,10.7267,10.8133,10.0733,10.09,225300,30.56
2008-11-07,10.19,10.3833,10.1267,10.3133,139500,31.19
2008-11-10,10.3967,10.4333,9.9067,10.0133,163500,30.77
2008-11-11,9.7967,10.01,9.6533,9.8,403200,30.1
2008-11-12,9.6067,9.7433,9.2933,9.3067,185100,28.71
2008-11-13,9.38,9.92,8.84,9.92,571800,30.46
2008-11-14,9.65,9.68,9.18,9.23,335700,28.98
2008-11-17,9.09,9.2533,8.98,8.99,337500,28.37
2008-11-18,8.93,9.0567,8.5333,8.7867,359400,28.34
2008-11-19,8.6733,8.8267,8.13,8.13,254100,26.86
2008-11-20,8.0267,8.43,7.7933,7.7933,422700,25.56
2008-11-21,8.0967,8.16,7.6333,8.15,336600,26.67
2008-11-24,8.1367,8.7167,8.1367,8.6533,196500,28.3
2008-11-25,8.7067,8.7333,8.3533,8.5567,523800,28.17
2008-11-26,8.3333,9.15,8.3333,9.1333,348900,29.35
2008-11-28,9.1733,9.1733,8.92,9.0233,183600,29.12
2008-12-01,8.6967,8.7667,8.34,8.34,478200,26.93
2008-12-02,8.5267,8.5567,8.18,8.48,414900,27.83
2008-12-03,8.22,8.9067,8.22,8.89,553200,28.62
2008-12-04,8.73,8.8933,8.3067,8.39,436500,27.81
2008-12-05,8.22,8.6933,8.0433,8.6933,710400,28.94
2008-12-08,8.9133,8.9633,8.6733,8.8267,250200,30.08
2008-12-09,8.7867,9.5367,8.6233,9.2267,854400,30.01
2008-12-10,9.2267,9.71,9.18,9.4,874800,29.91
2008-12-11,9.3333,9.5733,9.1467,9.1833,374100,29.09
2008-12-12,8.9567,9.6667,8.9567,9.6433,683100,29.68
2008-12-15,9.6933,9.6933,9.2933,9.4967,297000,29.16
2008-12-16,9.6367,10.0433,9.5867,10.0,363300,30.56
2008-12-17,9.86,10.2067,9.7567,10.1,362400,30.19
2008-12-18,10.0767,10.0767,9.35,9.4767,343200,29.66
2008-12-19,9.59,9.82,9.57,9.6933,234900,29.86
2008-12-22,9.5467,9.5467,9.0567,9.2433,233400,29.21
2008-12-23,9.3,9.3,8.9267,8.97,260700,29.06
2008-12-24,8.9967,9.0833,8.9867,9.0733,142500,29.14
2008-12-26,9.0833,9.0833,8.9467,9.0133,134100,29.13
2008-12-29,9.0067,9.0133,8.83,8.97,379500,28.89
2008-12-30,9.03,9.4,9.03,9.37,342900,29.49
2008-12-31,9.36,9.55,9.3533,9.4567,192600,29.74
2009-01-02,9.4733,9.93,9.3933,9.8967,169200,31.03
2009-01-05,9.81,10.0433,9.7433,9.8933,367800,31.02
2009-01-06,9.9533,10.5167,9.9533,10.4267,424200,31.33
2009-01-07,10.1667,10.1667,9.8233,9.9367,351600,30.44
2009-01-08,9.83,9.9567,9.6567,9.9267,242100,30.76
2009-01-09,9.9,9.9167,9.5567,9.5767,256200,30.07
2009-01-12,9.5567,9.5567,9.1967,9.2833,199200,29.52
2009-01-13,9.39,9.5533,9.13,9.2967,449100,29.53
2009-01-14,9.1467,9.1733,8.87,8.9233,220500,28.63
2009-01-15,8.9367,9.19,8.7133,9.0833,440400,29.1
2009-01-16,9.2867,9.4967,9.0567,9.4567,653400,29.42
2009-01-20,9.44,9.44,8.8033,8.82,366900,27.96
2009-01-21,8.9533,9.06,8.6267,9.0367,277500,29.15
2009-01-22,8.8133,8.99,8.59,8.8133,456000,28.76
2009-01-23,8.83,9.3367,8.7067,9.19,543600,28.9
2009-01-26,9.2067,9.4767,9.1433,9.2667,519300,29.11
2009-01-27,9.29,9.65,9.29,9.5633,635700,29.32
2009-01-28,9.79,9.98,9.71,9.8967,635700,30.35
2009-01-29,9.7333,9.7333,9.3367,9.4,367800,29.58
2009-01-30,9.4533,9.54,9.13,9.21,788700,29.06
2009-02-02,9.0367,9.3967,9.0067,9.3167,566400,29.41
2009-02-03,9.35,9.4967,9.1633,9.4667,1230600,29.87
2009-02-04,9.4533,9.92,9.39,9.5867,1090500,29.91
2009-02-05,9.42,10.1167,9.42,9.98,950700,30.57
2009-02-06,10.0367,10.41,10.0367,10.35,552300,31.37
2009-02-09,10.3167,10.3667,10.1667,10.2967,1004700,31.5
2009-02-10,10.23,10.4133,9.73,9.8233,567900,30.34
2009-02-11,9.8067,9.8067,9.4533,9.6433,654900,30.2
2009-02-12,9.4733,9.8133,9.42,9.7667,924900,30.57
2009-02-13,9.7333,10.0433,9.7333,9.9267,728400,30.43
2009-02-17,9.5533,9.5567,9.2367,9.25,441300,29.22
2009-02-18,9.3033,9.4967,9.17,9.2633,662100,29.24
2009-02-19,9.3567,9.37,8.7933,8.8267,493200,28.79
2009-02-20,8.6667,8.99,8.6667,8.88,818100,28.87
2009-02-23,8.9167,8.9167,8.47,8.5067,1062300,27.86
2009-02-24,8.58,8.9933,8.58,8.94,215100,28.78
2009-02-25,8.9067,9.4333,8.8233,9.1933,990600,28.59
2009-02-26,9.2767,9.62,9.0733,9.11,578400,27.79
2009-02-27,8.9933,9.2567,8.9767,9.06,756900,27.53
2009-03-02,8.88,9.04,8.5433,8.5833,394200,26.64
2009-03-03,8.7333,8.8667,8.5567,8.7067,818400,26.62
2009-03-04,8.8767,9.2733,8.83,9.0933,669600,27.33
2009-03-05,9.0,9.2733,8.9567,8.97,1372200,26.51
2009-03-06,9.0867,9.2,8.6433,8.8567,1364400,26.3
2009-03-09,8.7733,9.13,8.6533,8.6867,439800,25.74
2009-03-10,8.9267,9.3767,8.8733,9.36,787800,27.33
2009-03-11,9.4033,9.6833,9.4033,9.5967,838800,27.75
2009-03-12,9.6633,10.0333,9.5133,10.0133,840300,28.67
2009-03-13,10.0433,10.15,9.8967,10.1133,783900,28.74
2009-03-16,10.4267,10.46,9.7633,9.8067,915300,28.26
2009-03-17,9.8467,10.2067,9.7433,10.19,537000,29.33
2009-03-18,10.1767,10.6033,10.1267,10.52,1107300,29.7
2009-03-19,10.67,10.67,10.3667,10.4967,1969800,29.68
2009-03-20,10.4433,10.5767,9.9233,10.08,492000,29.18
2009-03-23,10.41,10.7267,10.2733,10.7267,545100,30.9
2009-03-24,10.73,10.73,10.38,10.41,663300,30.33
2009-03-25,10.54,10.8667,10.17,10.4867,1688400,30.47
2009-03-26,10.5233,11.0,10.5233,10.9967,1132500,31.41
2009-03-27,10.98,11.0167,10.7433,10.81,337800,30.82
2009-03-30,10.7933,10.7933,10.2133,10.3533,423600,30.06
2009-03-31,10.58,10.5867,10.3333,10.38,856200,30.32
2009-04-01,10.1667,10.5967,10.14,10.56,429600,30.77
2009-04-02,10.79,11.1833,10.7567,10.99,715200,31.76
2009-04-03,11.12,11.32,10.87,11.32,663300,32.35
2009-04-06,11.18,11.23,10.88,11.1167,416100,32.27
2009-04-07,10.9667,10.9667,10.6367,10.7133,593100,31.42
2009-04-08,10.75,10.9933,10.6667,10.9567,1474800,31.95
2009-04-09,11.2633,11.5233,11.1667,11.42,1699200,32.94
2009-04-13,11.4233,11.44,11.0267,11.2967,1583700,32.89
2009-04-14,11.2167,11.5467,11.1333,11.3333,1028400,32.49
2009-04-15,11.13,11.1433,10.9167,11.1233,1226400,32.4
2009-04-16,11.3333,11.5967,11.1867,11.58,954600,33.24
2009-04-17,11.6233,11.6667,11.35,11.5933,1158000,33.31
2009-04-20,11.3467,11.42,10.9733,11.0533,880200,32.24
2009-04-21,10.91,11.1767,10.7433,11.03,1080000,32.69
2009-04-22,10.9067,11.6767,10.8067,11.3633,1218300,32.79
2009-04-23,11.5067,11.5067,10.9067,11.2833,1635300,33.11
2009-04-24,11.44,11.54,11.07,11.4433,1604400,33.69
2009-04-27,11.2267,11.58,11.2267,11.3733,1219200,33.73
2009-04-28,11.2367,11.3533,11.09,11.1867,909300,33.48
2009-04-29,11.2667,11.59,11.18,11.3833,471300,33.94
2009-04-30,11.5967,11.9667,11.4533,11.67,1069500,34.28
2009-05-01,11.7133,11.81,11.4633,11.7033,2363400,34.37
2009-05-04,11.9233,12.27,11.8333,12.2533,1411200,35.05
2009-05-05,12.2333,12.2333,11.91,12.1367,653100,35.02
2009-05-06,12.3,12.3,11.92,12.22,1029000,35.03
2009-05-07,12.3633,12.3633,11.3833,11.5633,1157700,34.21
2009-05-08,11.6633,11.6633,11.0367,11.2067,2005200,34.23
2009-05-11,11.0167,11.4333,10.8833,11.2533,1275900,34.35
2009-05-12,11.19,11.3367,10.7667,10.9733,3557400,33.93
2009-05-13,10.8833,10.97,10.6333,10.6733,1503300,33.02
2009-05-14,10.69,11.04,10.69,10.94,1688400,33.39
2009-05-15,10.8967,11.0467,10.7633,10.81,1228500,33.37
2009-05-18,10.9067,11.21,10.9067,11.1833,783900,34.24
2009-05-19,11.15,11.5933,11.0833,11.4333,1370700,34.4
2009-05-20,11.61,11.9733,11.5267,11.5533,1757400,34.28
2009-05-21,11.4267,11.5367,11.15,11.3233,1216500,33.65
2009-05-22,11.3733,11.4467,11.16,11.3267,586200,33.54
2009-05-26,11.1967,11.7533,11.1967,11.71,1453500,34.79
2009-05-27,11.6967,12.1467,11.6967,11.8733,1137900,34.55
2009-05-28,11.9833,12.1033,11.6667,12.09,672600,34.95
2009-05-29,12.1,12.2233,11.9,12.14,758400,35.38
2009-06-01,12.36,12.8633,12.36,12.7833,1056900,36.39
2009-06-02,12.7633,12.7633,12.3633,12.4433,944700,36.44
2009-06-03,12.29,12.29,12.0867,12.2267,652800,36.33
2009-06-04,12.3,12.5233,12.2833,12.4867,779700,36.74
2009-06-05,12.5933,12.5933,12.1833,12.2867,941700,36.78
2009-06-08,12.2333,12.3833,12.05,12.2933,689100,36.67
2009-06-09,12.49,12.9533,12.49,12.85,1330500,36.95
2009-06-10,12.9833,12.9967,12.63,12.8967,851700,36.82
2009-06-11,12.94,13.0467,12.7333,12.82,787500,36.82
2009-06-12,12.75,12.78,12.4633,12.6433,309900,36.65
2009-06-15,12.45,12.5667,12.2333,12.5067,1163400,35.9
2009-06-16,12.5867,12.59,12.1933,12.25,942900,35.55
2009-06-17,12.3033,12.5133,12.04,12.4133,1106100,35.89
2009-06-18,12.3733,12.4567,12.1367,12.18,672600,35.82
2009-06-19,12.33,12.4367,12.2333,12.3167,486000,36.16
2009-06-22,12.19,12.3067,11.8333,11.8333,459300,35.08
2009-06-23,11.86,11.8767,11.5567,11.7333,542700,35.0
2009-06-24,11.8067,12.1267,11.8067,11.9933,309300,35.59
2009-06-25,11.9267,12.2467,11.8633,12.2367,535200,36.29
2009-06-26,12.21,12.3867,12.1233,12.2167,439500,36.37
2009-06-29,12.2633,12.34,12.1333,12.2133,291900,36.45
2009-06-30,12.21,12.4167,12.0767,12.22,639900,36.38
2009-07-01,12.2967,12.6,12.2867,12.4167,729600,36.4
2009-07-02,12.2767,12.3667,12.1533,12.3,1057800,35.6
2009-07-06,12.22,12.3233,11.9467,12.1133,465900,35.41
2009-07-07,12.1633,12.29,11.7767,11.79,564300,34.53
2009-07-08,11.8333,11.85,11.5067,11.6833,580800,34.71
2009-07-09,11.7533,12.07,11.7433,11.9267,627300,34.77
2009-07-10,11.8667,12.1033,11.8033,11.9933,700200,34.92
2009-07-13,12.0033,12.2967,11.8,12.29,571200,35.59
2009-07-14,12.3,12.51,12.2967,12.4867,1497300,35.72
2009-07-15,12.9067,13.07,12.8667,13.05,688800,36.92
2009-07-16,12.98,13.3567,12.9367,13.31,631500,37.36
2009-07-17,13.3167,13.4867,13.1333,13.47,773400,37.56
2009-07-20,13.5667,13.64,13.4233,13.6133,1261800,37.92
2009-07-21,13.64,13.64,13.2933,13.5667,1107600,38.18
2009-07-22,13.52,13.9333,13.5033,13.8933,945300,38.5
2009-07-23,13.8467,14.1933,13.7333,14.1733,1533300,39.35
2009-07-24,13.8833,14.03,13.6467,14.01,893400,39.05
2009-07-27,14.03,14.08,13.7967,14.0567,650400,39.35
2009-07-28,14.0,14.17,13.8633,14.0833,432000,39.08
2009-07-29,14.0467,14.07,13.89,14.0567,393000,39.34
2009-07-30,14.2367,14.4533,14.01,14.0167,526200,39.57
2009-07-31,14.0333,14.23,13.9833,14.11,480900,39.45
2009-08-03,14.2667,14.3733,14.1,14.3067,1240200,40.04
2009-08-04,14.1967,14.3733,14.16,14.2867,531000,40.04
2009-08-05,14.3467,14.38,14.0433,14.1567,346500,39.73
2009-08-06,14.1733,14.31,13.8867,13.9267,440700,39.38
2009-08-07,14.16,14.1767,13.8333,13.9533,772800,39.88
2009-08-10,13.8667,13.99,13.73,13.84,609000,39.6
2009-08-11,13.8167,13.9233,13.6267,13.6867,346200,39.26
2009-08-12,13.6967,14.0567,13.6967,13.9567,391800,39.87
2009-08-13,14.09,14.28,13.8867,14.2533,628200,40.09
2009-08-14,14.1767,14.1767,13.8467,13.9667,771000,39.63
2009-08-17,13.7267,13.7267,13.5233,13.5667,524400,38.48
2009-08-18,13.6,13.8867,13.6,13.8567,227400,39.03
2009-08-19,13.62,13.9567,13.62,13.9233,469200,39.3
2009-08-20,13.8833,14.0667,13.8833,14.0333,380400,39.76
2009-08-21,14.12,14.31,13.96,14.2967,438600,40.29
2009-08-24,14.35,14.47,14.12,14.16,337500,40.25
2009-08-25,14.2067,14.32,14.0933,14.2267,272400,40.37
2009-08-26,14.1867,14.39,14.1867,14.36,602100,40.3
2009-08-27,14.31,14.39,14.1167,14.39,269400,40.4
2009-08-28,14.66,14.91,14.5433,14.6933,674100,40.44
2009-08-31,14.58,14.5867,14.3633,14.48,358200,40.03
2009-09-01,14.3833,14.7867,14.08,14.11,984000,39.28
2009-09-02,14.0433,14.25,14.0033,14.0767,345900,39.25
2009-09-03,14.1333,14.31,14.06,14.2933,243300,39.51
2009-09-04,14.37,14.6633,14.32,14.6633,313500,40.36
2009-09-08,14.8233,14.9733,14.68,14.96,563700,40.74
2009-09-09,14.9867,15.1533,14.81,15.1267,1254900,41.09
2009-09-10,15.1533,15.3767,15.0933,15.36,1001400,41.48
2009-09-11,15.3333,15.3467,15.0,15.0767,837300,41.52
2009-09-14,14.96,15.11,14.9567,15.08,345600,41.68
2009-09-15,15.13,15.2767,15.0867,15.2033,397200,41.81
2009-09-16,15.2833,15.2833,15.0467,15.1467,429600,42.42
2009-09-17,15.1333,15.1867,14.8033,14.85,584100,42.41
2009-09-18,14.8933,15.0533,14.8433,14.9633,320400,42.44
2009-09-21,14.87,15.0233,14.8133,14.9467,466800,42.57
2009-09-22,15.07,15.19,14.9533,15.0767,1304700,42.65
2009-09-23,15.2233,15.4167,15.12,15.1333,737700,42.45
2009-09-24,15.22,15.2333,14.6567,14.77,707700,42.07
2009-09-25,14.72,14.8433,14.59,14.73,406500,41.7
2009-09-28,14.8433,15.1467,14.82,15.0167,349200,42.41
2009-09-29,15.08,15.1633,14.79,14.8067,573900,42.22
2009-09-30,14.88,15.11,14.64,14.93,765600,42.25
2009-10-01,14.9067,14.94,14.2133,14.2167,2277600,41.0
2009-10-02,14.08,14.3167,14.0167,14.0467,718200,40.88
2009-10-05,14.1133,14.3633,14.0267,14.32,764700,41.21
2009-10-06,14.4433,14.7,14.4433,14.6,1648500,41.94
2009-10-07,14.5967,14.6367,14.4733,14.57,800400,42.06
2009-10-08,14.64,14.64,14.3,14.4667,1052700,42.24
2009-10-09,14.4867,14.98,14.48,14.9633,784800,42.48
2009-10-12,15.0333,15.3533,15.0133,15.1867,341700,42.57
2009-10-13,15.2167,15.28,15.0667,15.13,512400,42.58
2009-10-14,15.49,15.5033,15.19,15.3667,1026300,43.16
2009-10-15,15.2333,15.2867,15.0267,15.0967,1094400,43.06
2009-10-16,14.9367,14.9467,14.6033,14.7733,1300800,42.78
2009-10-19,14.81,15.0367,14.7167,14.9967,564000,43.21
2009-10-20,15.0733,15.1933,14.9,14.94,880200,43.22
2009-10-21,14.9567,15.1267,14.65,14.6833,825000,43.14
2009-10-22,14.6733,14.89,14.45,14.84,1264200,43.31
2009-10-23,14.8233,14.85,14.3933,14.45,1089000,43.13
2009-10-26,14.4333,14.73,14.2733,14.3967,1235100,42.99
2009-10-27,14.4133,14.54,14.0167,14.0633,1217100,42.34
2009-10-28,14.0333,14.1433,13.6333,13.66,1805700,41.39
2009-10-29,13.7733,14.0233,13.7733,13.9967,798900,42.09
2009-10-30,13.93,13.9467,13.48,13.5333,1259100,40.96
2009-11-02,13.5433,13.68,13.3367,13.5367,1293900,41.13
2009-11-03,13.3367,13.4233,13.1467,13.4033,1286100,41.26
2009-11-04,13.5367,13.7533,13.5,13.51,884700,41.33
2009-11-05,13.72,13.9733,13.6733,13.9167,458700,42.35
2009-11-06,13.8433,14.13,13.8333,13.9467,339900,42.6
2009-11-09,14.1267,14.4167,14.1033,14.3733,468000,43.51
2009-11-10,14.38,14.5433,14.26,14.4,862500,43.62
2009-11-11,14.5667,14.7733,14.53,14.6067,1288200,43.9
2009-11-12,14.6733,14.8433,14.5167,14.5367,477000,43.65
2009-11-13,14.5933,14.7133,14.4867,14.65,299100,44.01
2009-11-16,14.8633,15.04,14.8633,14.9967,137700,44.46
2009-11-17,14.9233,15.04,14.85,15.03,90900,44.6
2009-11-18,15.0167,15.0467,14.8133,14.91,93300,44.35
2009-11-19,14.6533,14.6533,14.2233,14.42,480600,43.66
2009-11-20,14.3067,14.3333,14.2033,14.3067,306900,43.44
2009-11-23,14.47,14.62,14.41,14.4567,177300,44.14
2009-11-24,14.4867,14.5933,14.4367,14.5733,223200,43.99
2009-11-25,14.58,14.6667,14.58,14.63,110700,44.18
2009-11-27,14.1633,14.52,14.14,14.4267,215700,43.51
2009-11-30,14.45,14.46,14.2467,14.4533,163800,43.56
2009-12-01,14.5767,14.96,14.5767,14.92,189000,44.01
2009-12-02,14.99,15.2467,14.9033,15.1433,222900,44.07
2009-12-03,15.1467,15.5033,15.1467,15.33,260700,43.89
2009-12-04,15.48,15.7067,15.2767,15.5733,310800,44.12
2009-12-07,15.5767,15.8467,15.5767,15.7,378900,43.91
2009-12-08,15.6567,15.7267,15.4667,15.6133,453000,43.64
2009-12-09,15.6333,15.7067,15.5,15.6867,188700,44.08
2009-12-10,15.73,15.86,15.6367,15.64,436800,44.3
2009-12-11,15.6767,15.7067,15.46,15.5233,233700,44.13
2009-12-14,15.6633,15.77,15.5733,15.7567,221100,44.55
2009-12-15,15.7033,15.8633,15.6233,15.68,462600,44.3
2009-12-16,15.71,16.0767,15.71,15.91,228000,44.36
2009-12-17,15.8067,15.9033,15.6533,15.6733,125400,43.82
2009-12-18,15.7267,15.8867,15.6567,15.86,188700,44.46
2009-12-21,15.9367,16.16,15.9367,16.16,317700,44.96
2009-12-22,16.22,16.3167,16.2,16.25,999600,45.23
2009-12-23,16.3367,16.3567,16.2033,16.2733,417900,45.56
2009-12-24,16.3233,16.47,16.3233,16.4667,60600,45.98
2009-12-28,16.52,16.54,16.23,16.3067,395100,46.22
2009-12-29,16.3167,16.32,16.17,16.2833,588300,46.03
2009-12-30,16.23,16.5167,16.23,16.5133,169800,46.17
2009-12-31,16.5667,16.6033,16.41,16.41,138000,45.75
2010-01-04,16.5967,16.7567,16.5533,16.61,380400,46.42
2010-01-05,16.6367,16.73,16.48,16.5833,616800,46.42
2010-01-06,16.5867,16.67,16.5167,16.5333,219300,46.14
2010-01-07,16.52,16.52,16.29,16.4033,300600,46.17
2010-01-08,16.37,16.6567,16.37,16.65,232800,46.55
2010-01-11,16.7167,16.7667,16.4633,16.6,269100,46.36
2010-01-12,16.44,16.44,15.9167,16.02,316800,45.78
2010-01-13,16.1133,16.2567,15.7767,16.2067,342600,46.35
2010-01-14,16.1767,16.1967,16.01,16.1767,424200,46.39
2010-01-15,16.1667,16.1667,15.61,15.65,491400,45.85
2010-01-19,15.6667,15.8667,15.6667,15.83,397800,46.59
2010-01-20,15.76,15.84,15.6233,15.83,916200,45.92
2010-01-21,15.83,16.0833,15.6433,15.73,762900,45.49
2010-01-22,15.6433,15.6433,14.9467,14.99,733200,44.16
2010-01-25,15.0833,15.3033,15.0667,15.1967,536400,44.31
2010-01-26,15.12,15.28,15.0433,15.06,616200,44.35
2010-01-27,15.0667,15.3067,14.95,15.27,782700,44.7
2010-01-28,15.2733,15.2733,14.5833,14.82,1183800,43.55
2010-01-29,14.9,15.0633,14.23,14.3267,899100,42.79
2010-02-01,14.3933,14.83,14.3933,14.8133,1690500,43.26
2010-02-02,14.8267,15.04,14.7567,14.9667,703200,43.65
2010-02-03,14.93,15.05,14.8367,14.9633,481200,43.89
2010-02-04,14.8067,14.8067,14.2933,14.3167,614700,42.62
2010-02-05,14.3333,14.66,14.22,14.6433,776100,42.98
2010-02-08,14.6567,14.8367,14.4567,14.5833,297600,42.67
2010-02-09,14.78,14.9333,14.6333,14.7567,272700,43.11
2010-02-10,14.7433,14.8867,14.6167,14.8467,453600,43.02
2010-02-11,14.82,15.1867,14.7267,15.1533,451500,43.67
2010-02-12,14.9833,15.43,14.8633,15.29,514500,43.76
2010-02-16,15.43,15.6467,15.3467,15.6233,432000,44.32
2010-02-17,15.7067,15.7333,15.4233,15.61,336300,44.57
2010-02-18,15.54,15.67,15.4167,15.6633,1072200,44.85
2010-02-19,15.5867,15.79,15.5133,15.7067,1324200,44.83
2010-02-22,15.79,15.8133,15.6233,15.6767,839700,44.74
2010-02-23,15.6367,15.6367,15.17,15.2733,375000,44.16
2010-02-24,15.3433,15.6433,15.3433,15.56,469500,44.61
2010-02-25,15.2733,15.53,15.1333,15.4967,376200,44.6
2010-02-26,15.5067,15.5067,15.3,15.47,239700,44.76
2010-03-01,15.5467,15.87,15.5467,15.8367,219900,45.41
2010-03-02,15.8867,16.0333,15.7833,15.8367,403800,45.55
2010-03-03,15.91,16.0133,15.69,15.76,236700,45.6
2010-03-04,15.7667,15.8067,15.5467,15.7467,492600,45.75
2010-03-05,15.85,16.0067,15.75,15.9233,344700,46.44
2010-03-08,15.9833,16.0033,15.89,15.9167,354300,46.53
2010-03-09,15.84,16.0033,15.7933,15.8733,714300,46.79
2010-03-10,15.9367,16.2367,15.9133,16.1833,315300,47.17
2010-03-11,16.14,16.14,15.9333,16.08,664200,47.35
2010-03-12,16.1667,16.1667,16.0067,16.05,219000,47.36
2010-03-15,15.99,15.99,15.7733,15.8767,180900,47.24
2010-03-16,15.92,16.3467,15.9067,16.3167,229500,47.54
2010-03-17,16.37,16.6567,16.37,16.58,358500,47.67
2010-03-18,16.59,16.5933,16.3133,16.4267,264000,47.83
2010-03-19,16.4767,16.4767,16.0967,16.2,284100,47.49
2010-03-22,16.0933,16.56,16.03,16.52,526500,47.92
2010-03-23,16.5867,16.8733,16.5733,16.8533,423900,48.25
2010-03-24,16.74,16.75,16.4267,16.4567,530100,48.02
2010-03-25,16.6333,16.7367,16.44,16.4467,498000,47.95
2010-03-26,16.5467,16.6233,16.2433,16.3833,417900,48.0
2010-03-29,16.4633,16.5733,16.44,16.49,459300,48.23
2010-03-30,16.5067,16.6433,16.39,16.59,283500,48.39
2010-03-31,16.5067,16.6667,16.4433,16.4733,250200,48.16
2010-04-01,16.6233,16.8233,16.34,16.4667,301800,48.16
2010-04-05,16.59,16.96,16.57,16.94,331800,48.61
2010-04-06,16.8467,16.8967,16.73,16.8333,288300,48.75
2010-04-07,16.7933,17.02,16.6833,16.8967,157200,48.63
2010-04-08,16.8167,16.8167,16.5633,16.6667,188100,48.74
2010-04-09,16.6833,16.85,16.66,16.85,81600,49.03
2010-04-12,16.9167,17.1133,16.85,16.9933,178200,49.07
2010-04-13,17.0033,17.17,16.9667,17.1533,165600,49.32
2010-04-14,17.5,17.8767,17.4633,17.85,477600,49.91
2010-04-15,17.85,18.0,17.7933,17.9267,255900,50.13
2010-04-16,17.8233,17.8233,17.43,17.6667,600000,49.53
2010-04-19,17.6,17.6733,17.1567,17.51,642000,49.5
2010-04-20,17.67,17.79,17.5333,17.74,198300,49.75
2010-04-21,17.85,17.89,17.2833,17.51,195900,50.03
2010-04-22,17.3033,17.7667,17.0233,17.7533,452700,50.31
2010-04-23,17.7767,17.7767,17.4767,17.7633,266700,50.52
2010-04-26,17.74,17.9567,17.74,17.8433,190800,50.41
2010-04-27,17.71,17.81,17.22,17.2667,402900,49.34
2010-04-28,17.37,17.53,17.0867,17.35,459300,49.37
2010-04-29,17.43,17.57,17.28,17.57,384600,50.23
2010-04-30,17.5833,17.5833,16.8067,16.8067,364200,49.24
2010-05-03,16.9133,17.2433,16.8833,17.1567,1291800,49.93
2010-05-04,16.8933,16.9033,16.3,16.5,671700,48.43
2010-05-05,16.3267,16.5833,16.0533,16.3333,1179600,48.18
2010-05-06,16.2067,16.4533,7.7533,15.74,1384500,46.57
2010-05-07,15.6,15.8933,15.0,15.54,3522600,45.41
2010-05-10,16.3667,16.3733,16.0767,16.35,517800,47.77
2010-05-11,16.23,16.5267,16.01,16.2567,851400,47.72
2010-05-12,16.38,16.74,16.32,16.7033,667800,48.62
2010-05-13,16.63,16.78,16.2333,16.3067,664800,47.85
2010-05-14,16.15,16.15,15.5167,15.8133,697800,46.93
2010-05-17,15.8133,16.04,15.52,16.0167,853200,47.08
2010-05-18,16.1467,16.2067,15.4933,15.5767,1389000,46.43
2010-05-19,15.5267,15.8233,15.3133,15.67,1431900,46.06
2010-05-20,15.28,15.5433,14.9567,15.2033,1052400,44.35
2010-05-21,14.8967,15.6933,14.8533,15.4333,910200,44.84
2010-05-24,15.4167,15.56,15.2,15.2033,765600,44.66
2010-05-25,14.8,15.27,14.6,15.25,1066200,44.7
2010-05-26,15.4133,15.7,15.21,15.2767,954300,44.2
2010-05-27,15.5333,15.9633,15.5333,15.9633,1031100,45.87
2010-05-28,15.9,15.9367,15.5167,15.7067,560100,45.6
2010-06-01,15.62,15.8533,15.3733,15.3733,988200,45.18
2010-06-02,15.4467,15.87,15.38,15.87,120600,46.25
2010-06-03,15.9167,16.08,15.7833,16.06,465000,46.69
2010-06-04,15.7267,15.9233,15.2833,15.3433,268500,45.09
2010-06-07,15.39,15.5167,14.7667,14.78,518100,44.27
2010-06-08,14.8033,14.8367,14.3933,14.7767,300900,44.19
2010-06-09,14.9333,15.19,14.57,14.6067,321300,43.82
2010-06-10,14.8367,15.1333,14.8367,15.1233,252300,45.07
2010-06-11,14.8933,15.3633,14.8933,15.34,471000,45.5
2010-06-14,15.58,15.6933,15.3667,15.3767,485100,45.49
2010-06-15,15.47,16.1933,15.47,16.1433,401400,46.71
2010-06-16,15.9967,16.3133,15.9,16.2033,348900,46.9
2010-06-17,16.2667,16.3433,15.9633,16.2233,140100,47.05
2010-06-18,16.2667,16.3533,16.1267,16.1867,159000,47.0
2010-06-21,16.3267,16.4,15.89,15.9933,422400,46.6
2010-06-22,16.0167,16.24,15.67,15.68,324600,46.24
2010-06-23,15.7367,15.94,15.48,15.7433,353700,46.05
2010-06-24,15.6733,15.6733,15.28,15.3267,404100,45.35
2010-06-25,15.4067,15.4333,15.1,15.37,241200,45.27
2010-06-28,15.3533,15.6267,15.27,15.4767,887400,45.11
2010-06-29,15.1567,15.16,14.7333,14.82,576000,43.37
2010-06-30,14.8533,14.9933,14.5267,14.57,321300,42.71
2010-07-01,14.54,14.7,14.1667,14.5433,753600,42.59
2010-07-02,14.55,14.6033,14.2867,14.4667,434700,42.47
2010-07-06,14.6633,14.7967,14.31,14.4267,223500,42.6
2010-07-07,14.4533,15.21,14.4533,15.1967,165300,43.96
2010-07-08,15.37,15.37,14.9333,15.1767,405000,44.2
2010-07-09,15.1233,15.3933,15.12,15.3933,293700,44.62
2010-07-12,15.31,15.5833,15.31,15.4867,762600,44.75
2010-07-13,15.6667,15.9067,15.5933,15.8333,301800,45.33
2010-07-14,16.04,16.1467,15.7333,15.8067,656700,45.56
2010-07-15,15.8267,15.8333,15.4967,15.7833,255300,45.6
2010-07-16,15.6367,15.6967,15.3167,15.3167,166200,44.34
2010-07-19,15.37,15.7367,15.37,15.73,237300,44.72
2010-07-20,15.2667,15.73,15.1467,15.71,501000,45.26
2010-07-21,15.7333,15.7333,15.3533,15.3933,417000,44.64
2010-07-22,15.51,15.9633,15.51,15.91,169800,45.77
2010-07-23,15.84,16.0567,15.6967,16.0333,292800,46.06
2010-07-26,16.0067,16.29,15.8667,16.29,221400,46.44
2010-07-27,16.3433,16.36,16.12,16.15,316500,46.42
2010-07-28,16.11,16.2133,15.8,15.8833,336000,46.05
2010-07-29,15.9667,15.9667,15.3333,15.4933,351300,45.71
2010-07-30,15.24,15.4333,15.0867,15.3267,263400,45.81
2010-08-02,15.5133,15.65,15.3733,15.5633,1021800,46.67
2010-08-03,15.4767,15.4867,15.3333,15.4233,170400,46.47
2010-08-04,15.47,15.58,15.3,15.5667,766800,46.94
2010-08-05,15.4933,15.64,15.4333,15.5267,164100,46.83
2010-08-06,15.35,15.6233,15.3333,15.53,662400,46.76
2010-08-09,15.68,15.6933,15.4533,15.63,136200,47.08
2010-08-10,15.4733,15.4733,15.1067,15.2533,798300,46.67
2010-08-11,14.93,14.93,14.5567,14.6533,641700,45.4
2010-08-12,14.3467,14.5167,14.19,14.4267,688500,45.04
2010-08-13,14.3767,14.5833,14.3167,14.33,187800,44.72
2010-08-16,14.2667,14.49,14.1767,14.37,225300,44.8
2010-08-17,14.4867,14.71,14.4367,14.57,173700,45.37
2010-08-18,14.5867,14.82,14.5167,14.7433,988800,45.55
2010-08-19,14.6567,14.7733,14.4467,14.53,316800,44.86
2010-08-20,14.4833,14.65,14.41,14.5333,357300,44.92
2010-08-23,14.59,14.6767,14.3567,14.3767,438000,44.48
2010-08-24,14.1867,14.2967,14.0,14.1567,458700,43.65
2010-08-25,14.0333,14.3033,13.91,14.2733,161700,44.07
2010-08-26,14.34,14.3533,14.0,14.0567,212100,43.54
2010-08-27,14.1567,14.4033,13.77,14.3667,551100,44.07
2010-08-30,14.2967,14.3033,13.98,13.9833,510300,43.61
2010-08-31,13.9033,14.0567,13.65,13.7233,563700,43.46
2010-09-01,13.94,14.2567,13.9367,14.1167,245100,44.76
2010-09-02,14.1267,14.4167,14.1267,14.4033,200700,45.26
2010-09-03,14.6067,14.7367,14.4067,14.68,133500,46.01
2010-09-07,14.5767,14.63,14.31,14.3367,73200,45.7
2010-09-08,14.3633,14.3633,14.14,14.2733,98700,46.25
2010-09-09,14.4333,14.4667,14.2667,14.3,1473600,46.43
2010-09-10,14.2867,14.32,13.92,14.1233,294000,46.6
2010-09-13,14.2567,14.6,14.2433,14.5733,401700,47.25
2010-09-14,14.5567,14.9233,14.4167,14.8433,945000,47.45
2010-09-15,14.76,14.85,14.61,14.82,255600,47.75
2010-09-16,14.7933,14.97,14.7133,14.94,1183800,47.94
2010-09-17,15.0367,15.0433,14.8833,14.95,668700,47.99
2010-09-20,15.0133,15.1067,14.8433,15.0767,1079400,48.83
2010-09-21,15.0767,15.23,15.0133,15.11,801900,48.82
2010-09-22,15.0,15.08,14.7767,14.8733,261900,48.69
2010-09-23,14.7433,15.2267,14.6667,14.9633,550200,48.67
2010-09-24,15.1733,15.63,15.1733,15.63,770400,49.66
2010-09-27,15.5933,15.6667,15.4667,15.55,1869900,49.39
2010-09-28,15.6233,15.8633,15.3867,15.8233,688200,49.37
2010-09-29,15.7267,15.9967,15.7267,15.8633,835500,49.29
2010-09-30,15.9433,16.0533,15.6133,15.77,3003300,49.07
2010-10-01,15.8733,15.92,15.6,15.7533,338700,49.01
2010-10-04,15.6633,15.7333,15.36,15.5367,577500,48.48
2010-10-05,15.6933,15.9733,15.6633,15.9333,2149800,49.66
2010-10-06,15.8933,15.9033,15.5633,15.69,664500,49.23
2010-10-07,15.76,15.7967,15.5733,15.75,1087800,49.41
2010-10-08,15.75,15.93,15.53,15.9,1113600,49.75
2010-10-11,15.89,16.1433,15.89,16.0233,1359900,49.77
2010-10-12,15.9667,16.19,15.8567,16.1367,937200,50.11
2010-10-13,16.1867,16.1867,15.9633,16.1067,944100,50.52
2010-10-14,16.0667,16.24,15.9933,16.0667,708300,50.42
2010-10-15,15.0333,16.3,15.02,16.1333,822300,51.49
2010-10-18,16.05,16.1,15.9,16.0233,1510800,51.3
2010-10-19,15.7867,16.0833,15.6433,15.8,771000,50.82
2010-10-20,15.8433,15.9667,15.7033,15.9067,1115700,51.19
2010-10-21,15.9067,15.93,15.68,15.8133,1240500,51.29
2010-10-22,15.8167,16.1633,15.8167,16.12,936000,51.64
2010-10-25,16.2167,16.4067,16.2167,16.3067,969000,51.89
2010-10-26,16.2233,16.31,16.0833,16.2367,749400,52.03
2010-10-27,16.2567,16.7567,16.2567,16.75,2363100,52.19
2010-10-28,16.7733,16.7933,16.55,16.7567,3502500,52.3
2010-10-29,16.7067,16.9033,16.7067,16.86,561600,52.18
2010-11-01,16.97,16.97,16.6733,16.8067,750600,52.22
2010-11-02,16.91,16.9967,16.82,16.92,1857300,52.78
2010-11-03,16.9533,17.1,16.8433,17.0933,413100,53.02
2010-11-04,17.3067,17.6433,17.3067,17.6267,447900,53.67
2010-11-05,17.6133,17.82,17.6033,17.74,446400,53.67
2010-11-08,17.7033,17.8667,17.6633,17.7367,847200,53.74
2010-11-09,17.76,17.76,17.47,17.5467,225600,53.45
2010-11-10,17.5267,17.5467,17.3067,17.53,1402800,53.72
2010-11-11,17.0433,17.3733,16.8867,17.3367,483600,53.38
2010-11-12,17.2667,17.59,17.14,17.33,1605000,52.51
2010-11-15,17.43,17.4833,17.19,17.2,172500,52.31
2010-11-16,17.08,17.21,16.8633,16.9533,916200,51.45
2010-11-17,16.8767,17.1233,16.8767,16.94,175200,51.6
2010-11-18,17.11,17.3133,17.11,17.2467,305100,52.43
2010-11-19,17.2133,17.5733,17.2133,17.5133,194700,52.47
2010-11-22,17.5133,17.7433,17.4833,17.7367,343500,52.91
2010-11-23,17.55,17.6933,17.52,17.6067,689400,52.07
2010-11-24,17.7233,18.0833,17.7233,18.05,524400,53.12
2010-11-26,17.9567,18.05,17.8967,17.9367,165900,52.77
2010-11-29,17.8433,17.9433,17.6933,17.91,420900,52.73
2010-11-30,17.73,17.7833,17.6367,17.6833,1418400,52.09
2010-12-01,17.9667,18.2767,17.9667,18.2167,473700,53.19
2010-12-02,18.3067,18.6,18.3067,18.5767,695100,53.73
2010-12-03,18.45,18.72,18.45,18.67,656400,53.87
2010-12-06,18.7067,18.7067,18.5167,18.66,702900,53.85
2010-12-07,18.84,18.9267,18.64,18.64,292200,53.88
2010-12-08,18.6233,18.8267,18.6,18.8,218700,54.08
2010-12-09,18.9133,18.9167,18.7933,18.8567,99900,54.13
2010-12-10,18.8933,18.9267,18.8,18.86,57300,54.49
2010-12-13,18.97,18.9833,18.7233,18.7333,682200,54.3
2010-12-14,18.77,18.7833,18.5467,18.61,365100,54.4
2010-12-15,18.5533,18.6533,18.3833,18.41,203400,54.16
2010-12-16,18.4167,18.5767,18.41,18.51,1235700,54.58
2010-12-17,18.5367,18.6833,18.5367,18.63,485400,54.52
2010-12-20,18.5967,18.5967,18.4033,18.4733,177300,54.56
2010-12-21,18.55,18.6467,18.5467,18.59,117300,54.89
2010-12-22,18.51,18.6133,18.4133,18.61,1719000,54.88
2010-12-23,18.5867,18.6,18.5067,18.5567,251700,54.74
2010-12-27,18.5167,18.6,18.3267,18.58,149700,54.77
2010-12-28,18.62,18.62,18.4333,18.5033,120900,54.67
2010-12-29,18.5733,18.5733,18.4833,18.5067,53100,54.79
2010-12-30,18.4867,18.6033,18.4867,18.5633,125400,54.66
2010-12-31,18.4833,18.5667,18.4533,18.5667,53700,54.46
2011-01-03,18.6567,18.89,18.62,18.6667,343500,55.31
2011-01-04,18.7567,18.8433,18.5333,18.7133,273900,55.27
2011-01-05,18.6033,18.7933,18.5633,18.7733,137700,55.74
2011-01-06,18.8767,19.1433,18.8433,19.11,978300,55.92
2011-01-07,19.1633,19.2467,18.8633,19.1633,4041300,55.87
2011-01-10,19.1067,19.4033,19.0767,19.37,768600,56.08
2011-01-11,19.48,19.48,19.32,19.42,132300,56.16
2011-01-12,19.55,19.81,19.4367,19.8,459000,56.56
2011-01-13,19.8167,19.88,19.7,19.8133,687900,56.58
2011-01-14,19.8667,20.3433,19.8667,20.34,1652100,57.0
2011-01-18,20.2633,20.34,20.16,20.2833,741600,57.16
2011-01-19,20.1033,20.1233,19.7433,19.7933,2770800,56.51
2011-01-20,19.6333,19.6333,19.3067,19.59,1370700,56.11
2011-01-21,19.7433,19.77,19.4133,19.45,276000,55.68
2011-01-24,19.52,19.91,19.5,19.9,1881300,56.45
2011-01-25,19.85,19.88,19.6333,19.76,381900,56.53
2011-01-26,19.84,19.9833,19.72,19.92,422100,56.83
2011-01-27,20.0633,20.3567,20.0633,20.31,294000,57.18
2011-01-28,20.3633,20.3967,19.65,19.7533,464100,55.73
2011-01-31,19.76,19.9233,19.3933,19.83,179100,56.0
2011-02-01,20.01,20.4267,20.01,20.3233,1026000,57.05
2011-02-02,20.2533,20.52,20.21,20.43,446100,56.96
2011-02-03,20.4667,20.4933,20.2633,20.4467,414300,57.06
2011-02-04,20.5067,20.8767,20.49,20.8767,1151700,57.38
2011-02-07,20.9367,21.0,20.7233,20.7933,508800,57.65
2011-02-08,20.79,20.7967,20.6167,20.7933,297000,58.03
2011-02-09,20.71,20.7833,20.5733,20.6467,135300,57.93
2011-02-10,20.4067,20.7067,20.3433,20.6733,1100700,58.02
2011-02-11,20.56,20.9133,20.53,20.84,267000,58.44
2011-02-14,20.8733,21.1733,20.8733,21.01,210300,58.58
2011-02-15,20.98,20.98,20.7233,20.7967,219600,58.5
2011-02-16,20.9567,21.0767,20.8867,21.0133,264600,58.88
2011-02-17,20.9267,21.3767,20.9267,21.33,621600,58.86
2011-02-18,21.3567,21.3967,21.1833,21.28,243000,58.73
2011-02-22,20.87,20.9233,20.3767,20.4467,488400,57.03
2011-02-23,20.4867,20.4867,19.7833,20.0533,405300,56.56
2011-02-24,20.0533,20.4167,20.0267,20.3667,459600,56.86
2011-02-25,20.6333,20.9167,20.5967,20.8933,1692000,57.65
2011-02-28,20.9733,21.0267,20.48,20.6933,253500,57.77
2011-03-01,20.7267,20.77,20.2667,20.29,844500,56.84
2011-03-02,20.2733,20.8133,20.2733,20.5467,3923100,57.14
2011-03-03,20.7567,21.0333,20.7567,20.9433,591900,58.27
2011-03-04,20.9167,20.9233,20.6133,20.77,4838100,57.97
2011-03-07,20.8433,20.8433,19.97,20.2,867000,57.19
2011-03-08,20.1767,20.3933,19.9933,20.22,1839300,57.42
2011-03-09,20.1167,20.1167,19.57,19.5933,1835100,57.03
2011-03-10,19.3067,19.3867,19.08,19.0967,1764900,56.14
2011-03-11,18.97,19.3367,18.97,19.3133,626400,56.49
2011-03-14,19.2233,19.51,19.14,19.27,4028700,56.29
2011-03-15,18.66,19.1467,18.44,19.0167,1566900,55.49
2011-03-16,18.9133,19.2333,18.48,18.6167,6734100,54.15
2011-03-17,18.9667,19.0667,18.7733,18.84,4530600,54.65
2011-03-18,19.1333,19.1467,18.84,18.92,1270200,54.45
2011-03-21,19.19,19.3667,19.14,19.26,754200,55.5
2011-03-22,19.25,19.25,19.0467,19.0767,689400,55.4
2011-03-23,19.0067,19.2933,18.8867,19.26,1657800,55.71
2011-03-24,19.44,19.7733,19.3967,19.73,904800,56.7
2011-03-25,19.7667,19.86,19.6367,19.66,1090200,56.84
2011-03-28,19.7833,19.8367,19.6533,19.6633,1275600,56.53
2011-03-29,19.6567,19.86,19.48,19.86,633600,57.08
2011-03-30,20.0567,20.0567,19.7233,19.8833,238200,57.35
2011-03-31,19.85,19.9067,19.64,19.6967,183300,57.43
2011-04-01,19.81,19.81,19.4167,19.48,555000,57.46
2011-04-04,19.5533,19.5533,19.1967,19.3067,677400,57.27
2011-04-05,19.6367,19.9,19.6133,19.74,814200,57.12
2011-04-06,19.94,20.0733,19.8633,20.0433,268800,57.26
2011-04-07,20.0567,20.0567,19.7667,19.9767,2364900,57.22
2011-04-08,20.0733,20.12,19.7067,19.81,289200,56.95
2011-04-11,19.81,19.8367,19.5733,19.6433,371100,56.76
2011-04-12,19.5067,19.5067,19.1233,19.2267,692400,56.37
2011-04-13,19.3433,19.4033,19.16,19.2733,1275000,56.85
2011-04-14,19.1167,19.3067,19.0133,19.3033,337200,56.75
2011-04-15,19.25,19.4667,19.15,19.4033,558300,56.65
2011-04-18,19.1667,19.17,18.9167,19.0567,352500,56.25
2011-04-19,19.0333,19.1567,18.99,19.1367,242100,56.6
2011-04-20,19.6833,19.9667,19.67,19.9467,838500,57.88
2011-04-21,20.1067,20.1067,19.87,19.9667,204600,58.34
2011-04-25,19.9833,20.0567,19.9067,19.98,527100,58.49
2011-04-26,20.0,20.34,20.0,20.3067,282300,58.82
2011-04-27,20.1667,20.3267,20.07,20.2933,230700,59.22
2011-04-28,20.24,20.3033,20.0567,20.19,136200,59.13
2011-04-29,20.1567,20.2867,20.1567,20.26,127800,59.08
2011-05-02,20.3267,20.3267,20.0333,20.0767,228600,58.97
2011-05-03,19.9833,20.03,19.6933,19.83,346800,58.69
2011-05-04,19.9067,19.99,19.5867,19.8233,794400,58.6
2011-05-05,19.7233,20.07,19.6933,19.8767,258000,58.28
2011-05-06,20.12,20.2433,19.95,20.0333,282600,58.47
2011-05-09,20.0533,20.0533,19.83,19.95,516900,58.69
2011-05-10,19.9933,20.11,19.96,20.0467,146700,59.19
2011-05-11,20.1,20.1433,19.7833,19.9,200100,58.76
2011-05-12,19.8133,20.24,19.7933,20.16,341400,59.11
2011-05-13,20.1333,20.1933,19.9,19.9133,130500,58.41
2011-05-16,19.8367,20.04,19.5967,19.6333,735900,57.4
2011-05-17,19.5267,19.5433,19.2,19.39,1129200,57.56
2011-05-18,19.4,19.7867,19.4,19.7433,150900,58.04
2011-05-19,19.7,19.7,19.4067,19.5767,602700,58.21
2011-05-20,19.58,19.6367,19.4267,19.5367,322500,57.77
2011-05-23,19.3,19.3,19.1233,19.1367,274200,56.92
2011-05-24,19.2333,19.2367,18.9667,18.97,1470900,56.57
2011-05-25,18.9,19.2133,18.89,19.14,872100,56.79
2011-05-26,19.1167,19.35,19.06,19.32,372600,57.14
2011-05-27,19.4633,19.6333,19.4633,19.55,1218000,57.43
2011-05-31,19.76,19.8667,19.67,19.8467,696300,58.36
2011-06-01,19.8267,19.8267,19.2467,19.27,756600,57.09
2011-06-02,19.3167,19.45,19.17,19.2467,489600,57.21
2011-06-03,19.0233,19.1867,18.8867,18.91,531600,56.35
2011-06-06,18.87,18.9567,18.7533,18.7733,1011600,55.89
2011-06-07,18.8833,19.0533,18.85,18.85,891600,55.79
2011-06-08,18.76,18.76,18.42,18.4833,778500,55.39
2011-06-09,18.49,18.6067,18.3967,18.4967,1505700,55.49
2011-06-10,18.4233,18.4333,18.0767,18.2,408000,54.64
2011-06-13,18.23,18.3,17.9667,18.04,450000,54.64
2011-06-14,18.3233,18.4667,18.3,18.3567,871500,55.34
2011-06-15,18.19,18.3,17.9867,18.02,468300,54.29
2011-06-16,18.0,18.04,17.6567,17.8133,580200,54.08
2011-06-17,17.9867,17.9867,17.49,17.55,938700,53.79
2011-06-20,17.4933,17.6367,17.4833,17.5733,1503300,54.07
2011-06-21,17.69,18.04,17.5733,17.9867,1037100,55.23
2011-06-22,17.95,18.1,17.87,17.9167,590100,54.83
2011-06-23,17.7133,18.16,17.58,18.14,533100,55.34
2011-06-24,18.1033,18.1033,17.6733,17.7233,346800,54.38
2011-06-27,17.7633,17.8867,17.5567,17.8133,253500,55.25
2011-06-28,17.86,18.06,17.85,18.0533,272400,56.07
2011-06-29,18.1067,18.17,17.94,18.0767,470400,56.3
2011-06-30,18.11,18.5633,18.11,18.5,378600,57.05
2011-07-01,18.5133,18.9433,18.4767,18.8967,305400,57.91
2011-07-05,18.9,18.9433,18.66,18.7467,503100,58.2
2011-07-06,18.6367,18.65,18.4367,18.5967,870600,58.39
2011-07-07,18.7567,19.06,18.7233,18.95,512700,59.19
2011-07-08,18.75,18.75,18.4967,18.69,508200,59.03
2011-07-11,18.4767,18.7033,18.3,18.3667,352800,57.96
2011-07-12,18.1967,18.1967,17.74,17.84,861600,57.52
2011-07-13,17.9333,18.05,17.7033,17.7833,1169100,57.76
2011-07-14,17.8,18.0033,17.4767,17.52,502800,57.09
2011-07-15,17.6267,17.6267,17.38,17.59,603000,57.85
2011-07-18,17.5,17.5833,17.2133,17.3767,967200,57.54
2011-07-19,17.5367,17.9633,17.5367,17.92,1461600,58.85
2011-07-20,17.9833,18.0267,17.7467,17.85,1185000,58.6
2011-07-21,17.8167,18.0467,17.5733,17.9833,890100,58.99
2011-07-22,18.06,18.48,18.06,18.42,541800,59.6
2011-07-25,18.23,18.3,18.12,18.2033,522900,59.48
2011-07-26,18.2867,18.55,18.2867,18.3267,767400,59.63
2011-07-27,18.16,18.16,17.6267,17.6733,1825200,58.09
2011-07-28,17.6633,17.91,17.4533,17.6367,579300,58.19
2011-07-29,17.3667,17.64,17.24,17.49,453600,58.0
2011-08-01,17.7333,17.7967,17.23,17.47,960300,57.73
2011-08-02,17.3433,17.43,16.9333,16.9633,1719300,56.27
2011-08-03,16.9467,17.1733,16.6033,17.1633,977700,56.81
2011-08-04,16.8967,16.93,16.1533,16.1733,2032200,54.17
2011-08-05,16.3,16.53,15.3667,15.8467,4278000,53.83
2011-08-08,15.39,15.6033,14.9133,15.0,3100500,50.59
2011-08-09,15.2167,15.7,14.78,15.67,1929000,53.03
2011-08-10,15.3133,15.8533,15.1467,15.37,2515800,50.86
2011-08-11,15.5933,16.3333,15.54,16.13,1651500,53.1
2011-08-12,16.3767,16.41,15.9667,16.0633,1017600,53.57
2011-08-15,16.14,16.3833,16.1067,16.3733,726600,54.36
2011-08-16,16.2533,16.3533,15.8733,16.08,840900,53.9
2011-08-17,16.0167,16.3233,15.82,15.9733,627300,53.58
2011-08-18,15.53,15.53,14.93,15.05,2017200,50.95
2011-08-19,14.8867,15.3567,14.7233,14.7733,1557600,50.03
2011-08-22,15.0567,15.1833,14.7833,14.8633,982500,50.21
2011-08-23,14.94,15.65,14.9233,15.6267,1768200,52.28
2011-08-24,15.6367,15.7767,15.33,15.64,1244400,52.69
2011-08-25,15.53,15.73,15.1867,15.23,768000,51.83
2011-08-26,15.2333,15.71,15.0067,15.6533,600000,53.13
2011-08-29,15.8767,16.22,15.8567,16.2,412200,54.61
2011-08-30,16.0967,16.3067,16.0133,16.1967,287700,54.97
2011-08-31,16.3,16.4567,15.9867,16.1133,510000,55.06
2011-09-01,16.1067,16.3233,15.82,15.85,735000,54.56
2011-09-02,15.5833,15.6167,15.3833,15.4733,600000,53.28
2011-09-06,14.9533,15.3833,14.9467,15.37,948000,53.29
2011-09-07,15.6333,16.0433,15.6333,16.0233,2767500,54.64
2011-09-08,15.9233,16.3267,15.8667,15.9533,474300,54.39
2011-09-09,15.8667,16.1933,15.6767,15.7833,1072200,53.18
2011-09-12,15.5967,16.26,15.5967,16.24,4078500,53.86
2011-09-13,16.3633,16.6233,16.2267,16.56,1588200,54.58
2011-09-14,16.7133,17.1833,16.6,16.9867,2478000,55.36
2011-09-15,17.2367,17.29,17.0333,17.26,1665000,56.18
2011-09-16,16.9467,17.4633,16.9467,17.2833,2793000,56.59
2011-09-19,16.9667,17.19,16.81,17.1,1192200,56.61
2011-09-20,17.1667,17.2233,16.8567,16.88,1483500,56.36
2011-09-21,16.9433,17.07,16.5367,16.54,1728600,55.38
2011-09-22,16.07,16.12,15.7033,15.9833,3060300,53.58
2011-09-23,15.8667,16.36,15.7767,16.2733,2553000,54.15
2011-09-26,16.3733,16.3733,15.8533,16.22,1644900,54.78
2011-09-27,16.53,16.85,16.4333,16.5167,1397700,55.35
2011-09-28,16.5367,16.5967,16.0367,16.0567,1131900,54.53
2011-09-29,16.2867,16.31,15.5333,15.85,1040400,53.88
2011-09-30,15.5967,15.7333,15.2967,15.3067,1597200,52.49
2011-10-03,15.1933,15.36,14.73,14.74,1117200,51.14
2011-10-04,14.52,15.36,14.5133,15.3267,3465000,52.19
2011-10-05,15.3267,15.8733,15.1433,15.8133,1379100,53.53
2011-10-06,15.8133,16.0333,15.63,16.0067,575400,54.43
2011-10-07,16.06,16.2933,15.9367,16.08,871200,54.07
2011-10-10,16.33,16.63,16.33,16.5333,897000,55.94
2011-10-11,16.5033,16.5767,16.4033,16.5167,543600,56.32
2011-10-12,16.6933,16.8233,16.6333,16.64,562800,56.6
2011-10-13,16.56,17.04,16.56,16.9767,729300,57.12
2011-10-14,17.1667,17.1967,16.89,17.17,1625700,58.18
2011-10-17,17.1033,17.1033,16.6567,16.7233,1389900,57.28
2011-10-18,16.7433,17.1167,16.5333,17.06,507000,57.99
2011-10-19,16.97,17.03,16.68,16.7167,1254900,56.87
2011-10-20,16.6267,16.6267,16.1133,16.4267,598500,56.59
2011-10-21,16.66,17.0067,16.66,16.7767,1670700,57.3
2011-10-24,16.8167,17.3667,16.8167,17.3367,631200,58.49
2011-10-25,17.1767,17.35,17.01,17.05,618000,57.34
2011-10-26,17.1633,17.3,16.77,17.1067,610200,57.27
2011-10-27,17.6367,17.9633,17.4967,17.83,916800,58.85
2011-10-28,17.8433,17.9033,17.7233,17.9,359400,58.94
2011-10-31,17.6633,17.7167,17.44,17.4667,457800,57.95
2011-11-01,16.9467,17.0767,16.7833,16.91,987900,56.44
2011-11-02,17.0433,17.1267,16.84,16.9733,591000,56.92
2011-11-03,17.1367,17.5067,16.8067,17.48,573900,58.1
2011-11-04,17.38,17.7467,17.3467,17.68,432000,57.8
2011-11-07,17.6367,17.7033,17.3767,17.67,435000,58.21
2011-11-08,17.8033,17.8367,17.48,17.75,302400,58.88
2011-11-09,17.3733,17.3733,16.9233,16.9667,586500,56.81
2011-11-10,17.16,17.2133,16.84,17.08,482400,56.78
2011-11-11,17.32,17.7633,17.31,17.68,389100,57.85
2011-11-14,17.66,17.77,17.3767,17.4867,661800,57.49
2011-11-15,17.39,17.8133,17.39,17.7067,674100,58.13
2011-11-16,17.57,17.9067,17.57,17.6467,912600,57.17
2011-11-17,17.5833,17.5833,16.7467,16.9633,721200,55.83
2011-11-18,17.0067,17.03,16.71,16.8033,333000,55.4
2011-11-21,16.5333,16.5733,16.24,16.49,538500,54.34
2011-11-22,16.42,16.5433,16.1767,16.28,1081500,54.52
2011-11-23,16.0933,16.1067,15.7533,15.7667,580500,53.29
2011-11-25,15.6833,15.8933,15.5733,15.5733,117900,52.88
2011-11-28,16.0867,16.18,15.9167,16.0467,726900,54.72
2011-11-29,16.12,16.1967,15.91,15.9467,495300,54.38
2011-11-30,16.4133,16.8933,16.4133,16.8433,696300,56.39
2011-12-01,16.8367,17.02,16.7567,16.9567,436500,56.78
2011-12-02,17.2,17.2433,16.9367,16.96,601800,56.62
2011-12-05,17.14,17.2933,17.0267,17.1,240600,57.24
2011-12-06,17.1267,17.1533,16.96,17.0567,277500,57.08
2011-12-07,16.9833,17.3233,16.88,17.2833,396000,57.08
2011-12-08,17.1533,17.3,16.7567,16.7733,162600,56.12
2011-12-09,16.6033,17.07,16.51,16.9967,426600,57.02
2011-12-12,16.7333,16.7333,16.3333,16.5433,653400,56.38
2011-12-13,16.6767,16.7133,16.0767,16.15,1083900,55.76
2011-12-14,16.1533,16.1867,15.8467,15.8967,1385400,54.89
2011-12-15,16.1367,16.21,15.7967,15.8567,438300,54.74
2011-12-16,15.99,16.21,15.93,16.01,907500,54.86
2011-12-19,16.0167,16.0533,15.5367,15.5467,1338300,54.32
2011-12-20,15.9733,16.2933,15.9733,16.2367,1983600,55.93
2011-12-21,16.2733,16.2733,15.85,16.0733,295800,55.13
2011-12-22,16.09,16.63,16.09,16.5767,1195500,55.6
2011-12-23,16.6067,16.6667,16.5067,16.65,133800,56.08
2011-12-27,16.6067,16.7667,16.5733,16.63,983400,56.24
2011-12-28,16.65,16.65,16.3667,16.3833,214800,55.59
2011-12-29,16.46,16.5533,16.37,16.5267,275400,55.99
2011-12-30,16.4933,16.5967,16.4667,16.4667,440100,55.83
2012-01-03,16.8367,16.9367,16.6467,16.6733,371100,56.9
2012-01-04,16.6,16.71,16.4667,16.6733,1187100,57.14
2012-01-05,16.6233,16.9267,16.6067,16.9,1147800,57.61
2012-01-06,16.8933,16.9833,16.7867,16.9433,304800,57.81
2012-01-09,17.0433,17.3167,17.0233,17.2867,1069800,57.62
2012-01-10,17.5133,17.55,17.39,17.46,700200,58.04
2012-01-11,17.3933,17.57,17.3433,17.52,1195800,58.16
2012-01-12,17.5767,17.74,17.47,17.7067,361200,58.39
2012-01-13,17.5367,17.5533,17.3,17.3467,1169100,58.18
2012-01-17,17.51,17.5933,17.3867,17.3967,202800,58.71
2012-01-18,17.5933,18.3167,17.5933,18.28,1420200,59.49
2012-01-19,18.45,18.66,18.4067,18.6433,1746000,59.86
2012-01-20,18.56,18.7533,18.54,18.7333,4804200,59.77
2012-01-23,18.7167,18.8,18.5367,18.6733,4483200,59.79
2012-01-24,18.6067,18.8,18.5433,18.74,1460400,59.68
2012-01-25,18.79,18.86,18.5333,18.82,1189800,60.43
2012-01-26,18.89,18.98,18.5233,18.6233,777300,60.22
2012-01-27,18.5667,18.7467,18.5133,18.6833,414000,60.4
2012-01-30,18.56,18.56,18.2833,18.49,944400,60.45
2012-01-31,18.6167,18.6667,18.3733,18.5033,326100,60.53
2012-02-01,18.75,19.0533,18.6767,18.9167,1958700,61.02
2012-02-02,18.9767,19.1467,18.9167,19.02,1212300,61.21
2012-02-03,19.2567,19.3967,19.1767,19.3167,831900,62.05
2012-02-06,19.2567,19.2567,18.9933,19.0967,448200,62.0
2012-02-07,19.03,19.16,18.8933,19.1067,1608900,62.13
2012-02-08,19.1367,19.4767,19.1367,19.3367,696900,62.46
2012-02-09,19.42,19.4467,19.2533,19.4,411900,62.91
2012-02-10,19.1767,19.2533,18.9367,19.0233,460500,62.47
2012-02-13,19.1467,19.2233,18.8333,19.08,157800,63.05
2012-02-14,19.0267,19.1533,18.9767,19.15,1032600,63.21
2012-02-15,19.3,19.4733,19.23,19.25,786600,62.77
2012-02-16,19.2967,19.76,19.2233,19.7333,773700,63.63
2012-02-17,19.84,19.88,19.5367,19.55,474900,63.43
2012-02-21,19.62,19.62,19.2233,19.2833,462000,63.61
2012-02-22,19.2667,19.3867,19.1467,19.2133,358200,63.32
2012-02-23,19.2,19.2767,18.9667,19.2467,352800,63.74
2012-02-24,19.2767,19.3733,19.1667,19.1867,834900,63.96
2012-02-27,19.0833,19.35,18.9567,19.2067,619500,64.05
2012-02-28,19.2367,19.62,19.2367,19.5167,797100,64.7
2012-02-29,19.5567,19.5567,19.19,19.2267,626700,64.41
2012-03-01,19.2867,19.4233,19.16,19.24,486000,64.92
2012-03-02,19.2133,19.33,19.02,19.0233,474600,64.87
2012-03-05,18.9667,18.9833,18.5,18.57,1145100,64.2
2012-03-06,18.29,18.43,18.1767,18.3967,771000,63.57
2012-03-07,18.43,18.7433,18.43,18.6667,1201500,64.06
2012-03-08,18.84,18.99,18.75,18.9433,1534200,64.75
2012-03-09,18.93,19.1633,18.93,19.15,701700,65.02
2012-03-12,19.14,19.14,18.9033,18.9667,518700,65.05
2012-03-13,19.12,19.38,19.1033,19.38,1193700,66.26
2012-03-14,19.4267,19.64,19.2933,19.3167,670800,66.49
2012-03-15,19.4133,19.7167,19.4067,19.7,2073300,66.68
2012-03-16,19.7667,19.7667,19.6233,19.7333,733200,66.52
2012-03-19,19.7433,19.9467,19.6533,19.8733,535200,66.99
2012-03-20,19.7433,19.79,19.5633,19.7167,716400,67.11
2012-03-21,19.77,19.89,19.6767,19.7967,365700,67.12
2012-03-22,19.6333,19.7367,19.5333,19.69,619200,66.98
2012-03-23,19.67,19.7367,19.5,19.73,806700,66.94
2012-03-26,19.85,19.9733,19.7433,19.9667,799800,68.11
2012-03-27,19.9767,20.11,19.96,19.96,635100,68.21
2012-03-28,19.9867,20.0067,19.5933,19.73,1057800,67.94
2012-03-29,19.5533,19.7733,19.4833,19.7333,1300800,67.68
2012-03-30,19.8733,19.9333,19.6667,19.8167,585600,67.55
2012-04-02,19.7267,19.88,19.5333,19.8333,378900,68.25
2012-04-03,19.73,19.76,19.4367,19.5167,1296600,68.23
2012-04-04,19.2467,19.2733,18.9,19.0867,1061700,67.3
2012-04-05,18.99,19.1833,18.99,19.1167,1389300,67.72
2012-04-09,18.83,18.91,18.7367,18.8633,745200,67.21
2012-04-10,18.8167,18.97,18.4733,18.5067,849000,66.13
2012-04-11,18.75,18.9533,18.72,18.8167,650400,66.45
2012-04-12,18.8867,19.24,18.8633,19.1733,436200,67.21
2012-04-13,19.1133,19.16,18.8233,18.8333,665400,66.19
2012-04-16,18.9967,19.02,18.6633,18.8267,726000,65.45
2012-04-17,18.9667,19.2133,18.9667,19.12,1012500,66.78
2012-04-18,18.9233,19.0467,18.78,18.98,517800,66.61
2012-04-19,18.8967,19.1967,18.6467,18.7467,767100,65.86
2012-04-20,18.7667,18.7667,18.3033,18.3133,1368000,65.68
2012-04-23,18.0867,18.11,17.9167,18.09,960300,65.08
2012-04-24,18.13,18.1767,17.8967,17.9567,527700,64.73
2012-04-25,18.26,18.4,18.1533,18.3567,660300,66.45
2012-04-26,18.4233,18.8133,18.4233,18.78,1090800,66.84
2012-04-27,18.8233,18.84,18.5967,18.7833,682200,67.24
2012-04-30,18.7967,18.8033,18.6833,18.7033,1093500,66.76
2012-05-01,18.6533,18.9,18.6333,18.76,456900,66.87
2012-05-02,18.61,18.8767,18.5933,18.85,405600,67.06
2012-05-03,18.83,18.9433,18.3633,18.38,618000,66.35
2012-05-04,18.3033,18.3867,17.97,18.01,1106100,64.7
2012-05-07,17.94,18.0833,17.9333,17.9567,504300,64.76
2012-05-08,17.8167,17.8833,17.4767,17.8533,887100,64.52
2012-05-09,17.5967,17.8733,17.4167,17.79,711000,64.32
2012-05-10,17.92,17.9267,17.5867,17.7233,567900,64.19
2012-05-11,17.6767,18.0567,17.67,17.8467,452400,64.18
2012-05-14,17.6667,17.7933,17.5933,17.6733,447600,63.58
2012-05-15,17.63,17.8067,17.45,17.4867,515400,63.37
2012-05-16,17.5333,17.5933,17.1933,17.2167,473700,62.94
2012-05-17,17.2267,17.2833,16.8333,16.8367,578100,61.61
2012-05-18,16.9367,16.9367,16.4733,16.5133,879600,60.81
2012-05-21,16.5533,16.9433,16.5133,16.9267,739500,62.51
2012-05-22,16.9233,16.9267,16.6933,16.8033,569100,62.44
2012-05-23,16.5733,16.89,16.4733,16.87,1327800,62.56
2012-05-24,16.92,16.9233,16.5367,16.63,593700,62.15
2012-05-25,16.66,16.9233,16.66,16.7967,606300,62.07
2012-05-29,17.0233,17.26,17.01,17.1567,394800,62.86
2012-05-30,16.9767,17.0233,16.8167,16.9167,477600,62.33
2012-05-31,16.8767,16.8767,16.5133,16.74,1117200,62.06
2012-06-01,16.42,16.42,16.0,16.0233,1232100,60.41
2012-06-04,16.05,16.22,15.8167,15.9967,1013100,60.87
2012-06-05,16.0033,16.3733,15.9967,16.3033,713100,61.12
2012-06-06,16.4567,16.9,16.4567,16.8167,821700,62.52
2012-06-07,17.08,17.1333,16.63,16.6667,850800,62.27
2012-06-08,16.6067,16.92,16.54,16.84,565500,62.87
2012-06-11,17.1133,17.1467,16.5533,16.6033,1065300,61.81
2012-06-12,16.65,16.9467,16.6067,16.9,573300,62.56
2012-06-13,16.9133,17.0067,16.7033,16.7667,805800,62.13
2012-06-14,16.77,16.8,16.5433,16.73,386400,62.36
2012-06-15,16.73,17.01,16.73,16.9933,427200,62.99
2012-06-18,16.8867,17.33,16.8867,17.23,635400,63.58
2012-06-19,17.3567,17.48,17.2533,17.4167,478800,64.24
2012-06-20,17.43,17.6433,17.3867,17.57,628500,64.29
2012-06-21,17.5167,17.5167,16.84,16.8533,855600,62.69
2012-06-22,16.98,17.15,16.9333,17.0967,617700,63.35
2012-06-25,16.9533,16.9533,16.5067,16.5433,649800,62.13
2012-06-26,16.57,16.6833,16.42,16.6067,316500,62.52
2012-06-27,16.63,16.8633,16.6167,16.82,492900,62.9
2012-06-28,16.7233,16.7733,16.4867,16.7133,584700,62.2
2012-06-29,17.1133,17.44,17.09,17.44,1009800,64.16
2012-07-02,17.5267,17.5433,17.2833,17.4133,484800,64.35
2012-07-03,17.4433,17.6433,17.39,17.6267,586800,64.89
2012-07-05,17.4967,17.57,17.33,17.4933,228900,64.93
2012-07-06,17.3167,17.3233,16.9033,17.0533,707100,64.12
2012-07-09,17.02,17.07,16.7733,16.8267,2310000,64.0
2012-07-10,16.7133,16.9233,16.3633,16.48,1207500,63.37
2012-07-11,16.4967,16.5533,16.2167,16.2967,594900,63.02
2012-07-12,16.1633,16.1633,15.8933,16.04,803400,62.43
2012-07-13,16.09,16.2233,16.0533,16.1533,632700,63.38
2012-07-16,16.1133,16.1133,15.89,16.0033,567900,63.2
2012-07-17,16.0833,16.0833,15.6733,15.9367,979500,63.53
2012-07-18,15.8933,16.58,15.85,16.48,1985400,64.39
2012-07-19,16.71,16.9533,16.7067,16.81,1440900,65.1
2012-07-20,16.7933,16.85,16.53,16.53,1425300,64.24
2012-07-23,16.2167,16.4633,16.0,16.3933,1775100,63.46
2012-07-24,16.4767,16.4767,16.1567,16.3167,712200,62.96
2012-07-25,16.4467,16.8433,16.4467,16.6433,1102500,62.54
2012-07-26,16.9667,17.1367,16.8433,17.01,1387800,63.37
2012-07-27,17.0567,17.4667,17.02,17.4267,1870200,64.87
2012-07-30,17.39,17.5333,17.1633,17.27,679800,64.82
2012-07-31,17.3333,17.5933,17.33,17.3967,1239000,64.8
2012-08-01,17.4867,17.5533,17.2767,17.3933,1046700,64.61
2012-08-02,17.2067,17.57,17.1467,17.29,656700,64.38
2012-08-03,17.5533,17.78,17.4667,17.6767,811800,65.6
2012-08-06,17.7167,17.8767,17.7167,17.7367,288300,66.1
2012-08-07,17.88,18.2833,17.8767,18.1467,1024500,66.65
2012-08-08,18.0767,18.2367,18.0433,18.19,1240800,66.62
2012-08-09,18.2033,18.36,18.17,18.3333,899400,66.82
2012-08-10,18.2633,18.4267,18.2633,18.4267,636900,66.86
2012-08-13,18.3833,18.3833,18.08,18.2667,383400,67.02
2012-08-14,18.4067,18.41,18.05,18.1267,1321500,67.05
2012-08-15,18.0633,18.3133,18.0133,18.23,418800,67.22
2012-08-16,18.2167,18.5533,18.2167,18.5167,758700,68.02
2012-08-17,18.5033,18.5033,18.3267,18.3833,238200,68.32
2012-08-20,18.3333,18.3333,18.1367,18.26,1309200,68.42
2012-08-21,18.3167,18.51,18.2067,18.27,556200,68.15
2012-08-22,18.25,18.25,18.0267,18.1367,1071600,68.43
2012-08-23,18.0667,18.1033,17.9233,18.0333,320100,67.87
2012-08-24,18.05,18.1767,17.9133,18.1233,307500,68.29
2012-08-27,18.1767,18.2067,17.9867,18.0533,390300,68.4
2012-08-28,18.03,18.1267,17.97,18.0267,381000,68.4
2012-08-29,18.0333,18.1233,17.9167,18.0467,483300,68.4
2012-08-30,17.93,17.96,17.74,17.77,670200,67.71
2012-08-31,17.9167,18.0733,17.7533,17.9833,691500,68.16
2012-09-04,18.0133,18.0133,17.6567,17.8433,320400,68.09
2012-09-05,17.8367,17.9433,17.6867,17.7467,226500,68.02
2012-09-06,17.8833,18.3767,17.8733,18.2867,1041300,69.53
2012-09-07,18.2533,18.2667,18.1267,18.2367,1990500,69.43
2012-09-10,18.12,18.1767,17.9,17.92,711000,68.54
2012-09-11,17.9567,18.1067,17.9067,18.0367,377700,68.43
2012-09-12,18.1067,18.1967,17.99,18.0767,381300,68.63
2012-09-13,18.0467,18.3067,17.91,18.2367,1678500,69.56
2012-09-14,18.36,18.6667,18.3333,18.4767,512100,70.18
2012-09-17,18.4067,18.44,18.2167,18.2867,323700,70.21
2012-09-18,18.2233,18.27,18.1667,18.21,513000,70.27
2012-09-19,18.13,18.2167,18.0833,18.1,589500,70.4
2012-09-20,18.0033,18.0367,17.8333,17.9233,1042800,70.33
2012-09-21,18.06,18.1333,17.9433,17.9433,210300,70.15
2012-09-24,17.8,17.8167,17.61,17.6867,675600,69.74
2012-09-25,17.71,17.7133,17.1533,17.17,732300,68.76
2012-09-26,17.0233,17.08,16.82,17.0467,1372800,68.2
2012-09-27,17.1867,17.47,17.0667,17.4333,854100,69.14
2012-09-28,17.3367,17.41,17.26,17.2933,350700,68.57
2012-10-01,17.39,17.4667,17.1833,17.2267,254400,68.47
2012-10-02,17.3167,17.3367,17.2033,17.31,429000,68.67
2012-10-03,17.3467,17.3567,17.19,17.2567,568500,69.11
2012-10-04,17.3,17.3667,17.1667,17.3467,440100,69.35
2012-10-05,17.41,17.6167,17.2967,17.3267,750900,68.98
2012-10-08,17.2067,17.2533,17.0967,17.1367,803400,68.35
2012-10-09,17.13,17.1333,16.8233,16.8733,819300,67.26
2012-10-10,16.87,16.87,16.6233,16.64,781800,66.92
2012-10-11,16.8367,16.8367,16.6733,16.69,514500,66.71
2012-10-12,16.6767,16.7333,16.5733,16.5933,758100,66.68
2012-10-15,16.6567,16.8567,16.6567,16.8167,577500,67.17
2012-10-16,16.8633,17.2133,16.8633,17.2,622500,68.12
2012-10-17,17.0433,17.26,17.0133,17.1667,432300,68.08
2012-10-18,17.0667,17.1467,16.9233,17.0,648600,67.29
2012-10-19,16.9967,16.9967,16.49,16.49,918000,65.68
2012-10-22,16.5933,16.6567,16.4267,16.5333,455400,66.02
2012-10-23,16.35,16.6,16.2833,16.5733,508800,65.39
2012-10-24,16.7533,16.7533,16.2933,16.3067,663300,65.16
2012-10-25,16.4933,16.5567,16.3567,16.5467,387300,65.16
2012-10-26,16.5433,16.7,16.4967,16.6,399300,65.35
2012-10-31,16.6,16.7467,16.5433,16.63,785400,64.95
2012-11-01,16.6433,17.1867,16.63,17.1533,949200,65.87
2012-11-02,17.1533,17.2067,16.8333,16.8333,707700,65.17
2012-11-05,16.8367,17.1833,16.7967,17.1267,278700,65.6
2012-11-06,17.1667,17.4167,17.1367,17.3833,663300,65.72
2012-11-07,17.15,17.1967,16.8333,16.9133,1223100,64.17
2012-11-08,17.0033,17.01,16.72,16.72,653100,63.16
2012-11-09,16.6867,16.9533,16.6767,16.74,426900,63.43
2012-11-12,16.8233,16.86,16.65,16.75,517800,63.42
2012-11-13,16.6467,16.77,16.6033,16.6233,417000,62.98
2012-11-14,16.7333,16.7867,16.3233,16.3533,809400,62.24
2012-11-15,16.4033,16.43,16.1033,16.15,899100,62.03
2012-11-16,16.2,16.2433,15.86,16.1533,760500,62.3
2012-11-19,16.3833,16.48,16.2867,16.48,401700,63.78
2012-11-20,16.4033,16.4433,16.2533,16.4067,966900,63.8
2012-11-21,16.43,16.48,16.38,16.4667,398400,63.93
2012-11-23,16.5833,16.8333,16.5233,16.74,301800,64.9
2012-11-26,16.7233,16.8533,16.6867,16.81,231900,65.18
2012-11-27,16.8333,16.9333,16.7533,16.7733,381000,64.96
2012-11-28,16.69,16.9767,16.53,16.95,463800,65.52
2012-11-29,17.02,17.0833,16.9,17.0,584400,65.91
2012-11-30,17.0233,17.0733,16.9333,16.9767,308400,65.8
2012-12-03,17.0967,17.1267,16.8867,16.8967,425400,65.67
2012-12-04,16.89,17.06,16.8367,17.0,679800,65.63
2012-12-05,17.06,17.0633,16.87,17.0033,235500,64.9
2012-12-06,16.9733,17.19,16.9733,17.17,677400,65.32
2012-12-07,17.24,17.2533,17.0967,17.2067,321300,64.93
2012-12-10,17.2033,17.3633,17.2033,17.32,436200,65.12
2012-12-11,17.4167,17.7,17.3867,17.65,791400,65.97
2012-12-12,17.6933,17.7367,17.5567,17.5833,1001100,65.83
2012-12-13,17.5467,17.7233,17.3633,17.4167,304200,65.31
2012-12-14,17.3967,17.4367,17.2233,17.2833,441600,64.69
2012-12-17,17.3167,17.4467,17.2267,17.3567,705000,65.55
2012-12-18,17.43,17.6933,17.37,17.6833,992400,66.55
2012-12-19,17.6033,17.7833,17.6033,17.6433,1379400,66.26
2012-12-20,17.65,17.6533,17.4767,17.61,543600,66.26
2012-12-21,17.25,17.4567,17.0933,17.4467,459000,65.2
2012-12-24,17.42,17.4467,17.31,17.3667,238500,65.07
2012-12-26,17.4267,17.53,17.23,17.2533,250200,64.5
2012-12-27,17.2367,17.2433,16.97,17.1633,485700,64.4
2012-12-28,17.0567,17.2267,17.04,17.0533,395700,63.78
2012-12-31,17.0533,17.39,17.0167,17.3467,470100,65.13
2013-01-02,17.78,18.1033,17.7733,18.1033,2020500,67.2
2013-01-03,18.0867,18.1233,17.92,17.98,502800,66.85
2013-01-04,18.02,18.0233,17.87,17.97,403800,66.63
2013-01-07,17.92,17.98,17.7933,17.9067,642300,66.65
2013-01-08,17.8833,17.9233,17.6833,17.7,913800,66.52
2013-01-09,17.7933,17.8833,17.76,17.87,256500,66.77
2013-01-10,18.0733,18.1533,17.9867,18.13,572100,67.17
2013-01-11,18.1,18.24,18.1,18.2167,577800,67.26
2013-01-14,18.1333,18.23,18.04,18.1867,838800,66.96
2013-01-15,18.13,18.13,18.0033,18.0867,436800,66.63
2013-01-16,18.06,18.3367,18.06,18.3033,797400,66.9
2013-01-17,18.4233,18.6867,18.37,18.65,1734900,67.22
2013-01-18,18.55,18.6333,18.4867,18.57,974100,67.07
2013-01-22,18.58,18.58,18.4133,18.5067,456000,67.18
2013-01-23,18.6,18.7333,18.5433,18.7133,853500,67.59
2013-01-24,18.4633,18.71,18.4133,18.5367,597300,66.66
2013-01-25,18.6667,18.8667,18.65,18.7733,835500,67.0
2013-01-28,18.7867,18.8867,18.7633,18.82,534000,67.15
2013-01-29,18.79,18.79,18.64,18.7,616800,67.16
2013-01-30,18.6767,18.8333,18.6633,18.72,469800,67.02
2013-01-31,18.7567,18.8333,18.64,18.6733,565800,66.87
2013-02-01,18.7667,19.0467,18.76,19.0367,762000,67.66
2013-02-04,18.8933,19.0733,18.74,18.7433,1051800,66.48
2013-02-05,18.8467,19.0833,18.8333,19.0367,485400,67.46
2013-02-06,18.92,19.1033,18.92,19.0833,402600,67.24
2013-02-07,19.0633,19.0967,18.82,18.98,558300,67.3
2013-02-08,19.0233,19.25,19.0233,19.2133,744900,67.99
2013-02-11,19.2467,19.3067,19.1567,19.26,437700,68.01
2013-02-12,19.2333,19.3267,19.2067,19.2933,989400,67.73
2013-02-13,19.3333,19.43,19.2467,19.3333,368700,67.97
2013-02-14,19.27,19.5433,19.25,19.5333,556200,67.95
2013-02-15,19.54,19.5867,19.3433,19.4267,232500,67.75
2013-02-19,19.4467,19.6633,19.44,19.65,530400,68.24
2013-02-20,19.6667,19.6733,19.2167,19.23,914700,67.19
2013-02-21,19.1733,19.1733,18.7367,18.87,527700,66.47
2013-02-22,19.0467,19.2767,18.9933,19.2667,624000,67.14
2013-02-25,19.37,19.4367,18.8967,18.9,836100,66.31
2013-02-26,19.0167,19.0733,18.8733,19.0267,403500,66.56
2013-02-27,19.14,19.4333,19.0367,19.34,688500,67.24
2013-02-28,19.3533,19.4933,19.31,19.3533,536100,67.1
2013-03-01,19.22,19.34,19.02,19.2733,521400,67.38
2013-03-04,19.2167,19.2567,19.0833,19.22,468000,67.68
2013-03-05,19.3767,19.6433,19.3767,19.5967,457800,68.68
2013-03-06,19.66,19.7333,19.5733,19.62,528000,68.51
2013-03-07,19.6667,19.8033,19.65,19.71,411300,68.69
2013-03-08,19.7833,19.8267,19.5667,19.7367,555000,68.77
2013-03-11,19.72,19.7833,19.57,19.7567,528900,68.97
2013-03-12,19.7333,19.86,19.6833,19.84,1022700,68.72
2013-03-13,19.8433,19.96,19.7333,19.9,722400,68.63
2013-03-14,20.0233,20.1,19.9767,20.0033,601200,68.86
2013-03-15,20.02,20.02,19.6267,19.6767,742800,68.51
2013-03-18,19.4733,19.5967,19.33,19.4267,379200,68.36
2013-03-19,19.5067,19.5433,19.1767,19.3467,1109400,68.23
2013-03-20,19.4567,19.6133,19.4333,19.6033,973500,68.71
2013-03-21,19.4867,19.49,19.2633,19.2867,1679100,67.93
2013-03-22,19.4433,19.5833,19.38,19.5,282300,68.59
2013-03-25,19.5,19.57,19.2867,19.4133,426900,68.34
2013-03-26,19.5133,19.58,19.4267,19.5633,154800,68.71
2013-03-27,19.4633,19.63,19.3433,19.6033,264300,68.8
2013-03-28,19.5767,19.7533,19.5233,19.7367,405000,68.97
2013-04-01,19.7833,19.7833,19.2833,19.3333,281700,68.5
2013-04-02,19.4433,19.4433,19.09,19.1633,392100,69.04
2013-04-03,19.1667,19.2167,18.7133,18.7767,1171200,68.41
2013-04-04,18.79,19.03,18.69,19.0233,350400,68.43
2013-04-05,18.6833,18.95,18.58,18.9233,570600,67.86
2013-04-08,18.9533,19.1567,18.7733,19.1533,303000,68.22
2013-04-09,19.0933,19.4733,19.06,19.3367,197700,68.68
2013-04-10,19.3867,19.7767,19.3867,19.77,531300,70.02
2013-04-11,19.64,19.8033,19.5633,19.6767,382200,69.99
2013-04-12,19.5433,19.6267,19.3733,19.5967,226500,69.94
2013-04-15,19.4167,19.5167,19.0933,19.12,498600,68.56
2013-04-16,19.2733,19.5267,19.21,19.5133,211500,69.47
2013-04-17,19.2767,19.2767,18.7867,18.86,599400,68.11
2013-04-18,19.07,19.18,18.6433,18.7,1368300,67.17
2013-04-19,18.7067,18.8933,18.55,18.84,564900,68.09
2013-04-22,18.9633,19.1067,18.6567,19.0433,298500,68.79
2013-04-23,19.2067,19.4767,19.1733,19.4367,365100,69.45
2013-04-24,19.4233,19.7433,19.3833,19.6867,685800,69.42
2013-04-25,19.8,19.9967,19.7467,19.88,503100,69.79
2013-04-26,19.77,19.77,19.62,19.6867,1923300,69.57
2013-04-29,19.7267,19.9767,19.6967,19.93,397500,70.21
2013-04-30,19.96,20.0933,19.8233,20.0833,1945800,70.72
2013-05-01,20.08,20.11,19.9033,19.9267,608700,70.39
2013-05-02,20.0867,20.23,19.9433,20.19,827700,71.28
2013-05-03,20.3933,20.5233,20.3467,20.3467,1022400,72.12
2013-05-06,20.49,20.6133,20.4233,20.5067,738000,72.4
2013-05-07,20.6133,20.6133,20.4167,20.5233,638700,72.36
2013-05-08,20.5433,20.8033,20.5433,20.7433,747300,72.71
2013-05-09,20.77,20.99,20.71,20.8967,957000,72.61
2013-05-10,20.92,21.0933,20.9167,21.08,349200,73.05
2013-05-13,20.9833,21.0533,20.85,20.8767,507000,73.14
2013-05-14,20.94,21.01,20.8467,20.9733,153600,73.52
2013-05-15,20.9633,21.25,20.9633,21.1767,151800,73.67
2013-05-16,21.21,21.2833,21.01,21.0267,318000,73.59
2013-05-17,21.1333,21.3133,21.0933,21.2967,195000,74.3
2013-05-20,21.3033,21.3733,21.2167,21.2567,962400,74.19
2013-05-21,21.2733,21.32,21.2167,21.2533,886200,74.27
2013-05-22,21.33,21.4667,20.82,20.9167,1495500,73.62
2013-05-23,20.6167,20.9467,20.5567,20.92,1573500,73.45
2013-05-24,20.8633,20.9133,20.7067,20.9133,746700,73.41
2013-05-28,21.14,21.2667,21.0533,21.1033,457200,73.89
2013-05-29,20.9933,21.25,20.97,21.1833,215400,73.54
2013-05-30,21.2833,21.59,21.2533,21.51,1004700,73.93
2013-05-31,21.41,21.5533,21.2267,21.2267,1761300,73.25
2013-06-03,21.3267,21.49,21.0667,21.3033,531300,73.38
2013-06-04,21.3933,21.6233,21.33,21.4,562500,73.0
2013-06-05,21.34,21.3667,21.06,21.0733,349800,72.05
2013-06-06,21.0933,21.2233,20.86,21.0433,230400,72.4
2013-06-07,21.1633,21.3833,21.0333,21.3567,298800,73.39
2013-06-10,21.4,21.5167,21.3133,21.4867,129300,73.42
2013-06-11,21.3067,21.32,20.99,21.0033,1291500,72.69
2013-06-12,21.1967,21.24,20.74,20.76,351300,71.85
2013-06-13,20.7533,21.2133,20.7067,21.1833,386400,72.76
2013-06-14,21.2333,21.29,21.0633,21.0967,168000,72.28
2013-06-17,21.3533,21.54,21.3033,21.4033,243900,72.98
2013-06-18,21.5,21.7733,21.5,21.7567,670500,73.58
2013-06-19,21.7767,21.85,21.4933,21.5,2561700,72.76
2013-06-20,21.23,21.24,20.7833,20.82,386400,71.03
2013-06-21,21.04,21.04,20.6467,20.91,307500,70.43
2013-06-24,20.76,20.76,20.31,20.4633,693300,69.73
2013-06-25,20.72,21.01,20.6433,20.9633,312900,70.24
2013-06-26,21.1967,21.2267,20.9033,21.0267,250500,70.87
2013-06-27,21.1833,21.2767,21.1,21.1,1718700,71.17
2013-06-28,21.1267,21.31,20.94,21.1733,600600,71.27
2013-07-01,21.2733,21.3833,21.1367,21.1467,331800,71.71
2013-07-02,21.1267,21.3867,21.04,21.1767,1409100,71.74
2013-07-03,21.1067,21.3667,21.1067,21.2733,212700,72.03
2013-07-05,21.46,21.5733,21.32,21.55,358800,72.58
2013-07-08,21.6333,21.6433,21.06,21.12,1793100,72.65
2013-07-09,21.3267,21.3967,21.2633,21.3467,232500,73.09
2013-07-10,21.3333,21.61,21.33,21.5667,324900,73.51
2013-07-11,21.9167,22.0533,21.81,22.0367,431400,74.97
2013-07-12,22.1067,22.2,22.06,22.1567,310500,75.3
2013-07-15,22.21,22.21,22.12,22.1567,977400,75.47
2013-07-16,22.19,22.3233,22.1433,22.2433,156900,75.37
2013-07-17,22.2433,22.3367,22.19,22.25,314700,75.56
2013-07-18,22.1667,22.2533,21.9933,22.0633,385500,75.37
2013-07-19,21.9667,22.0167,21.8367,22.0067,226500,74.59
2013-07-22,22.0433,22.0433,21.8867,21.9633,273600,74.81
2013-07-23,22.05,22.19,21.8567,21.9,1033500,74.26
2013-07-24,21.9633,21.99,21.4667,21.49,880500,74.5
2013-07-25,21.4833,21.62,21.3567,21.6,1026000,74.97
2013-07-26,21.44,21.44,21.3167,21.43,281100,75.37
2013-07-29,21.3567,21.4633,21.25,21.2933,198600,75.23
2013-07-30,21.36,21.5967,21.36,21.55,138600,75.63
2013-07-31,21.56,21.7733,21.56,21.6567,538800,75.77
2013-08-01,21.8633,22.0467,21.8233,22.0333,181500,76.54
2013-08-02,21.98,21.98,21.77,21.9133,89700,76.97
2013-08-05,21.8367,21.8967,21.8067,21.8667,94200,77.02
2013-08-06,21.8033,21.8033,21.6333,21.7333,783600,76.56
2013-08-07,21.6667,21.6667,21.41,21.4967,372000,76.42
2013-08-08,21.5933,21.62,21.39,21.5067,171900,76.8
2013-08-09,21.4667,21.5067,21.3667,21.3967,103200,76.49
2013-08-12,21.3233,21.5433,21.2733,21.4767,137400,76.67
2013-08-13,21.6167,21.76,21.41,21.73,231600,77.1
2013-08-14,21.5467,21.59,21.3733,21.4,245700,76.81
2013-08-15,21.1233,21.1767,20.9033,20.9167,300000,75.51
2013-08-16,20.9533,21.17,20.8667,20.99,135000,75.48
2013-08-19,20.9433,21.0467,20.83,20.84,607800,75.35
2013-08-20,20.85,21.0433,20.85,20.9867,125100,75.68
2013-08-21,20.8967,20.9967,20.8167,20.8267,218100,75.42
2013-08-22,20.8933,21.1,20.8933,21.0567,276300,76.16
2013-08-23,21.09,21.16,20.96,21.0567,170700,76.67
2013-08-26,21.05,21.15,21.01,21.0167,111900,76.71
2013-08-27,20.8167,20.8167,20.4567,20.5,624000,75.14
2013-08-28,20.5567,20.8333,20.5567,20.7667,132900,75.43
2013-08-29,20.7867,21.0233,20.7567,20.9833,319500,75.96
2013-08-30,20.9933,20.9933,20.7333,20.8033,256800,75.47
2013-09-03,21.0533,21.2433,20.8833,20.9767,878100,75.9
2013-09-04,21.1067,21.5533,21.07,21.5067,1049700,76.71
2013-09-05,21.5733,21.7133,21.5733,21.67,165300,76.84
2013-09-06,21.7333,21.7467,21.4167,21.57,282000,76.93
2013-09-09,21.6267,21.92,21.6267,21.8567,277500,77.83
2013-09-10,21.9767,22.29,21.9767,22.2833,156900,78.21
2013-09-11,22.1767,22.2767,22.0267,22.2233,844200,78.06
2013-09-12,22.2167,22.2533,22.0633,22.0767,121200,78.01
2013-09-13,22.0667,22.1833,21.98,22.18,102300,78.06
2013-09-16,22.35,22.46,22.2433,22.2533,238500,77.85
2013-09-17,22.39,22.4567,22.33,22.4067,231300,78.37
2013-09-18,22.4367,22.64,22.3233,22.6067,323700,79.31
2013-09-19,22.66,22.6767,22.4667,22.54,108900,79.5
2013-09-20,22.5933,22.6633,22.3933,22.4167,93000,78.99
2013-09-23,22.5733,22.5733,22.2333,22.3233,673500,78.83
2013-09-24,22.3,22.46,22.21,22.3633,173100,78.83
2013-09-25,22.38,22.5067,22.2467,22.3867,100500,78.56
2013-09-26,22.4367,22.5133,22.2967,22.3733,91200,79.17
2013-09-27,22.2633,22.2833,22.1467,22.1933,170100,79.07
2013-09-30,22.0067,22.2833,21.92,22.2167,408600,78.88
2013-10-01,22.2533,22.47,22.2133,22.43,156000,79.68
2013-10-02,22.2733,22.3933,22.2433,22.39,97500,79.65
2013-10-03,22.4067,22.51,22.1167,22.3333,164400,78.72
2013-10-04,22.3867,22.56,22.3567,22.5033,180000,79.4
2013-10-07,22.3033,22.5333,22.2533,22.39,273300,78.74
2013-10-08,22.42,22.46,21.95,22.0333,934800,77.22
2013-10-09,22.0667,22.0667,21.7267,21.9533,974100,76.98
2013-10-10,22.1667,22.48,22.1667,22.4433,1054500,78.61
2013-10-11,22.3467,22.5567,22.2833,22.4867,198600,79.23
2013-10-14,22.3533,22.6933,22.3333,22.6633,279000,79.79
2013-10-15,22.6333,22.7067,22.44,22.46,278400,79.48
2013-10-16,22.4933,22.6967,22.4867,22.6733,349500,80.38
2013-10-17,22.53,22.84,22.4533,22.84,116100,80.84
2013-10-18,22.8633,22.9167,22.7133,22.9033,198900,82.15
2013-10-21,22.93,22.9867,22.8833,22.96,189300,82.33
2013-10-22,23.0,23.0033,22.8,22.9067,215700,82.45
2013-10-23,22.5533,22.56,22.05,22.15,336900,81.95
2013-10-24,22.3467,22.44,22.2933,22.3467,252600,82.31
2013-10-25,22.4267,22.46,22.3533,22.4167,1077000,82.9
2013-10-28,22.47,22.6,22.4133,22.57,116100,82.92
2013-10-29,22.64,22.9333,22.64,22.9333,831000,83.06
2013-10-30,22.9433,22.9733,22.7367,22.8067,108300,82.98
2013-10-31,22.8467,23.0733,22.8433,22.9567,416700,82.79
2013-11-01,23.02,23.0433,22.7767,22.8567,209700,82.81
2013-11-04,22.9167,22.9167,22.8033,22.84,232500,82.93
2013-11-05,22.6933,22.86,22.59,22.7867,441600,83.02
2013-11-06,22.8833,22.9333,22.7367,22.8333,156300,83.0
2013-11-07,22.85,22.85,22.3967,22.43,244800,81.44
2013-11-08,22.4567,22.68,22.4233,22.6733,181500,82.54
2013-11-11,22.74,22.74,22.57,22.6733,42000,82.41
2013-11-12,22.5767,22.8133,22.5767,22.8133,362100,82.54
2013-11-13,22.6833,23.0167,22.68,22.9967,174900,83.54
2013-11-14,22.9467,22.9767,22.8567,22.9,110400,83.8
2013-11-15,22.95,23.0833,22.8267,23.0467,105900,83.96
2013-11-18,23.0833,23.0833,22.8,22.84,201000,83.14
2013-11-19,22.8733,22.89,22.56,22.5767,162300,82.9
2013-11-20,22.5867,22.6367,22.43,22.4567,178500,82.7
2013-11-21,22.5333,22.88,22.5333,22.8633,124500,83.54
2013-11-22,22.83,22.91,22.7667,22.8933,81900,83.99
2013-11-25,22.9,22.9067,22.7,22.8633,74700,84.19
2013-11-26,22.88,23.0967,22.88,23.0567,166200,84.63
2013-11-27,22.9833,23.1467,22.9167,23.12,1223400,85.22
2013-11-29,23.1267,23.2333,23.1233,23.1567,117600,85.73
2013-12-02,23.1533,23.22,23.0733,23.1,175200,85.48
2013-12-03,23.0433,23.2567,23.0433,23.18,682500,85.41
2013-12-04,23.1333,23.2333,22.9233,23.0733,844500,85.49
2013-12-05,23.0967,23.2267,23.0833,23.12,149700,85.38
2013-12-06,23.3633,23.4433,23.35,23.39,279000,86.0
2013-12-09,23.4933,23.54,23.4167,23.4433,190800,86.35
2013-12-10,23.4267,23.4867,23.3433,23.38,130800,86.29
2013-12-11,23.4,23.4367,23.1333,23.1767,322800,85.18
2013-12-12,23.1667,23.19,22.94,22.9867,168600,84.96
2013-12-13,23.06,23.0633,22.8933,22.94,137700,84.85
2013-12-16,23.2167,23.3667,23.0933,23.2233,281700,85.32
2013-12-17,23.2433,23.5233,23.2433,23.4667,166500,85.15
2013-12-18,23.48,23.6533,23.1267,23.59,381000,86.14
2013-12-19,23.6,23.6,23.4,23.4933,192000,85.9
2013-12-20,23.51,23.7533,23.51,23.7033,908400,86.5
2013-12-23,23.72,23.83,23.6967,23.8033,435300,87.41
2013-12-24,23.8367,23.94,23.8333,23.8567,77100,87.45
2013-12-26,23.9567,24.0,23.9067,23.95,252600,87.74
2013-12-27,23.97,24.0333,23.96,23.97,1479600,87.52
2013-12-30,23.98,24.0767,23.96,24.01,270900,87.39
2013-12-31,24.1033,24.2433,24.1033,24.2367,887100,87.96
2014-01-02,24.09,24.09,23.8033,23.9033,865800,87.27
2014-01-03,23.9,23.9,23.74,23.8333,427800,86.64
2014-01-06,23.84,23.84,23.6733,23.7167,737400,86.32
2014-01-07,23.7633,23.9167,23.7333,23.88,394800,87.12
2014-01-08,24.0667,24.26,24.0,24.2367,342600,87.31
2014-01-09,24.29,24.29,23.9667,24.0567,213300,87.02
2014-01-10,24.0733,24.2033,24.05,24.1667,156000,87.3
2014-01-13,24.1267,24.2033,23.8167,23.8933,543000,86.01
2014-01-14,23.9533,24.4533,23.9533,24.4067,383100,87.65
2014-01-15,24.54,24.7067,24.5033,24.6233,759000,88.37
2014-01-16,24.55,24.6267,24.45,24.4967,601800,88.38
2014-01-17,24.3733,24.52,24.3067,24.3633,545400,87.88
2014-01-21,24.4567,24.51,24.31,24.4967,510900,88.55
2014-01-22,24.4933,24.7967,24.4467,24.76,448200,88.78
2014-01-23,24.6267,24.64,24.3833,24.5133,285600,88.48
2014-01-24,24.3667,24.4067,23.9267,23.9433,1125900,86.74
2014-01-27,23.9933,24.04,23.6333,23.7767,824700,85.9
2014-01-28,23.7767,23.9233,23.6533,23.8733,497400,85.85
2014-01-29,23.72,23.9933,23.72,23.7833,921600,84.93
2014-01-30,23.9933,24.1533,23.9167,24.0833,1313700,86.5
2014-01-31,23.78,24.0633,23.7633,23.9733,524700,86.27
2014-02-03,23.9533,23.9533,23.3867,23.4367,1737900,84.29
2014-02-04,23.5067,23.5167,23.34,23.4767,949500,84.91
2014-02-05,23.3767,23.6033,23.2367,23.5067,606300,84.69
2014-02-06,23.5467,23.9167,23.5467,23.88,455700,85.77
2014-02-07,23.9733,24.28,23.8933,24.2567,399300,87.3
2014-02-10,24.29,24.41,24.2733,24.38,346800,87.8
2014-02-11,24.42,24.76,24.42,24.7,823800,88.8
2014-02-12,24.7667,24.9433,24.7667,24.9167,408000,88.97
2014-02-13,24.8033,25.21,24.7567,25.2,347400,89.63
2014-02-14,25.17,25.3933,25.11,25.3633,1166700,89.81
2014-02-18,25.3967,25.45,25.24,25.43,169500,90.25
2014-02-19,25.3633,25.52,25.3367,25.4067,139800,89.63
2014-02-20,25.4167,25.6067,25.37,25.58,285000,90.05
2014-02-21,25.63,25.6767,25.4033,25.47,390300,89.93
2014-02-24,25.5967,25.7267,25.5667,25.57,167100,90.41
2014-02-25,25.51,25.59,25.3133,25.4333,243300,90.31
2014-02-26,25.52,25.7867,25.4967,25.6067,164400,90.23
2014-02-27,25.6,25.6467,25.43,25.6033,196800,90.44
2014-02-28,25.6067,25.68,25.4067,25.5833,163800,90.34
2014-03-03,25.38,25.4733,25.2033,25.4233,269400,89.67
2014-03-04,25.7533,25.9167,25.7533,25.8733,889800,90.81
2014-03-05,25.9133,25.9933,25.83,25.9233,289200,91.06
2014-03-06,26.0,26.1267,25.9067,26.1033,427800,90.98
2014-03-07,26.2733,26.2733,25.9933,26.0733,672000,90.53
2014-03-10,26.0833,26.1333,25.91,26.03,150300,90.61
2014-03-11,26.0833,26.1533,25.8133,25.8867,178500,90.22
2014-03-12,25.77,26.1033,25.72,26.0933,145800,90.56
2014-03-13,26.17,26.21,25.5367,25.67,778200,89.28
2014-03-14,25.64,25.7433,25.52,25.5233,178500,88.67
2014-03-17,25.69,25.93,25.69,25.84,150300,89.45
2014-03-18,25.94,26.2233,25.8433,26.2133,538200,90.53
2014-03-19,26.22,26.3667,26.0367,26.19,785100,90.04
2014-03-20,26.1267,26.6867,26.08,26.6733,533700,90.29
2014-03-21,26.7567,26.7867,26.38,26.44,396000,89.0
2014-03-24,26.57,26.59,26.12,26.3333,727800,88.22
2014-03-25,26.3867,26.6067,26.3233,26.46,309300,88.51
2014-03-26,26.7433,26.7667,26.16,26.16,384300,87.37
2014-03-27,26.1667,26.25,25.8967,25.9667,543600,86.88
2014-03-28,26.0467,26.3433,26.03,26.1367,214200,87.05
2014-03-31,26.3567,26.6467,26.31,26.5633,696300,87.67
2014-04-01,26.6867,26.9867,26.68,26.9867,621000,89.21
2014-04-02,27.0367,27.04,26.8067,26.9467,542700,89.44
2014-04-03,26.99,27.2333,26.8767,26.9867,354600,88.73
2014-04-04,27.2,27.2,26.1867,26.2233,977700,86.37
2014-04-07,26.1567,26.3733,25.84,25.9867,797100,85.55
2014-04-08,26.0267,26.3433,26.0233,26.3267,181200,86.34
2014-04-09,26.4467,26.6167,26.3167,26.6033,174000,87.82
2014-04-10,26.6433,26.6433,25.7533,25.78,1304400,85.1
2014-04-11,25.49,25.8467,25.31,25.3767,1170000,84.11
2014-04-14,25.5833,25.7167,25.34,25.58,1281000,84.77
2014-04-15,25.6267,25.8233,25.3,25.7467,477900,85.05
2014-04-16,25.8167,25.8333,25.3333,25.7033,590700,86.18
2014-04-17,25.8633,26.2933,25.8333,26.1867,354600,86.2
2014-04-21,26.3667,26.43,26.0933,26.4233,447300,86.84
2014-04-22,26.4833,26.73,26.4267,26.66,621000,87.53
2014-04-23,26.69,26.7533,26.57,26.6367,602100,86.76
2014-04-24,26.8433,26.86,26.4467,26.7867,247800,87.59
2014-04-25,26.5167,26.5167,25.86,25.91,261900,86.19
2014-04-28,26.0567,26.1133,25.3933,25.7633,882900,86.47
2014-04-29,25.8867,26.0,25.7667,25.94,215100,87.16
2014-04-30,25.8667,26.0767,25.8333,26.07,155700,87.39
2014-05-01,26.04,26.3167,25.9333,25.9867,85500,87.65
2014-05-02,25.99,26.1867,25.9467,26.0767,66300,87.49
2014-05-05,25.92,26.17,25.8467,26.1,258900,87.95
2014-05-06,26.1033,26.2333,25.9733,26.0,222600,86.81
2014-05-07,26.1167,26.1167,25.8,26.01,105600,86.56
2014-05-08,26.01,26.55,25.9167,26.19,139200,86.48
2014-05-09,26.2067,26.2067,25.93,26.1067,199800,86.8
2014-05-12,26.2533,26.6133,26.2467,26.5833,169500,88.23
2014-05-13,26.6867,26.6867,26.37,26.3733,322200,88.29
2014-05-14,26.3767,26.38,26.1433,26.1533,103200,87.83
2014-05-15,26.1233,26.1633,25.66,25.8467,708900,87.14
2014-05-16,25.9533,26.15,25.89,26.1333,204300,87.71
2014-05-19,26.1133,26.46,26.1133,26.3967,384600,88.32
2014-05-20,26.3867,26.4833,26.13,26.27,238200,88.0
2014-05-21,26.37,26.4667,26.2733,26.3967,137100,88.84
2014-05-22,26.4567,26.6233,26.4433,26.5167,264300,89.23
2014-05-23,26.5433,26.7833,26.4833,26.77,233700,89.88
2014-05-27,26.95,27.1,26.8833,27.1,579900,91.0
2014-05-28,27.1433,27.2033,27.0,27.14,255000,90.72
2014-05-29,27.2233,27.28,27.14,27.19,150900,91.3
2014-05-30,27.2367,27.2633,27.12,27.2233,219600,91.31
2014-06-02,27.4,27.45,27.1667,27.3733,379500,91.22
2014-06-03,27.3867,27.65,27.3133,27.63,336900,91.18
2014-06-04,27.59,27.7933,27.5433,27.7533,636600,91.52
2014-06-05,27.7967,27.9533,27.6633,27.89,260700,92.29
2014-06-06,27.9933,28.08,27.96,28.0533,332700,92.82
2014-06-09,28.1433,28.2433,28.0467,28.08,235200,92.75
2014-06-10,28.1033,28.18,27.9833,28.1633,199200,92.91
2014-06-11,28.1533,28.4167,28.1467,28.31,344100,92.89
2014-06-12,28.29,28.4067,28.1133,28.2133,867300,92.05
2014-06-13,28.47,28.57,28.34,28.49,391500,92.32
2014-06-16,28.46,28.7133,28.4533,28.66,761100,92.4
2014-06-17,28.61,28.91,28.61,28.87,330600,92.45
2014-06-18,28.91,28.91,28.54,28.75,698100,92.97
2014-06-19,28.8233,28.8233,28.6067,28.79,905100,92.91
2014-06-20,28.8533,28.8767,28.7433,28.8767,685800,92.77
2014-06-23,28.9133,28.9133,28.7367,28.77,1428600,92.79
2014-06-24,28.7633,28.8833,28.4,28.4567,1128000,92.7
2014-06-25,28.4033,28.6067,28.2833,28.5767,435300,93.29
2014-06-26,28.5967,28.5967,28.24,28.45,247800,93.34
2014-06-27,28.3833,28.5033,28.3467,28.4867,476700,93.75
2014-06-30,28.5567,28.8233,28.5133,28.8,297000,93.91
2014-07-01,28.91,29.3067,28.89,29.1933,306900,94.94
2014-07-02,29.2867,29.3133,29.18,29.27,445800,95.1
2014-07-03,29.3667,29.5033,29.3667,29.4533,316800,95.7
2014-07-07,29.4733,29.4733,29.2133,29.2567,468000,95.41
2014-07-08,29.22,29.2533,28.8233,29.1,525900,94.26
2014-07-09,29.08,29.2933,28.9633,29.2767,382800,94.96
2014-07-10,28.8533,29.25,28.7567,29.1433,471000,94.66
2014-07-11,29.1467,29.2033,29.0233,29.14,347700,95.27
2014-07-14,29.3033,29.3867,29.1967,29.2833,937500,95.84
2014-07-15,29.2967,29.3833,28.9267,29.1967,434700,95.51
2014-07-16,29.4233,29.5533,29.3667,29.5367,308100,95.89
2014-07-17,29.23,29.24,28.73,28.7733,1110900,94.62
2014-07-18,28.8867,29.1767,28.85,29.15,605400,96.12
2014-07-21,29.0867,29.2967,29.0433,29.2367,355500,96.0
2014-07-22,29.3533,29.4767,29.2933,29.4267,342300,96.61
2014-07-23,29.2833,29.2833,28.7367,28.7533,797400,97.23
2014-07-24,28.74,28.7433,28.4733,28.4867,921600,97.12
2014-07-25,28.2767,28.3133,27.86,27.9233,2210100,96.74
2014-07-28,27.9333,27.9467,27.56,27.8967,1801800,96.77
2014-07-29,27.9867,28.1167,27.8433,27.8467,577800,96.6
2014-07-30,28.0867,28.2033,27.95,28.1167,1718400,96.98
2014-07-31,27.8,27.8867,27.4267,27.5467,2455800,95.02
2014-08-01,27.5033,27.7867,27.4,27.6367,587400,94.67
2014-08-04,27.71,27.8367,27.49,27.7567,720600,95.32
2014-08-05,27.6667,27.77,27.3667,27.4633,1244100,94.59
2014-08-06,27.36,27.75,27.3167,27.5533,859800,94.52
2014-08-07,27.7233,27.74,27.12,27.1833,879000,94.22
2014-08-08,27.2867,27.5333,27.2467,27.52,652500,94.9
2014-08-11,27.6467,27.9233,27.6367,27.77,1435200,95.46
2014-08-12,27.75,27.8067,27.5133,27.75,196800,95.42
2014-08-13,27.7933,28.0133,27.7933,28.0133,407400,96.43
2014-08-14,28.0133,28.11,27.9633,28.0667,469200,96.93
2014-08-15,28.2867,28.46,28.0367,28.3633,622500,97.4
2014-08-18,28.4633,28.48,28.2667,28.4733,488400,98.15
2014-08-19,28.5467,28.72,28.5167,28.6767,712200,98.7
2014-08-20,28.6367,28.95,28.6367,28.9167,262800,98.7
2014-08-21,28.9033,29.0433,28.85,29.0267,409500,98.9
2014-08-22,29.01,29.1667,28.9267,29.0467,467400,99.05
2014-08-25,29.2267,29.2267,28.89,28.9433,247800,99.4
2014-08-26,28.9733,29.0533,28.9167,28.9467,153000,99.5
2014-08-27,28.96,29.0233,28.8267,29.0,356700,99.52
2014-08-28,28.85,29.11,28.81,29.0933,207600,99.41
2014-08-29,29.2567,29.4,29.1967,29.3133,240900,99.78
2014-09-02,29.3567,29.4167,29.05,29.18,214200,100.07
2014-09-03,29.2933,29.38,29.1967,29.26,238200,99.48
2014-09-04,29.3367,29.5533,29.2667,29.3433,270600,99.39
2014-09-05,29.3633,29.59,29.3133,29.5867,445200,99.89
2014-09-08,29.5533,29.8233,29.5467,29.66,474300,100.08
2014-09-09,29.6667,29.69,29.3467,29.3867,190500,99.25
2014-09-10,29.3567,29.4267,29.1967,29.3767,162300,100.07
2014-09-11,29.2833,29.4533,29.1633,29.4533,250800,99.99
2014-09-12,29.4167,29.4167,29.0267,29.0867,624600,99.48
2014-09-15,29.1467,29.1567,28.7167,28.73,652500,98.52
2014-09-16,28.6833,29.27,28.67,29.23,1664400,99.38
2014-09-17,29.2833,29.6033,29.2567,29.44,444000,99.53
2014-09-18,29.5633,29.89,29.5367,29.89,355500,100.28
2014-09-19,30.03,30.0367,29.4633,29.5167,339000,99.98
2014-09-22,29.41,29.48,29.1033,29.16,315600,99.05
2014-09-23,29.0233,29.29,28.9533,29.0667,632700,98.78
2014-09-24,29.04,29.36,29.04,29.35,329100,99.84
2014-09-25,29.29,29.31,28.7233,28.8133,507900,97.74
2014-09-26,29.0367,29.2233,28.94,29.1533,828300,98.78
2014-09-29,28.86,29.2833,28.8033,29.19,325800,98.65
2014-09-30,29.2333,29.2333,28.8433,28.95,370800,98.79
2014-10-01,28.8933,28.8933,28.17,28.2433,1676700,97.21
2014-10-02,28.2367,28.2367,27.5667,28.07,584400,97.21
2014-10-03,28.3067,28.4367,28.0967,28.2467,489600,98.17
2014-10-06,28.2967,28.3467,27.8167,28.0,429900,97.96
2014-10-07,27.9067,27.9667,27.4667,27.4667,1260600,96.57
2014-10-08,27.5267,28.1467,27.24,28.0867,439200,98.45
2014-10-09,28.03,28.0333,27.31,27.3267,1307100,96.86
2014-10-10,26.5667,26.5733,25.2133,25.4433,3951300,94.44
2014-10-13,25.4567,25.7733,24.8867,24.9033,4425000,92.96
2014-10-14,25.35,25.8333,25.1433,25.3533,3031200,92.97
2014-10-15,24.8667,25.6667,24.72,25.4733,1984800,92.37
2014-10-16,25.1233,26.0433,25.1167,25.8667,990300,91.79
2014-10-17,26.33,26.5,26.0167,26.0567,1563000,93.0
2014-10-20,26.0667,26.4967,25.8833,26.47,591900,94.39
2014-10-21,26.7833,27.46,26.7633,27.4467,1086600,96.87
2014-10-22,27.6567,27.6933,27.04,27.0533,2008500,96.37
2014-10-23,27.41,27.59,27.3267,27.4433,709500,97.82
2014-10-24,27.45,27.7867,27.43,27.7167,624900,98.62
2014-10-27,27.6967,27.89,27.4867,27.8467,1352400,98.69
2014-10-28,27.9933,28.2533,27.9,28.2433,1290900,100.18
2014-10-29,28.1967,28.3733,27.9767,28.3,1864200,99.81
2014-10-30,28.1667,28.1967,27.6067,27.9567,1145100,100.02
2014-10-31,28.7333,29.19,28.7333,29.05,2241300,101.4
2014-11-03,29.0933,29.4067,29.05,29.25,1669500,101.7
2014-11-04,29.14,29.3167,28.9267,29.1433,539700,101.36
2014-11-05,29.3633,29.4733,29.11,29.4367,762900,101.37
2014-11-06,29.2633,29.3667,29.0,29.1833,978000,101.69
2014-11-07,29.15,29.2433,28.6867,28.92,445200,101.6
2014-11-10,29.0,29.18,28.8767,29.1333,326100,101.96
2014-11-11,29.18,29.18,28.9533,29.0767,533700,102.28
2014-11-12,28.9633,29.0567,28.8767,29.0333,254700,102.46
2014-11-13,29.1267,29.3267,28.9333,29.0367,186600,102.9
2014-11-14,28.9867,29.31,28.83,29.29,277500,103.22
2014-11-17,29.1533,29.24,28.92,29.1567,864900,102.91
2014-11-18,29.2067,29.8067,29.2067,29.7267,456900,103.68
2014-11-19,29.7767,29.7767,29.3867,29.5233,725700,103.21
2014-11-20,29.39,29.8267,29.2633,29.7933,651300,103.67
2014-11-21,30.11,30.21,29.8833,30.12,1091700,103.87
2014-11-24,30.18,30.4267,30.1333,30.41,533100,104.68
2014-11-25,30.5,30.51,30.35,30.4167,610500,104.84
2014-11-26,30.43,31.0667,30.43,31.06,552300,105.52
2014-11-28,31.1233,31.2333,30.9567,31.1467,333900,106.01
2014-12-01,31.01,31.1733,30.64,30.7533,930300,104.81
2014-12-02,30.6833,30.9567,30.5567,30.9467,538800,105.23
2014-12-03,31.0967,31.6267,31.0833,31.5967,1059600,105.42
2014-12-04,31.69,31.8267,31.4467,31.6233,741000,105.37
2014-12-05,31.7233,31.9467,31.6633,31.94,362100,105.38
2014-12-08,31.8833,32.01,31.2967,31.49,1208400,104.63
2014-12-09,31.0433,31.5533,30.9567,31.4867,645900,104.96
2014-12-10,31.3233,31.49,30.83,30.8867,667500,103.31
2014-12-11,31.0233,31.4067,30.9633,31.0333,1842900,103.8
2014-12-12,30.76,30.9633,30.49,30.52,1188600,102.67
2014-12-15,30.6667,30.97,30.1367,30.2367,1096800,101.61
2014-12-16,30.1067,30.67,29.9867,30.03,855900,99.98
2014-12-17,30.0833,30.7533,29.8767,30.6767,812100,101.8
2014-12-18,31.1833,31.26,30.97,31.26,627600,104.25
2014-12-19,31.4333,31.4333,31.0367,31.2633,577500,104.32
2014-12-22,31.3367,31.6833,31.2967,31.6467,377700,104.58
2014-12-23,31.7833,31.9067,31.5667,31.5767,982500,104.21
2014-12-24,31.4333,31.5033,31.36,31.37,203400,104.3
2014-12-26,31.45,31.5433,31.3733,31.41,201000,105.04
2014-12-29,31.3933,31.4,31.2133,31.32,204600,105.02
2014-12-30,31.1067,31.27,31.1067,31.1233,362700,104.32
2014-12-31,31.17,31.3933,30.9433,30.9633,290100,103.25
2015-01-02,31.1,31.2767,30.6467,30.9367,663000,102.94
2015-01-05,30.8067,30.8633,30.3433,30.3533,619500,101.43
2015-01-06,30.3733,30.4033,29.59,29.6767,1123800,100.07
2015-01-07,29.8467,30.1033,29.67,29.97,721200,101.36
2015-01-08,30.2733,30.91,30.2733,30.86,633000,103.3
2015-01-09,30.9833,31.0,30.5067,30.8767,420900,102.62
2015-01-12,30.7433,30.7433,30.1367,30.2833,572400,101.55
2015-01-13,30.5033,30.8767,29.8333,29.9867,520800,101.52
2015-01-14,29.6967,30.1133,29.51,29.8167,1241700,100.96
2015-01-15,30.05,30.2133,29.5567,29.58,663000,99.65
2015-01-16,29.4767,29.9433,29.35,29.9033,876900,100.82
2015-01-20,30.0567,30.3233,29.8267,30.2133,395400,101.62
2015-01-21,30.1567,30.69,30.0267,30.5567,433500,102.14
2015-01-22,30.53,30.7667,29.9633,30.74,1371300,104.03
2015-01-23,30.6033,30.8,30.51,30.66,564600,104.26
2015-01-26,30.5933,30.7867,30.3667,30.7167,353700,104.14
2015-01-27,30.3233,30.4533,29.9833,30.17,1060800,101.44
2015-01-28,30.5867,30.83,30.0067,30.0267,945900,100.92
2015-01-29,29.9267,30.14,29.4867,30.0467,658200,101.89
2015-01-30,29.7067,30.1033,29.4133,29.4567,1456200,101.1
2015-02-02,29.51,29.6267,28.9167,29.5333,927300,101.98
2015-02-03,29.66,30.07,29.6167,30.0567,631200,102.96
2015-02-04,29.9767,30.3833,29.9667,30.17,1008000,102.87
2015-02-05,30.2933,30.4767,30.13,30.4633,699000,103.76
2015-02-06,30.5067,30.76,30.22,30.2967,1006200,103.13
2015-02-09,30.2533,30.2533,29.9,29.9767,1523400,102.8
2015-02-10,30.3467,31.0,30.2633,30.99,1259100,104.4
2015-02-11,30.9933,31.2,30.89,31.09,965700,104.78
2015-02-12,31.1833,31.5967,31.1833,31.5867,935400,106.0
2015-02-13,31.73,31.9033,31.5367,31.81,737100,106.91
2015-02-17,31.7967,31.9467,31.7,31.91,2393400,107.01
2015-02-18,31.8733,31.92,31.7,31.8267,458700,107.16
2015-02-19,31.78,32.0067,31.7333,31.9133,651600,107.69
2015-02-20,31.8267,32.1267,31.75,32.1033,1902900,108.41
2015-02-23,32.0667,32.0667,31.79,31.9033,673200,108.52
2015-02-24,31.9033,32.3433,31.6867,32.33,842400,108.6
2015-02-25,32.26,32.3367,32.0667,32.1633,387900,108.33
2015-02-26,32.3167,32.4533,32.2133,32.3833,295500,108.88
2015-02-27,32.3767,32.4467,32.1867,32.2867,350100,108.4
2015-03-02,32.56,33.19,32.5567,33.1733,865800,109.38
2015-03-03,33.0567,33.0567,32.5167,32.56,1192200,108.87
2015-03-04,32.47,32.5267,32.15,32.5167,569700,108.45
2015-03-05,32.63,32.7233,32.4,32.5367,733500,108.64
2015-03-06,32.43,32.4833,32.11,32.2,642600,107.41
2015-03-09,32.1733,32.3767,32.14,32.3,519900,107.72
2015-03-10,32.09,32.1667,31.6967,31.7033,1150500,105.72
2015-03-11,31.8633,32.1,31.7633,31.7733,356100,105.11
2015-03-12,31.44,31.7733,31.4167,31.7633,1173300,105.8
2015-03-13,31.84,32.0333,31.6333,31.9767,539100,105.34
2015-03-16,32.15,32.47,32.1067,32.4633,657600,106.7
2015-03-17,32.2267,32.2833,32.0467,32.2267,439800,106.87
2015-03-18,32.2167,32.6233,31.8067,32.4667,466500,107.92
2015-03-19,32.4333,32.62,32.3867,32.54,283200,108.08
2015-03-20,32.7767,33.1033,32.7333,33.0,462300,108.53
2015-03-23,33.01,33.0467,32.7133,32.7267,401100,108.32
2015-03-24,32.75,32.75,32.4267,32.4467,580200,107.93
2015-03-25,32.3367,32.3733,30.82,30.8567,1159200,105.46
2015-03-26,30.14,30.63,29.76,30.4333,1420500,105.1
2015-03-27,30.4467,31.4133,30.3767,31.2967,1165500,105.52
2015-03-30,31.5,31.78,31.3167,31.6967,1275300,106.73
2015-03-31,31.56,31.6233,31.29,31.34,408900,105.6
2015-04-01,31.2533,31.2733,30.8933,31.1367,625500,105.05
2015-04-02,31.2633,31.35,31.04,31.0667,643800,105.12
2015-04-06,30.7733,31.2733,30.6067,31.2033,1060800,105.98
2015-04-07,31.21,31.4833,31.1567,31.2167,1043700,105.8
2015-04-08,31.1533,31.5033,31.1367,31.4,876300,106.64
2015-04-09,31.2467,31.85,31.2467,31.81,597600,107.31
2015-04-10,31.8333,31.94,31.7867,31.94,264900,107.75
2015-04-13,31.9833,32.1,31.7067,31.75,436500,107.48
2015-04-14,31.7533,31.7533,31.33,31.4267,664200,107.17
2015-04-15,31.6667,32.0433,31.6267,31.95,444300,107.84
2015-04-16,31.6433,31.86,31.6433,31.8133,523200,107.69
2015-04-17,31.5567,31.5567,31.21,31.36,497700,106.01
2015-04-20,31.52,31.7533,31.5133,31.6267,398100,107.6
2015-04-21,31.98,32.0667,31.7333,31.8433,454500,108.06
2015-04-22,32.04,32.3,31.79,32.2933,450900,108.65
2015-04-23,31.72,31.9033,31.5467,31.7933,588900,109.06
2015-04-24,31.7333,31.7533,31.0733,31.27,630600,110.54
2015-04-27,31.3133,31.6767,31.2733,31.35,595200,110.26
2015-04-28,31.3667,31.4467,30.9433,31.38,1202700,110.04
2015-04-29,31.1433,31.3,30.8833,31.2067,784500,109.35
2015-04-30,31.15,31.2667,30.7433,30.9367,2324100,107.63
2015-05-01,31.2233,31.87,31.2133,31.7967,1523700,109.05
2015-05-04,31.87,31.9367,31.65,31.7333,662400,109.23
2015-05-05,31.5067,31.5867,31.0133,31.0433,748200,107.45
2015-05-06,31.16,31.3033,30.78,31.0067,1397400,106.71
2015-05-07,31.1267,31.3933,31.1267,31.3467,928500,107.35
2015-05-08,31.6033,31.7933,31.5733,31.66,657000,108.69
2015-05-11,31.66,31.7967,31.55,31.68,495000,108.27
2015-05-12,31.5433,31.5833,31.25,31.3933,996000,107.78
2015-05-13,31.56,31.8133,31.5,31.5867,393900,108.0
2015-05-14,31.8067,32.08,31.69,31.9633,876300,109.58
2015-05-15,32.0233,32.1367,31.88,32.0167,379200,109.58
2015-05-18,32.06,32.3467,31.97,32.33,625500,110.06
2015-05-19,32.41,32.5667,32.1,32.2133,457200,109.94
2015-05-20,32.2533,32.5133,32.14,32.2833,858600,110.01
2015-05-21,32.2567,32.4967,32.1167,32.4467,460200,110.58
2015-05-22,32.4067,32.6267,32.4067,32.5133,411000,110.47
2015-05-26,32.4633,32.4933,32.1167,32.2633,785400,109.2
2015-05-27,32.3633,33.64,32.3467,33.53,1316100,110.96
2015-05-28,33.5633,33.7233,33.34,33.5633,1225800,110.71
2015-05-29,33.67,33.8267,33.5333,33.69,1813800,110.05
2015-06-01,33.8033,33.9333,33.53,33.71,1315800,110.42
2015-06-02,33.6067,33.6067,33.2833,33.3333,938700,110.07
2015-06-03,33.5,33.53,33.0833,33.1067,3604800,110.4
2015-06-04,32.9667,33.08,32.7067,32.8067,1787400,109.56
2015-06-05,32.7667,32.9067,32.5133,32.81,1308000,109.3
2015-06-08,32.84,32.84,32.1067,32.1933,1367700,108.19
2015-06-09,32.2133,32.2567,31.8467,32.1733,1645500,108.01
2015-06-10,32.3233,32.6867,32.3067,32.5733,1308900,109.49
2015-06-11,32.71,32.7267,32.5333,32.5633,1614300,109.65
2015-06-12,32.4267,32.4267,32.2267,32.27,657000,108.75
2015-06-15,31.9367,32.23,31.7833,32.2033,828300,108.21
2015-06-16,32.1433,32.3733,32.0667,32.2933,679200,108.8
2015-06-17,32.33,32.4467,32.2,32.32,727200,109.1
2015-06-18,32.4067,32.93,32.4067,32.7767,796800,110.69
2015-06-19,32.8567,32.95,32.5067,32.6133,1072500,109.89
2015-06-22,32.8833,32.9733,32.7267,32.89,899700,110.7
2015-06-23,32.9533,33.0,32.6167,32.7267,976500,110.79
2015-06-24,32.5933,32.6733,32.29,32.2967,742200,110.22
2015-06-25,32.3833,32.49,32.1933,32.2733,973200,110.0
2015-06-26,31.9833,31.9833,31.3433,31.47,1826700,109.27
2015-06-29,31.0567,31.2767,30.5633,30.5867,1572300,106.69
2015-06-30,30.8667,30.9333,30.56,30.6967,4370400,107.07
2015-07-01,31.1333,31.18,30.7067,30.77,1442400,107.92
2015-07-02,30.83,31.01,30.7833,30.9133,1002300,107.95
2015-07-06,30.6333,30.9133,30.33,30.4633,3059400,107.7
2015-07-07,30.4767,30.48,29.4467,30.3667,2893200,107.97
2015-07-08,29.96,30.0433,29.4733,29.5467,1993500,106.09
2015-07-09,30.0833,30.1533,29.16,29.17,3779700,106.03
2015-07-10,29.5167,29.8133,29.4867,29.71,1492200,107.65
2015-07-13,29.97,30.02,29.7467,29.96,1103700,109.54
2015-07-14,30.1067,30.3467,30.07,30.2733,1011300,110.26
2015-07-15,30.34,30.34,29.9567,30.0933,1074900,110.38
2015-07-16,30.3167,30.3167,29.8733,30.15,1657500,111.94
2015-07-17,30.1333,30.1333,29.85,30.0867,1542000,113.59
2015-07-20,30.1967,30.2467,29.8633,29.88,1096800,113.98
2015-07-21,29.8933,30.15,29.8433,29.8867,678600,113.91
2015-07-22,29.1033,29.2233,28.82,29.1433,3495300,112.62
2015-07-23,29.3067,29.9267,29.3067,29.5767,1139700,112.2
2015-07-24,29.6633,29.7233,28.9533,28.9833,2122800,111.1
2015-07-27,28.8067,28.97,28.4667,28.77,1569000,110.18
2015-07-28,28.9167,29.5467,28.69,29.37,2151900,111.13
2015-07-29,29.3467,29.4633,29.0867,29.4067,1403400,111.55
2015-07-30,29.2533,29.62,29.1733,29.5233,3404700,112.08
2015-07-31,29.5667,29.5667,29.1267,29.18,1690800,111.95
2015-08-03,29.15,29.2067,28.9267,29.0867,1101900,111.6
2015-08-04,28.9933,29.05,28.58,28.7633,2780100,111.39
2015-08-05,28.93,29.33,28.9167,29.1267,1431300,112.25
2015-08-06,29.18,29.18,28.3867,28.6067,2950500,110.45
2015-08-07,28.49,28.8,28.4633,28.77,946800,110.31
2015-08-10,29.0233,29.5333,28.9867,29.4833,1439100,111.57
2015-08-11,29.19,29.1933,28.7033,28.82,2166000,110.14
2015-08-12,28.47,29.1267,28.2433,28.9867,2565600,110.52
2015-08-13,28.9833,29.1,28.69,28.7533,903300,110.34
2015-08-14,28.6467,28.6467,28.3433,28.5167,1231500,110.51
2015-08-17,28.3967,28.8133,28.2533,28.76,794400,111.43
2015-08-18,28.7167,28.72,28.1733,28.2167,1221600,110.86
2015-08-19,28.2767,28.2833,27.78,27.9633,1461000,110.13
2015-08-20,27.66,27.6733,26.9033,26.9133,2677500,107.08
2015-08-21,26.5667,26.9767,26.1767,26.1767,4139700,102.4
2015-08-24,24.66,26.7267,24.2867,25.59,5372700,98.46
2015-08-25,26.5967,26.6533,25.3367,25.3367,2749500,98.09
2015-08-26,26.1267,26.6333,25.6267,26.6,3394800,103.03
2015-08-27,27.0633,27.6267,27.0333,27.59,3912300,105.64
2015-08-28,27.49,27.8067,27.49,27.75,2056200,105.62
2015-08-31,27.5367,27.9533,27.4,27.6733,1644000,104.31
2015-09-01,26.8433,27.3867,26.5667,26.6967,2040000,101.05
2015-09-02,27.1467,27.3333,26.85,27.3333,1447200,103.9
2015-09-03,27.54,27.91,27.4567,27.5467,952500,103.39
2015-09-04,27.1667,27.4,26.9633,27.07,998100,102.16
2015-09-08,27.6667,28.28,27.6633,28.27,2252400,105.04
2015-09-09,28.52,28.7167,27.6933,27.75,2599800,103.86
2015-09-10,27.7367,28.1267,27.4767,27.8733,1707600,104.99
2015-09-11,27.63,27.9067,27.5067,27.89,1901100,105.57
2015-09-14,28.0267,28.1,27.8733,27.9533,1593000,105.25
2015-09-15,28.0833,28.3867,28.07,28.31,1239600,106.49
2015-09-16,28.2433,28.4033,28.0767,28.37,1427100,107.09
2015-09-17,28.32,28.6,28.0833,28.1433,1956300,107.13
2015-09-18,27.7233,28.01,27.5467,27.6533,1840500,105.35
2015-09-21,27.83,27.92,27.4367,27.57,2055600,105.68
2015-09-22,27.1,27.1767,26.8533,26.9633,2840700,104.1
2015-09-23,26.9833,27.1167,26.73,26.7633,1437900,104.18
2015-09-24,26.51,26.8767,26.0033,26.71,4153500,103.8
2015-09-25,26.9233,27.1,26.45,26.7067,1764900,102.92
2015-09-28,26.5367,26.6833,25.9633,25.9667,5704500,99.99
2015-09-29,26.0367,26.3867,25.86,26.14,1279800,99.47
2015-09-30,26.6,27.18,26.56,27.1533,1386600,101.76
2015-10-01,27.14,27.14,26.3633,26.83,2105100,102.22
2015-10-02,26.4733,27.4067,26.46,27.39,2045700,104.01
2015-10-05,27.6567,28.0567,27.57,27.9233,2508300,105.5
2015-10-06,27.8633,28.0867,27.5133,28.0133,3105900,105.0
2015-10-07,28.25,28.56,27.91,28.3833,1994100,105.63
2015-10-08,28.3667,28.62,28.12,28.57,1840500,106.05
2015-10-09,28.6233,28.66,28.2233,28.3933,1390800,106.53
2015-10-12,28.3667,28.4533,28.2433,28.3933,1982400,106.79
2015-10-13,28.1933,28.35,28.0167,28.0433,1438200,106.1
2015-10-14,28.1833,29.3167,28.1067,29.0633,3415800,105.93
2015-10-15,29.2767,29.56,29.0867,29.3367,2243400,107.67
2015-10-16,29.3533,29.44,29.1633,29.4033,1426500,108.12
2015-10-19,29.31,29.5933,29.1733,29.3933,1389000,108.74
2015-10-20,29.3833,29.4633,29.2,29.3667,996900,108.18
2015-10-21,29.6567,29.9667,29.4,29.41,1579800,107.52
2015-10-22,29.89,30.48,29.8333,30.43,2399100,109.71
2015-10-23,30.7,30.8833,30.39,30.8,3199500,112.78
2015-10-26,30.66,30.66,30.0967,30.2467,3103200,112.85
2015-10-27,29.9767,30.1933,29.9,29.9833,3168900,113.08
2015-10-28,30.1967,30.5067,30.07,30.4267,3307800,114.02
2015-10-29,29.8433,29.9233,29.5233,29.61,1950600,113.84
2015-10-30,29.7233,29.9533,29.67,29.8467,1505400,113.33
2015-11-02,29.9267,30.15,29.8967,30.11,1122300,114.61
2015-11-03,30.0133,30.39,30.0133,30.2667,1026300,115.01
2015-11-04,30.2933,30.4233,30.14,30.3533,1472100,115.02
2015-11-05,30.2167,30.26,29.6733,29.7167,2101800,114.71
2015-11-06,29.9633,30.5167,29.9167,30.5033,1913700,114.79
2015-11-09,30.4267,30.4267,30.05,30.2067,1821900,113.57
2015-11-10,29.8833,29.8833,29.5667,29.6567,2517900,113.28
2015-11-11,29.7267,29.9933,29.6533,29.68,1607400,113.14
2015-11-12,29.5233,29.7033,29.2967,29.2967,2419200,112.04
2015-11-13,29.2867,29.3967,28.92,29.0333,1488300,109.84
2015-11-16,29.0167,29.41,29.01,29.39,1824000,111.42
2015-11-17,29.43,29.8167,29.39,29.5867,2051700,111.49
2015-11-18,29.63,29.91,29.4267,29.88,2264700,113.63
2015-11-19,29.95,30.2233,29.79,29.95,1168200,113.71
2015-11-20,30.0767,30.21,29.97,30.0467,598200,114.48
2015-11-23,29.9933,30.0,29.6467,29.6867,1169400,114.15
2015-11-24,29.6233,30.0967,29.4967,30.0367,1676700,114.05
2015-11-25,30.06,30.2067,29.9467,30.08,462300,114.15
2015-11-27,30.0967,30.3233,30.0967,30.21,588600,114.31
2015-11-30,30.2533,30.6233,30.2433,30.5367,1134900,114.02
2015-12-01,30.7333,31.0133,30.6633,31.01,1731600,115.16
2015-12-02,31.1233,31.2033,30.8033,30.8633,996900,114.45
2015-12-03,31.2733,31.3067,30.52,30.6767,1847700,112.51
2015-12-04,30.6433,31.29,30.5933,31.2067,1254900,115.14
2015-12-07,31.18,31.18,30.8867,30.9533,1502100,114.62
2015-12-08,30.54,30.7833,30.4,30.69,1609200,114.63
2015-12-09,30.69,30.7233,30.1433,30.29,1364700,112.89
2015-12-10,30.2633,30.6867,30.2433,30.4367,1127400,113.4
2015-12-11,30.1267,30.2333,29.82,29.8667,2222100,110.79
2015-12-14,29.8533,29.9667,29.3733,29.6733,2588100,111.63
2015-12-15,29.9033,30.2367,29.8033,30.12,1524000,112.31
2015-12-16,30.3033,30.4067,29.87,30.3467,1255200,113.98
2015-12-17,30.5233,30.6,29.9033,29.93,1064700,112.32
2015-12-18,29.7467,29.84,29.5167,29.5833,1937700,109.83
2015-12-21,29.7633,30.1167,29.7433,30.09,953100,111.05
2015-12-22,30.1867,30.2367,29.9,30.1367,796500,111.78
2015-12-23,30.1733,30.3733,30.1267,30.3467,1291200,112.61
2015-12-24,30.2533,30.5167,30.2333,30.4033,506700,112.59
2015-12-28,30.26,30.2833,29.9833,30.2833,342900,112.53
2015-12-29,30.47,30.7767,30.38,30.6367,596400,114.3
2015-12-30,30.6267,30.69,30.3367,30.36,1165800,113.27
2015-12-31,30.24,30.2533,29.93,29.9467,776700,111.86
2016-01-04,29.3433,29.6,29.1667,29.6,1023000,109.5
2016-01-05,29.6567,29.7167,29.2567,29.32,1329000,109.31
2016-01-06,28.69,28.8167,28.24,28.3067,1541100,108.26
2016-01-07,27.76,28.16,27.4533,27.5133,2026800,104.87
2016-01-08,27.7033,27.8067,27.0467,27.1167,1465200,104.01
2016-01-11,27.29,27.4567,26.8433,27.21,1000800,104.33
2016-01-12,27.51,27.6967,27.0567,27.4367,1073700,105.54
2016-01-13,27.4433,27.6533,26.5567,26.5633,1756200,101.9
2016-01-14,26.6967,27.2533,26.3333,27.11,1294200,104.07
2016-01-15,26.04,26.23,25.54,25.8867,1663800,100.84
2016-01-19,26.2733,26.4933,25.7033,25.93,986100,101.06
2016-01-20,25.6033,26.36,25.38,26.1,1718700,100.75
2016-01-21,26.36,26.81,26.1233,26.4867,1162200,100.85
2016-01-22,26.99,27.16,26.8067,26.97,1642800,103.77
2016-01-25,26.91,26.9667,26.5467,26.5967,1261500,102.23
2016-01-26,26.67,27.0533,26.5867,26.8433,1683300,103.15
2016-01-27,26.7567,27.0433,26.43,26.5367,1650000,100.58
2016-01-28,26.6467,26.7933,26.26,26.4767,525000,102.0
2016-01-29,26.6967,27.68,26.6967,27.6767,1774500,104.13
2016-02-01,27.46,27.9433,27.39,27.8,1923600,104.41
2016-02-02,27.5,27.5,26.8067,26.8833,1210200,102.15
2016-02-03,27.2367,27.2367,26.4033,26.9467,1507800,101.66
2016-02-04,26.9467,27.5833,26.9233,27.4133,1115400,101.65
2016-02-05,27.2933,27.2933,26.3633,26.4733,2381400,98.12
2016-02-08,26.0267,26.0367,25.3967,25.8067,3249300,96.62
2016-02-09,25.4933,26.1133,25.4367,25.66,859200,96.32
2016-02-10,25.8667,26.0933,25.4333,25.46,2616000,96.69
2016-02-11,25.0567,25.4067,24.9333,25.2633,1256100,96.55
2016-02-12,25.5433,25.8467,25.19,25.8167,1213500,98.02
2016-02-16,26.16,26.86,26.0767,26.7233,1281300,100.23
2016-02-17,26.9,27.4133,26.86,27.36,1126200,102.5
2016-02-18,27.5667,27.59,27.2033,27.23,1015200,101.33
2016-02-19,27.2767,27.51,27.16,27.35,545400,101.63
2016-02-22,27.6233,27.9233,27.6233,27.78,1787400,103.28
2016-02-23,27.6433,27.6933,27.29,27.3433,764100,101.58
2016-02-24,27.0167,27.7667,26.85,27.7067,1031700,102.55
2016-02-25,27.7967,28.07,27.49,28.0433,1239000,103.56
2016-02-26,28.29,28.3267,28.1033,28.2233,921300,103.43
2016-02-29,28.2767,28.65,28.1567,28.1567,1171200,102.5
2016-03-01,28.3633,28.9533,28.35,28.9167,1164900,105.79
2016-03-02,28.8733,29.1133,28.8667,29.0967,1033200,105.83
2016-03-03,29.1067,29.2033,28.9167,29.13,869400,105.63
2016-03-04,29.33,29.6733,29.1133,29.43,1378500,105.67
2016-03-07,29.25,29.67,29.1467,29.5633,1113600,105.02
2016-03-08,29.33,29.35,28.8533,28.8933,1032900,104.15
2016-03-09,28.9733,29.17,28.88,29.0967,578700,104.82
2016-03-10,29.28,29.5267,28.85,29.2433,2480700,104.66
2016-03-11,29.56,29.83,29.5,29.8,656100,106.49
2016-03-14,29.6867,29.8267,29.5967,29.73,752400,106.67
2016-03-15,29.63,29.6567,29.4133,29.6533,2064300,106.63
2016-03-16,29.4667,29.9567,29.4667,29.92,1463400,107.58
2016-03-17,29.83,30.2033,29.7833,30.1267,940200,107.52
2016-03-18,30.1667,30.56,30.0933,30.5233,1722300,107.37
2016-03-21,30.4233,30.6,30.3033,30.5633,672000,107.79
2016-03-22,30.4133,30.6733,30.34,30.5567,653100,108.12
2016-03-23,30.42,30.4467,30.06,30.0667,735600,107.23
2016-03-24,29.88,30.0633,29.72,30.0467,602400,107.26
2016-03-28,30.11,30.1467,29.9033,30.03,476100,107.11
2016-03-29,29.9,30.4667,29.76,30.4433,1197600,108.83
2016-03-30,30.6033,30.9,30.5867,30.71,688800,109.36
2016-03-31,30.6667,30.6933,30.53,30.54,536700,109.2
2016-04-01,30.2767,30.7633,30.2433,30.75,453000,110.36
2016-04-04,30.73,30.7533,30.4167,30.4767,653700,109.94
2016-04-05,30.2933,30.5133,30.1733,30.3067,541500,108.88
2016-04-06,30.2733,30.6233,30.0233,30.5967,5235600,110.67
2016-04-07,30.48,30.48,30.0167,30.13,1107300,109.08
2016-04-08,30.47,30.55,30.1633,30.27,1175400,109.0
2016-04-11,30.4133,30.71,30.2533,30.2633,789300,108.6
2016-04-12,30.3033,30.3367,29.8333,30.22,1233000,109.51
2016-04-13,30.4267,30.9233,30.41,30.8967,1008600,110.91
2016-04-14,30.6267,30.7067,30.3533,30.66,725700,110.92
2016-04-15,30.5933,30.6367,30.3633,30.3967,1100100,110.64
2016-04-18,30.2867,30.4733,30.23,30.4,980100,111.23
2016-04-19,30.4667,30.4967,29.9033,30.03,1293000,110.55
2016-04-20,29.9533,30.4533,29.95,30.3167,1105500,110.64
2016-04-21,30.3067,30.3067,29.9933,30.1367,825300,110.65
2016-04-22,30.16,30.4567,29.9467,30.19,731400,108.98
2016-04-25,30.0967,30.27,29.92,30.01,1796100,108.98
2016-04-26,30.2367,30.6867,30.2333,30.41,1356300,108.45
2016-04-27,30.11,30.77,30.08,30.72,1516800,107.58
2016-04-28,30.5567,30.7233,29.8367,29.9167,1489500,106.28
2016-04-29,29.8,29.8,28.9033,29.1267,2604000,105.72
2016-05-02,29.2033,29.3867,28.9767,29.3467,1144200,106.72
2016-05-03,29.0533,29.19,28.88,29.0133,3286800,105.73
2016-05-04,28.8033,29.0067,28.5833,28.6833,2537100,105.05
2016-05-05,28.85,29.03,28.65,28.7533,1178100,105.02
2016-05-06,28.63,28.8133,28.3967,28.7933,1242000,105.58
2016-05-09,28.8467,29.0,28.6733,28.7567,975000,105.88
2016-05-10,28.8367,29.11,28.6633,29.0967,830100,107.33
2016-05-11,28.9867,29.2867,28.9867,29.0267,2676300,106.36
2016-05-12,29.0933,29.1467,28.2767,28.5067,1212000,105.89
2016-05-13,28.5867,28.8467,28.5267,28.61,1603500,105.5
2016-05-16,28.6267,29.2667,28.5267,29.07,712800,106.82
2016-05-17,29.0267,29.1867,28.7933,28.88,624000,105.48
2016-05-18,28.76,29.5833,28.76,29.33,2003400,105.86
2016-05-19,29.14,29.3867,28.9133,29.1667,1394700,105.31
2016-05-20,29.52,30.08,29.5167,30.05,1679400,106.47
2016-05-23,30.25,30.53,30.25,30.26,735900,106.33
2016-05-24,30.51,31.0267,30.4733,30.99,1587600,108.46
2016-05-25,31.18,31.2567,30.9333,31.1733,1248600,109.24
2016-05-26,31.22,31.35,31.1433,31.2767,912300,109.56
2016-05-27,31.25,31.5267,31.25,31.4733,861600,110.13
2016-05-31,31.5333,31.6867,31.4467,31.6567,2144400,110.34
2016-06-01,31.63,31.8633,31.5067,31.8233,1314300,110.35
2016-06-02,31.7667,31.83,31.6267,31.83,740700,110.58
2016-06-03,32.1067,32.1233,31.7367,31.9233,1316100,110.06
2016-06-06,31.9433,32.1133,31.7967,31.85,1886100,110.46
2016-06-07,31.9867,32.2167,31.9833,32.1533,1399200,110.18
2016-06-08,32.1533,32.2233,32.04,32.14,418800,110.37
2016-06-09,31.9333,32.1933,31.8233,32.1767,1087200,110.19
2016-06-10,31.85,31.85,31.5367,31.65,1038900,108.94
2016-06-13,31.4467,31.8367,31.42,31.4867,1664400,108.03
2016-06-14,31.3833,31.56,31.1767,31.4767,1265700,108.03
2016-06-15,31.6367,31.69,31.42,31.4733,706500,107.72
2016-06-16,31.1633,31.49,30.93,31.47,4066500,108.04
2016-06-17,31.42,31.42,30.9767,31.2033,1817700,106.49
2016-06-20,31.6567,31.9267,31.5333,31.55,1106100,107.16
2016-06-21,31.5833,31.6433,31.4367,31.55,966600,107.5
2016-06-22,31.5967,31.8533,31.4833,31.52,918900,107.24
2016-06-23,31.9333,32.3433,31.8367,32.3067,1099200,108.77
2016-06-24,30.94,31.4367,30.4367,30.5533,2657100,104.29
2016-06-27,30.1367,30.14,29.1133,29.3133,5307000,102.22
2016-06-28,29.77,30.14,29.69,30.08,2741700,104.46
2016-06-29,30.4333,30.7767,30.3233,30.6867,2353800,106.31
2016-06-30,30.7267,31.2467,30.6667,31.2133,1577400,107.54
2016-07-01,30.9767,31.0633,30.8933,30.9567,1338000,108.08
2016-07-05,30.7133,30.7133,30.2067,30.39,2583300,107.42
2016-07-06,30.17,30.48,29.8767,30.43,1725300,108.3
2016-07-07,30.4767,31.0267,30.4767,30.8,1184100,108.62
2016-07-08,31.1167,31.6833,31.1,31.6567,1075200,110.3
2016-07-11,31.8967,32.15,31.8733,32.0133,960900,110.93
2016-07-12,32.3067,32.54,32.2467,32.43,3075300,111.49
2016-07-13,32.5467,32.6667,32.42,32.47,1431000,111.22
2016-07-14,32.7633,32.7967,32.5,32.7067,1401300,111.98
2016-07-15,32.7133,32.7533,32.5667,32.6967,1151100,111.8
2016-07-18,33.11,33.2367,33.0167,33.1767,1426200,112.54
2016-07-19,33.1233,33.1533,32.96,33.0633,845400,112.13
2016-07-20,33.25,33.67,33.1433,33.5867,1967100,113.44
2016-07-21,33.62,33.64,33.2133,33.35,1458000,113.18
2016-07-22,33.2367,33.5367,33.0333,33.5167,1398900,113.65
2016-07-25,33.51,33.7733,33.51,33.71,710100,113.66
2016-07-26,34.0333,35.1733,34.0333,35.0167,4409700,113.79
2016-07-27,35.33,35.3433,34.81,35.0133,3430500,114.58
2016-07-28,34.8567,35.0533,34.6667,34.82,2495700,114.98
2016-07-29,34.8133,34.9267,34.51,34.6667,1017000,115.23
2016-08-01,34.7433,34.82,34.5733,34.6933,1479300,115.84
2016-08-02,34.63,34.63,33.9533,34.16,4523400,114.96
2016-08-03,33.9767,34.21,33.97,34.2033,1248900,115.34
2016-08-04,34.29,34.5367,34.2267,34.5233,1218600,115.67
2016-08-05,34.7267,35.0,34.6767,34.9633,1239000,116.78
2016-08-08,35.0833,35.1667,34.86,34.9233,695700,116.65
2016-08-09,35.1167,35.32,35.0567,35.2067,1128000,116.92
2016-08-10,35.2367,35.2767,34.82,34.9667,2446800,116.62
2016-08-11,35.1167,35.1467,34.9167,35.1,1129500,117.12
2016-08-12,35.1667,35.34,35.13,35.2633,575100,117.2
2016-08-15,35.3367,35.83,35.3367,35.7433,683100,117.7
2016-08-16,35.6867,35.6867,35.4533,35.4933,1883100,117.05
2016-08-17,35.5067,35.5133,35.2967,35.4867,1782300,117.26
2016-08-18,35.4967,35.7467,35.4667,35.7433,693000,117.29
2016-08-19,35.7767,36.1367,35.7767,36.05,1472400,117.26
2016-08-22,35.9933,36.1533,35.9133,36.0667,770700,117.35
2016-08-23,36.2267,36.4033,36.2267,36.2433,825600,117.56
2016-08-24,36.2933,36.3233,35.85,35.9433,917700,116.8
2016-08-25,35.8333,36.2567,35.8333,36.09,940200,116.61
2016-08-26,36.15,36.5233,36.0067,36.25,932100,116.78
2016-08-29,36.4033,36.5333,36.35,36.3933,810900,116.94
2016-08-30,36.4,36.6,36.1933,36.3233,3181200,116.56
2016-08-31,36.3133,36.3533,36.0967,36.3,1447200,116.44
2016-09-01,36.4033,36.6133,36.1167,36.5867,1393800,116.74
2016-09-02,36.75,36.7767,36.3833,36.55,1664400,117.12
2016-09-06,36.6133,36.6633,36.28,36.4667,1085400,117.85
2016-09-07,36.52,36.5267,36.1233,36.19,3814200,117.92
2016-09-08,36.0733,36.2233,35.9133,36.1267,1353300,117.23
2016-09-09,35.8433,35.8433,34.7367,34.8433,2546400,114.28
2016-09-12,34.56,35.5333,34.4433,35.4933,2162700,116.33
2016-09-13,35.3167,35.6167,35.0033,35.18,1202100,115.29
2016-09-14,35.09,35.5767,35.0433,35.49,1094100,115.84
2016-09-15,35.4733,36.3767,35.4267,36.31,1795500,117.64
2016-09-16,36.5767,36.69,36.0433,36.32,1916100,117.29
2016-09-19,36.5467,36.8967,36.2433,36.3633,1180500,116.78
2016-09-20,36.5733,36.5967,36.11,36.2,1076100,117.0
2016-09-21,36.38,36.7567,36.2233,36.7,1295700,118.15
2016-09-22,36.94,37.05,36.7133,36.82,1056600,119.09
2016-09-23,36.7667,36.7833,36.3967,36.4433,818100,118.33
2016-09-26,36.0333,36.1533,35.7833,35.9333,1149300,117.34
2016-09-27,35.85,36.56,35.83,36.5533,1034700,118.5
2016-09-28,36.6867,36.8133,36.4033,36.6267,840600,118.7
2016-09-29,36.6433,37.3067,36.2433,37.0767,2580900,117.84
2016-09-30,37.2967,37.9067,37.2967,37.6633,1372500,118.72
2016-10-03,37.7533,37.9167,37.3367,37.41,3632100,118.55
2016-10-04,37.5667,37.6833,37.17,37.3133,1019400,118.37
2016-10-05,37.4333,37.85,37.3433,37.5867,3852600,118.79
2016-10-06,37.56,37.8367,37.3267,37.8067,2603700,118.73
2016-10-07,37.8667,37.8667,37.41,37.75,1383900,118.47
2016-10-10,37.9267,38.07,37.5467,37.56,1210500,119.22
2016-10-11,37.5133,37.5133,36.45,36.7733,1871400,117.52
2016-10-12,36.75,36.76,36.3233,36.65,1567500,117.42
2016-10-13,36.3233,36.3233,35.6333,36.2167,2082000,117.0
2016-10-14,36.5467,36.9167,36.4567,36.49,1365000,117.14
2016-10-17,36.4533,36.65,36.28,36.3,701100,116.82
2016-10-18,36.7467,36.87,36.65,36.72,891600,117.86
2016-10-19,36.4,36.6133,36.22,36.5667,1192200,117.85
2016-10-20,36.5,36.9567,36.2767,36.8233,2059800,117.71
2016-10-21,36.53,36.7667,36.3833,36.73,1095900,118.15
2016-10-24,36.9233,37.4267,36.9233,37.4033,711000,119.57
2016-10-25,37.4233,37.5367,37.3,37.37,823500,119.19
2016-10-26,37.0833,37.5367,37.0533,37.3167,1119900,118.38
2016-10-27,37.68,37.7667,37.0933,37.1433,1385700,117.84
2016-10-28,37.2933,37.5167,36.88,36.92,1798500,117.1
2016-10-31,37.05,37.2967,37.05,37.12,913200,116.99
2016-11-01,37.1267,37.42,36.3867,36.79,1674000,116.11
2016-11-02,36.8133,37.0167,36.4267,36.5467,2461200,115.18
2016-11-03,36.5633,36.8033,36.35,36.4833,1512600,114.05
2016-11-04,36.27,36.5733,36.0,36.2533,1259100,113.65
2016-11-07,36.9267,37.2967,36.78,37.2733,4797900,116.35
2016-11-08,37.2633,37.59,37.0533,37.35,1226100,117.11
2016-11-09,36.5133,37.2933,36.3333,37.1733,3111000,117.65
2016-11-10,37.39,37.6333,36.0333,36.37,6669000,115.75
2016-11-11,36.7833,37.8233,36.7833,37.7633,2595300,115.8
2016-11-14,37.95,37.9533,37.4667,37.5667,1340100,114.63
2016-11-15,37.72,38.37,37.63,38.27,1415100,116.22
2016-11-16,38.2033,38.7433,38.1933,38.71,1212300,116.91
2016-11-17,38.8567,39.32,38.6233,39.1267,1084500,117.76
2016-11-18,39.01,39.46,39.01,39.41,1064400,117.32
2016-11-21,39.53,39.7333,39.3933,39.6733,1140300,118.54
2016-11-22,39.8833,40.1333,39.8467,40.0967,1418700,118.9
2016-11-23,40.1133,40.23,39.9,40.1467,1044000,118.42
2016-11-25,40.22,40.2367,40.0433,40.2167,411900,118.8
2016-11-28,40.12,40.28,40.03,40.0967,661500,118.53
2016-11-29,40.0667,40.26,39.8333,40.0233,1172700,118.94
2016-11-30,40.0033,40.1067,39.7767,39.7933,591900,117.5
2016-12-01,39.7633,39.7633,37.6233,37.85,3488400,115.47
2016-12-02,37.7967,38.3833,37.6667,38.3167,2997000,115.7
2016-12-05,38.65,38.9067,38.3967,38.7833,1120500,116.6
2016-12-06,38.8933,39.3633,38.8933,39.32,1454700,116.88
2016-12-07,39.2967,40.2267,39.1667,40.13,1300500,118.36
2016-12-08,40.2367,40.7167,40.1867,40.48,1262700,118.57
2016-12-09,40.8067,40.89,40.06,40.3433,1004400,119.5
2016-12-12,40.1833,40.2533,39.7067,40.0267,2093700,118.96
2016-12-13,40.1667,40.7567,40.1133,40.4933,1004100,120.46
2016-12-14,40.51,40.7167,40.3167,40.4567,1989300,120.21
2016-12-15,40.6233,41.3233,40.5533,41.1467,2221200,120.4
2016-12-16,41.39,41.4733,40.5467,40.73,1474200,119.6
2016-12-19,40.8367,41.29,40.7867,41.1333,1245600,120.09
2016-12-20,41.5467,41.6067,41.3467,41.5267,2156700,120.55
2016-12-21,41.5167,41.6167,41.3633,41.43,787200,120.46
2016-12-22,41.8867,41.8967,41.4733,41.63,869400,120.12
2016-12-23,41.59,41.8667,41.52,41.8433,480000,120.2
2016-12-27,41.9267,42.4233,41.9067,42.36,1408500,120.82
2016-12-28,42.6033,42.6367,41.5333,41.5567,1738500,119.88
2016-12-29,41.3667,41.55,41.1133,41.55,1046700,119.71
2016-12-30,41.7,41.8867,40.7733,40.9067,3403800,118.48
2017-01-03,41.0467,41.4933,40.5567,40.9067,2654100,119.54
2017-01-04,41.11,41.22,40.83,41.02,1354200,120.19
2017-01-05,41.0433,41.26,40.5933,40.67,942000,120.87
2017-01-06,40.77,41.11,40.5133,40.9933,875100,121.93
2017-01-09,41.1367,41.5933,41.11,41.4267,883800,122.33
2017-01-10,41.4567,41.7233,41.4,41.6267,690900,122.6
2017-01-11,41.67,41.7767,41.4667,41.77,1630200,122.93
2017-01-12,41.5433,41.65,40.7933,41.42,1354500,122.74
2017-01-13,41.48,41.79,41.43,41.69,849600,123.16
2017-01-17,41.5367,41.5633,40.8833,41.02,1092600,122.79
2017-01-18,41.07,41.61,41.03,41.58,1156500,123.04
2017-01-19,41.5167,41.86,41.3667,41.3933,2727600,122.98
2017-01-20,41.8133,42.1833,41.7633,41.9267,1929900,123.25
2017-01-23,41.77,41.86,41.3467,41.67,1053900,123.35
2017-01-24,41.8467,42.5567,41.79,42.4767,3734100,124.18
2017-01-25,43.05,43.2067,42.71,43.1067,2025600,125.43
2017-01-26,43.19,43.19,42.6767,42.8633,1262400,125.56
2017-01-27,43.0833,43.41,43.0833,43.3967,977400,125.8
2017-01-30,43.2,43.2,42.64,43.18,1517400,124.82
2017-01-31,42.9333,42.96,42.3567,42.62,1455000,124.57
2017-02-01,43.08,43.3167,42.8633,43.2967,1792200,125.43
2017-02-02,43.0,43.41,42.7933,43.2767,1416000,125.32
2017-02-03,43.52,43.58,43.3533,43.5,869400,125.68
2017-02-06,43.5867,43.6867,43.3133,43.6533,923100,125.83
2017-02-07,43.9067,43.9767,43.5867,43.8133,594900,126.29
2017-02-08,43.9433,44.0667,43.6667,43.8967,771600,126.5
2017-02-09,43.8733,44.0167,43.46,43.5133,1358100,126.96
2017-02-10,43.8067,43.81,43.0633,43.4867,1551600,127.38
2017-02-13,43.6067,43.8667,43.51,43.5767,929400,128.1
2017-02-14,43.5933,43.5933,43.1867,43.4567,608400,128.53
2017-02-15,43.58,43.8367,43.3567,43.7933,703800,129.29
2017-02-16,43.84,43.9367,43.5833,43.8633,930600,129.25
2017-02-17,43.64,44.0967,43.4933,44.09,996300,129.81
2017-02-21,44.24,44.73,44.24,44.7133,2010900,130.45
2017-02-22,44.6267,44.78,44.5433,44.7233,674700,130.5
2017-02-23,44.67,44.6733,43.7067,43.9967,1778100,130.01
2017-02-24,43.2933,43.9733,43.1333,43.9667,1569600,130.26
2017-02-27,43.99,44.4033,43.8933,44.3867,3659400,130.42
2017-02-28,44.4667,44.4667,43.73,43.82,1295400,130.02
2017-03-01,44.3467,44.5633,43.92,44.5033,1316700,131.44
2017-03-02,44.6067,44.7167,44.0,44.0467,1290300,130.78
2017-03-03,44.0967,44.13,43.7667,44.0233,1290000,131.02
2017-03-06,43.9,44.1233,43.5367,44.0467,1598400,130.73
2017-03-07,43.97,44.4333,43.8367,44.1433,1624500,130.51
2017-03-08,44.3233,44.6133,44.1567,44.2467,1757100,130.74
2017-03-09,44.22,44.4067,43.98,44.3333,1020600,130.84
2017-03-10,44.5967,44.9333,44.5967,44.84,2136300,131.39
2017-03-13,44.9767,45.1933,44.89,45.1767,1147500,131.61
2017-03-14,45.0567,45.09,44.6733,45.0433,1066800,131.29
2017-03-15,45.1,45.4833,44.8833,45.4,1108200,132.1
2017-03-16,45.5467,45.5567,45.2667,45.3533,932700,132.01
2017-03-17,45.51,45.51,45.3033,45.4467,1832100,131.69
2017-03-20,45.5633,45.94,45.4067,45.7833,1138200,131.81
2017-03-21,45.9,45.9867,44.6233,44.71,1962600,129.81
2017-03-22,44.7533,45.2333,44.5967,45.1833,1676400,130.69
2017-03-23,45.1767,45.28,44.9533,45.0833,1530900,130.36
2017-03-24,45.5367,45.8567,45.12,45.2933,1596000,130.63
2017-03-27,44.86,45.4667,44.6733,45.36,1449900,130.84
2017-03-28,45.45,45.68,45.23,45.5033,851400,131.64
2017-03-29,45.5233,45.5233,45.2567,45.3933,1064400,132.25
2017-03-30,45.4167,45.7267,45.3467,45.6267,831000,132.47
2017-03-31,45.6733,45.8567,45.4833,45.63,616500,132.38
2017-04-03,45.65,45.76,45.0467,45.34,2164800,132.3
2017-04-04,45.0567,45.4067,44.9833,45.1133,1366800,132.51
2017-04-05,45.2433,45.55,44.77,44.8,1259400,131.97
2017-04-06,44.77,44.97,44.4133,44.87,1165500,132.04
2017-04-07,44.8867,45.2,44.76,45.0633,757200,131.97
2017-04-10,45.0667,45.11,44.61,44.7167,810300,132.02
2017-04-11,44.4967,44.51,43.6967,44.3567,1602000,131.45
2017-04-12,44.2333,44.2933,43.49,43.5933,1704600,130.92
2017-04-13,43.3333,43.96,43.2867,43.3033,1309200,130.4
2017-04-17,43.4733,43.8667,43.4733,43.8433,1329900,131.48
2017-04-18,43.6,44.0733,43.57,44.0467,1325700,131.28
2017-04-19,44.4067,44.68,44.21,44.2767,1701600,131.49
2017-04-20,44.6033,45.0567,44.3833,44.9767,1669800,132.59
2017-04-21,44.83,44.8767,44.41,44.7867,1922400,132.56
2017-04-24,45.4433,45.5767,45.2667,45.43,1482300,134.16
2017-04-25,45.65,45.9633,45.54,45.8933,1269900,135.13
2017-04-26,45.83,45.9167,45.3467,45.5167,3504000,134.94
2017-04-27,45.8433,46.22,45.7533,46.1567,1099200,135.75
2017-04-28,46.0467,46.0467,45.25,45.37,3133800,135.99
2017-05-01,45.48,45.8333,45.2533,45.82,2065500,137.2
2017-05-02,45.7,45.7,45.1033,45.3367,3398700,137.43
2017-05-03,45.0967,45.56,45.0833,45.4933,1144800,136.99
2017-05-04,45.65,45.65,45.2667,45.46,1219500,137.04
2017-05-05,45.58,45.64,45.2133,45.64,902100,137.54
2017-05-08,45.6167,45.7,45.3733,45.46,801900,137.84
2017-05-09,45.5233,46.0433,45.46,45.91,1281000,138.32
2017-05-10,46.4767,46.97,46.4633,46.8833,2503500,138.4
2017-05-11,46.8467,47.27,46.4667,47.0533,2091000,138.29
2017-05-12,47.1167,47.2433,46.9167,47.1867,573300,138.6
2017-05-15,47.3867,47.9467,47.25,47.9167,1123200,139.04
2017-05-16,48.14,48.6233,47.9167,48.6033,1067400,139.62
2017-05-17,48.0333,48.13,46.4667,46.5067,3091200,136.07
2017-05-18,46.5267,47.5067,46.3867,47.3733,2103600,137.26
2017-05-19,47.8167,48.0633,47.7733,47.8967,2681100,137.84
2017-05-22,48.2067,48.44,48.0967,48.42,2000100,139.0
2017-05-23,48.4633,48.4667,47.8567,48.2267,760200,139.14
2017-05-24,48.55,48.63,48.3167,48.54,1018800,139.78
2017-05-25,48.6867,48.96,48.4733,48.7867,1013400,140.97
2017-05-26,48.7467,49.0333,48.4667,49.01,789600,141.22
2017-05-30,49.0067,49.4567,48.95,49.3367,1176900,141.34
2017-05-31,49.69,49.79,49.0933,49.33,1605300,141.29
2017-06-01,49.52,49.52,49.1,49.38,1063200,141.84
2017-06-02,49.6933,49.9433,49.32,49.8833,1297500,143.46
2017-06-05,49.8667,50.27,49.8467,50.0033,986700,143.43
2017-06-06,49.8167,50.51,49.7433,50.1667,1240800,142.86
2017-06-07,50.4167,50.74,50.2833,50.54,1262700,143.42
2017-06-08,50.95,51.4833,50.51,51.4633,1617600,143.57
2017-06-09,51.84,51.9833,48.3033,49.3,5103600,139.98
2017-06-12,48.6833,49.1967,47.6033,49.0167,5277300,139.23
2017-06-13,49.7633,49.8333,48.7467,49.35,3216600,140.36
2017-06-14,49.5533,49.5533,48.29,48.8333,2112300,139.75
2017-06-15,48.0167,48.5967,47.9533,48.4467,3531900,139.13
2017-06-16,48.5733,48.81,48.1033,48.2533,1588800,138.15
2017-06-19,48.7867,49.25,48.7467,49.17,1455600,140.46
2017-06-20,49.43,49.49,48.6067,48.6167,1193100,139.36
2017-06-21,48.8433,49.1933,48.6467,49.18,1386900,140.74
2017-06-22,49.1667,49.2867,48.8333,49.0667,1299900,140.7
2017-06-23,49.15,49.49,48.92,49.2133,973200,141.24
2017-06-26,49.4933,49.76,48.53,48.79,1882800,140.58
2017-06-27,48.4967,48.4967,47.35,47.37,1921500,138.03
2017-06-28,47.6433,48.2433,47.1867,48.19,2285400,140.02
2017-06-29,47.9967,47.9967,46.3467,46.99,2949300,137.59
2017-06-30,47.1367,47.3833,46.53,46.7333,1492800,137.64
2017-07-03,47.11,47.1733,46.0767,46.0933,1771800,136.19
2017-07-05,46.2433,47.11,46.2433,47.0367,1918200,137.53
2017-07-06,46.6,47.2333,46.38,46.83,2063100,136.29
2017-07-07,47.0567,47.81,47.0567,47.62,3374400,137.76
2017-07-10,47.8033,48.2933,47.5033,48.17,978300,138.66
2017-07-11,48.0433,48.59,48.0133,48.57,965400,139.05
2017-07-12,49.0567,49.4533,48.8833,49.3467,1678200,140.7
2017-07-13,49.4,49.72,49.0467,49.1933,1532700,141.01
2017-07-14,49.4633,49.88,49.3467,49.8533,1234500,142.12
2017-07-17,50.0233,50.04,49.4833,49.65,693300,142.19
2017-07-18,49.3533,49.8133,49.17,49.8033,1017000,143.14
2017-07-19,50.09,50.2767,49.92,50.2633,1410600,143.98
2017-07-20,50.2833,50.4767,49.8667,50.41,1527000,144.17
2017-07-21,50.08,50.08,49.7333,49.98,984000,144.11
2017-07-24,50.0533,50.0533,49.73,49.83,1212600,144.77
2017-07-25,49.7267,49.9067,49.2733,49.7867,1203600,144.4
2017-07-26,50.23,50.55,50.05,50.3333,2004600,144.87
2017-07-27,50.4833,50.55,48.9767,49.5667,2827800,143.96
2017-07-28,49.34,49.58,49.1333,49.3767,1205700,143.84
2017-07-31,49.3833,49.64,48.8567,48.9933,1517400,143.23
2017-08-01,49.14,49.3,48.9,49.2967,1002000,143.56
2017-08-02,49.58,49.6867,48.6,48.94,1741200,143.95
2017-08-03,48.91,49.0667,48.5167,48.7567,1347300,143.39
2017-08-04,48.79,49.17,48.6333,48.7767,1283700,143.65
2017-08-07,48.9033,49.64,48.9033,49.6167,949200,144.56
2017-08-08,49.66,50.0533,49.3133,49.4733,818700,144.31
2017-08-09,49.0833,49.3533,48.8633,49.3067,706500,144.12
2017-08-10,48.9933,49.01,47.89,47.93,1627500,141.03
2017-08-11,47.7067,48.2833,47.5933,48.2,1044300,142.1
2017-08-14,48.7833,49.4833,48.7767,49.4267,1610100,143.93
2017-08-15,49.6433,49.65,49.2,49.55,531300,144.03
2017-08-16,49.6533,49.84,49.3933,49.63,777900,144.28
2017-08-17,49.3933,49.5233,48.35,48.3767,1209000,141.33
2017-08-18,48.6633,48.81,48.21,48.45,1026900,141.23
2017-08-21,48.52,48.6,47.79,48.09,945900,141.05
2017-08-22,48.5133,48.98,48.45,48.8833,1046700,143.2
2017-08-23,48.4233,49.23,48.3733,49.09,1983900,142.69
2017-08-24,49.2933,49.3633,48.8233,49.0967,1294200,142.27
2017-08-25,49.28,49.3667,48.7833,48.86,684900,141.97
2017-08-28,48.93,49.02,48.74,49.0067,552600,142.41
2017-08-29,48.39,49.21,48.3733,49.0833,1068900,142.97
2017-08-30,49.3467,50.0,49.1733,49.9233,1998900,144.65
2017-08-31,50.0933,50.4833,50.0167,50.4167,1072200,146.2
2017-09-01,50.5067,50.9,50.5067,50.6367,1591200,146.0
2017-09-05,50.4567,50.52,49.5167,49.9433,2806500,144.69
2017-09-06,50.2233,50.2533,49.7867,50.0233,1044000,145.13
2017-09-07,50.12,50.3067,49.8933,50.11,873300,145.47
2017-09-08,50.0767,50.1133,49.3367,49.52,1454100,144.21
2017-09-11,49.9033,50.58,49.9033,50.4633,1305300,145.87
2017-09-12,50.5267,50.8367,50.41,50.69,742200,146.22
2017-09-13,50.6667,50.9067,50.4133,50.79,772800,146.42
2017-09-14,50.5767,51.29,50.57,50.99,1656900,145.56
2017-09-15,51.23,51.9367,51.1267,51.88,1424100,146.06
2017-09-18,52.1833,52.88,52.1833,52.56,1476900,145.55
2017-09-19,52.6833,52.93,52.4,52.7267,1382700,145.8
2017-09-20,52.7867,52.7867,51.2967,52.0,2274900,145.35
2017-09-21,51.9033,51.9633,51.3267,51.7767,864300,144.46
2017-09-22,51.64,52.1067,51.63,52.04,742200,144.32
2017-09-25,51.8533,51.8533,50.7967,51.0367,1795500,142.8
2017-09-26,51.3967,51.3967,50.6433,50.79,1474200,143.17
2017-09-27,51.4033,52.23,51.3367,52.02,1166400,144.46
2017-09-28,51.9667,52.4333,51.8333,52.4033,819900,144.41
2017-09-29,52.6133,52.9267,52.3467,52.8567,918600,145.45
2017-10-02,53.0933,53.42,52.81,53.21,1240500,145.58
2017-10-03,53.2733,53.4833,53.0967,53.3567,536100,145.89
2017-10-04,53.29,53.48,52.98,53.48,873900,146.03
2017-10-05,53.7067,53.7133,53.2167,53.5267,538200,147.46
2017-10-06,53.3333,53.7533,53.33,53.7367,742800,147.66
2017-10-09,53.9467,54.1933,53.8867,54.1467,835200,147.49
2017-10-10,54.6333,54.6333,53.9067,54.45,756300,147.6
2017-10-11,54.4167,54.8367,54.3433,54.8233,859200,148.04
2017-10-12,54.8033,55.01,54.6067,54.65,584400,147.77
2017-10-13,54.9067,55.1933,54.7633,55.0,531900,148.34
2017-10-16,55.1667,55.27,54.89,55.26,543300,148.85
2017-10-17,55.2867,55.2867,54.9467,55.2133,558900,149.04
2017-10-18,55.4167,55.5,54.6733,55.4,712200,148.86
2017-10-19,54.9733,55.2667,54.41,55.26,1063800,148.31
2017-10-20,55.6933,55.8167,55.46,55.5433,1083600,148.71
2017-10-23,55.8133,56.1133,55.55,55.8167,898500,147.74
2017-10-24,55.9733,56.26,55.7633,56.2067,643500,147.99
2017-10-25,55.8967,56.0467,54.9033,55.47,1568100,147.43
2017-10-26,55.5667,55.9133,55.4933,55.7967,1145100,146.96
2017-10-27,56.17,57.04,55.9267,56.9633,1058400,151.24
2017-10-30,56.7833,57.3567,56.7833,57.1167,1579200,151.58
2017-10-31,57.26,57.74,57.1033,57.5733,1031400,152.15
2017-11-01,58.04,58.08,56.86,57.3633,1516500,152.1
2017-11-02,57.4733,57.7967,57.03,57.6467,4100100,151.81
2017-11-03,57.9267,58.67,57.45,58.6667,2683800,153.27
2017-11-06,59.2367,59.5233,58.8133,59.4967,3057600,153.79
2017-11-07,59.43,59.5833,59.0367,59.4433,1299300,153.88
2017-11-08,59.3867,59.6833,59.1533,59.6333,1204500,154.5
2017-11-09,59.1167,59.1167,57.7233,58.44,3302400,153.69
2017-11-10,58.6433,58.8633,58.4767,58.8267,1166400,153.68
2017-11-13,58.6,59.0633,58.5167,58.9967,1308900,153.87
2017-11-14,58.8867,59.11,58.51,58.9433,801900,153.31
2017-11-15,58.5267,58.66,57.94,58.4133,1175700,152.59
2017-11-16,58.6567,59.5267,58.6567,59.2833,1093500,154.54
2017-11-17,59.6333,59.64,58.9233,59.0233,1887300,153.95
2017-11-20,59.3567,59.8233,59.2033,59.7267,1792800,153.83
2017-11-21,60.12,60.4867,60.0033,60.41,3603000,155.5
2017-11-22,60.6233,60.6267,59.9533,60.0433,1203900,155.69
2017-11-24,60.3,60.6233,60.2167,60.5833,556800,156.26
2017-11-27,60.2167,60.2167,59.7233,59.8233,1692900,156.19
2017-11-28,60.06,60.06,59.4833,59.85,1971300,156.59
2017-11-29,59.7833,59.8,56.6333,57.2133,5576700,153.86
2017-11-30,57.8433,58.1167,57.1633,57.52,4293300,155.15
2017-12-01,56.9767,57.2367,55.5033,56.8967,4877700,154.49
2017-12-04,57.5733,57.6433,55.1833,55.53,4886400,152.71
2017-12-05,55.25,56.5867,54.8467,55.5733,5340300,152.81
2017-12-06,55.0267,55.8533,54.7933,55.7533,2170500,153.5
2017-12-07,56.1633,56.47,55.9333,56.2967,2917500,154.02
2017-12-08,56.94,56.9667,55.9567,56.0067,1965900,154.7
2017-12-11,56.0967,56.49,55.94,56.3433,5248200,155.9
2017-12-12,56.2233,56.2233,55.7167,55.7933,1307700,155.69
2017-12-13,55.9867,56.2767,55.75,55.7833,980100,155.99
2017-12-14,55.82,56.0967,55.59,55.7267,889200,155.88
2017-12-15,56.0167,56.7467,55.71,56.6,3382500,157.65
2017-12-18,57.2933,57.8433,57.0,57.8133,3488700,158.64
2017-12-19,57.7,57.86,57.35,57.6467,2278500,157.7
2017-12-20,58.2533,58.3233,57.57,58.0667,1342200,157.53
2017-12-21,58.2567,58.2567,57.37,57.4533,1750500,157.55
2017-12-22,57.2533,57.45,57.0333,57.42,877800,157.37
2017-12-26,56.6967,56.9,56.37,56.8467,680100,156.52
2017-12-27,56.85,57.32,56.7767,57.03,794100,156.54
2017-12-28,57.21,57.3333,57.09,57.19,789000,156.73
2017-12-29,57.2833,57.2833,56.6,56.6033,760200,155.76
2018-01-02,56.91,58.1633,56.84,58.14,2860200,158.49
2018-01-03,58.4567,59.1733,58.3233,59.1567,1326900,160.03
2018-01-04,59.5933,59.69,59.0133,59.49,1335000,160.31
2018-01-05,59.7567,60.0767,59.41,59.83,1170600,161.92
2018-01-08,59.87,60.4867,59.6833,60.3,1622700,162.55
2018-01-09,60.46,60.46,59.64,59.7067,1464600,162.56
2018-01-10,59.03,59.2733,58.5167,58.99,2030400,162.18
2018-01-11,59.18,59.3733,58.9367,59.3433,1047300,163.29
2018-01-12,59.4067,59.79,59.1867,59.6633,1101900,164.49
2018-01-16,60.17,60.5633,59.51,59.86,1462500,164.02
2018-01-17,60.42,61.68,60.3567,61.5967,1136700,165.79
2018-01-18,61.5767,62.1767,61.5033,61.8733,3163800,165.82
2018-01-19,62.1533,62.25,61.57,61.9367,1188600,166.34
2018-01-22,62.0533,62.4133,61.7567,62.3967,1247700,168.12
2018-01-23,62.6933,62.9033,62.4633,62.8967,1467000,169.51
2018-01-24,62.2467,62.46,61.02,61.4567,3006000,168.41
2018-01-25,62.1267,62.2833,60.39,60.39,2254800,168.35
2018-01-26,61.2067,62.33,61.1767,62.32,1667700,170.93
2018-01-29,62.0933,62.6667,61.4933,62.23,1626000,170.1
2018-01-30,61.3333,61.69,60.9133,60.9933,1948500,168.7
2018-01-31,61.71,61.93,61.15,61.49,1163700,169.4
2018-02-01,61.0,62.09,60.9067,61.1867,1255500,167.96
2018-02-02,60.6833,60.73,59.51,59.54,3241800,164.61
2018-02-05,58.6567,59.9733,56.57,56.7367,3915600,158.12
2018-02-06,55.8667,58.86,55.7367,58.79,4045500,162.31
2018-02-07,58.4067,58.93,57.52,57.53,3262200,160.21
2018-02-08,57.8,57.96,55.0667,55.1133,4162200,153.45
2018-02-09,56.3667,57.1,54.3933,56.7,5947800,156.1
2018-02-12,57.4533,58.1667,56.92,57.79,2956200,158.87
2018-02-13,57.4267,57.8433,57.2367,57.7233,1481700,159.69
2018-02-14,57.2733,59.1667,57.16,59.0767,1199100,162.68
2018-02-15,59.6333,59.79,58.3933,59.78,1732500,165.7
2018-02-16,59.4833,60.3133,59.4833,59.5667,929700,164.96
2018-02-20,59.38,61.1667,59.32,60.62,2507400,165.29
2018-02-21,60.9533,61.0,59.8833,59.9233,1435500,164.82
2018-02-22,60.27,60.4133,59.5933,59.79,1460700,164.8
2018-02-23,60.4267,61.07,60.2333,61.07,1424700,168.17
2018-02-26,61.4333,62.4,61.4267,62.3867,1090500,170.4
2018-02-27,62.4133,63.24,62.18,62.18,1369200,168.29
2018-02-28,62.6167,62.74,61.5667,61.6267,1266600,167.21
2018-03-01,61.8433,61.8833,59.9467,60.6533,2850300,164.48
2018-03-02,59.9667,61.7967,59.8267,61.6833,1392600,165.99
2018-03-05,61.3533,62.5367,61.0767,62.2367,1251000,167.83
2018-03-06,62.83,63.3467,62.5,63.1733,1779000,168.54
2018-03-07,62.5167,63.4567,62.5167,63.3767,1167300,168.93
2018-03-08,63.75,63.7867,63.0833,63.4333,1147200,169.86
2018-03-09,63.9433,64.7767,63.7933,64.75,1586400,173.16
2018-03-12,65.2267,65.77,65.02,65.4367,1860300,174.08
2018-03-13,65.2267,65.77,64.1467,64.4267,4230000,171.71
2018-03-14,64.7833,64.7833,63.83,64.42,1641000,171.68
2018-03-15,64.59,64.79,64.0367,64.37,1073100,171.53
2018-03-16,64.46,64.7267,64.2733,64.3433,1035000,171.02
2018-03-19,63.7633,64.0633,62.2233,63.1167,2781600,167.1
2018-03-20,63.25,63.7867,63.1667,63.58,760800,167.65
2018-03-21,63.5067,64.52,63.4267,63.7,1380300,166.92
2018-03-22,62.5933,63.2433,61.8467,61.9,1752000,162.8
2018-03-23,61.79,61.9,59.8167,59.84,3847500,158.51
2018-03-26,61.2433,62.3533,60.4633,62.3367,2399700,164.4
2018-03-27,62.8167,62.9933,59.5333,60.0433,3221700,159.08
2018-03-28,59.63,60.1767,58.4833,58.7433,2980200,157.25
2018-03-29,59.14,60.5867,58.71,60.0167,2504100,160.13
2018-04-02,59.4933,59.9333,57.1533,57.7233,2379600,155.51
2018-04-03,58.4433,58.9767,57.81,58.8167,1673400,157.26
2018-04-04,57.1233,59.73,57.1067,59.5733,2024700,159.74
2018-04-05,59.9467,60.0233,58.58,58.9633,1725000,160.65
2018-04-06,58.1567,58.7933,56.9233,57.18,1179900,156.63
2018-04-09,57.8533,59.2033,57.5067,57.54,1113000,157.73
2018-04-10,58.86,59.7267,58.4867,59.38,1904100,161.21
2018-04-11,59.05,59.9267,58.9433,59.4033,1226400,160.28
2018-04-12,59.8767,60.6867,59.8233,60.5233,1911300,162.21
2018-04-13,61.23,61.3367,59.86,60.0767,1289400,161.37
2018-04-16,60.4333,60.5067,59.6833,60.1833,849300,162.6
2018-04-17,60.66,61.4667,60.5367,61.3233,1097700,166.1
2018-04-18,60.93,61.0667,60.18,60.72,1453500,166.44
2018-04-19,59.5533,59.62,57.89,58.0933,5532900,164.91
2018-04-20,58.08,58.3767,57.1533,57.4067,3552000,162.3
2018-04-23,57.6233,57.7533,56.5,56.6433,2047200,161.89
2018-04-24,57.1367,57.66,55.69,56.1867,3480900,158.46
2018-04-25,56.4367,56.52,55.23,56.1167,4432800,158.65
2018-04-26,57.0033,57.32,56.6433,57.2633,4609200,161.99
2018-04-27,57.99,58.05,56.58,56.8633,3309000,162.09
2018-04-30,56.7667,57.1967,55.9967,56.24,1802100,160.94
2018-05-01,56.1,57.2267,56.0333,57.1633,3127800,162.78
2018-05-02,57.22,57.4,56.67,56.91,1543200,161.82
2018-05-03,56.4633,57.5,56.0333,57.25,2396700,161.8
2018-05-04,56.94,58.6967,56.68,58.5933,1977900,164.87
2018-05-07,59.0733,59.4367,58.86,59.16,1185000,166.24
2018-05-08,59.1233,59.5933,58.8933,59.51,1206300,166.07
2018-05-09,59.73,60.46,59.5967,60.4167,1043700,167.88
2018-05-10,60.7567,61.5433,60.72,61.5167,1242900,169.62
2018-05-11,61.1667,61.6367,60.9567,61.0667,1857900,169.46
2018-05-14,61.83,62.5567,61.7033,61.8133,1653900,169.75
2018-05-15,61.4067,61.58,60.7033,61.1433,1263900,167.87
2018-05-16,61.6267,62.0633,61.1067,61.93,1221300,168.98
2018-05-17,61.7867,62.2533,61.2867,61.75,1301400,168.33
2018-05-18,61.2,61.2867,60.65,60.8667,2072700,167.46
2018-05-21,61.7633,62.0833,60.9367,61.4767,1473300,168.4
2018-05-22,62.0,62.29,61.61,61.82,1496400,168.18
2018-05-23,61.34,62.1733,61.0833,62.1533,1039200,169.6
2018-05-24,62.1967,62.5367,61.63,62.4033,1136100,169.55
2018-05-25,62.4,62.9967,62.3,62.9067,1400700,169.72
2018-05-29,62.64,63.0533,62.0933,62.5267,1538400,168.97
2018-05-30,62.8667,63.4033,62.6233,62.9333,2143500,170.18
2018-05-31,62.83,63.1167,62.3767,62.4767,1606500,170.07
2018-06-01,63.0367,63.9,62.8133,63.9,1060500,172.74
2018-06-04,64.07,64.48,63.8267,64.4067,1170900,174.3
2018-06-05,64.5767,64.8867,64.3333,64.7133,641400,174.84
2018-06-06,64.79,65.1233,64.4433,65.1233,1268100,175.86
2018-06-07,65.1867,65.26,64.08,64.5433,2082900,174.43
2018-06-08,63.8067,64.09,63.4533,63.9667,2429700,174.44
2018-06-11,63.87,64.1667,63.6333,63.8433,1277700,174.91
2018-06-12,64.0067,64.2167,63.6,64.1733,932400,175.83
2018-06-13,64.2133,64.7567,64.0067,64.0767,9156900,175.82
2018-06-14,64.4467,64.77,64.0733,64.46,1635600,177.6
2018-06-15,64.0433,64.48,63.8167,64.4033,1122600,176.98
2018-06-18,63.9933,63.9933,63.1933,63.7833,1675800,176.5
2018-06-19,62.83,63.13,62.1233,63.0833,2631000,176.0
2018-06-20,63.4433,63.71,63.0967,63.3867,2007300,177.25
2018-06-21,63.8133,63.84,62.5067,62.6,1245900,175.71
2018-06-22,62.9033,62.9433,61.9833,62.1033,1116300,175.32
2018-06-25,61.4367,61.4367,59.5033,60.2767,5441100,171.37
2018-06-26,60.2667,60.5833,59.9833,60.2833,11004000,172.07
2018-06-27,60.6033,60.7433,58.8133,58.8433,2364000,169.73
2018-06-28,58.6667,59.4233,58.59,59.29,4067700,171.19
2018-06-29,59.8333,60.1367,59.4133,59.4133,1278000,171.65
2018-07-02,58.9,59.8,58.4467,59.7867,2097300,172.8
2018-07-03,60.04,60.1267,58.64,58.6967,1141500,170.8
2018-07-05,59.22,60.2767,59.22,60.2667,1341000,172.92
2018-07-06,60.2633,61.1067,59.94,61.0067,2263200,175.61
2018-07-09,61.62,61.6367,60.68,61.3967,1360200,177.19
2018-07-10,61.51,62.1767,61.4167,62.0467,1403400,177.32
2018-07-11,61.0467,61.41,60.4033,60.4533,1998600,176.42
2018-07-12,60.2967,60.9433,59.92,60.86,2267400,179.46
2018-07-13,61.0333,61.0333,60.55,60.64,802200,179.61
2018-07-16,60.7267,60.9633,60.5067,60.5567,612600,179.18
2018-07-17,60.15,61.4467,60.0533,61.4267,4140600,180.27
2018-07-18,61.7033,62.0067,61.5,61.9,923400,179.93
2018-07-19,61.78,62.0133,61.36,61.7633,871500,179.03
2018-07-20,61.7,61.8167,61.16,61.4733,871800,178.99
2018-07-23,61.1567,61.66,60.3633,61.5567,1001100,179.56
2018-07-24,61.94,62.24,60.8,60.8867,1884000,180.3
2018-07-25,60.86,61.17,60.08,61.1167,10230000,182.82
2018-07-26,61.5233,62.35,61.5233,62.31,7296300,180.05
2018-07-27,62.3533,62.9133,61.5767,62.0333,5193300,177.62
2018-07-30,62.0067,62.1767,61.1233,61.4267,2500200,175.11
2018-07-31,61.8367,62.6967,61.7233,61.8333,2271000,176.45
2018-08-01,61.8933,62.39,61.4767,61.7433,3727800,177.12
2018-08-02,61.1867,62.43,60.9667,62.35,2253300,179.53
2018-08-03,62.39,62.5367,62.0967,62.48,1344300,180.08
2018-08-06,62.36,62.8667,62.0233,62.8567,777900,181.14
2018-08-07,63.16,63.3967,62.9167,63.3567,9879900,181.8
2018-08-08,63.3667,63.6333,63.1167,63.5033,1116600,182.02
2018-08-09,63.22,63.31,62.8633,62.8767,2218800,181.91
2018-08-10,61.5733,61.8433,61.0267,61.3167,3248100,180.52
2018-08-13,61.4267,61.94,61.3333,61.4067,1687500,180.32
2018-08-14,61.7667,61.8633,61.2333,61.2833,1609500,181.45
2018-08-15,60.7567,61.01,59.81,60.4333,3067800,179.23
2018-08-16,60.8333,60.9167,60.1933,60.3567,1419900,179.82
2018-08-17,59.82,60.0667,59.0133,59.9067,2195400,179.86
2018-08-20,59.99,60.2067,59.18,59.8533,957300,179.7
2018-08-21,60.0433,61.18,60.03,61.02,2549100,180.36
2018-08-22,60.8933,61.3867,60.52,61.3067,1440300,181.06
2018-08-23,61.2767,61.83,61.2767,61.3767,1847700,180.8
2018-08-24,61.65,62.3,61.64,62.2667,1685100,182.48
2018-08-27,62.7733,63.7267,62.6367,63.2567,17873700,184.34
2018-08-28,63.5933,63.7733,62.8867,63.5,1616100,184.61
2018-08-29,63.5,63.8633,63.2767,63.6667,4280400,186.74
2018-08-30,63.52,63.76,63.01,63.0967,1811400,186.41
2018-08-31,63.0067,63.5367,63.0067,63.44,1099800,186.65
2018-09-04,63.21,63.9767,63.0733,63.95,1289700,185.85
2018-09-05,63.89,64.0633,63.1033,63.64,1579500,183.45
2018-09-06,63.4,63.4533,61.8867,61.9533,1494000,181.81
2018-09-07,61.8367,62.5933,61.55,61.6967,8400900,181.11
2018-09-10,62.1367,62.3667,61.7733,62.35,951000,181.72
2018-09-11,62.1,62.1833,61.4167,61.7467,1734900,183.12
2018-09-12,60.95,61.06,59.7,61.0333,2111400,182.58
2018-09-13,61.7067,62.5033,61.5067,61.73,2159700,184.53
2018-09-14,62.0867,62.67,61.9067,62.4233,1979100,183.99
2018-09-17,62.1933,62.3567,61.4767,61.5533,1527600,181.34
2018-09-18,61.8033,62.46,61.8033,62.0833,1312800,182.84
2018-09-19,62.1067,62.4767,61.92,62.18,1104900,182.7
2018-09-20,62.67,63.1733,62.58,62.9333,1450200,184.72
2018-09-21,62.9933,63.2267,62.6,62.7633,1707600,183.71
2018-09-24,62.2567,63.01,62.1267,62.98,833400,183.89
2018-09-25,62.8267,62.8267,61.81,61.9767,1470300,184.14
2018-09-26,61.4167,61.7867,61.0,61.0667,1049700,184.27
2018-09-27,61.2633,61.54,61.0833,61.2967,1055700,185.83
2018-09-28,61.2267,61.9,61.0433,61.6833,2376600,185.79
2018-10-01,62.0,62.4033,61.75,61.8967,1025100,186.17
2018-10-02,61.7333,62.75,61.7333,61.8967,2016900,185.75
2018-10-03,62.1667,62.3867,61.4,61.9533,1986300,185.95
2018-10-04,61.5267,61.63,60.33,60.8567,1919100,182.38
2018-10-05,60.8733,60.9333,58.8633,59.4167,2436900,180.15
2018-10-08,58.9333,59.4667,58.2467,58.7533,2152200,179.05
2018-10-09,58.43,58.9833,58.3233,58.6867,1609800,179.63
2018-10-10,57.9233,57.96,56.05,56.0967,6056400,171.73
2018-10-11,55.9933,57.2133,55.1033,55.5367,4370400,169.6
2018-10-12,57.0367,57.3567,55.7233,56.5467,4856100,174.32
2018-10-15,56.3033,56.71,55.88,56.0833,3884100,172.21
2018-10-16,56.7067,57.99,56.6433,57.91,1955100,177.22
2018-10-17,58.3333,58.4467,57.28,57.68,2425500,177.29
2018-10-18,57.4433,57.4467,56.0267,56.2367,4058700,173.18
2018-10-19,56.5833,56.9067,55.1567,55.3933,3382800,173.02
2018-10-22,55.6833,56.06,55.2167,55.7333,3923700,173.91
2018-10-23,54.2767,55.75,53.6733,55.4433,4304700,173.27
2018-10-24,54.5167,54.5167,51.7133,51.8067,9218700,165.34
2018-10-25,52.1033,53.3667,52.0233,52.9633,9226500,171.06
2018-10-26,51.81,52.96,51.1967,52.0433,3910200,166.66
2018-10-29,53.0967,53.34,50.5267,51.5,4422600,163.23
2018-10-30,51.35,53.6933,51.35,53.64,2495700,165.92
2018-10-31,54.4733,54.74,53.84,54.32,3495900,169.82
2018-11-01,54.71,57.0,54.67,56.87,3511500,172.06
2018-11-02,56.62,56.9233,55.32,56.0133,3240000,169.38
2018-11-05,55.9267,55.9333,54.57,55.5033,2405100,168.96
2018-11-06,55.3833,56.3667,55.3833,56.15,1184400,170.24
2018-11-07,56.89,56.9733,56.1667,56.7867,1827900,175.58
2018-11-08,56.34,57.0033,56.0833,56.6333,1706100,174.46
2018-11-09,55.99,56.0433,55.07,55.5533,1690200,171.52
2018-11-12,54.6067,54.7167,52.9033,53.0733,2249100,166.33
2018-11-13,53.5133,54.8733,53.5133,53.8033,2411100,166.47
2018-11-14,54.3067,54.82,53.5233,54.04,3722100,165.2
2018-11-15,53.7567,56.0633,53.7433,55.8667,4985100,168.09
2018-11-16,53.84,55.4433,53.8333,55.1933,4494300,167.5
2018-11-19,54.92,55.08,53.03,53.0833,2579100,162.06
2018-11-20,51.5667,53.8367,51.5067,53.15,3124200,159.16
2018-11-21,53.7433,54.1567,53.35,53.37,2259900,160.37
2018-11-23,52.9633,53.8167,52.93,53.4,1488000,159.21
2018-11-26,54.1133,54.37,53.5867,54.3667,1907400,162.89
2018-11-27,54.0733,54.9067,53.8033,54.4467,2013000,163.44
2018-11-28,55.0667,55.7433,53.98,55.72,1681200,168.7
2018-11-29,55.5833,55.8467,55.1733,55.3133,2874300,168.15
2018-11-30,55.2767,56.09,54.7567,56.0833,1842600,169.37
2018-12-03,57.7733,57.9833,56.9933,57.5567,2338500,172.33
2018-12-04,57.1,57.2333,54.73,54.8033,2076900,165.72
2018-12-06,53.27,54.5233,52.9967,54.5233,5354400,166.89
2018-12-07,54.44,54.5233,52.1933,52.49,1956000,161.38
2018-12-10,52.3067,53.4067,52.1733,53.1633,1613100,163.07
2018-12-11,54.1133,54.7567,53.2,53.5033,2491500,163.61
2018-12-12,54.3767,55.0967,53.9367,54.2633,1403700,165.05
2018-12-13,54.6733,54.9367,53.9167,54.15,1341000,165.1
2018-12-14,53.5233,54.4367,53.3367,53.3833,1363500,161.08
2018-12-17,53.1933,53.9733,52.2467,52.58,1176300,157.43
2018-12-18,53.0233,54.1,53.0133,53.2733,2520300,158.42
2018-12-19,52.9767,53.58,50.7867,51.0067,3022800,154.53
2018-12-20,50.9833,51.81,49.9767,50.6533,3256500,152.29
2018-12-21,50.9767,51.5567,49.6567,49.7933,2780100,147.57
2018-12-24,49.36,49.9133,48.3333,48.3333,2641800,143.5
2018-12-26,49.1333,51.2333,48.2633,51.2333,4233900,152.46
2018-12-27,50.4467,51.5767,49.84,51.57,2700600,153.05
2018-12-28,51.8267,52.88,51.5267,51.94,1011000,152.97
2018-12-31,52.48,52.71,51.76,52.3033,2207700,154.26
2019-01-02,51.2333,53.11,51.18,52.64,2292000,154.88
2019-01-03,51.44,51.7633,49.5467,49.57,3070200,149.82
2019-01-04,50.4967,51.9867,50.3167,51.8067,2537400,156.23
2019-01-07,51.96,53.27,51.7433,52.7633,1679700,158.09
2019-01-08,53.3333,53.3333,51.86,52.5333,1529700,159.52
2019-01-09,53.01,54.11,53.01,53.8833,2304600,160.82
2019-01-10,53.35,54.45,53.3133,54.36,1256700,161.28
2019-01-11,54.1233,55.3933,53.9467,54.9433,1290300,160.69
2019-01-14,54.3233,54.4167,53.7733,54.05,853500,159.27
2019-01-15,54.1933,54.79,53.9833,54.2067,882000,162.38
2019-01-16,54.3033,54.6267,53.71,53.71,856800,162.35
2019-01-17,53.3367,54.6267,53.04,54.2067,3133500,163.63
2019-01-18,54.7767,55.95,54.6067,55.6167,1574400,165.25
2019-01-22,55.08,55.08,53.6167,54.0167,2130600,161.94
2019-01-23,54.3167,54.5367,53.1633,53.6367,2110500,162.15
2019-01-24,54.8567,56.95,54.8367,56.7533,5947200,163.2
2019-01-25,56.98,58.17,56.58,57.93,3126600,165.15
2019-01-28,55.8233,57.2433,55.6433,56.7867,2450400,163.11
2019-01-29,56.79,56.9733,55.87,55.9667,4396500,161.57
2019-01-30,56.9667,57.7933,56.32,57.59,3142800,165.68
2019-01-31,57.4733,58.08,57.0333,57.5633,1481700,168.16
2019-02-01,57.63,58.5333,57.6033,58.2533,1515000,167.45
2019-02-04,58.22,58.5533,57.8,58.5467,627600,169.53
2019-02-05,58.4967,59.0967,58.3933,58.8133,1295400,171.03
2019-02-06,59.54,60.8767,59.54,60.3967,2575800,170.52
2019-02-07,59.6567,59.93,58.5667,59.0867,3459900,168.23
2019-02-08,58.2733,59.1067,57.9533,58.9833,1882800,168.56
2019-02-11,59.12,59.4267,58.8033,59.2733,741600,168.4
2019-02-12,60.0033,60.6767,59.9167,60.5267,2019900,170.89
2019-02-13,60.8267,61.19,60.54,60.72,906600,171.01
2019-02-14,60.5133,61.3333,60.4467,60.8833,1004700,171.22
2019-02-15,61.3667,61.5333,60.8667,61.1967,742500,171.94
2019-02-19,60.9167,61.5067,60.8433,61.1133,1182900,172.28
2019-02-20,61.26,62.02,61.26,61.6333,1036800,172.25
2019-02-21,61.64,61.7767,61.0,61.1767,1152900,171.62
2019-02-22,61.6567,61.9233,61.4167,61.8333,880800,172.89
2019-02-25,62.7633,63.0767,62.3,62.3433,2355600,173.52
2019-02-26,62.1733,62.42,61.76,61.9533,865200,173.7
2019-02-27,61.7033,61.7033,60.5433,61.21,2977800,173.59
2019-02-28,60.95,61.4233,60.75,61.2467,1236000,173.19
2019-03-01,61.83,62.09,61.15,61.79,1433400,174.39
2019-03-04,62.2167,62.4333,61.03,61.7967,1755600,174.42
2019-03-05,61.63,61.91,61.2767,61.56,1330500,174.55
2019-03-06,61.39,61.5367,60.5,60.5433,1412400,173.56
2019-03-07,60.3033,60.3033,59.4833,59.89,2994000,171.43
2019-03-08,58.8533,59.8867,58.6367,59.8367,1491000,171.17
2019-03-11,60.1367,61.5233,60.0667,61.23,1993800,174.73
2019-03-12,61.4533,61.82,60.9267,61.46,1968300,175.69
2019-03-13,61.8833,62.23,61.6567,61.7067,1230000,177.01
2019-03-14,61.74,62.03,61.3667,61.37,1775700,176.71
2019-03-15,62.11,63.6433,62.0933,63.15,3952800,178.35
2019-03-18,63.2933,63.6133,62.6467,63.0533,2697000,178.45
2019-03-19,63.4833,64.0633,63.4767,63.87,1991400,179.05
2019-03-20,63.7333,64.0633,62.7133,63.1,2508600,179.76
2019-03-21,63.16,65.7133,63.16,65.28,2802300,182.57
2019-03-22,65.0067,65.1,63.3867,63.44,4417200,178.56
2019-03-25,62.99,63.5767,62.1233,62.6467,2944800,178.22
2019-03-26,63.5267,63.8133,62.7733,63.2467,3840900,179.05
2019-03-27,63.32,63.53,61.88,62.36,3970800,177.9
2019-03-28,62.4633,63.0233,61.8167,62.2567,1386600,178.31
2019-03-29,62.9967,63.33,62.82,63.18,1725900,179.66
2019-04-01,64.11,64.8333,63.8833,64.7567,1964400,182.04
2019-04-02,64.79,65.0067,64.4667,64.8533,1459500,182.73
2019-04-03,65.6367,66.8833,65.62,66.2867,3218100,183.78
2019-04-04,66.2033,66.8433,66.07,66.43,1617300,183.71
2019-04-05,66.8267,66.94,66.43,66.91,1223700,184.66
2019-04-08,66.62,67.14,66.4767,67.0667,1380300,185.13
2019-04-09,66.6833,66.6833,66.0233,66.37,1483500,184.48
2019-04-10,66.2933,67.0967,66.2367,66.8833,1267500,185.47
2019-04-11,67.0567,67.3133,66.6567,66.8267,935400,185.03
2019-04-12,67.4467,67.8,67.24,67.7533,1030500,185.83
2019-04-15,67.8633,67.8633,66.8933,67.25,1770000,185.86
2019-04-16,67.6767,69.4633,67.6767,69.4033,3216900,186.5
2019-04-17,70.8267,71.4067,70.0,70.5533,3275700,187.15
2019-04-18,70.6667,70.7633,70.2267,70.5633,1083900,187.39
2019-04-22,70.3433,70.7133,69.9167,70.51,912300,187.92
2019-04-23,70.9033,71.5,70.7367,71.2367,2014800,190.31
2019-04-24,71.2833,72.6667,71.2533,71.8967,2025900,189.71
2019-04-25,71.6567,71.76,70.0433,70.6333,2073300,190.48
2019-04-26,69.29,70.0833,68.6067,70.05,3381000,190.65
2019-04-29,70.0833,70.2267,69.6333,69.9667,2680200,191.02
2019-04-30,69.8067,70.64,69.8067,70.52,3088800,189.54
2019-05-01,71.1033,71.5267,69.88,69.9567,4019100,188.93
2019-05-02,69.9167,71.4067,69.7533,70.63,3420000,188.11
2019-05-03,71.0567,71.2,70.33,71.1833,2269800,191.11
2019-05-06,68.7033,70.0467,68.5533,70.0233,2262900,189.94
2019-05-07,69.0967,69.2567,67.5233,68.3,3237000,186.24
2019-05-08,67.7367,68.78,67.5867,67.7167,3103200,185.77
2019-05-09,66.6667,67.27,65.45,66.97,2978700,184.77
2019-05-10,66.3567,67.4333,65.45,67.0667,3901200,185.0
2019-05-13,64.8333,65.23,63.63,63.93,4856400,178.58
2019-05-14,64.73,65.7467,64.42,65.4033,2954100,180.54
2019-05-15,64.7267,66.3567,64.6633,65.9067,5173800,183.09
2019-05-16,64.9867,65.5633,64.4567,64.8667,6997800,184.93
2019-05-17,63.8267,65.1133,63.3267,63.6033,5014200,183.04
2019-05-20,61.5333,62.0367,60.6333,61.0667,4640700,179.95
2019-05-21,62.2933,62.6467,61.8,62.3167,5167500,181.83
2019-05-22,61.1233,61.63,60.8133,61.0,3254100,181.02
2019-05-23,59.93,60.0833,59.0667,60.05,3725400,178.25
2019-05-24,60.3433,60.7933,59.4733,59.5267,2273100,178.16
2019-05-28,59.8667,60.0733,58.8833,59.0167,2389200,177.49
2019-05-29,58.5267,59.5133,58.3567,59.23,4244400,176.03
2019-05-30,59.38,60.21,59.2467,59.73,2000100,176.77
2019-05-31,58.9833,59.8067,58.8,58.84,3330600,173.95
2019-06-03,59.5067,60.14,58.6767,58.98,2988000,170.12
2019-06-04,60.1,61.56,59.5867,61.56,3156600,174.91
2019-06-05,62.08,62.2367,60.32,61.1167,3273600,176.21
2019-06-06,61.2067,62.1767,60.9867,61.9633,957000,177.61
2019-06-07,62.23,62.7933,62.02,62.6633,1468500,181.04
2019-06-10,63.4367,64.9733,63.4367,64.19,3907800,183.15
2019-06-11,65.38,65.51,63.9567,64.4467,3400500,183.4
2019-06-12,63.76,63.8433,62.8633,62.95,1450500,182.34
2019-06-13,63.4033,63.5333,62.8233,63.2533,1143000,183.42
2019-06-14,61.4033,61.93,61.24,61.66,2081700,182.64
2019-06-17,61.3967,61.62,60.9333,60.9533,1074600,183.74
2019-06-18,61.6033,64.0333,61.6033,63.59,2850000,186.41
2019-06-19,64.0267,64.1267,63.3467,63.7167,1431300,187.11
2019-06-20,64.9367,65.2333,63.9567,64.2533,3371400,188.85
2019-06-21,64.03,64.5167,63.7667,63.8867,1333200,188.57
2019-06-24,63.9667,64.2567,63.7967,63.9533,2115900,188.16
2019-06-25,64.1067,64.34,63.0067,63.07,1416600,184.93
2019-06-26,64.48,65.4533,64.3667,65.1067,1755300,185.79
2019-06-27,65.4333,66.3833,65.4333,66.0533,1559700,186.5
2019-06-28,66.5867,66.7167,65.99,66.1367,2529900,186.74
2019-07-01,69.0167,69.59,67.3467,67.8033,4752000,189.26
2019-07-02,67.6033,67.67,66.65,66.9567,1378800,190.01
2019-07-03,66.9533,66.9967,66.1467,66.65,738000,191.44
2019-07-05,65.78,66.32,65.5167,66.27,934200,191.05
2019-07-08,65.6667,65.9467,65.3433,65.7567,581400,189.71
2019-07-09,65.38,66.2733,65.2133,66.1667,1347300,190.66
2019-07-10,66.8933,67.6333,66.5933,66.7,1424100,192.56
2019-07-11,67.0,67.1367,66.4867,66.8867,2578800,192.42
2019-07-12,67.0567,68.1733,67.0567,68.1033,1315500,193.53
2019-07-15,68.4167,68.9567,68.3067,68.7,684300,194.15
2019-07-16,68.3833,68.52,67.6067,67.97,1124400,193.15
2019-07-17,68.3633,68.48,67.93,68.1733,786900,192.2
2019-07-18,68.15,69.32,68.15,69.16,1041600,192.42
2019-07-19,69.42,69.7167,69.01,69.08,1311900,191.01
2019-07-22,69.3833,70.5,69.3833,70.4,2729700,192.53
2019-07-23,70.8067,71.3033,70.5,71.3033,1297500,193.79
2019-07-24,71.7967,73.6067,71.7967,73.4767,2436300,195.15
2019-07-25,72.9533,72.9867,72.03,72.2433,1846500,193.3
2019-07-26,72.7633,72.7633,72.1667,72.2233,626400,195.29
2019-07-29,72.1,72.49,71.49,72.42,2041800,194.62
2019-07-30,71.7067,72.4067,71.4333,72.2567,789600,193.78
2019-07-31,71.71,71.82,69.1633,69.86,1374600,191.1
2019-08-01,69.5633,71.56,67.89,68.48,2578800,190.15
2019-08-02,67.7867,68.3767,66.87,67.47,2328900,187.35
2019-08-05,65.4933,65.55,63.97,64.5567,2511300,180.73
2019-08-06,65.63,66.2133,64.6533,65.38,1479000,183.26
2019-08-07,64.34,66.0,64.34,65.7933,2180400,184.25
2019-08-08,66.4067,67.64,65.97,67.6167,2165400,188.26
2019-08-09,66.9,67.1767,65.98,66.4367,1893600,186.49
2019-08-12,65.7467,66.33,65.2767,65.5667,1178100,184.35
2019-08-13,65.5667,68.08,65.13,67.5033,2205000,188.39
2019-08-14,65.9433,66.4567,65.09,65.4267,2766300,182.76
2019-08-15,65.7867,65.9667,64.74,65.3067,965700,182.55
2019-08-16,65.9933,67.2333,65.9933,67.0467,1509900,185.48
2019-08-19,68.6533,68.9,67.9767,68.28,4550400,188.43
2019-08-20,68.2567,68.4433,67.6633,68.0267,732600,186.97
2019-08-21,68.5867,68.93,68.2933,68.5833,700200,188.63
2019-08-22,68.73,68.97,67.87,68.5833,5985600,188.02
2019-08-23,67.7433,68.2167,65.4167,65.6033,1682700,182.07
2019-08-26,66.5967,66.7033,65.9033,66.16,997800,184.82
2019-08-27,66.64,66.97,65.5967,65.9133,1290600,184.43
2019-08-28,65.67,66.48,65.2033,66.33,726000,185.09
2019-08-29,67.5033,68.3267,67.3533,67.9233,3748500,187.92
2019-08-30,68.5833,68.8633,67.9433,68.2433,1014600,187.47
2019-09-03,67.49,67.7667,66.7333,67.12,2833500,185.65
2019-09-04,68.1467,68.9733,68.1467,68.9233,1387800,188.33
2019-09-05,70.4067,71.8767,70.2133,71.0433,2037600,191.78
2019-09-06,71.2333,71.4333,70.76,71.2333,1273500,191.59
2019-09-09,71.5233,72.09,71.2233,71.4933,962400,191.19
2019-09-10,71.2733,71.8133,70.71,71.8133,1291800,190.64
2019-09-11,72.2267,72.93,71.77,72.89,1415400,192.43
2019-09-12,73.62,73.77,72.6333,73.0533,1719900,193.23
2019-09-13,73.1467,73.2633,72.57,72.9067,1309500,192.54
2019-09-16,72.3567,72.7367,71.7533,72.4367,840900,191.68
2019-09-17,72.3067,72.69,71.8567,72.5967,667800,192.6
2019-09-18,72.68,72.73,71.66,72.73,654900,192.52
2019-09-19,72.8233,73.05,72.2367,72.2533,1057500,192.84
2019-09-20,72.4533,72.4533,70.6667,70.9233,1944900,190.8
2019-09-23,70.9133,72.1033,70.86,71.76,2110800,190.5
2019-09-24,71.7267,71.97,69.8833,70.26,1169400,187.97
2019-09-25,69.8967,71.6667,69.29,71.4367,1033500,190.08
2019-09-26,71.4333,71.7367,70.8167,71.5267,1050600,189.38
2019-09-27,71.1467,71.2933,69.2933,69.8533,2070000,187.03
2019-09-30,70.1633,70.5967,69.8533,70.47,1079700,188.81
2019-10-01,70.9567,71.8633,69.6233,69.81,1820400,187.27
2019-10-02,69.4267,69.4533,68.3367,68.79,1328700,184.05
2019-10-03,68.86,70.0167,67.9767,70.0,1603500,186.07
2019-10-04,70.3567,71.27,70.2067,71.1633,1213200,188.81
2019-10-07,71.1167,71.4433,70.71,70.7467,1224600,188.24
2019-10-08,69.8367,70.0267,68.4767,68.5567,2052000,185.42
2019-10-09,69.4367,70.15,69.3,69.6767,1358400,187.23
2019-10-10,69.75,71.12,69.75,70.3567,1116300,188.68
2019-10-11,71.6667,72.8467,71.6433,72.0167,1947300,191.11
2019-10-14,71.9667,72.1233,71.6067,72.0067,1111200,191.09
2019-10-15,72.4533,73.7367,72.33,73.59,1204800,193.52
2019-10-16,73.1733,73.5133,72.3367,72.5467,1761600,193.04
2019-10-17,73.3767,73.5667,72.2667,72.67,1289700,193.55
2019-10-18,72.54,72.77,71.26,71.9,807600,191.69
2019-10-21,72.6,73.3233,72.42,73.3167,1299900,193.39
2019-10-22,73.5333,73.5733,72.6767,72.6767,1130400,191.85
2019-10-23,71.34,71.9633,70.84,71.2767,1599300,192.22
2019-10-24,72.2367,73.11,72.15,73.04,1912200,194.09
2019-10-25,73.2833,74.64,73.2433,74.5667,1859700,195.64
2019-10-28,75.1233,75.9833,75.0133,75.9233,1158600,197.57
2019-10-29,75.99,76.5033,75.1367,75.1367,1158300,196.04
2019-10-30,75.71,75.7267,74.6667,75.1633,1061400,196.99
2019-10-31,75.0367,75.0367,73.81,74.7833,862800,197.08
2019-11-01,75.49,76.5,75.14,76.5,1989600,198.87
2019-11-04,77.47,78.2833,77.45,78.2033,1991100,200.1
2019-11-05,78.44,78.88,78.0233,78.2467,1091700,200.21
2019-11-06,78.0967,78.12,76.9333,77.7233,1633800,199.76
2019-11-07,78.8833,79.05,77.87,78.1933,1491600,200.43
2019-11-08,77.8933,78.6367,77.4333,78.5867,1048500,201.23
2019-11-11,77.9233,78.3833,77.6267,78.2633,836400,200.96
2019-11-12,78.46,79.03,78.1167,78.4233,1444200,201.54
2019-11-13,77.9933,78.6967,77.6133,78.5067,929700,201.59
2019-11-14,78.09,78.3167,77.65,78.2467,973800,201.43
2019-11-15,79.2833,79.63,78.5967,78.9633,977400,202.91
2019-11-18,78.9567,79.2667,78.3967,78.7833,777000,203.07
2019-11-19,79.15,79.2667,77.9567,78.39,731700,203.37
2019-11-20,78.0233,78.4133,76.8733,77.4667,1412700,202.15
2019-11-21,76.9267,77.32,76.3033,76.64,2084400,201.7
2019-11-22,76.86,77.2833,76.38,76.56,1028400,201.83
2019-11-25,77.29,78.4733,77.29,78.3967,1229100,204.22
2019-11-26,78.2667,78.3867,77.7467,78.1033,2139600,204.61
2019-11-27,78.42,78.6767,78.3167,78.6667,775200,206.04
2019-11-29,78.4033,78.4033,77.7233,77.8233,615000,205.1
2019-12-02,77.9033,77.9833,76.4633,76.6267,1428900,203.0
2019-12-03,74.98,75.5167,74.6167,75.44,1932300,201.41
2019-12-04,76.48,76.9667,76.41,76.6333,1081500,202.43
2019-12-05,77.1633,77.3333,76.68,77.0167,1404600,202.83
2019-12-06,77.97,78.3567,77.83,78.13,1002300,205.0
2019-12-09,78.3133,78.3833,77.7633,77.7733,492900,204.07
2019-12-10,78.1833,78.6133,77.81,78.1033,522600,203.9
2019-12-11,78.3067,79.8233,78.2533,79.7033,1458900,204.98
2019-12-12,79.5833,82.0033,79.5833,81.8633,2190300,206.51
2019-12-13,81.9067,82.75,81.1333,81.5033,1735800,207.19
2019-12-16,82.11,82.7033,81.93,81.9933,2099100,209.27
2019-12-17,82.4433,82.5233,81.9333,82.3633,974100,209.39
2019-12-18,82.5267,82.5267,82.02,82.32,963900,209.55
2019-12-19,82.65,82.9833,82.2533,82.9833,1063500,210.86
2019-12-20,83.56,83.97,83.17,83.7733,1035600,211.71
2019-12-23,84.43,84.4733,83.9333,84.04,1356300,211.81
2019-12-24,84.2267,84.2467,83.75,84.1767,504300,211.92
2019-12-26,84.5333,84.5333,83.96,84.2733,654000,213.79
2019-12-27,84.62,84.62,83.8233,84.1067,1104000,213.61
2019-12-30,84.0867,84.0867,82.9,83.4733,1118700,212.21
2019-12-31,83.04,83.7433,83.0,83.7,604500,212.61
2020-01-02,84.7533,85.43,84.3333,85.43,1275300,216.16
2020-01-03,84.1133,84.57,83.6533,83.8367,1235100,214.18
2020-01-06,82.7833,83.23,82.42,82.9633,1615200,215.56
2020-01-07,83.9967,84.8233,83.5,84.49,1146600,215.53
2020-01-08,84.6567,84.9833,84.0533,84.4133,1297800,217.15
2020-01-09,85.5867,85.5867,84.1467,84.9467,639600,218.99
2020-01-10,85.4867,85.4867,84.2067,84.4533,1952100,218.43
2020-01-13,85.0433,85.56,84.7833,85.44,950100,220.95
2020-01-14,85.6667,86.3467,85.18,85.6267,896400,220.08
2020-01-15,85.7467,85.7867,84.37,84.72,1516500,220.17
2020-01-16,85.3733,86.0933,85.3133,86.06,1708500,222.28
2020-01-17,86.5833,86.7067,86.0267,86.7067,1016700,223.38
2020-01-21,86.3667,86.9567,86.2933,86.6567,1653300,223.28
2020-01-22,87.2933,88.21,87.04,87.24,1251300,223.87
2020-01-23,87.5733,87.98,86.7767,87.9,1077300,224.59
2020-01-24,89.1833,89.31,86.36,86.9667,1626300,222.7
2020-01-27,84.5,84.67,83.4767,83.6467,3212100,218.1
2020-01-28,84.5933,85.8867,84.1233,85.5867,2410500,221.45
2020-01-29,85.2833,85.4967,83.9633,84.0133,1242300,221.81
2020-01-30,83.55,84.2633,82.3667,84.0167,1741800,222.6
2020-01-31,83.2467,83.3133,80.6333,81.02,2155500,219.07
2020-02-03,81.2667,82.1267,81.2133,81.9267,1719300,222.38
2020-02-04,84.11,84.6133,83.69,84.4867,2465100,227.47
2020-02-05,86.0967,86.58,85.1567,86.4333,2009100,228.22
2020-02-06,86.4033,86.5267,85.44,86.4833,1068600,230.19
2020-02-07,85.4667,85.6167,84.34,84.4433,1550700,229.2
2020-02-10,83.6567,85.6733,83.6567,85.6267,1212900,231.97
2020-02-11,86.4567,87.8633,86.4567,87.3567,1132500,232.01
2020-02-12,88.3333,88.8333,88.2533,88.7033,1554900,234.27
2020-02-13,87.97,89.3733,87.8633,88.7967,1681800,233.97
2020-02-14,89.4933,89.7867,88.0567,88.5,1366800,234.64
2020-02-18,87.1567,87.5033,86.6967,87.3633,2409900,234.73
2020-02-19,88.4733,89.7333,88.4733,89.5667,1575300,236.98
2020-02-20,89.2867,89.5233,86.9667,88.2667,2301300,234.78
2020-02-21,87.6533,87.73,85.3033,85.6433,2479200,230.27
2020-02-24,81.6233,82.7867,81.0,81.54,3786600,221.39
2020-02-25,82.6333,82.7567,78.6367,79.11,5127600,215.37
2020-02-26,79.76,80.9567,78.7333,79.2167,4525200,216.48
2020-02-27,76.86,78.4367,75.4233,75.56,4172100,205.64
2020-02-28,72.9267,77.77,72.7067,77.2633,4788900,205.8
2020-03-02,78.6333,80.0,76.1033,80.0,4137600,216.42
2020-03-03,80.3567,81.4033,76.6667,77.1833,2729700,209.48
2020-03-04,78.8867,81.1267,77.73,81.1267,3355800,218.22
2020-03-05,79.1167,80.72,78.0267,78.6833,3548700,211.59
2020-03-06,76.2933,77.69,75.11,76.9633,4851600,208.02
2020-03-09,70.8233,74.26,70.0,70.39,6082500,193.57
2020-03-10,73.3333,75.0767,70.7,75.01,3859500,204.11
2020-03-11,72.6367,73.6933,70.03,70.8067,2262900,195.22
2020-03-12,65.8633,68.56,62.9367,63.0433,5859900,177.32
2020-03-13,66.8033,70.06,63.0533,69.8067,4420200,192.34
2020-03-16,62.6667,65.6233,58.55,59.1767,4817100,169.3
2020-03-17,60.7533,65.0,58.1067,64.3833,4079100,182.14
2020-03-18,60.1033,62.2633,55.93,59.0933,4131600,176.6
2020-03-19,58.01,62.4967,56.7933,60.6133,2945100,177.66
2020-03-20,62.8167,63.9233,58.5867,58.8867,2942700,170.7
2020-03-23,59.5367,61.97,58.1033,60.99,2787600,170.46
2020-03-24,64.8167,67.7833,64.62,67.5867,5754600,183.66
2020-03-25,67.9533,70.17,65.5167,66.4767,2496000,182.3
2020-03-26,68.22,71.2367,67.6033,70.9467,3301800,191.9
2020-03-27,68.7067,69.7133,67.1967,67.4267,2500800,185.3
2020-03-30,68.1333,69.98,67.6333,69.7733,3341400,192.04
2020-03-31,69.7833,70.96,67.8067,68.4033,4342200,190.4
2020-04-01,66.1533,67.7367,63.9733,64.66,2938800,182.31
2020-04-02,64.1033,66.7433,63.9667,66.5867,3537900,186.01
2020-04-03,66.4833,67.3267,64.4667,65.3267,3110400,183.37
2020-04-06,68.1633,72.3167,68.1633,71.99,5011800,196.48
2020-04-07,74.5067,74.7933,71.65,71.7333,6696300,196.4
2020-04-08,72.94,74.4067,71.92,74.1333,3915900,200.57
2020-04-09,75.19,75.77,71.82,72.53,6792300,200.86
2020-04-13,72.2533,73.57,71.67,73.35,3968100,203.03
2020-04-14,75.1267,76.7333,74.9467,76.7333,5871300,211.86
2020-04-15,75.1233,75.1233,73.75,74.45,3620400,209.43
2020-04-16,75.8,76.7033,74.7933,76.54,3338100,213.25
2020-04-17,77.8867,78.0433,76.1833,77.1333,2772600,215.29
2020-04-20,75.9733,77.1033,75.3567,75.4567,2713200,212.74
2020-04-21,74.28,74.6633,71.5267,71.76,3653100,204.89
2020-04-22,74.1,76.4633,73.7233,76.1033,3341100,210.97
2020-04-23,76.1067,76.89,75.0767,75.3433,2933100,210.52
2020-04-24,75.2933,77.08,74.6633,76.91,2887200,213.84
2020-04-27,77.9033,78.7133,77.5767,77.9367,3212400,215.56
2020-04-28,79.39,79.7867,77.4467,77.5333,4094100,211.5
2020-04-29,78.91,81.5433,78.7633,81.2133,3975900,219.0
2020-04-30,80.87,80.97,78.2133,78.3467,5172300,218.91
2020-05-01,76.2867,76.7033,74.1667,74.5267,6033600,212.74
2020-05-04,73.8167,75.24,73.5233,75.1467,3381300,215.22
2020-05-05,76.5467,77.8333,75.9533,76.41,4506300,217.66
2020-05-06,77.2433,78.5367,77.1233,77.3467,4407900,219.0
2020-05-07,78.7133,79.01,77.6533,78.0433,2825700,221.82
2020-05-08,78.86,80.43,78.6367,80.3467,3885600,224.86
2020-05-11,79.5933,80.99,79.4467,80.27,3498300,226.87
2020-05-12,80.8133,81.0833,78.0733,78.14,3764100,222.12
2020-05-13,78.52,78.88,75.4733,76.6333,6889500,219.34
2020-05-14,75.98,78.76,74.7033,78.6833,6521700,221.83
2020-05-15,76.0467,77.32,75.58,77.0567,5657100,223.27
2020-05-18,78.8867,81.0267,78.8867,80.5967,4940700,227.43
2020-05-19,80.6133,82.1933,80.3033,80.3333,4308000,226.86
2020-05-20,81.9867,83.8367,81.9867,83.2933,3791100,231.39
2020-05-21,83.32,83.3833,81.0633,81.1967,3809700,228.87
2020-05-22,81.2767,81.6933,80.27,81.5567,2462400,229.66
2020-05-26,83.74,84.1433,82.3033,82.4133,4310400,229.04
2020-05-27,82.6667,83.6833,80.3267,83.6833,5297400,230.29
2020-05-28,83.07,84.1867,81.4067,81.8567,4460100,229.99
2020-05-29,82.1267,84.1767,81.8733,83.9533,6282000,233.36
2020-06-01,83.52,83.8933,82.7567,83.5,2780100,234.06
2020-06-02,83.74,85.3667,83.35,85.3033,3159900,235.63
2020-06-03,86.57,88.1667,86.5467,87.7667,1781700,236.69
2020-06-04,87.4333,89.2233,87.1567,88.5667,1948500,235.03
2020-06-05,90.6833,92.0533,90.2567,90.7367,2878200,239.69
2020-06-08,91.2767,91.42,89.6567,90.55,2531400,241.55
2020-06-09,89.6367,90.9433,89.24,90.62,1958400,243.3
2020-06-10,91.2233,91.8033,90.5667,90.94,2579400,246.22
2020-06-11,88.6333,88.9233,85.07,85.1633,3992100,234.02
2020-06-12,87.3433,88.0567,84.3967,86.3233,4613400,235.88
2020-06-15,84.24,87.4333,83.9467,87.2967,2132400,238.75
2020-06-16,89.8633,90.4333,87.4133,89.0,3384300,242.85
2020-06-17,89.8467,90.5,89.1567,89.6933,1371300,243.62
2020-06-18,89.5733,90.0067,89.13,89.5267,1340400,244.28
2020-06-19,90.65,90.9333,88.85,89.0933,2271300,244.24
2020-06-22,89.0,89.96,88.14,89.75,1286100,246.74
2020-06-23,90.6233,91.0067,89.91,90.07,1177800,248.84
2020-06-24,89.58,90.0533,87.4133,88.0933,1974000,243.71
2020-06-25,87.9867,88.8967,86.6433,88.7233,1376400,246.03
2020-06-26,88.8333,88.92,86.8433,87.06,1637700,240.22
2020-06-29,87.0833,88.0433,85.9867,88.01,2664900,242.84
2020-06-30,88.41,90.6267,88.3367,90.29,4086000,247.6
2020-07-01,90.3733,90.4067,89.05,89.1333,1909200,250.49
2020-07-02,90.51,91.0633,89.95,90.2233,1787400,252.19
2020-07-06,91.9967,92.96,91.71,92.6067,2312700,258.39
2020-07-07,92.4133,92.98,91.3667,91.5133,1893000,256.61
2020-07-08,92.21,92.8333,91.4867,92.7533,1610700,259.99
2020-07-09,93.2,94.5533,91.7767,93.9833,2007900,262.18
2020-07-10,94.2333,94.3467,92.76,93.6667,966000,263.97
2020-07-13,94.9933,96.0167,91.95,92.1267,2951700,258.54
2020-07-14,91.4767,93.8833,90.2833,93.65,3124200,260.37
2020-07-15,94.4,94.4033,92.0533,93.4867,2247000,260.9
2020-07-16,92.4,93.4367,91.9933,93.1367,1344600,259.12
2020-07-17,93.4433,93.9867,93.15,93.6067,1340400,259.42
2020-07-20,93.7633,95.7233,93.1467,95.4567,1783200,266.78
2020-07-21,96.1633,96.29,94.58,94.97,1593900,264.0
2020-07-22,95.23,96.0067,94.51,95.2833,1240500,264.93
2020-07-23,95.3333,96.0767,93.0,93.8267,2006100,258.01
2020-07-24,92.1667,93.67,90.9233,92.3533,2717400,255.56
2020-07-27,93.52,95.27,93.4533,95.23,2324400,260.12
2020-07-28,94.5333,94.6567,93.2033,93.39,1822500,256.81
2020-07-29,94.22,95.7033,94.12,95.3133,1452000,259.77
2020-07-30,95.0367,97.28,95.0133,97.19,2717400,261.13
2020-07-31,97.4333,97.48,95.32,96.7967,1928400,265.79
2020-08-03,97.3867,98.79,97.3733,98.5533,1654200,269.38
2020-08-04,98.5533,100.0867,98.5033,100.0,1452900,270.38
2020-08-05,99.8433,100.34,99.2,99.8967,1741500,271.05
2020-08-06,99.82,100.0067,98.83,99.8433,1096200,274.64
2020-08-07,99.73,100.1,97.5333,98.7333,1364700,271.47
2020-08-10,99.03,99.15,97.3,98.73,1326900,270.31
2020-08-11,98.6167,99.6367,97.4,97.7,2116500,265.19
2020-08-12,98.53,101.1233,98.2133,100.8567,1945800,271.86
2020-08-13,100.8567,100.96,99.3567,99.8533,1522200,272.48
2020-08-14,100.1733,100.96,99.44,99.7933,1088700,272.16
2020-08-17,100.6167,101.3933,100.3867,100.9167,928500,275.32
2020-08-18,101.49,101.5633,100.0967,100.3833,1020300,277.97
2020-08-19,100.5067,100.69,99.51,99.8133,1197600,276.1
2020-08-20,98.6667,99.3833,98.19,98.9267,1899300,279.93
2020-08-21,98.7333,99.6733,98.3567,99.5967,1239300,281.87
2020-08-24,100.75,100.9933,99.8467,100.6333,1043700,283.63
2020-08-25,100.8333,101.69,100.63,101.61,1089900,285.86
2020-08-26,101.84,102.3,101.4167,101.9367,1019700,291.96
2020-08-27,102.3833,102.3833,100.1367,100.7767,1660200,291.05
2020-08-28,100.9,102.6767,100.7233,102.6367,1711200,292.53
2020-08-31,102.5667,103.2667,101.75,102.4067,1013400,294.88
2020-09-01,103.2267,104.51,102.69,104.44,1414200,299.92
2020-09-02,106.0867,108.0867,105.0733,107.4667,2971800,302.76
2020-09-03,105.74,105.9767,100.7667,101.4733,3921000,287.41
2020-09-04,100.7967,102.15,96.84,100.42,3466800,283.58
2020-09-08,96.8133,98.59,95.5867,95.7267,3036000,269.95
2020-09-09,98.1533,99.1533,96.8633,98.3333,1914600,277.88
2020-09-10,99.6633,99.9567,96.43,97.0,1914000,272.34
2020-09-11,97.6767,98.6867,95.9167,96.9733,1524300,270.45
2020-09-14,98.9167,99.5333,98.1533,98.9133,1155600,275.16
2020-09-15,100.2667,101.3133,100.0933,100.62,1259700,279.06
2020-09-16,101.3433,101.4633,99.5233,99.6767,1217400,274.61
2020-09-17,97.1367,99.7867,96.7967,99.6267,1714800,270.32
2020-09-18,100.0833,100.3367,96.79,98.0667,1210800,266.87
2020-09-21,96.22,97.89,95.3933,97.89,2331600,267.51
2020-09-22,98.5167,99.0367,96.8,98.9,1096200,272.48
2020-09-23,98.57,99.1,95.9133,96.27,1896000,264.16
2020-09-24,95.4733,98.4333,95.4033,97.0833,2350500,265.39
2020-09-25,97.2533,98.7267,95.7967,98.4167,1614300,271.56
2020-09-28,99.8133,101.2267,99.1667,101.1267,1836000,277.2
2020-09-29,101.2133,102.3133,101.06,101.3633,1915500,275.95
2020-09-30,101.2967,102.5367,100.9433,101.5367,1947600,277.84
2020-10-01,102.9167,103.9067,102.4433,103.71,2045400,282.25
2020-10-02,101.03,102.6967,100.46,100.6,2008500,274.31
2020-10-05,101.5167,103.8367,101.38,103.7433,1540200,280.16
2020-10-06,103.8267,105.7367,102.8267,103.25,1888800,275.16
2020-10-07,104.72,105.55,104.7033,105.2267,1249200,279.92
2020-10-08,106.19,106.7467,105.8567,106.53,979800,281.41
2020-10-09,108.07,108.7067,107.66,108.4033,1967400,285.71
2020-10-12,109.8367,110.5767,109.29,110.0133,1591500,294.53
2020-10-13,110.2,110.7533,109.32,109.8167,2298900,294.52
2020-10-14,110.2733,110.61,108.75,109.3733,1562400,292.06
2020-10-15,107.3333,109.2933,107.11,109.08,1207200,290.1
2020-10-16,109.8333,110.0333,108.4733,108.56,865800,288.51
2020-10-19,109.45,110.0967,107.6,108.0133,1208700,283.8
2020-10-20,108.5,108.7933,107.5833,107.8367,1048800,284.41
2020-10-21,108.0933,108.31,107.0267,107.1133,1074300,284.19
2020-10-22,107.2467,107.7133,105.8567,107.1567,905100,284.18
2020-10-23,106.7467,106.78,105.77,106.78,786000,284.74
2020-10-26,105.8667,106.2467,103.1033,104.4667,1671300,280.47
2020-10-27,105.19,105.4467,103.6967,104.0567,890100,282.66
2020-10-28,102.4167,102.4167,100.4833,100.65,1481100,271.64
2020-10-29,100.6667,104.28,100.5267,103.2033,1504500,276.39
2020-10-30,102.1133,102.78,100.48,101.8267,1337100,269.38
2020-11-02,102.78,103.25,101.3133,102.19,1456200,269.98
2020-11-03,103.09,105.0,103.07,104.1167,1385100,274.65
2020-11-04,106.3367,108.3167,105.0667,107.7567,3026700,286.91
2020-11-05,110.87,112.8767,110.77,112.5967,2808600,294.39
2020-11-06,112.33,114.85,111.9667,114.4333,2016000,294.61
2020-11-09,117.5067,117.9233,113.0933,113.1,1920900,288.59
2020-11-10,112.0867,112.5667,109.4233,109.7067,1862100,283.42
2020-11-11,111.4,113.86,111.39,113.66,1670400,289.76
2020-11-12,113.84,114.11,111.66,112.2567,1203600,288.4
2020-11-13,113.5933,114.58,112.82,113.6333,1070700,290.93
2020-11-16,114.5633,116.46,114.25,116.46,1456200,293.2
2020-11-17,116.0467,116.08,114.6433,115.5,1371600,292.27
2020-11-18,115.7033,116.5,114.5667,114.64,1361100,290.11
2020-11-19,114.23,116.4433,113.7067,116.3333,1056300,292.38
2020-11-20,116.3733,117.3567,115.6533,115.79,1369500,290.38
2020-11-23,116.3067,117.85,115.9333,117.44,1374900,290.39
2020-11-24,118.2833,118.29,116.26,118.08,1824600,294.47
2020-11-25,118.2533,118.7267,117.3333,117.82,974100,296.28
2020-11-27,118.5667,119.92,118.5667,119.2233,1713300,299.01
2020-11-30,119.4233,120.7433,117.9133,120.6033,1874100,299.62
2020-12-01,121.6667,123.37,121.27,122.5933,2005200,303.46
2020-12-02,122.25,123.56,122.1267,122.9533,2141400,303.85
2020-12-03,123.6667,124.39,122.9467,123.1133,1096800,304.28
2020-12-04,123.6667,126.5467,123.47,126.47,1624500,305.52
2020-12-07,127.1867,127.2,125.9,127.11,1657800,307.25
2020-12-08,127.02,128.0167,126.3967,127.52,1203000,308.29
2020-12-09,127.0367,127.8833,123.1733,123.9267,1949400,301.31
2020-12-10,122.8667,124.8167,122.4533,123.7533,1967400,302.52
2020-12-11,122.8767,123.41,121.2033,122.55,1605900,301.85
2020-12-14,123.44,124.4133,123.1667,123.6667,1313400,304.04
2020-12-15,125.3333,125.8067,124.51,125.39,1102500,307.29
2020-12-16,125.98,125.98,124.47,125.4633,1342500,308.98
2020-12-17,126.2867,126.2867,125.1433,125.6933,1240200,311.0
2020-12-18,125.86,126.0933,124.2967,124.9467,1160100,310.06
2020-12-21,123.3667,124.4967,122.3233,124.39,1799700,308.92
2020-12-22,124.42,124.5,123.17,124.2067,668700,309.76
2020-12-23,124.4133,124.6167,123.1667,123.2733,1257000,308.2
2020-12-24,123.93,124.43,123.5567,124.3733,574200,309.56
2020-12-28,125.8333,125.9,124.0533,124.2367,1108500,312.68
2020-12-29,124.8767,124.8767,122.5433,123.9167,1334700,312.96
2020-12-30,124.6033,126.2033,124.4867,125.9933,1159800,312.97
2020-12-31,126.1233,126.59,125.2067,126.3933,1193100,313.74
2021-01-04,127.2133,129.9267,124.9533,125.8633,2487600,309.31
2021-01-05,125.7633,128.4367,125.6667,128.4367,1670700,311.86
2021-01-06,127.0333,130.5367,126.8567,128.02,3215100,307.54
2021-01-07,129.8933,133.1767,129.8933,132.85,1809000,314.98
2021-01-08,134.7533,135.37,131.36,132.92,2119800,319.03
2021-01-11,131.7667,135.33,131.6667,134.2667,1627500,314.42
2021-01-12,135.13,136.3867,133.9033,135.08,4503900,313.92
2021-01-13,136.33,136.6267,134.77,135.3,1200000,316.04
2021-01-14,136.98,139.7533,136.98,138.1667,1748400,314.35
2021-01-15,138.0133,138.1667,134.58,135.3567,2403900,311.86
2021-01-19,137.5833,140.0933,137.26,140.0,2517000,316.41
2021-01-20,141.52,141.9967,139.1733,139.5,1851000,323.77
2021-01-21,140.8233,142.0833,139.3733,141.5167,2540400,326.36
2021-01-22,140.3667,140.9733,139.0433,139.1167,1668300,325.42
2021-01-25,140.28,140.64,136.6333,139.3167,1683300,328.11
2021-01-26,139.3933,139.3933,137.04,137.0533,1224900,328.59
2021-01-27,134.6667,134.6833,129.41,129.94,5391300,319.43
2021-01-28,132.5567,134.6967,131.5133,132.79,3369900,321.32
2021-01-29,133.2367,133.7133,130.04,130.4733,2761800,314.56
2021-02-01,132.6967,136.04,132.2567,135.6267,1923300,322.42
2021-02-02,137.89,138.0,135.9667,137.8267,2429400,327.68
2021-02-03,138.3533,138.75,134.6667,135.0267,2767800,326.38
2021-02-04,134.6,136.24,133.6533,136.1333,1832400,330.24
2021-02-05,137.15,137.15,135.0,135.2033,1462800,331.36
2021-02-08,136.1133,139.3633,136.1067,139.26,1947300,333.58
2021-02-09,138.8567,139.83,138.0767,138.85,1383300,333.51
2021-02-10,140.0,140.73,137.3367,139.1233,2220300,332.75
2021-02-11,140.2733,144.0433,140.2733,143.94,2112600,334.58
2021-02-12,143.5167,146.0033,142.7833,145.72,1925100,336.45
2021-02-16,147.4567,147.99,145.8267,146.4533,3152400,335.54
2021-02-17,145.1967,145.7333,141.97,143.9433,2785200,333.93
2021-02-18,142.1567,143.1233,140.68,142.4633,2247600,332.47
2021-02-19,144.6233,146.7633,144.3267,145.8967,2254500,331.02
2021-02-22,144.0,145.0133,140.1167,140.61,2652000,322.44
2021-02-23,138.0267,140.6067,134.0267,139.5533,4029300,321.48
2021-02-24,138.6833,144.2333,137.4333,144.08,3144900,324.13
2021-02-25,142.4,143.3433,135.31,135.8733,5339700,312.83
2021-02-26,138.1,140.2533,135.35,138.97,4558800,314.14
2021-03-01,141.0767,143.55,140.0067,143.4,2316600,323.59
2021-03-02,143.98,143.98,138.9433,139.1,3177600,318.4
2021-03-03,139.2467,139.5467,133.58,134.8433,4425900,309.16
2021-03-04,134.4067,135.04,126.45,128.3533,7243500,304.1
2021-03-05,131.3067,132.65,125.1833,132.2033,6307800,308.68
2021-03-08,132.0333,132.57,125.02,125.07,7349100,299.94
2021-03-09,129.6,133.7333,129.2167,132.84,4132800,311.77
2021-03-10,135.13,135.1733,130.3333,130.3333,4082400,310.88
2021-03-11,134.21,136.5933,133.5033,135.82,3689400,318.04
2021-03-12,133.3333,134.6333,132.3733,134.3867,3153600,315.46
2021-03-15,135.1067,137.4067,134.1267,137.22,3894900,318.83
2021-03-16,138.8433,141.2,138.1833,138.9933,6785100,320.58
2021-03-17,137.0733,141.8467,136.0333,140.7433,5773800,321.9
2021-03-18,138.7867,139.06,134.7633,134.92,6042900,312.04
2021-03-19,135.19,137.7933,133.4667,136.5867,6614100,313.14
2021-03-22,138.2633,141.11,137.74,139.4767,3130200,318.61
2021-03-23,140.0167,140.2633,135.1833,135.81,5638800,317.22
2021-03-24,138.07,138.63,133.8833,133.9467,6608100,311.87
2021-03-25,131.63,134.4867,130.2733,133.8367,5580000,311.33
2021-03-26,133.94,140.7,133.85,140.4433,6493800,316.0
2021-03-29,139.13,139.6633,136.6333,138.29,6540600,315.91
2021-03-30,137.2,138.25,136.33,137.96,4263600,314.32
2021-03-31,139.2633,142.4,138.99,141.33,5968200,319.13
2021-04-01,143.79,146.61,143.7367,146.5267,7380000,324.57
2021-04-05,148.9367,149.92,147.1533,149.4833,6504000,331.05
2021-04-06,148.6033,149.52,146.3433,147.8133,5913000,330.82
2021-04-07,147.9667,148.4733,146.5967,147.7167,3296400,331.62
2021-04-08,149.3033,149.57,148.0333,149.4,4276500,335.08
2021-04-09,148.19,149.08,147.5667,148.9333,2466000,337.11
2021-04-12,148.1533,148.1533,146.0667,147.3333,2607900,336.67
2021-04-13,148.4567,148.6667,145.6333,147.1,3328500,340.6
2021-04-14,146.82,147.9333,144.6867,145.4833,4996200,336.51
2021-04-15,146.9767,148.2267,145.8467,147.92,5672400,341.61
2021-04-16,147.92,148.2233,146.9033,147.2267,2712600,342.01
2021-04-19,146.1433,146.6333,142.04,143.3567,8922300,338.88
2021-04-20,142.8867,143.48,140.48,141.3133,5374500,336.41
2021-04-21,141.4233,145.0733,140.84,145.02,4321800,339.29
2021-04-22,144.72,144.9133,141.0,141.8633,5433000,335.2
2021-04-23,142.4433,145.0467,142.27,144.45,3996300,339.42
2021-04-26,144.6367,147.28,144.3767,147.0967,3577800,341.63
2021-04-27,147.6733,147.78,145.55,145.9933,4878300,340.15
2021-04-28,145.1833,145.2533,143.61,143.7767,2356200,339.0
2021-04-29,145.82,145.9067,142.61,144.71,3237000,340.22
2021-04-30,142.5867,143.4267,140.3367,140.6767,3900000,337.99
2021-05-03,141.6767,141.8233,138.4367,139.2133,3222900,336.19
2021-05-04,137.4,137.4533,134.3367,136.8667,6061800,330.14
2021-05-05,138.5833,139.4267,136.69,137.7233,4808700,329.03
2021-05-06,137.4667,138.8867,135.9033,138.8533,3656400,331.51
2021-05-07,140.2667,141.72,139.6033,140.76,2871600,334.2
2021-05-10,139.53,139.53,134.2633,134.5,6354600,325.76
2021-05-11,130.3967,135.0533,129.93,134.68,6719400,325.31
2021-05-12,131.8633,132.6433,128.6733,129.1933,7754100,316.89
2021-05-13,131.4333,132.8667,129.53,130.84,4862400,319.34
2021-05-14,132.7467,136.11,131.4567,134.89,4663500,326.39
2021-05-17,133.64,133.8267,131.48,133.7133,3365100,324.41
2021-05-18,134.97,135.2267,132.56,132.6367,2354700,322.22
2021-05-19,130.0667,135.3633,129.5167,135.2233,4127400,322.59
2021-05-20,136.2333,139.3533,136.1333,138.78,5020800,328.83
2021-05-21,139.76,139.8133,137.7833,138.0133,5250000,327.01
2021-05-24,139.4567,142.2633,139.3333,141.5,3373800,332.51
2021-05-25,142.54,142.9933,141.12,141.92,4363500,332.97
2021-05-26,142.0233,142.9167,141.0067,142.3,2492400,334.13
2021-05-27,142.0367,143.6167,141.6667,142.9,3302700,332.88
2021-05-28,143.44,144.92,143.1867,144.2267,2179500,333.93
2021-06-01,145.3167,146.4633,143.08,143.8233,3373500,332.82
2021-06-02,143.7133,145.2867,143.2567,144.7,2140500,333.47
2021-06-03,143.0767,143.7,141.5467,142.2133,3247500,330.0
2021-06-04,143.4333,145.9567,143.4333,145.6667,2821500,335.6
2021-06-07,144.9767,145.2433,143.6933,144.5333,2376300,336.6
2021-06-08,145.66,145.9133,142.6233,143.7067,2534400,336.76
2021-06-09,144.1833,144.6,143.0,143.0,2607000,336.84
2021-06-10,143.0567,145.0333,142.7567,144.47,2165100,340.35
2021-06-11,144.9033,145.2,144.0867,145.2,1765200,341.24
2021-06-14,145.5667,147.2633,144.7133,147.2633,3673800,344.51
2021-06-15,146.87,147.7667,145.5767,146.0567,2388300,342.26
2021-06-16,146.51,146.9333,143.5333,144.6833,3614700,341.01
2021-06-17,144.2867,147.3133,144.1767,146.2433,3873000,345.34
2021-06-18,145.24,145.3467,141.9567,142.7433,2889900,342.63
2021-06-21,142.9067,143.52,141.6933,143.27,2233200,344.36
2021-06-22,143.4833,144.36,142.68,143.9467,1737900,347.57
2021-06-23,144.3067,145.36,144.26,144.5467,1889400,347.74
2021-06-24,145.9533,147.3933,145.8,147.0033,1428300,349.89
2021-06-25,147.6267,147.8633,146.19,146.6033,1343100,349.46
2021-06-28,147.51,150.7267,147.51,150.1033,2651100,353.71
2021-06-29,149.9267,151.5,149.4333,151.28,1748100,354.99
2021-06-30,151.14,151.6967,150.3967,151.4067,1317300,354.43
2021-07-01,151.2533,151.2533,148.73,149.2367,2264100,354.57
2021-07-02,150.1633,150.51,148.9733,150.1467,1827000,358.64
2021-07-06,150.5533,151.04,147.98,149.89,2001900,360.19
2021-07-07,150.8333,150.8467,146.9967,147.62,1888200,360.95
2021-07-08,144.51,146.42,143.4033,145.7233,2000100,358.77
2021-07-09,146.2033,148.3767,145.15,148.1,1833000,361.01
2021-07-12,148.7333,150.0,148.1667,150.0,3949800,362.42
2021-07-13,149.3733,150.0467,148.6067,149.4,2122200,362.42
2021-07-14,150.42,151.6967,148.2833,148.71,2256600,363.07
2021-07-15,147.9933,148.3133,144.3067,145.41,2657100,360.52
2021-07-16,145.8633,146.6,141.91,142.25,2571600,357.6
2021-07-19,140.3067,142.34,139.5033,142.1067,4068000,354.67
2021-07-20,142.79,145.1367,141.0,144.0433,3201000,358.79
2021-07-21,144.5933,148.5367,144.5933,148.4667,2039400,361.56
2021-07-22,147.7233,148.4,146.4967,147.59,1185000,363.95
2021-07-23,148.28,148.49,146.5133,148.3433,1312500,368.2
2021-07-26,147.7733,148.72,147.4067,148.39,1123200,368.49
2021-07-27,147.9667,147.9667,142.59,145.6667,2508000,364.43
2021-07-28,146.1967,148.67,145.4933,148.0467,2289600,365.83
2021-07-29,148.61,151.53,148.5533,151.0667,2303700,366.48
2021-07-30,149.7,152.6133,149.7,152.3033,2320200,364.57
2021-08-02,153.7633,155.1667,152.89,153.2667,2864100,364.6
2021-08-03,153.6067,154.4333,151.81,154.4333,1769100,366.81
2021-08-04,154.7333,156.7567,154.5033,156.0067,1626000,367.34
2021-08-05,156.7567,157.1267,155.1467,156.0333,1420200,369.67
2021-08-06,155.1167,156.0367,154.85,155.2567,1233000,368.05
2021-08-09,155.8833,155.9733,154.0767,154.73,1065900,368.73
2021-08-10,154.96,155.2267,151.8167,152.9333,2695500,366.84
2021-08-11,153.35,153.5633,150.62,152.41,1296900,366.21
2021-08-12,151.91,151.91,149.5233,150.7733,1531500,367.53
2021-08-13,150.4267,151.7433,150.2967,151.72,1060200,368.82
2021-08-16,151.1467,151.5467,149.89,151.1567,1143900,368.98
2021-08-17,149.9,149.9,146.8433,148.23,1850700,365.73
2021-08-18,148.0233,148.93,146.0767,146.27,1879200,362.21
2021-08-19,145.3533,148.2767,144.2267,147.47,2175600,363.96
2021-08-20,147.8633,148.84,146.8067,148.5767,1798200,367.73
2021-08-23,150.12,152.9633,150.12,152.76,2181000,373.23
2021-08-24,153.2,153.6667,152.4967,152.76,1662900,374.37
2021-08-25,153.3633,155.06,153.2767,153.9233,2274300,374.8
2021-08-26,153.74,154.6667,152.8067,154.0667,2284500,372.42
2021-08-27,154.1533,157.1933,153.9367,157.0067,2404500,376.04
2021-08-30,157.6467,158.8433,156.7567,157.32,2519400,380.26
2021-08-31,157.49,157.7,154.8467,156.0633,2107800,379.95
2021-09-01,156.8467,157.0033,155.2133,155.2133,1632600,380.58
2021-09-02,155.95,156.2733,155.19,155.7933,1501500,380.4
2021-09-03,155.82,157.57,155.4733,156.96,1356000,381.57
2021-09-07,157.04,157.0467,155.4567,156.3833,1640700,382.11
2021-09-08,155.6667,155.8267,153.0333,154.38,3087900,380.78
2021-09-09,154.2767,155.84,154.1833,154.9233,3921000,379.47
2021-09-10,156.1967,158.5267,156.14,156.1533,2959200,376.59
2021-09-13,157.7267,157.9767,155.5167,157.65,2835900,376.33
2021-09-14,158.0533,158.8533,156.9367,157.6567,2581500,375.26
2021-09-15,157.78,158.5667,156.4433,158.5633,3770400,378.05
2021-09-16,157.4167,159.3967,156.7633,158.8667,1655100,378.31
2021-09-17,158.4467,158.4467,155.6267,156.3333,2426700,373.83
2021-09-20,153.0,153.5933,150.2167,152.4633,3124800,365.7
2021-09-21,153.6033,154.06,151.5233,152.9133,2214000,366.15
2021-09-22,154.1167,156.4467,153.5533,156.0867,1309200,369.57
2021-09-23,156.8267,158.6667,156.2633,158.1667,2407200,372.98
2021-09-24,156.5833,157.9367,156.3333,157.6,1191900,373.33
2021-09-27,155.9133,157.8333,154.99,157.2167,1339800,370.35
2021-09-28,154.2467,155.1433,151.0667,151.0667,5448000,359.87
2021-09-29,151.4033,151.8467,148.3933,148.6833,6776400,359.28
2021-09-30,150.0933,151.0733,148.5833,148.6233,4524900,357.96
2021-10-01,149.2133,149.4933,146.2767,148.72,3114900,360.18
2021-10-04,147.95,148.04,144.4467,144.89,4161900,352.62
2021-10-05,145.5833,148.1033,145.34,147.0833,3156000,357.38
2021-10-06,145.4467,147.77,144.9433,147.6567,3410700,359.67
2021-10-07,149.5633,151.3633,149.1933,149.3833,1913400,362.97
2021-10-08,149.92,150.1133,147.7333,147.8533,1672200,361.16
2021-10-11,147.2667,149.3533,146.81,146.8633,1532100,358.39
2021-10-12,147.79,148.0067,144.42,145.03,3201900,357.14
2021-10-13,146.08,146.7733,145.39,145.8667,1756500,360.0
2021-10-14,148.5567,150.4067,148.1433,150.3933,2486100,366.63
2021-10-15,151.4967,151.85,150.63,151.3967,1639500,368.94
2021-10-18,150.4967,152.6667,149.6333,152.6167,1352700,372.65
2021-10-19,152.9667,154.4867,152.27,154.4867,1394100,375.47
2021-10-20,153.93,154.77,153.5,154.1667,1261500,374.98
2021-10-21,153.1767,155.92,153.1067,155.72,1303200,377.27
2021-10-22,154.9,156.5,153.7067,153.9733,3284400,374.1
2021-10-25,154.76,155.92,154.2,155.03,1684800,377.93
2021-10-26,156.2433,156.8,154.6,155.1467,1879200,379.12
2021-10-27,154.2033,155.84,153.4867,154.0333,3226200,380.0
2021-10-28,156.09,157.6333,155.81,157.5067,3278100,384.22
2021-10-29,156.1767,158.23,156.0,158.21,2135700,386.11
2021-11-01,158.4,160.8267,158.0,160.79,2547300,387.43
2021-11-02,160.7033,162.7967,160.7033,162.79,2225400,389.05
2021-11-03,163.0,164.8667,162.37,164.6667,2175000,393.18
2021-11-04,166.5267,170.97,165.62,170.2067,4080900,398.22
2021-11-05,171.2667,173.4167,170.39,172.0967,4534800,398.6
2021-11-08,173.1633,175.56,172.5367,174.4233,2921400,398.06
2021-11-09,176.1633,176.3633,172.5433,174.4233,2722800,395.32
2021-11-10,171.15,173.49,168.5433,169.28,3934200,389.51
2021-11-11,172.08,173.2733,170.75,172.86,2283000,390.59
2021-11-12,173.46,175.3767,172.5033,174.55,1970400,394.7
2021-11-15,175.8567,175.8567,172.6267,174.42,2318100,394.61
2021-11-16,173.6333,177.3533,173.4233,177.0333,2023200,397.42
2021-11-17,177.1233,177.1233,174.94,175.8,1575600,397.63
2021-11-18,178.9967,179.6367,177.0333,178.74,1997100,401.75
2021-11-19,178.7667,180.45,177.8767,179.2367,3405900,403.99
2021-11-22,180.2667,182.7067,176.4,176.64,4422600,399.3
2021-11-23,176.45,177.6367,172.9733,175.93,2422800,397.48
2021-11-24,174.55,177.9533,172.8033,177.8633,2117100,398.76
2021-11-26,174.5067,176.0867,171.64,172.9133,2448000,391.2
2021-11-29,175.4767,179.96,174.8167,179.56,2412300,399.69
2021-11-30,178.8533,180.53,174.9067,176.4133,3264300,393.82
2021-12-01,179.0,182.16,174.9933,175.0033,3112500,387.12
2021-12-02,173.2,176.4767,171.8767,175.2567,3124500,389.91
2021-12-03,177.7367,179.4967,172.85,174.8133,2490900,383.13
2021-12-06,174.4733,175.1233,169.1267,174.59,2091600,386.2
2021-12-07,178.4933,183.76,178.4933,183.4,2692200,397.83
2021-12-08,182.4267,182.5867,180.3267,182.2067,1666500,399.61
2021-12-09,181.13,182.9367,177.86,178.0167,1674000,393.73
2021-12-10,181.3367,182.2,177.4733,179.6967,2020500,398.01
2021-12-13,180.1133,180.1933,174.32,174.6267,2286600,392.26
2021-12-14,172.4833,174.7033,171.5233,173.7867,2888100,388.2
2021-12-15,174.14,180.33,171.8,180.1667,2344200,397.05
2021-12-16,180.9,181.41,171.2733,172.3067,2797800,386.84
2021-12-17,170.61,174.64,170.04,171.9,2702100,384.91
2021-12-20,169.4,171.8833,168.6933,170.5533,2145900,380.69
2021-12-21,174.3967,176.79,172.0133,176.7067,1624200,389.21
2021-12-22,175.7967,178.5433,174.8833,178.5433,2134800,393.95
2021-12-23,178.9,181.4367,178.8967,180.27,2100300,396.92
2021-12-27,180.93,185.25,180.8867,185.21,2503500,403.48
2021-12-28,186.0667,186.0933,182.32,183.1667,1974900,401.61
2021-12-29,183.0967,184.5933,182.3233,183.4467,1254900,401.55
2021-12-30,183.0033,183.7633,180.7567,181.32,1361700,400.35
2021-12-31,181.5067,182.7133,180.7533,180.7733,1217400,397.85
2022-01-03,181.99,184.5467,181.2733,184.3667,1699800,401.68
2022-01-04,185.1867,186.34,179.3733,183.8,3504600,396.47
2022-01-05,182.3933,183.96,177.3967,177.5567,3751800,384.29
2022-01-06,177.53,179.7733,175.6067,178.9367,2934300,384.02
2022-01-07,178.7633,179.4167,173.2033,173.7467,2284500,379.86
2022-01-10,171.5967,174.1867,168.0,173.81,5377500,380.11
2022-01-11,173.2267,177.2867,171.9467,177.08,3157200,385.82
2022-01-12,178.79,180.0233,176.6033,178.38,3571500,387.35
2022-01-13,181.1067,182.6167,173.7733,174.2167,3268800,377.66
2022-01-14,172.8367,178.5533,172.8133,178.3867,3401700,380.01
2022-01-18,175.5367,175.56,170.04,170.4133,7686000,370.55
2022-01-19,171.7967,172.8533,165.2833,165.4,9931800,366.48
2022-01-20,166.6767,168.0,160.0,160.2133,8349900,361.72
2022-01-21,159.0933,163.6167,157.1967,157.5467,13946100,351.69
2022-01-24,154.2533,159.6433,148.9767,159.3467,15465300,353.3
2022-01-25,155.25,157.16,152.5167,153.4,10710300,345.11
2022-01-26,157.7067,162.2567,153.4,155.7567,8508000,344.57
2022-01-27,157.2967,157.4867,148.3233,148.8233,8400900,341.1
2022-01-28,148.7033,151.6767,144.4267,151.6767,7173000,351.8
2022-01-31,152.4367,160.0667,151.5967,159.8233,7846800,363.05
2022-02-01,161.3867,161.6467,157.13,161.1533,4068900,365.52
2022-02-02,164.41,165.64,162.0867,165.2233,5229000,368.49
2022-02-03,161.0667,163.73,157.4267,158.0333,6506400,353.55
2022-02-04,157.2967,160.3,155.1667,158.94,5061300,358.01
2022-02-07,159.3333,161.5033,158.25,158.85,3501900,355.13
2022-02-08,158.1767,163.1967,157.9133,162.8667,2941200,359.12
2022-02-09,165.0133,168.23,162.9467,168.21,5061000,366.73
2022-02-10,164.1067,169.2933,162.04,162.9667,4614000,358.43
2022-02-11,163.24,164.4267,153.5633,154.6733,7881900,347.06
2022-02-14,155.2,157.9467,152.8,154.82,5697300,347.49
2022-02-15,158.17,163.7867,157.75,163.3633,4881000,356.13
2022-02-16,161.3567,164.0233,159.93,163.4167,2713200,356.04
2022-02-17,161.2467,161.47,157.0367,157.28,6003000,345.45
2022-02-18,157.3533,157.9333,153.36,155.5233,5866200,341.51
2022-02-22,153.8433,158.2867,152.1233,154.5767,8370000,338.08
2022-02-23,156.37,158.0,150.4067,150.8933,6525600,329.42
2022-02-24,145.0267,156.6633,144.6767,156.4133,8669100,340.49
2022-02-25,156.4067,159.02,154.19,159.02,7065000,345.77
2022-02-28,156.95,159.4567,154.87,158.0533,4359300,346.8
2022-03-01,157.4133,158.33,150.6533,152.3233,4265700,341.49
2022-03-02,153.59,158.2633,153.2333,157.1667,2850600,347.22
2022-03-03,158.1267,158.1733,152.9333,153.87,4177800,342.26
2022-03-04,152.37,153.7133,148.1,149.7867,4443300,337.3
2022-03-07,150.2333,151.3033,142.2433,142.2733,5869200,324.86
2022-03-08,143.2433,150.2967,140.8533,145.0,7909500,323.35
2022-03-09,149.88,152.2167,148.1733,151.0767,4699800,334.99
2022-03-10,148.4033,148.55,145.0667,147.9767,4805700,331.27
2022-03-11,150.1233,150.4,144.5067,144.8,6524400,324.4
2022-03-14,144.3667,145.1167,139.4533,140.1133,5683800,318.17
2022-03-15,141.5167,146.9,140.63,146.5533,3980400,328.15
2022-03-16,149.04,154.1233,147.4233,154.1,4868700,340.32
2022-03-17,152.3533,155.05,151.1767,155.05,4133100,344.44
2022-03-18,153.97,158.7167,153.0167,158.0767,5004600,351.49
2022-03-21,157.4667,159.0567,154.9433,157.7633,4801500,350.08
2022-03-22,157.4767,160.5133,157.32,158.6367,2886600,356.96
2022-03-23,157.1867,159.11,154.5967,154.64,3530400,351.83
2022-03-24,155.94,162.2667,155.3,162.14,5002500,359.65
2022-03-25,161.96,162.4,159.09,161.7733,3103200,359.35
2022-03-28,160.8033,163.03,158.4867,163.03,2735700,364.91
2022-03-29,165.63,167.03,163.4,166.7667,3093600,371.19
2022-03-30,165.4767,166.0633,160.5767,161.4333,3269100,367.09
2022-03-31,161.3133,162.03,157.3367,157.76,3369300,362.54
2022-04-01,158.4267,158.7967,152.3933,154.7033,5391900,361.85
2022-04-04,155.1067,157.4367,154.5233,157.2167,2705100,369.3
2022-04-05,155.93,156.0633,149.58,149.98,4054800,361.1
2022-04-06,146.6667,148.9067,145.0,146.25,4836900,353.26
2022-04-07,146.05,147.8833,143.5033,146.57,3511800,354.1
2022-04-08,145.3533,145.4067,142.7033,142.9333,4500300,349.15
2022-04-11,140.82,142.0,139.6733,139.9967,4291800,340.89
2022-04-12,142.9567,144.0133,138.84,139.57,5894700,339.45
2022-04-13,140.4733,143.56,139.6067,142.5733,3309000,346.35
2022-04-14,143.5033,143.5367,138.45,138.63,5903400,338.43
2022-04-18,137.9367,142.2767,137.7667,141.03,3630300,338.69
2022-04-19,140.4667,144.4233,139.7533,144.12,3036600,346.26
2022-04-20,146.4,147.67,143.2933,143.8,3826200,341.21
2022-04-21,145.57,147.19,139.24,139.9633,3600300,334.15
2022-04-22,139.7433,140.52,136.62,136.85,4569000,325.4
2022-04-25,135.7333,139.2,135.3267,139.1633,6353700,329.58
2022-04-26,137.2833,137.5233,132.8367,132.9933,5844000,317.14
2022-04-27,131.5267,135.5733,131.23,132.2667,4350300,316.76
2022-04-28,134.9233,141.0467,133.2233,139.5567,4923300,328.01
2022-04-29,137.6,140.27,133.2067,133.5933,4188300,313.25
2022-05-02,133.7167,138.2067,132.67,138.0533,4635300,318.48
2022-05-03,137.6867,140.29,136.73,139.1967,2300100,318.82
2022-05-04,140.23,144.8367,135.9,144.5967,4259400,329.6
2022-05-05,142.0033,142.2167,135.5433,137.5933,4597200,313.0
2022-05-06,136.3333,139.4033,133.7933,136.3667,3950400,309.25
2022-05-09,133.42,135.0467,128.6633,129.4233,5058600,297.15
2022-05-10,133.33,134.8133,129.4767,132.3667,4476600,300.76
2022-05-11,131.2367,134.3267,128.0833,128.4567,5066100,291.84
2022-05-12,126.87,130.3133,125.7767,129.2367,5345100,291.15
2022-05-13,131.5033,136.7833,130.8067,135.8333,4724400,301.94
2022-05-16,134.4533,135.8733,133.26,133.7667,2372400,298.44
2022-05-17,137.2567,140.6233,136.74,140.2633,3193200,306.17
2022-05-18,137.9467,139.8633,132.6267,133.1933,3581100,291.14
2022-05-19,132.5433,135.7867,131.2333,132.3867,3303300,289.58
2022-05-20,134.9933,135.0033,126.39,132.3167,4083900,288.68
2022-05-23,131.29,133.24,130.2767,132.8867,3639300,293.48
2022-05-24,130.7533,131.19,128.1733,129.65,2865600,287.24
2022-05-25,128.7733,133.2233,128.6533,131.9833,2512500,291.26
2022-05-26,130.7467,137.7533,130.5367,137.14,2966700,299.33
2022-05-27,139.3033,143.0167,139.3033,142.78,3165600,309.1
2022-05-31,142.5333,143.3067,139.8667,142.0467,2807100,308.28
2022-06-01,142.77,143.49,137.86,139.7933,2466000,306.0
2022-06-02,139.3067,144.8067,139.0367,144.6633,2005800,314.38
2022-06-03,141.53,142.33,139.6867,140.3367,2065500,306.2
2022-06-06,143.2867,143.76,139.6467,140.58,2241900,307.22
2022-06-07,138.91,142.1033,137.84,141.7033,1866600,309.87
2022-06-08,140.9267,141.5,137.64,138.6867,3396000,307.64
2022-06-09,137.2833,139.6767,134.5433,134.5467,2517000,299.4
2022-06-10,132.3333,133.4767,129.4967,129.7667,3599100,288.84
2022-06-13,125.0,126.6433,121.81,122.28,4042800,275.41
2022-06-14,123.6233,124.1733,121.5167,122.96,2831100,275.91
2022-06-15,124.41,127.2733,122.27,125.0733,3811200,282.8
2022-06-16,121.42,121.5433,116.0567,117.5367,3921300,271.39
2022-06-17,117.8,118.8667,115.3067,118.0133,3400200,274.69
2022-06-21,120.5033,122.9233,120.4167,121.1033,2830200,281.08
2022-06-22,119.0167,121.5533,118.84,119.84,4106700,280.67
2022-06-23,120.55,120.6533,117.1533,119.0267,2178900,284.85
2022-06-24,120.89,124.3,120.6267,124.3,3783600,294.61
2022-06-27,125.4233,125.7333,123.0067,123.96,2497500,292.45
2022-06-28,124.6933,126.1467,120.7467,120.9367,3039900,283.54
2022-06-29,119.28,119.42,116.6167,118.0833,3393600,283.8
2022-06-30,116.4267,118.86,114.7,116.5367,3285600,280.28
2022-07-01,114.5967,115.2167,110.96,112.4133,3875100,282.13
2022-07-05,109.5667,113.3,108.9,113.3,3391200,286.96
2022-07-06,113.41,115.1867,112.17,113.8533,2672100,288.8
2022-07-07,116.5267,119.5467,116.5267,118.95,2866200,294.98
2022-07-08,117.2267,120.3333,116.8733,119.5167,2334000,295.35
2022-07-11,117.7067,118.2933,116.0033,116.7633,2490000,289.04
2022-07-12,117.5233,118.3867,116.2367,117.09,4494300,286.24
2022-07-13,114.7,118.69,114.4667,117.75,3564600,285.65
2022-07-14,117.4367,120.76,115.7233,120.2467,3186900,286.67
2022-07-15,122.0833,123.3133,120.17,123.1167,2984100,291.87
2022-07-18,125.1567,126.1167,121.9433,122.7233,2959200,289.4
2022-07-19,124.66,128.8267,124.3033,128.1333,3116700,298.3
2022-07-20,127.94,132.0233,127.15,131.4,4845300,303.03
2022-07-21,132.0833,133.6333,130.1967,133.5467,2753400,307.38
2022-07-22,133.1167,133.1733,129.0767,130.2567,4548000,301.99
2022-07-25,129.2567,129.5333,127.27,129.4333,2862900,300.27
2022-07-26,128.5733,129.2233,126.8033,127.2767,2510400,294.37
2022-07-27,129.56,134.1733,129.17,133.1,3214200,306.81
2022-07-28,133.3933,135.03,130.4867,134.74,3532200,309.81
2022-07-29,132.79,136.1567,132.3333,135.7767,3840900,315.46
2022-08-01,134.8133,137.4767,133.9267,136.3,3812100,315.27
2022-08-02,134.76,138.1067,134.19,136.04,2124900,314.33
2022-08-03,136.02,140.0933,135.9333,139.82,2860800,322.89
2022-08-04,139.4967,141.2533,139.09,140.83,1919100,324.4
2022-08-05,138.36,140.9367,137.7267,139.7333,3279900,321.75
2022-08-08,137.8067,139.3367,135.5033,137.62,3061200,320.71
2022-08-09,134.44,134.58,129.5067,131.3133,4368900,317.08
2022-08-10,134.8133,137.0167,133.0167,136.7633,3456000,325.93
2022-08-11,137.9233,140.62,136.2867,136.5867,2403900,324.08
2022-08-12,137.4967,140.9633,136.9967,140.5833,2049600,330.39
2022-08-15,139.9567,141.5,139.0,141.1067,1325100,333.06
2022-08-16,140.3833,141.0,138.1033,139.6633,1566900,332.28
2022-08-17,137.5233,137.59,134.3833,136.29,2640000,328.49
2022-08-18,136.66,140.3267,136.1667,139.3967,1698900,329.28
2022-08-19,137.4767,138.1733,134.9367,135.6333,2323500,322.86
2022-08-22,132.8833,133.1333,129.8967,130.53,2903400,314.36
2022-08-23,130.6233,133.18,130.4733,131.18,2430600,314.1
2022-08-24,131.03,131.9633,129.99,131.51,1251900,315.01
2022-08-25,131.6367,136.49,131.5633,136.33,2679300,320.58
2022-08-26,136.0233,136.34,128.3933,128.5967,2838000,307.44
2022-08-29,127.23,128.7033,125.7933,126.0,2575200,304.41
2022-08-30,127.3567,127.4067,123.0033,124.5333,3212700,301.02
2022-08-31,125.0833,125.0867,122.1533,123.23,2974800,299.27
2022-09-01,120.0867,120.96,117.1967,120.9433,4537800,299.4
2022-09-02,122.8067,123.6633,119.0933,119.6167,3841200,295.17
2022-09-06,119.5967,120.2533,117.33,118.2367,2692500,293.05
2022-09-07,118.7133,121.2533,117.8167,120.2367,1699500,298.97
2022-09-08,119.07,122.72,118.3333,122.2633,2823300,300.52
2022-09-09,123.8733,125.8433,123.8733,125.1967,2066400,307.09
2022-09-12,125.7367,126.43,124.2967,125.8067,2610900,310.74
2022-09-13,121.0233,122.0633,117.6367,117.9933,4065000,293.7
2022-09-14,118.88,120.16,117.5533,119.3333,2722800,296.03
2022-09-15,118.53,119.92,116.5567,117.3533,2432700,291.1
2022-09-16,116.0633,118.1833,115.18,118.0567,3392100,289.32
2022-09-19,116.55,119.3033,116.4967,118.6767,2146200,291.05
2022-09-20,117.53,118.1,116.17,117.1,2630700,288.73
2022-09-21,117.3167,121.1167,115.9167,115.9167,3535200,283.56
2022-09-22,115.2533,115.74,112.0967,112.7633,2936100,280.07
2022-09-23,111.43,111.73,109.2367,111.2533,3881700,275.51
2022-09-26,110.2667,111.9633,108.7967,108.9933,2881500,274.37
2022-09-27,110.9733,111.7867,108.4267,110.0067,2977200,274.48
2022-09-28,109.0967,112.0033,108.6433,111.5667,4045200,279.94
2022-09-29,109.5267,109.7333,106.37,108.0967,3009000,271.87
2022-09-30,106.7,109.4533,106.08,106.2433,2722800,267.26
2022-10-03,107.4533,111.1467,106.6833,109.9167,3747300,273.53
2022-10-04,113.4567,115.21,113.1667,115.0733,3182400,282.13
2022-10-05,113.1667,117.1867,112.16,116.0133,2505600,281.98
2022-10-06,115.8933,118.0267,115.12,115.55,2850000,279.76
2022-10-07,112.1067,112.4233,107.9667,108.6167,3969000,269.1
2022-10-10,108.1933,108.3233,103.42,104.9233,4665000,266.41
2022-10-11,103.0533,104.01,100.54,101.9733,4818600,262.75
2022-10-12,101.84,102.38,100.66,100.9833,3107400,262.66
2022-10-13,97.0333,105.8033,95.94,103.89,4911600,268.82
2022-10-14,105.3433,105.3433,99.2367,99.56,3887100,260.74
2022-10-17,102.21,103.07,100.8667,101.67,3760500,269.35
2022-10-18,104.85,105.5367,100.22,102.02,3558900,271.48
2022-10-19,101.2933,103.6467,100.98,102.6733,3043500,270.49
2022-10-20,103.24,106.4633,102.7233,103.31,3567300,269.11
2022-10-21,103.04,107.4167,102.59,107.15,3703200,275.42
2022-10-24,107.51,108.08,105.1,107.6133,3784200,278.45
2022-10-25,108.0667,110.81,107.8933,110.07,2770800,284.21
2022-10-26,107.7967,111.5733,107.2667,108.9867,4811700,277.93
2022-10-27,109.7,110.73,106.9133,107.0533,3589500,272.87
2022-10-28,107.25,111.4133,106.9733,111.25,4192500,281.22
2022-10-31,110.2467,110.5533,108.27,108.8267,2394900,277.95
2022-11-01,111.0133,111.3767,109.0467,109.7033,2810400,275.11
2022-11-02,110.3967,112.3267,106.1,106.24,3193800,265.68
2022-11-03,104.2533,106.4433,103.16,104.8167,3752100,260.49
2022-11-04,108.5967,109.9467,107.09,109.6667,4601700,264.68
2022-11-07,110.6833,112.4667,109.2367,112.0367,3548700,267.59
2022-11-08,114.1333,115.8533,112.1833,114.5033,3901200,269.54
2022-11-09,112.5633,113.01,110.6733,110.8433,3578700,263.32
2022-11-10,117.1833,122.6167,116.2067,122.3133,5347500,282.75
2022-11-11,122.91,126.7967,121.5033,126.0567,6114000,287.96
2022-11-14,125.3733,127.1267,124.6333,124.6767,3683100,285.44
2022-11-15,129.8433,130.1967,126.55,128.29,4897800,289.39
2022-11-16,125.3667,125.6167,122.2167,122.9933,4775700,285.44
2022-11-17,120.44,124.51,120.2233,123.9567,3961500,284.81
2022-11-18,126.03,126.0567,122.89,124.2333,3105300,284.82
2022-11-21,122.88,123.32,121.7867,122.1733,1815000,281.89
2022-11-22,123.22,125.91,122.1867,125.8133,3290700,285.95
2022-11-23,125.68,128.56,125.6633,127.3333,3905400,288.82
2022-11-25,126.5567,127.0,125.6367,125.6367,1164000,286.92
2022-11-28,124.0767,125.39,121.65,122.4967,3197700,282.71
2022-11-29,122.8633,123.5533,121.2767,122.0233,1828200,280.57
2022-11-30,122.48,129.4333,121.34,129.3433,4166100,293.36
2022-12-01,130.11,130.2433,126.6233,128.4133,4130700,293.72
2022-12-02,125.1933,127.1633,124.5533,126.9633,3110400,292.55
2022-12-05,126.1,127.3167,124.2233,125.3567,2709300,287.64
2022-12-06,125.3433,125.4733,121.48,122.72,2182200,281.68
2022-12-07,121.41,123.3167,121.18,122.4567,2111400,280.53
2022-12-08,123.2033,126.0867,122.3833,125.9967,2694300,283.85
2022-12-09,125.44,127.0367,124.3833,124.83,1749000,282.04
2022-12-12,124.2167,127.1767,123.58,127.04,2178900,285.58
2022-12-13,132.4033,132.98,127.25,128.8633,4521000,288.65
2022-12-14,128.55,130.09,125.4467,126.93,3972000,286.51
2022-12-15,124.2633,124.8033,121.3933,121.56,3881100,276.89
2022-12-16,120.9133,121.9633,119.45,120.64,2465700,274.25
2022-12-19,120.5133,120.79,117.9167,119.1467,2231700,269.75
2022-12-20,117.66,119.5067,117.3933,118.42,2275500,269.54
2022-12-21,119.2467,121.4867,119.0167,121.0867,2291700,273.45
2022-12-22,118.7333,118.9233,113.7467,116.1933,5403300,266.76
2022-12-23,115.1867,116.2967,114.0133,116.2933,2571900,267.36
2022-12-27,115.37,115.4767,113.6667,114.1933,3494400,263.58
2022-12-28,113.4567,114.8467,112.05,112.51,2682000,260.1
2022-12-29,114.3433,116.64,113.92,116.1,3263100,266.44
2022-12-30,114.44,116.1867,113.6133,115.9933,2010000,266.28
2023-01-03,117.9567,118.1667,114.1667,114.8633,2844600,264.48
2023-01-04,117.05,118.4733,115.7,117.82,3257100,265.74
2023-01-05,116.6567,117.4867,115.6433,115.8333,2671800,261.58
2023-01-06,117.4,121.86,115.8133,121.2233,4898400,268.8
2023-01-09,123.4467,126.2633,122.66,123.4567,4581300,270.54
2023-01-10,123.0333,125.2233,122.3933,125.0533,2825400,272.83
2023-01-11,125.13,126.72,124.0767,126.6667,2682000,277.55
2023-01-12,127.35,128.98,124.72,128.2067,3324000,279.05
2023-01-13,126.5433,128.75,126.3867,128.7367,2079000,280.97
2023-01-17,128.2967,130.1867,127.6933,128.8833,3017400,281.54
2023-01-18,130.3267,131.2433,128.16,128.2067,3512700,277.88
2023-01-19,127.0667,127.1333,124.2067,124.61,3775200,275.15
2023-01-20,125.95,128.59,124.67,128.51,3352500,282.68
2023-01-23,129.71,135.4133,129.5033,134.9633,5726700,288.96
2023-01-24,133.3167,135.2,133.1333,133.9433,2370300,288.37
2023-01-25,131.5867,134.5467,130.5767,134.3067,3301200,287.73
2023-01-26,135.8467,136.7433,133.6,136.57,3896700,293.34
2023-01-27,134.21,136.8733,133.8633,135.7,4289700,296.26
2023-01-30,133.85,134.66,131.99,132.0967,4384500,290.27
2023-01-31,131.8433,134.6233,131.7167,134.56,3104100,294.62
2023-02-01,135.2267,143.0067,135.1067,141.5767,7244100,300.92
2023-02-02,143.0267,146.0367,142.2133,144.8567,7456200,311.72
2023-02-03,141.6367,145.2933,141.2767,142.03,5555400,306.18
2023-02-06,139.81,141.8733,139.0967,139.7233,2496300,303.59
2023-02-07,140.2633,144.8567,139.91,144.1667,3285300,309.88
2023-02-08,143.2067,144.3833,140.7367,141.0667,3522000,304.37
2023-02-09,143.5767,145.1867,140.38,141.4267,3015600,301.68
2023-02-10,139.98,140.3867,137.6633,139.1767,2947800,299.7
2023-02-13,139.8333,141.63,138.6133,141.2233,2122500,304.5
2023-02-14,139.9767,144.22,138.9267,143.7867,3252000,306.75
2023-02-15,142.29,144.4467,141.24,144.3733,2143500,309.1
2023-02-16,141.7733,143.26,140.6033,140.8333,3444900,303.3
2023-02-17,140.0,140.41,137.3833,138.64,3064200,301.16
2023-02-21,136.4833,138.0933,133.89,134.15,2208600,294.03
2023-02-22,134.4633,135.47,132.7,133.5067,2285700,294.25
2023-02-23,138.0,138.5533,135.19,137.8967,4617000,296.82
2023-02-24,135.45,136.14,134.41,135.4267,2842200,291.85
2023-02-27,137.69,137.71,136.0933,136.1433,2040900,293.94
2023-02-28,135.8267,138.4567,135.5333,136.61,1582500,293.56
2023-03-01,137.1133,138.3133,136.1067,136.6467,1922400,291.2
2023-03-02,134.52,138.3967,133.4767,137.74,3108300,293.61
2023-03-03,137.71,140.0167,136.6733,139.8633,2408700,299.68
2023-03-06,140.2533,141.46,137.9067,138.2367,2177100,300.02
2023-03-07,138.3833,138.9667,136.23,136.78,1899000,296.34
2023-03-08,137.33,140.57,137.33,140.4167,2088300,297.82
2023-03-09,140.2367,142.41,137.4167,137.6267,3889800,292.66
2023-03-10,138.3667,138.7233,134.3267,134.9667,3320700,288.55
2023-03-13,133.5567,136.6667,132.16,135.0067,3512700,290.69
2023-03-14,137.36,139.8133,136.7067,138.9533,2743200,297.37
2023-03-15,136.9667,137.6467,134.43,137.3333,3527100,298.93
2023-03-16,136.7333,143.01,136.1367,142.6967,3730200,306.81
2023-03-17,142.97,144.0767,141.04,141.8133,2828400,305.36
2023-03-20,142.09,143.7733,140.9167,143.3133,2155800,305.97
2023-03-21,144.48,146.0,141.4667,143.5967,2899500,310.34
2023-03-22,143.6,147.4167,142.1333,142.17,3313200,306.12
2023-03-23,144.2767,147.63,143.1333,145.6767,4039800,309.75
2023-03-24,144.4967,144.89,141.7,143.15,3120600,310.89
2023-03-27,143.6667,144.1067,140.9733,141.47,1806300,308.76
2023-03-28,141.1433,141.26,138.27,140.41,2737500,307.12
2023-03-29,142.7533,145.9333,142.4867,144.9233,3140400,312.72
2023-03-30,146.76,148.2733,146.2667,147.31,2602200,315.68
2023-03-31,146.19,148.4467,145.9533,148.2233,2151000,320.93
2023-04-03,147.3567,147.9167,145.1267,146.9433,1876800,320.15
2023-04-04,147.21,147.2533,143.3967,144.2033,2324100,319.07
2023-04-05,142.6633,142.7833,140.2067,141.7033,3343800,315.92
2023-04-06,140.41,142.0133,139.3233,140.9733,1894800,318.05
2023-04-10,139.76,143.5633,139.5367,143.4633,1927200,317.87
2023-04-11,144.2567,144.3567,142.4367,142.71,1823100,315.83
2023-04-12,144.1233,144.1667,139.9633,140.1,2598900,313.04
2023-04-13,140.4167,142.0833,139.2933,141.2533,3013500,319.17
2023-04-14,141.12,142.8267,139.4967,141.0333,1963500,318.57
2023-04-17,139.5167,141.1233,139.0967,141.0333,2206500,318.84
2023-04-18,142.1333,143.36,140.57,141.6433,2765100,318.86
2023-04-19,139.7633,140.43,139.2367,140.0933,1264500,318.71
2023-04-20,138.69,142.0633,138.55,139.9633,2391900,316.28
2023-04-21,139.48,139.48,137.7133,138.9367,2157600,316.61
2023-04-24,138.6867,139.4767,137.38,138.3133,2074800,315.95
2023-04-25,137.4867,137.5,133.58,133.6667,2482500,309.99
2023-04-26,135.0567,135.7567,133.6933,134.38,1926300,311.87
2023-04-27,134.2067,135.1167,131.53,134.9467,3116700,320.35
2023-04-28,135.5733,137.4133,134.9733,137.38,2359200,322.56
2023-05-01,137.93,139.0267,137.57,138.6233,1803900,322.19
2023-05-02,138.6767,139.4667,136.29,137.6333,2115600,319.38
2023-05-03,136.86,138.51,135.9533,136.0533,2525400,317.29
2023-05-04,134.9767,136.4533,134.0767,135.29,2102700,316.17
2023-05-05,135.4567,138.88,134.7733,138.3,1619400,322.89
2023-05-08,138.1467,138.98,137.0,138.8833,1365300,323.69
2023-05-09,136.91,137.0933,135.9633,136.52,2348400,321.64
2023-05-10,138.0533,138.8867,136.5767,137.91,2766600,325.14
2023-05-11,137.95,138.2467,135.7067,137.0067,1854600,326.2
2023-05-12,137.4967,138.0667,135.59,136.88,1383300,325.03
2023-05-15,137.27,140.6233,136.8667,140.5967,1799100,326.79
2023-05-16,140.14,141.93,140.14,140.3333,2047500,327.16
2023-05-17,141.6167,144.3533,140.73,143.8,1986000,331.12
2023-05-18,144.44,148.7033,144.3333,148.3433,3429300,337.27
2023-05-19,147.91,148.2467,146.6567,147.58,2877600,336.51
2023-05-22,146.25,148.48,146.1867,148.09,2299800,337.64
2023-05-23,147.0967,148.0667,145.9367,146.26,1553100,333.36
2023-05-24,143.3167,144.2433,142.1267,143.6433,4341000,331.65
2023-05-25,150.2467,153.8,148.6167,153.21,12973800,339.72
2023-05-26,155.5467,164.0633,155.4933,163.2233,8010900,348.4
2023-05-30,167.0,167.6733,162.4233,163.0867,7862700,349.98
2023-05-31,160.33,162.5367,158.8267,158.9,5358600,347.99
2023-06-01,159.87,163.0133,158.2333,161.6333,7343700,352.01
2023-06-02,162.8667,163.3333,160.08,161.2533,3318900,354.65
2023-06-05,160.6633,160.7533,157.9433,158.7567,2710800,354.9
2023-06-06,157.6367,161.4533,157.3967,160.6733,3235500,354.84
2023-06-07,161.5167,163.79,159.8567,160.22,3906300,348.82
2023-06-08,160.69,162.26,159.8633,161.86,2724900,353.15
2023-06-09,163.6933,164.8033,161.5233,162.2867,2519400,354.5
2023-06-12,164.19,167.6733,163.99,167.5133,2638500,360.49
2023-06-13,170.2067,170.8567,167.8267,169.7567,4164300,363.26
2023-06-14,169.1233,172.25,168.1367,172.1667,8500500,365.9
2023-06-15,170.1833,172.0033,169.52,170.7433,6561300,370.26
2023-06-16,172.4633,172.48,168.9233,169.1667,4956300,367.93
2023-06-20,168.39,169.87,166.32,167.7967,2024400,366.9
2023-06-21,166.7433,167.5767,163.5167,163.7067,4128300,361.9
2023-06-22,162.5933,165.1533,162.37,164.47,3656400,366.17
2023-06-23,161.82,162.6,160.8367,161.5733,2057400,362.54
2023-06-26,162.7067,165.2033,162.09,162.0967,2434800,357.68
2023-06-27,162.6667,168.0433,162.05,167.76,2763600,363.83
2023-06-28,165.0533,167.8767,164.8733,166.4667,2912400,364.54
2023-06-29,167.1433,167.26,165.1333,166.5133,1674600,363.81
2023-06-30,168.3467,169.7633,167.7467,169.0867,1618200,369.42
2023-07-03,169.8633,171.0,168.7167,170.59,809400,370.29
2023-07-05,169.45,169.8,166.7667,166.82,2821800,370.28
2023-07-06,163.9867,164.9933,162.64,164.7167,3454200,367.46
2023-07-07,165.0267,167.4067,164.52,164.7867,1824300,366.24
2023-07-10,165.3033,168.3633,165.1367,168.2167,1833600,366.36
2023-07-11,168.8,169.1067,165.7967,168.2233,2370300,368.17
2023-07-12,170.6567,171.6667,169.6933,171.3567,4269300,372.82
2023-07-13,173.1733,175.2933,172.5067,174.8967,2791200,379.15
2023-07-14,174.9167,176.4833,171.9967,172.71,5124900,379.07
2023-07-17,172.7733,177.7167,171.71,176.8433,2926200,382.61
2023-07-18,176.0833,177.7533,174.7033,177.17,2669400,385.74
2023-07-19,177.4,177.5267,174.63,175.0667,2483400,385.65
2023-07-20,171.9433,172.54,167.9333,168.7,5085600,376.76
2023-07-21,170.5367,171.8133,169.27,170.2233,2527800,375.63
2023-07-24,170.22,171.4267,169.3333,170.2167,1544400,376.23
2023-07-25,171.2,174.11,171.2,173.08,1869300,378.78
2023-07-26,170.92,172.1333,168.8233,170.69,2618700,377.52
2023-07-27,175.13,177.5367,172.9267,173.9,3826500,376.62
2023-07-28,177.2133,178.3,175.48,177.6967,2821500,383.48
2023-07-31,178.3467,178.96,177.33,178.4333,1628400,383.68
2023-08-01,176.8,178.9233,176.2533,178.5467,1343400,382.79
2023-08-02,176.28,176.3267,170.69,171.7133,4657800,374.39
2023-08-03,169.6567,172.51,169.0233,171.2733,4354800,373.79
2023-08-04,170.6533,173.38,169.12,171.0033,4139400,372.04
2023-08-07,172.2333,173.0233,171.1867,172.8033,2262900,375.19
2023-08-08,170.1033,170.2467,167.7733,170.0533,2767500,372.0
2023-08-09,169.9367,170.0033,166.5967,166.9333,3228000,367.91
2023-08-10,168.2667,170.0533,165.13,166.26,3831600,368.59
2023-08-11,164.22,164.3333,161.9367,162.23,3882000,366.24
2023-08-14,161.6067,166.95,161.05,166.91,3127200,370.35
2023-08-15,166.0467,166.58,163.9333,164.1233,2276700,366.42
2023-08-16,163.9467,164.11,160.82,160.9467,2840100,362.54
2023-08-17,161.2467,161.61,158.87,159.3733,2624400,358.58
2023-08-18,157.6367,160.8033,157.3067,160.23,2315700,358.13
2023-08-21,160.9867,165.0767,160.73,164.8333,2757900,363.9
2023-08-22,166.85,167.0533,162.8233,163.38,2055300,363.38
2023-08-23,162.4367,167.3067,162.2533,166.72,3027300,369.11
2023-08-24,169.8667,169.9567,160.8433,161.21,4848600,361.22
2023-08-25,161.17,163.29,158.6667,161.9033,3435900,364.02
2023-08-28,163.4967,164.4067,162.2833,163.9533,1689300,366.76
2023-08-29,163.1333,168.8133,162.8967,168.26,2730000,374.77
2023-08-30,167.7567,169.7467,166.5567,169.0533,3073800,376.86
2023-08-31,168.4433,171.2033,168.4433,170.2233,2109000,377.99
2023-09-01,171.36,171.75,169.4333,170.6667,1891200,377.59
2023-09-05,170.0633,171.9467,169.15,170.61,1871100,378.07
2023-09-06,170.1333,171.26,167.4733,169.3767,2008200,374.74
2023-09-07,165.49,165.9733,163.4133,165.5,3877500,372.06
2023-09-08,165.15,166.35,163.9567,164.6433,1333800,372.58
2023-09-11,166.71,166.74,162.33,164.55,1422900,376.97
2023-09-12,163.4633,165.9367,163.0367,163.1533,1720500,372.79
2023-09-13,163.1067,165.6467,162.9333,163.99,2927700,374.21
2023-09-14,165.58,165.8567,163.6,165.1633,2022000,377.27
2023-09-15,164.1833,164.1833,159.5833,160.3967,2901000,370.81
2023-09-18,159.1667,161.5333,158.8433,160.9433,1722600,370.66
2023-09-19,160.4633,160.55,158.7367,159.5867,1553700,369.87
2023-09-20,160.3133,160.9867,156.9133,156.9667,2122800,364.54
2023-09-21,155.0933,156.08,154.0,154.07,2532900,357.86
2023-09-22,155.5367,156.9033,154.7433,155.3533,2395500,357.91
2023-09-25,154.6267,156.6333,153.91,156.49,1587600,359.61
2023-09-26,154.6667,155.06,152.4233,153.1033,2349000,354.21
2023-09-27,154.3567,155.6167,152.1567,154.4533,2727300,355.04
2023-09-28,154.1333,158.9733,153.4967,157.3133,3674400,358.01
2023-09-29,159.59,160.1667,157.3967,157.8833,2802600,358.27
2023-10-02,158.2267,159.93,156.7567,158.68,2466600,361.26
2023-10-03,157.2033,159.41,154.3,155.3967,2685900,354.92
2023-10-04,156.1533,157.9333,155.0133,157.46,3280200,359.75
2023-10-05,157.5,158.1067,155.25,156.6967,1902300,358.69
2023-10-06,155.89,160.8433,154.86,160.0633,3818700,364.7
2023-10-09,158.3867,160.1133,157.17,159.6633,2082000,366.56
2023-10-10,160.16,163.15,159.5,161.71,1863300,368.59
2023-10-11,162.2633,163.2567,160.99,162.9267,2983200,371.22
2023-10-12,163.1967,165.6867,161.77,163.3433,3051600,369.93
2023-10-13,163.67,163.86,158.59,158.8967,2544900,365.28
2023-10-16,159.4333,161.7433,159.2767,161.1467,1732500,369.41
2023-10-17,157.93,161.11,156.11,159.97,2450100,368.2
2023-10-18,157.2367,158.4333,156.2567,157.0867,2865900,363.37
2023-10-19,158.5167,158.9433,154.11,154.6667,4398300,359.97
2023-10-20,154.6567,155.7467,152.1533,152.43,3013200,354.6
2023-10-23,151.5267,154.1733,149.9167,151.5633,2846100,355.67
2023-10-24,152.4867,153.92,151.77,153.62,2233500,359.13
2023-10-25,151.59,152.1,146.6367,147.41,3244200,350.34
2023-10-26,148.0633,149.7967,145.87,146.5333,4508100,343.66
2023-10-27,148.6133,149.51,147.4333,148.11,2436900,345.31
2023-10-30,147.0533,147.9967,144.54,146.1267,2743200,349.2
2023-10-31,146.2533,147.8433,144.4033,147.4633,1911600,350.87
2023-11-01,147.48,151.07,147.48,150.9333,3542100,356.96
2023-11-02,153.93,155.4667,152.3533,154.3633,2726700,363.44
2023-11-03,156.0733,159.57,155.7833,158.42,2326800,367.71
2023-11-06,158.6767,159.1167,156.63,158.1267,1740000,369.21
2023-11-07,157.78,159.83,157.5367,159.1333,1556400,372.7
2023-11-08,159.2833,160.04,158.1933,159.2933,2233800,372.94
2023-11-09,160.3333,162.24,158.21,158.53,2383200,370.07
2023-11-10,160.5167,165.4367,159.8533,164.9233,2229000,378.39
2023-11-13,163.6267,163.8767,162.2533,163.3167,1956000,377.21
2023-11-14,167.4467,169.86,167.1567,169.3567,2765100,385.33
2023-11-15,170.41,171.86,169.3,170.5867,5104800,385.62
2023-11-16,169.87,171.1767,169.2967,170.67,2275500,385.95
2023-11-17,170.14,172.2033,169.86,171.87,1815300,386.04
2023-11-20,171.6833,175.0,171.6267,174.4033,1482000,390.74
2023-11-21,172.9733,172.9733,170.2633,171.1433,3018600,388.47
2023-11-22,172.2867,174.4033,171.21,171.69,2044200,390.06
2023-11-24,171.68,172.0067,171.0767,171.8133,516600,389.51
2023-11-27,171.1767,173.03,170.75,171.5733,1816800,389.17
2023-11-28,170.59,171.4733,169.2,170.57,1852200,390.19
2023-11-29,172.9867,175.01,172.13,172.42,3665700,389.81
2023-11-30,172.69,172.8633,169.8367,171.2167,2419500,388.83
2023-12-01,170.33,172.34,169.0,172.02,1719600,389.94
2023-12-04,170.2667,170.44,167.64,170.0933,1810500,386.32
2023-12-05,168.4633,169.5767,167.7233,169.1267,2568300,387.29
2023-12-06,171.5833,171.68,167.8867,168.0833,2683500,385.05
2023-12-07,169.6667,173.1233,168.99,172.59,1916700,390.43
2023-12-08,172.1833,174.7133,172.11,173.9533,4207200,392.17
2023-12-11,175.5833,180.4467,175.3967,179.8867,3977100,395.52
2023-12-12,178.98,181.21,178.6633,181.1833,2226600,398.67
2023-12-13,181.21,185.0233,180.5367,183.9733,5724900,403.74
2023-12-14,185.46,189.6067,185.46,189.0733,3372300,403.39
2023-12-15,189.6267,191.91,189.3667,189.7767,3956100,405.34
2023-12-18,189.7733,190.0867,187.5267,189.25,2272200,407.08
2023-12-19,189.52,190.6433,189.28,190.26,1910100,409.16
2023-12-20,188.4667,189.5633,184.2567,184.2567,3355800,403.08
2023-12-21,188.24,189.7033,187.3633,189.3567,2589300,407.77
2023-12-22,190.26,191.1,188.61,189.9633,2363400,408.38
2023-12-26,190.8333,194.0867,190.8333,193.32,1906500,410.88
2023-12-27,194.2033,194.5333,192.7467,193.8167,1877400,411.5
2023-12-28,194.2667,194.6367,193.2,193.4533,1053000,411.3
2023-12-29,193.4933,193.88,191.0,192.0333,1452300,409.52
2024-01-02,188.7833,188.7833,183.5433,185.1167,3256800,402.59
2024-01-03,181.8433,182.8733,180.4233,181.14,4069800,398.33
2024-01-04,178.28,181.4433,177.88,179.6167,3737100,396.28
2024-01-05,179.9533,182.2,179.3867,180.6133,3888900,396.75
2024-01-08,181.8567,186.9833,181.8067,186.4967,3202200,404.95
2024-01-09,184.3933,187.9933,184.1167,186.56,2944200,405.75
2024-01-10,186.9833,187.0233,183.5833,185.9333,2821800,408.5
2024-01-11,186.1967,187.8333,182.9733,186.62,3692100,409.35
2024-01-12,186.87,187.7767,184.8967,185.7967,2277000,409.56
2024-01-16,186.0267,189.7033,185.07,188.43,4151400,409.52
2024-01-17,186.5067,186.9233,183.5367,186.7033,4971000,407.21
2024-01-18,191.8867,193.12,189.81,192.8667,3552000,412.99
2024-01-19,195.2967,200.67,194.3033,200.41,5326800,421.18
2024-01-22,202.07,203.6933,199.2233,201.0667,5288400,421.73
2024-01-23,201.14,202.64,199.23,202.4,3282000,423.48
2024-01-24,204.7367,208.0767,203.1333,205.3467,6283800,425.83
2024-01-25,209.1267,209.2633,203.7433,204.7767,3916800,426.35
2024-01-26,200.5867,201.95,198.5667,199.2567,5781300,423.81
2024-01-29,199.65,201.33,198.19,201.33,3467400,428.15
2024-01-30,200.1267,201.3533,197.3933,198.22,3059100,425.3
2024-01-31,195.14,198.9233,193.6067,195.35,6573600,416.97
2024-02-01,196.14,196.8033,193.7467,196.3167,3464100,421.88
2024-02-02,196.31,199.2833,195.7767,198.8233,4801200,429.01
2024-02-05,200.52,202.5433,198.31,201.54,4735200,428.45
2024-02-06,202.11,202.2667,196.9533,199.19,3624000,427.59
2024-02-07,200.6,202.4267,198.5133,202.2367,4839300,431.99
2024-02-08,202.8733,207.2,202.7967,205.7133,2760900,432.79
2024-02-09,206.9667,210.1433,205.75,209.81,3518700,437.05
2024-02-12,209.8333,213.3067,208.5867,209.43,4299900,435.34
2024-02-13,203.3567,207.3467,202.3667,205.1267,6551400,428.55
2024-02-14,207.7567,209.8667,206.8533,209.76,3236400,433.22
2024-02-15,211.1233,211.38,208.63,209.56,2845500,434.51
2024-02-16,211.1333,212.75,207.7567,208.3733,4103100,430.57
2024-02-20,206.42,207.16,201.71,204.8667,5547600,427.32
2024-02-21,202.55,204.4467,201.48,204.3967,4471500,425.61
2024-02-22,212.4433,215.6267,211.5033,214.47,6676500,438.07
2024-02-23,215.55,216.66,211.0267,212.1567,5105100,436.78
2024-02-26,214.2967,215.2067,212.76,214.25,3759000,436.55
2024-02-27,215.2833,215.8333,213.4833,214.0367,4560900,437.6
2024-02-28,211.6667,212.76,210.6367,211.63,2923800,435.27
2024-02-29,214.2533,217.8,213.5833,217.3633,3382800,439.0
2024-03-01,219.8767,227.59,219.6267,226.6133,6123000,445.61
2024-03-04,229.1267,231.3433,227.5767,228.84,7328400,444.02
2024-03-05,226.0733,227.6433,221.8933,224.3533,7260000,436.05
2024-03-06,229.0267,232.2833,227.3133,229.8667,5531700,438.79
2024-03-07,232.79,238.71,232.65,237.75,4799600,445.45
2024-03-08,238.55,240.01,227.97,228.13,10483000,439.02
2024-03-11,225.5,226.79,222.52,225.1,4499800,437.39
2024-03-12,227.98,229.89,223.99,229.77,3598400,443.66
2024-03-13,227.05,227.37,222.81,224.17,3264600,440.25
2024-03-14,223.57,224.84,218.12,220.34,4662100,439.14
2024-03-15,217.4,221.37,217.1,218.76,4105300,433.92
2024-03-18,222.5,223.34,218.37,218.59,3143300,437.48
2024-03-19,215.75,217.69,212.65,216.76,3558700,438.57
2024-03-20,217.28,221.03,215.53,220.45,3386600,443.77
2024-03-21,227.37,229.28,224.76,225.18,4059800,445.87
2024-03-22,224.16,227.1,223.45,225.45,2658900,446.38
2024-03-25,222.25,226.61,221.71,224.57,2283500,444.76
2024-03-26,226.19,226.88,222.83,222.88,4414200,443.32
2024-03-27,225.39,225.76,221.4,225.68,4161700,444.83
2024-03-28,225.42,227.0,224.91,225.92,1794300,444.01
2024-04-01,226.06,231.45,226.06,228.3,3000900,444.95
2024-04-02,224.54,225.26,222.4,224.78,2383500,441.11
2024-04-03,222.17,226.99,222.14,225.41,1860600,442.1
2024-04-04,228.51,229.17,218.56,219.03,3744000,435.34
2024-04-05,220.0,223.0,218.58,221.63,2428300,440.47
2024-04-08,222.94,224.11,221.31,222.2,1866900,440.6
2024-04-09,224.44,225.3,220.76,224.59,3170100,442.23
2024-04-10,220.84,223.43,219.23,220.49,3610500,438.37
2024-04-11,221.88,225.87,220.06,225.47,2455300,445.37
2024-04-12,221.49,221.76,217.64,218.07,3210400,438.27
2024-04-15,221.05,221.86,214.24,215.31,3170800,431.06
2024-04-16,215.4,218.0,214.51,216.94,2452300,431.1
2024-04-17,217.1,217.44,209.9,210.36,4798600,425.84
2024-04-18,208.86,210.23,205.97,206.63,5372700,423.41
2024-04-19,204.8,206.12,197.43,198.39,6406600,414.65
2024-04-22,200.44,203.11,198.02,201.66,4493800,418.82
2024-04-23,203.05,206.86,202.5,205.87,3645400,425.07
2024-04-24,211.38,212.5,206.74,208.54,4077600,426.51
2024-04-25,208.04,213.83,206.93,212.41,3902900,424.45
2024-04-26,212.15,217.82,211.66,216.9,3812600,431.0
2024-04-29,216.52,218.76,214.97,218.55,3247300,432.75
2024-04-30,217.6,220.0,213.93,213.99,3583500,424.59
2024-05-01,210.01,213.84,205.59,206.76,7023200,421.52
2024-05-02,210.3,212.16,206.52,211.41,3955500,426.9
2024-05-03,215.85,217.41,214.48,216.17,3467100,435.48
2024-05-06,218.01,220.68,217.16,220.66,2441500,440.25
2024-05-07,220.98,221.57,218.71,218.71,2859500,440.32
2024-05-08,216.6,219.13,216.37,218.92,3212000,440.06
2024-05-09,218.93,219.34,217.06,218.1,1874300,441.02
2024-05-10,220.49,222.42,219.27,220.24,3079200,442.06
2024-05-13,221.2,222.08,220.33,220.7,1843200,443.08
2024-05-14,220.53,224.56,220.32,224.37,2149400,445.93
2024-05-15,226.75,230.82,225.5,230.67,3106200,452.9
2024-05-16,230.62,232.44,229.46,229.54,2878400,451.98
2024-05-17,231.0,231.4,226.42,228.24,1806100,451.76
2024-05-20,229.27,234.72,228.85,233.26,2555300,454.91
2024-05-21,230.18,232.89,230.07,232.51,2178700,455.8
2024-05-22,234.67,235.85,232.81,235.24,3488500,455.71
2024-05-23,240.83,240.92,232.16,233.92,4704800,453.66
2024-05-24,236.04,239.35,235.0,238.56,2450100,457.95
2024-05-28,241.35,243.63,238.85,242.59,2824200,459.68
2024-05-29,238.13,239.18,237.26,237.58,2061100,456.44
2024-05-30,237.65,238.33,234.69,235.93,1536800,451.55
2024-05-31,236.78,237.36,227.5,234.01,2991000,450.71
2024-06-03,237.8,237.95,230.2,234.39,1815900,453.13
2024-06-04,234.0,234.36,230.79,232.56,2246900,454.37
2024-06-05,236.7,242.89,235.86,242.73,3749400,463.53
2024-06-06,242.97,242.97,238.94,240.74,2261300,463.37
2024-06-07,240.84,241.55,238.35,240.02,2052600,462.96
2024-06-10,238.16,244.17,237.83,243.48,1824300,464.83
2024-06-11,241.9,243.71,239.5,243.37,1662100,468.02
2024-06-12,247.7,251.16,247.17,250.23,3101600,474.15
2024-06-13,252.06,254.08,249.51,252.95,3469400,476.72
2024-06-14,250.8,252.78,249.73,252.04,2567600,479.19
2024-06-17,253.73,256.5,250.62,256.02,3057900,485.06
2024-06-18,257.0,260.65,256.49,259.28,3071500,485.21
2024-06-20,259.66,260.12,250.82,252.24,3921500,481.47
2024-06-21,250.14,252.69,246.94,249.78,3156800,480.18
2024-06-24,247.53,249.04,242.52,242.65,3958300,473.96
2024-06-25,244.6,246.52,241.79,246.38,2551800,479.38
2024-06-26,246.21,247.66,242.71,245.42,1933800,480.37
2024-06-27,244.94,246.75,242.7,244.16,2363600,481.61
2024-06-28,245.85,251.46,244.67,246.63,3851300,479.11
2024-07-01,246.49,246.91,241.97,246.62,2330400,481.92
2024-07-02,245.2,250.17,245.0,250.09,1617400,486.98
2024-07-03,250.72,255.58,249.38,254.26,1392200,491.04
2024-07-05,256.28,256.83,253.28,254.76,1823900,496.16
2024-07-08,256.71,259.9,256.69,259.59,2295500,497.34
2024-07-09,260.75,262.08,257.13,259.47,2374700,497.77
2024-07-10,261.87,266.0,260.58,265.49,3075800,502.96
2024-07-11,267.15,267.24,255.97,256.76,4689600,491.93
2024-07-12,257.84,264.42,256.56,259.89,2929500,494.82
2024-07-15,261.35,263.63,258.59,260.18,3202200,496.15
2024-07-16,261.53,262.14,257.59,261.79,2595100,496.34
2024-07-17,252.75,253.66,242.78,243.17,9101600,481.77
2024-07-18,247.41,247.52,239.65,243.9,5274000,479.49
2024-07-19,243.56,243.7,236.04,236.44,4983500,475.24
2024-07-22,241.52,246.44,239.5,246.24,4941700,482.32
2024-07-23,242.89,245.08,241.84,242.57,2418700,480.62
2024-07-24,239.26,239.89,229.35,229.67,5738900,463.38
2024-07-25,227.71,232.06,220.63,224.55,8437600,458.27
2024-07-26,229.67,231.21,226.91,229.37,3805500,462.97
2024-07-29,231.6,234.83,228.03,228.89,2926800,463.9
2024-07-30,230.0,230.56,219.82,220.58,8083500,457.53
2024-07-31,230.72,235.6,228.97,235.38,7494100,471.07
2024-08-01,231.4,233.21,215.59,218.42,8576300,459.66
2024-08-02,209.06,211.45,204.21,206.81,13105400,448.75
2024-08-05,193.09,208.68,192.87,203.16,9247100,435.37
2024-08-06,205.06,210.48,201.74,205.0,6602300,439.53
2024-08-07,211.5,213.18,198.85,199.29,5292500,434.77
2024-08-08,205.47,213.26,201.24,213.04,6243200,448.07
2024-08-09,211.49,213.68,208.75,211.78,3454500,450.41
2024-08-12,212.1,215.55,210.3,213.0,4365200,451.38
2024-08-13,215.99,221.98,214.67,221.65,4525400,462.58
2024-08-14,223.65,224.54,217.49,221.09,3769900,462.73
2024-08-15,226.07,232.62,225.04,231.72,4332100,474.42
2024-08-16,229.59,232.22,228.03,231.23,3966100,475.03
2024-08-19,230.33,235.2,227.66,235.16,2197800,481.27
2024-08-20,233.95,235.55,230.27,232.05,2587700,480.26
2024-08-21,233.21,236.51,232.64,235.34,1832200,482.5
2024-08-22,236.7,237.5,226.62,227.3,2969600,474.85
2024-08-23,230.92,235.0,229.7,233.39,3452900,480.0
2024-08-26,232.47,233.21,226.7,227.53,2148200,475.34
2024-08-27,225.88,230.81,223.81,230.05,2024700,476.76
2024-08-28,229.09,230.7,223.62,225.9,3480000,471.35
2024-08-29,227.1,231.02,224.21,225.25,4084600,470.66
2024-08-30,230.56,231.75,227.28,231.14,3249700,476.27
2024-09-03,226.8,226.83,212.28,213.5,7214300,461.81
2024-09-04,211.11,217.49,210.52,214.2,4435800,460.61
2024-09-05,211.2,216.38,210.86,213.05,3988300,461.04
2024-09-06,211.45,211.61,202.86,203.93,5596300,448.69
2024-09-09,207.24,208.68,204.56,207.96,4078600,454.46
2024-09-10,208.34,210.38,204.96,210.15,2390600,458.66
2024-09-11,211.59,220.34,207.17,219.91,6521400,468.62
2024-09-12,218.7,220.97,215.63,218.94,4739100,473.22
2024-09-13,220.85,223.45,220.32,222.85,5268000,475.34
2024-09-16,219.67,221.0,217.04,219.88,2469800,473.24
2024-09-17,222.65,223.17,218.23,220.15,2304100,473.49
2024-09-18,221.18,224.21,217.5,217.72,4671900,471.44
2024-09-19,225.97,230.06,224.16,226.99,4624700,483.36
2024-09-20,224.71,225.57,220.44,223.67,4550800,482.44
2024-09-23,224.75,225.55,222.95,224.54,2454200,483.04
2024-09-24,226.55,228.63,223.97,227.26,4314700,485.37
2024-09-25,225.98,229.77,225.85,228.27,2191200,485.82
2024-09-26,237.72,238.38,230.29,236.43,5537400,489.47
2024-09-27,237.15,237.18,231.47,232.68,2303600,486.75
2024-09-30,229.79,232.11,227.3,230.59,2693300,488.07
2024-10-01,230.5,231.2,222.33,224.13,3926500,481.27
2024-10-02,224.57,229.65,223.26,227.15,1762100,481.95
2024-10-03,225.36,230.83,225.21,227.96,2110700,481.59
2024-10-04,232.49,232.88,228.39,231.08,2685000,487.32
2024-10-07,229.6,232.26,228.78,230.45,2006800,482.1
2024-10-08,230.45,233.54,228.94,232.72,2508500,489.3
2024-10-09,232.49,235.48,230.88,235.15,2019100,493.15
2024-10-10,231.99,234.79,230.65,233.5,1886400,492.59
2024-10-11,231.79,236.19,231.67,235.46,4572900,493.36
2024-10-14,236.96,240.29,236.81,239.8,2142500,497.5
2024-10-15,239.24,240.47,225.72,227.36,6421200,490.85
2024-10-16,230.12,230.12,226.41,227.36,3776600,490.91
2024-10-17,233.3,233.87,229.15,229.15,2407800,491.25
2024-10-18,231.3,231.31,228.42,229.36,1643700,494.47
2024-10-21,228.44,229.54,225.98,228.93,2034300,495.42
2024-10-22,227.68,228.81,226.28,228.08,2476400,495.96
2024-10-23,227.65,228.51,222.87,226.04,2260000,488.36
2024-10-24,228.07,228.21,225.58,227.3,2247900,492.32
2024-10-25,229.45,233.07,229.37,229.58,2209600,495.32
2024-10-28,229.5,231.31,228.37,229.72,1508500,495.4
2024-10-29,229.92,236.46,228.86,235.37,3135000,500.16
2024-10-30,229.29,230.74,226.98,227.07,4324400,496.38
2024-10-31,224.9,224.99,216.56,218.26,6120800,483.85
2024-11-01,220.02,222.76,219.31,220.58,2130100,487.43
2024-11-04,219.93,222.46,218.5,219.31,1727700,486.01
2024-11-05,219.41,222.07,219.14,221.87,2273700,492.21
2024-11-06,226.36,229.17,224.31,228.34,3644000,505.58
2024-11-07,231.83,233.41,231.32,233.1,3154600,513.54
2024-11-08,231.83,233.19,230.14,231.36,1769200,514.14
2024-11-11,229.18,229.18,222.78,225.57,4250400,513.84
2024-11-12,224.78,225.15,220.15,223.11,3259700,512.91
2024-11-13,221.5,222.13,217.97,218.37,3057500,512.25
2024-11-14,220.5,221.37,217.84,218.24,2523600,508.69
2024-11-15,214.57,215.67,210.59,211.21,4748200,496.57
2024-11-18,211.15,214.33,210.24,213.94,2422300,500.02
2024-11-19,213.33,214.81,212.47,214.35,2363400,503.46
2024-11-20,213.07,213.68,209.65,212.71,3995000,503.17
2024-11-21,215.05,217.26,210.9,216.08,4245400,504.98
2024-11-22,215.62,216.7,214.56,216.17,2672600,505.79
2024-11-25,218.97,220.3,216.88,218.28,2787700,506.59
2024-11-26,220.0,220.59,213.77,215.45,2783900,509.31
2024-11-27,214.25,214.41,208.89,212.56,3122300,505.3
2024-11-29,214.12,218.02,214.08,215.4,2505300,509.74
2024-12-02,216.7,222.47,216.52,221.06,3707000,515.29
2024-12-03,219.65,221.06,219.02,219.81,1914900,516.87
2024-12-04,224.15,224.32,221.14,222.72,2681200,523.26
2024-12-05,222.33,222.66,217.89,218.51,2422000,521.81
2024-12-06,218.6,220.38,218.0,219.83,1822900,526.48
2024-12-09,218.5,221.54,217.38,218.77,1574800,522.38
2024-12-10,219.43,219.58,212.19,213.57,2566600,520.6
2024-12-11,216.73,220.23,215.4,218.94,3233900,529.92
2024-12-12,217.39,218.18,215.46,217.24,2680200,526.5
2024-12-13,222.3,224.66,220.01,223.3,3720600,530.53
2024-12-16,224.01,228.58,222.39,227.44,4774000,538.17
2024-12-17,224.84,226.18,222.56,223.87,2397300,535.8
2024-12-18,225.35,227.16,213.95,215.59,4426000,516.47
2024-12-19,216.09,216.56,211.45,211.97,3255700,514.17
2024-12-20,210.81,217.78,210.3,214.82,4681100,518.66
2024-12-23,216.47,221.6,216.47,221.32,3044300,522.87
2024-12-24,222.78,223.68,221.35,223.6,1252300,529.96
2024-12-26,221.98,224.95,221.69,223.53,1303500,529.6
2024-12-27,222.19,222.72,218.85,221.64,1933000,522.56
2024-12-30,217.84,219.31,215.67,217.28,2566900,515.61
2024-12-31,217.93,218.82,214.64,215.49,1354500,511.23
2025-01-02,217.68,220.22,214.96,216.82,2409100,510.23
2025-01-03,218.25,223.04,217.96,222.47,2623200,518.58
2025-01-06,227.26,231.8,227.26,228.91,4176500,524.54
2025-01-07,231.7,231.89,224.56,225.79,3694800,515.18
2025-01-08,225.05,225.46,221.11,223.54,3141400,515.27
2025-01-10,220.74,220.88,216.78,218.2,4038000,507.19
2025-01-13,213.85,217.84,213.66,217.53,2310000,505.56
2025-01-14,219.35,220.75,216.12,218.96,1492800,505.08
2025-01-15,222.48,224.65,221.67,223.21,2900200,516.7
2025-01-16,227.25,227.79,223.53,223.54,3029500,513.08
2025-01-17,228.58,230.32,227.36,229.74,3785500,521.74
2025-01-21,231.81,234.58,229.8,232.45,3201500,524.8
2025-01-22,234.83,238.34,234.32,235.81,3461100,531.51
2025-01-23,232.03,235.38,231.18,235.37,2567100,532.64
2025-01-24,235.48,235.48,229.71,230.64,2229900,529.63
2025-01-27,219.0,219.61,209.74,212.55,16943600,514.21
2025-01-28,213.62,214.77,208.98,213.5,9118300,521.81
2025-01-29,215.56,216.18,212.15,214.38,2430800,520.83
2025-01-30,217.01,219.99,215.76,218.74,4653800,523.05
2025-01-31,219.99,224.29,217.47,218.13,3867800,522.29
2025-02-03,212.39,216.85,210.96,214.2,3646800,518.11
2025-02-04,213.72,217.27,213.43,216.4,3742300,524.47
2025-02-05,215.83,221.04,214.48,220.59,2200500,526.85
2025-02-06,219.05,220.7,217.88,220.3,3111700,529.6
2025-02-07,220.81,222.08,215.39,216.87,3297400,522.92
2025-02-10,218.45,220.25,218.42,219.7,2698600,529.25
2025-02-11,217.89,221.17,217.89,219.9,1549700,527.99
2025-02-12,216.44,220.22,215.95,220.14,2017500,528.3
2025-02-13,219.95,222.99,219.89,222.84,2546800,535.9
2025-02-14,222.82,223.77,221.92,223.07,1566200,538.15
2025-02-18,224.7,227.47,223.47,226.76,3605000,539.37
2025-02-19,227.15,231.62,226.26,230.53,2635700,539.52
2025-02-20,232.0,233.44,228.75,231.07,2642300,537.23
2025-02-21,231.76,231.85,223.13,223.98,2947000,526.08
2025-02-24,224.97,225.34,218.54,218.72,3372800,519.87
2025-02-25,218.45,219.22,213.58,214.21,3514200,513.32
2025-02-26,216.95,219.8,215.58,217.94,2562600,514.56
2025-02-27,219.18,219.5,204.92,205.25,4349100,500.27
2025-02-28,205.37,210.05,203.12,208.52,3722100,508.17
2025-03-03,211.51,211.65,199.32,201.15,5067800,497.05
2025-03-04,200.8,207.62,196.7,202.27,5487900,495.55
2025-03-05,204.54,207.29,200.57,206.63,3312100,502.01
2025-03-06,199.58,203.72,197.33,198.04,5088700,488.2
2025-03-07,198.8,204.54,196.48,203.85,3713300,491.79
2025-03-10,198.82,200.28,191.56,194.42,5410800,472.73
2025-03-11,194.52,196.31,189.11,192.12,3776600,471.6
2025-03-12,196.7,198.69,194.32,196.08,3143000,476.92
2025-03-13,196.07,199.24,193.18,195.1,2504200,468.34
2025-03-14,198.5,201.71,198.32,201.12,3696800,479.66
2025-03-17,200.31,206.26,200.21,204.44,2743100,482.77
2025-03-18,202.11,203.05,200.18,201.47,2470800,474.54
2025-03-19,201.5,206.43,200.0,203.11,2330800,480.89
2025-03-20,200.52,203.72,200.36,201.49,2265900,479.26
2025-03-21,197.94,200.14,196.37,199.38,2873400,480.84
2025-03-24,203.57,206.66,203.33,205.3,3947000,490.66
2025-03-25,205.05,205.71,203.56,204.19,1419100,493.46
2025-03-26,203.22,204.06,196.44,198.47,3595300,484.38
2025-03-27,195.87,197.04,193.38,194.56,3545900,481.62
2025-03-28,193.29,194.24,187.44,188.68,4122300,468.94
2025-03-31,184.7,188.3,182.12,188.17,3843000,468.92
2025-04-01,187.45,188.34,183.8,188.27,3108800,472.7
2025-04-02,185.39,192.02,184.73,189.48,2784800,476.15
2025-04-03,179.75,181.14,169.99,170.36,9982600,450.66
2025-04-04,163.92,165.77,154.61,157.63,13988400,422.67
2025-04-07,152.03,170.42,148.31,161.27,18686500,423.69
2025-04-08,167.64,169.85,151.11,154.86,11023300,416.06
2025-04-09,156.1,185.56,154.94,183.62,23539500,466.0
2025-04-10,174.56,175.65,162.39,168.61,14499000,446.18
2025-04-11,166.98,173.11,164.42,172.26,9890900,454.4
2025-04-14,177.55,177.55,170.79,173.4,5657400,457.48
2025-04-15,174.32,176.63,173.25,174.11,3201100,457.99
2025-04-16,166.33,169.58,161.83,167.39,10205000,444.18
2025-04-17,168.57,168.75,164.81,166.55,4921000,444.1
2025-04-21,163.14,163.9,160.26,163.64,4769700,433.11
2025-04-22,165.23,168.02,164.62,166.82,4996000,444.48
2025-04-23,175.25,177.14,172.35,173.07,7323800,454.56
2025-04-24,177.8,183.56,176.54,183.03,6873400,467.35
2025-04-25,181.2,186.12,180.66,184.81,4224900,472.56
2025-04-28,183.89,185.76,180.44,184.48,2875400,472.41
2025-04-29,182.24,184.54,181.25,182.51,3527000,475.53
2025-04-30,178.0,184.38,176.77,183.84,3580500,475.47
2025-05-01,186.0,187.35,183.47,183.59,3997600,481.68
2025-05-02,187.95,191.87,187.83,190.03,4581400,488.83
2025-05-05,188.19,190.46,187.93,188.57,3323200,485.93
2025-05-06,185.26,188.25,184.27,186.77,2844600,481.41
2025-05-07,186.58,190.58,184.81,190.04,3001100,483.3
2025-05-08,192.51,195.04,190.47,191.74,3457700,488.29
2025-05-09,194.48,195.63,192.28,193.94,2808500,487.97
2025-05-12,206.8,209.39,204.99,207.87,10675600,507.85
2025-05-13,208.7,214.82,208.41,213.76,5693600,515.59
2025-05-14,215.21,216.7,213.21,214.79,4162800,518.68
2025-05-15,212.69,215.0,210.91,213.41,4216900,519.25
2025-05-16,213.56,213.56,210.68,213.13,2521500,521.51
2025-05-19,208.22,212.39,208.17,211.85,5334700,522.01
2025-05-20,210.04,211.62,209.41,211.54,2968000,520.27
2025-05-21,209.75,213.9,206.35,207.67,5007700,513.04
2025-05-22,207.53,209.47,205.58,205.75,5397300,514.0
2025-05-23,200.47,203.66,199.93,202.56,9527500,509.24
2025-05-27,206.96,210.23,205.27,209.29,6057600,521.22
2025-05-28,209.84,210.46,207.75,208.24,6769200,518.91
2025-05-29,213.03,213.17,207.75,209.09,8600400,519.93
2025-05-30,207.82,207.87,201.12,204.94,10781000,519.11
2025-06-02,204.42,208.83,204.29,208.03,6034900,523.21
2025-06-03,208.15,214.14,206.71,213.62,8905100,527.3
2025-06-04,215.39,217.62,213.54,216.8,7339500,528.77
2025-06-05,218.47,220.28,214.41,215.89,10941600,524.79
2025-06-06,218.0,220.23,217.21,217.34,7582100,529.92
2025-06-09,219.33,224.41,219.13,222.46,7712000,530.7
2025-06-10,223.54,228.08,222.99,227.32,7676200,534.21
2025-06-11,228.9,229.8,224.27,226.56,10405600,532.41
2025-06-12,224.94,228.0,224.6,226.87,5149200,533.66
2025-06-13,221.99,224.58,220.3,220.96,10484600,526.96
2025-06-16,223.59,228.58,223.24,227.44,5772500,534.29
2025-06-17,226.45,229.64,225.48,225.64,7290000,529.08
2025-06-18,226.85,229.19,225.1,226.56,6657600,528.99
2025-06-20,228.79,229.08,222.16,225.11,8202300,526.83
2025-06-23,225.02,227.89,221.86,226.51,7115100,531.65
2025-06-24,230.57,235.36,230.46,235.1,7017500,539.78
2025-06-25,236.66,237.24,234.8,237.21,5252500,541.16
2025-06-26,239.04,239.65,237.18,239.07,4350100,546.22
2025-06-27,239.31,241.23,236.37,238.86,4520500,548.09
2025-06-30,240.17,240.17,237.56,238.7,4925300,551.64
2025-07-01,236.7,239.18,234.08,237.62,10892900,546.99
2025-07-02,237.09,243.12,237.0,242.14,5979000,550.8
2025-07-03,243.15,244.2,242.7,243.34,3069400,556.22
2025-07-07,241.29,242.13,237.75,238.78,4859200,552.03
2025-07-08,241.06,245.4,240.11,243.34,7276200,552.34
2025-07-09,244.01,246.53,241.88,244.12,4415300,556.25
2025-07-10,246.42,247.52,244.27,246.55,4868500,555.45
2025-07-11,245.01,247.07,244.06,246.17,2649600,554.2
2025-07-14,244.15,244.74,240.35,243.83,5522600,556.21
2025-07-15,248.79,249.96,246.1,246.26,6042100,556.72
2025-07-16,244.28,245.67,239.22,245.59,8348900,557.29
2025-07-17,245.54,247.13,243.91,246.53,4801100,561.8
2025-07-18,247.95,248.37,244.88,246.73,3758500,561.26
2025-07-21,247.36,250.19,246.95,246.95,4672600,564.17
2025-07-22,246.04,246.5,240.69,243.54,6871000,561.25
2025-07-23,241.72,242.4,239.06,242.06,5952600,563.81
2025-07-24,241.59,242.09,239.46,241.56,4166800,565.01
2025-07-25,240.1,241.67,239.1,241.54,3511400,566.37
2025-07-28,244.21,246.0,243.91,245.75,6433000,568.14
2025-07-29,247.29,249.53,244.5,246.19,5299700,567.26
2025-07-30,248.36,249.5,245.87,247.95,5300500,568.02
2025-07-31,245.04,245.29,237.66,240.03,9419300,565.01
2025-08-01,235.51,239.61,232.33,237.24,8549000,553.88
2025-08-04,238.76,240.86,237.77,240.4,6189500,564.1
2025-08-05,241.76,242.45,235.88,238.73,5149700,560.27
2025-08-06,236.56,237.46,233.67,236.93,4966500,567.32
2025-08-07,242.04,243.37,238.89,240.84,6073400,569.24
2025-08-08,241.01,243.18,240.29,242.87,5301300,574.55
2025-08-11,243.78,246.51,241.95,242.41,4127900,572.85
2025-08-12,244.24,250.38,242.71,250.16,10091500,580.05
2025-08-13,252.13,254.1,251.04,253.88,6022400,580.34
2025-08-14,250.36,255.06,250.05,254.14,5315700,579.89
2025-08-15,252.19,252.27,247.62,248.32,6840100,577.34
2025-08-18,247.54,249.34,247.48,249.05,4978200,577.11
2025-08-19,249.07,250.04,244.72,245.15,3508000,569.28
2025-08-20,244.64,244.64,237.1,243.74,9423100,565.9
2025-08-21,242.47,244.12,241.0,242.36,4581100,563.28
2025-08-22,243.12,251.99,242.44,249.09,6527700,571.97
2025-08-25,248.85,249.63,247.27,248.51,3654200,570.32
2025-08-26,249.57,251.61,249.51,250.85,3762000,572.61
2025-08-27,249.88,251.66,248.82,251.34,4195400,573.49
2025-08-28,252.32,254.32,250.9,252.55,5060200,577.08
2025-08-29,248.94,248.94,244.17,245.32,8672600,570.4
2025-09-02,238.67,242.93,238.15,242.83,6659200,565.62
2025-09-03,243.23,243.42,239.23,241.68,5473300,570.07
2025-09-04,240.06,244.52,238.75,244.17,11842200,575.23
2025-09-05,247.85,248.5,244.13,247.05,17105500,576.06
2025-09-08,248.41,249.92,247.56,248.85,10290500,578.87
2025-09-09,249.11,249.68,247.23,249.06,9305200,580.51
2025-09-10,253.03,254.21,251.86,253.45,13398400,580.7
2025-09-11,254.81,256.51,254.62,255.19,10286200,584.08
2025-09-12,255.81,256.4,254.16,255.64,7144200,586.66
2025-09-15,255.2,257.84,254.53,257.8,7239200,591.68
2025-09-16,258.29,259.05,256.58,258.58,7543300,591.18
2025-09-17,257.94,260.74,254.83,258.53,6566900,590.0
2025-09-18,265.06,268.98,264.14,267.57,12601600,595.32
2025-09-19,267.3,267.4,263.6,265.86,5839100,599.35
2025-09-22,266.65,270.66,266.58,269.83,5721400,602.2
2025-09-23,270.79,272.13,267.91,269.51,6068300,598.2
2025-09-24,268.74,269.76,265.61,269.1,7825500,596.1
2025-09-25,264.58,268.94,261.8,268.24,11157800,593.53
2025-09-26,268.53,269.42,265.74,268.83,7244300,595.97
2025-09-29,271.72,272.8,268.87,268.93,5954900,598.73
2025-09-30,268.85,271.45,267.76,271.12,7091800,600.37
2025-10-01,269.38,276.7,268.88,276.34,9339600,603.25
2025-10-02,281.5,282.54,279.61,281.69,7250000,605.73
2025-10-03,282.95,284.34,278.48,279.96,8629100,603.18
2025-10-06,290.99,292.51,288.35,288.36,11275000,607.71
2025-10-07,290.98,291.48,281.53,281.91,9952000,604.51
2025-10-08,282.0,291.86,281.48,291.54,9301700,611.44
2025-10-09,291.08,291.61,287.47,290.19,7603500,610.7
2025-10-10,290.82,291.63,271.46,271.99,26691200,589.5
2025-10-13,282.78,285.95,280.34,284.87,8703400,602.01
2025-10-14,278.5,284.77,277.36,279.03,8476000,598.0
2025-10-15,286.25,288.02,281.84,287.64,7595200,602.22
2025-10-16,291.08,292.26,285.94,288.98,7410400,599.99
2025-10-17,286.89,289.64,283.72,288.17,6261500,603.93
2025-10-20,290.61,295.0,290.5,292.97,5832300,611.54
2025-10-21,292.5,292.7,289.22,291.33,3965200,611.38
2025-10-22,288.11,289.83,278.46,284.13,7875300,605.49
2025-10-23,282.49,291.86,282.25,291.06,5374800,610.58
2025-10-24,296.33,298.22,295.44,295.86,4621200,617.1
2025-10-27,301.43,305.01,300.41,304.08,5165000,628.09
2025-10-28,303.46,305.97,302.38,304.45,4156400,632.92
2025-10-29,309.87,312.79,306.97,309.6,4503100,635.77
2025-10-30,307.94,311.12,305.38,305.41,4630700,626.05
2025-10-31,308.7,311.32,304.26,306.55,5163900,629.07
2025-11-03,310.4,311.75,307.13,308.38,3750800,632.08
2025-11-04,300.34,304.75,295.55,296.26,5288800,619.25
2025-11-05,297.21,309.17,296.89,305.47,4949400,623.28
2025-11-06,305.0,305.89,295.35,297.5,8548300,611.67
2025-11-07,292.64,294.45,283.59,294.38,13798600,609.74
2025-11-10,302.44,303.36,298.54,302.0,6030800,623.23
2025-11-11,299.04,300.02,294.69,295.15,5877900,621.57
2025-11-12,300.22,301.69,297.5,299.67,4145000,621.08
2025-11-13,295.94,297.13,286.45,289.38,10980600,608.4
2025-11-14,280.62,292.8,279.41,288.52,7142000,608.86
2025-11-17,286.07,291.53,280.24,283.56,8188700,603.66
2025-11-18,279.54,281.41,274.09,276.98,11103100,596.31
2025-11-19,278.14,285.14,276.82,281.61,5108100,599.87
2025-11-20,288.9,289.99,267.0,268.1,13398300,585.67
2025-11-21,268.27,274.76,260.44,270.83,15355900,590.07
2025-11-24,273.78,284.05,273.62,282.7,6424800,605.16
2025-11-25,278.96,284.34,272.76,283.58,5942800,608.89
2025-11-26,286.72,294.08,286.61,291.39,5818300,614.27
2025-11-28,293.25,296.99,291.83,296.74,3038000,619.25
2025-12-01,292.87,299.42,292.53,296.92,3933000,617.17
2025-12-02,300.45,304.84,298.69,302.84,5086900,622.0
2025-12-03,304.5,309.57,301.47,309.36,3867100,623.52
2025-12-04,307.84,308.27,304.59,306.28,4639700,622.94
2025-12-05,309.3,312.83,308.93,309.4,4338100,625.48
2025-12-08,311.93,314.08,309.87,312.76,3620900,624.28
2025-12-09,310.78,312.85,309.44,312.18,2775300,625.05
2025-12-10,312.01,317.35,310.56,316.33,5093800,627.61
2025-12-11,312.8,314.78,305.79,314.52,6504700,625.58
2025-12-12,310.8,311.6,297.96,299.48,13813600,613.62
2025-12-15,302.6,303.5,297.23,298.01,5241800,610.54
2025-12-16,296.71,298.92,293.08,296.2,5850400,611.75
2025-12-17,297.32,298.18,284.43,285.23,10422000,600.41
2025-12-18,295.72,296.96,290.84,292.04,6740400,609.11
2025-12-19,294.67,301.69,294.5,299.81,5075000,617.05
2025-12-22,306.73,306.94,302.55,303.84,4019000,619.21
2025-12-23,302.21,305.12,301.37,304.96,2708600,622.11
2025-12-24,305.0,306.5,304.71,306.14,1723200,623.93
2025-12-26,307.4,307.54,305.29,306.04,1860900,623.89
2025-12-29,303.37,306.46,301.89,305.32,3620700,620.87
2025-12-30,306.08,307.48,304.7,304.92,2984800,619.43
2025-12-31,305.64,306.12,301.11,301.15,2954200,614.31
2026-01-02,308.56,315.81,308.56,313.69,8491300,613.12
2026-01-05,320.7,322.64,316.88,318.06,7923200,617.99
2026-01-06,322.07,329.15,322.0,328.35,7579900,623.42
2026-01-07,325.05,325.95,322.11,324.89,4528500,624.02
2026-01-08,324.19,324.19,316.4,319.58,5408300,620.47
2026-01-09,322.8,330.67,321.11,328.78,7323100,626.65
2026-01-12,325.7,331.38,325.53,330.35,5159600,627.17
2026-01-13,332.85,336.42,331.89,333.3,3835900,626.24
2026-01-14,331.03,331.99,327.18,331.9,5468900,619.55
2026-01-15,343.1,344.55,337.22,337.22,6531500,621.78
2026-01-16,343.51,345.41,340.22,342.47,5127300,621.26
2026-01-20,336.2,343.19,335.96,337.35,6232600,608.06
2026-01-21,341.84,351.33,340.3,348.14,7204200,616.28
2026-01-22,354.36,354.6,347.37,348.67,4662000,620.76
2026-01-23,346.39,348.03,342.17,344.71,4335900,622.72
2026-01-26,343.29,345.5,341.13,343.07,4458700,625.46
2026-01-27,348.16,353.2,346.65,351.08,5293600,631.13
2026-01-28,358.53,362.04,356.72,360.46,5364000,633.22
2026-01-29,361.18,363.8,347.72,361.13,8446200,629.43
2026-01-30,356.0,360.19,343.71,346.3,8719100,621.87
2026-02-02,342.37,356.11,341.9,352.69,7758000,626.14
2026-02-03,355.91,357.12,338.09,345.64,8371200,616.52
2026-02-04,342.18,345.39,323.33,330.38,15231400,605.75
2026-02-05,326.54,335.47,324.04,330.83,10406500,597.03
2026-02-06,337.4,349.56,335.87,348.51,9096100,609.65
2026-02-09,344.84,354.74,343.88,352.77,7091400,614.32
2026-02-10,353.52,355.04,348.12,351.43,6252400,611.47
2026-02-11,358.82,362.28,351.4,360.2,7497000,613.11
2026-02-12,363.46,365.38,351.05,351.5,9488000,600.64
2026-02-13,352.8,357.61,348.68,354.66,5963000,601.92
2026-02-17,349.81,357.1,345.32,354.1,4068900,601.3
2026-02-18,355.82,361.67,353.6,357.92,5681200,605.79
2026-02-19,354.18,356.32,351.77,355.84,5576400,603.47
2026-02-20,353.59,361.33,352.8,359.43,6013600,608.81
2026-02-23,357.57,360.38,352.85,356.82,6339800,601.41
2026-02-24,361.6,364.74,358.04,362.04,6206000,607.87
2026-02-25,366.2,368.82,365.51,368.0,4539900,616.68
2026-02-26,366.38,366.48,350.41,356.8,13329100,609.24
2026-02-27,349.6,354.03,348.34,352.29,6250200,607.29
2026-03-02,343.79,352.33,343.34,352.05,7284000,608.09
2026-03-03,338.09,339.31,330.89,334.78,17946100,601.58
2026-03-04,339.96,343.81,336.79,341.54,10649900,610.75
2026-03-05,338.9,343.72,330.57,337.76,7239300,608.91
2026-03-06,328.4,335.04,321.49,323.51,8733700,599.75
2026-03-09,318.31,337.17,316.22,336.37,9824600,607.76
2026-03-10,336.31,345.56,336.31,338.81,7471000,607.77
2026-03-11,340.5,345.4,340.45,342.09,6215100,607.69
2026-03-12,337.34,337.55,328.64,330.19,8008100,597.26
2026-03-13,333.88,338.4,329.79,331.32,6450800,593.72
2026-03-16,338.89,342.04,336.32,337.83,8018200,600.38
2026-03-17,340.56,341.16,336.79,340.25,4472100,603.31
2026-03-18,340.53,343.44,338.29,338.29,6363900,594.9
2026-03-19,328.76,342.77,326.76,340.2,8292100,593.02
2026-03-20,339.71,341.25,327.94,332.51,9441300,582.06
2026-03-23,340.12,344.93,335.12,336.59,8151000,588.0
2026-03-24,333.79,343.22,333.62,341.02,5287500,583.98
2026-03-25,344.17,347.68,342.14,345.25,5869000,587.82
2026-03-26,339.45,339.89,328.52,328.85,10172400,573.79
2026-03-27,326.84,329.95,322.16,323.48,6334800,562.58
2026-03-30,326.75,327.63,307.26,309.79,13204800,558.28
2026-03-31,315.6,329.18,314.88,328.66,14036500,577.18
2026-04-01,333.49,342.65,332.35,338.54,10130800,584.31
2026-04-02,325.11,340.39,325.03,339.61,6521000,584.98
2026-04-06,341.52,345.77,339.92,344.1,3105000,588.5
2026-04-07,343.04,347.94,338.47,347.76,4026000,588.59
2026-04-08,367.89,371.15,362.13,370.4,9868700,606.09
2026-04-09,371.3,378.95,371.3,378.63,6036700,610.19
2026-04-10,382.67,389.6,382.67,386.6,5596900,611.07
2026-04-13,384.88,393.57,384.37,393.34,4377400,617.39
2026-04-14,397.84,401.44,393.51,401.24,5202600,628.6
2026-04-15,400.31,402.09,392.39,401.86,5570200,637.4
2026-04-16,400.6,407.48,397.99,405.95,4400500,640.47
2026-04-17,413.38,415.73,409.58,415.71,5729100,648.85
2026-04-20,417.43,418.86,411.79,417.55,3493500,646.79
2026-04-21,420.4,423.35,416.67,420.7,3676800,644.33
2026-04-22,427.26,432.16,422.82,431.77,6557600,655.11
2026-04-23,435.34,446.64,434.04,441.0,10812400,651.42
2026-04-24,457.59,463.87,450.97,461.6,9072000,663.88
2026-04-27,461.75,463.0,448.93,455.41,8924600,664.23
2026-04-28,437.63,446.14,431.74,438.71,11014900,657.55
2026-04-29,445.26,450.37,442.41,449.99,5972800,661.57
2026-04-30,455.7,462.14,449.34,461.44,5170200,667.74
2026-05-01,458.47,466.91,455.07,465.75,4155900,674.15
2026-05-04,467.93,469.61,457.81,462.06,5233100,672.88
2026-05-05,471.14,486.18,470.23,482.73,7203000,681.61
2026-05-06,497.96,506.94,487.86,506.87,9768600,695.77
2026-05-07,502.93,503.68,488.13,492.36,9913700,694.94
2026-05-08,504.24,520.46,502.75,520.3,7754500,711.23
2026-05-11,524.08,533.74,521.66,532.76,7492600,713.29
2026-05-12,520.85,525.15,495.71,515.99,14660600,707.24
2026-05-13,527.62,532.25,515.94,528.29,7346400,714.71
2026-05-14,526.5,533.13,522.21,530.03,5212400,719.79
2026-05-15,511.67,518.79,506.26,508.52,9388200,708.93
2026-05-18,518.02,519.96,486.92,495.87,9999000,705.88
2026-05-19,484.4,506.04,477.95,496.74,12217000,701.53
2026-05-20,507.73,520.54,506.55,520.31,9457600,713.15
2026-05-21,518.17,526.78,515.0,524.71,6749900,714.51
2026-05-22,531.88,541.89,530.17,537.33,7671100,717.54
2026-05-26,556.99,572.95,555.41,570.09,8926200,730.28
2026-05-27,584.38,584.5,551.89,563.98,11412400,729.45
2026-05-28,564.32,575.8,554.83,569.47,6763900,735.6
2026-05-29,576.44,582.23,564.6,569.08,7323900,738.31
2026-06-01,563.67,577.99,557.38,571.93,6999500,742.74
2026-06-02,585.17,605.44,581.93,605.02,7475400,746.16
2026-06-03,616.21,618.84,598.01,615.68,8564700,744.21
2026-06-04,587.64,611.26,577.54,602.72,11445300,740.61
2026-06-05,577.86,580.5,539.57,539.77,22377300,705.06
2026-06-08,569.77,581.38,560.79,571.45,12843000,716.07
2026-06-09,585.45,588.58,522.24,562.14,24548100,707.83
2026-06-10,551.66,572.51,539.38,541.51,16672200,693.69
2026-06-11,555.42,588.0,554.81,586.93,12295400,717.12
2026-06-12,584.11,602.69,578.53,596.25,9928200,721.34
2026-06-15,622.61,629.72,618.45,628.45,8170800,744.0
2026-06-16,623.84,629.64,590.63,591.24,11204900,729.86
2026-06-17,611.56,621.99,598.95,599.73,8948400,722.51
2026-06-18,626.52,644.43,626.15,639.45,9666000,740.62
2026-06-22,653.96,655.95,643.93,655.01,7782700,737.95
2026-06-23,607.64,619.94,598.19,603.39,12712200,713.65
2026-06-24,606.19,609.69,586.66,601.5,9230700,710.62
2026-06-25,637.33,638.47,598.83,625.2,12713200,716.38
2026-06-26,601.44,605.89,588.51,589.94,11017500,706.52
2026-06-29,593.71,615.35,571.6,614.35,11036800,724.08
2026-06-30,616.15,644.94,616.15,640.76,10112600,736.4
2026-07-01,616.82,622.89,597.88,599.7,9983000,725.17
2026-07-02,601.24,608.11,554.91,566.32,16092600,712.6
2026-07-06,583.15,598.0,580.48,581.51,8419400,722.82
2026-07-07,551.93,558.06,536.12,551.69,12285700,709.43
2026-07-08,544.66,564.5,543.87,562.03,7195400,711.44
2026-07-09,589.5,594.99,579.14,581.7,10026200,723.28
2026-07-10,571.99,585.79,566.67,581.34,5861000,725.51
2026-07-13,563.58,566.65,550.26,553.61,8307000,711.74
2026-07-14,580.51,580.67,560.24,567.92,7372300,719.69
2026-07-15,575.12,575.88,538.53,555.27,10199600,717.74
2026-07-16,539.05,545.55,525.43,530.5,10343300,705.94
2026-07-17,508.55,533.19,498.54,521.81,15576800,695.33
2026-07-20,534.0,539.54,522.84,524.14,6533100,696.06
2026-07-21,549.1,555.16,540.15,552.69,10079700,708.97
2026-07-22,538.75,561.18,538.72,555.52,6268400,705.35
2026-07-23,545.5,558.09,543.79,551.24,6689500,691.96
2026-07-24,544.36,548.0,522.21,527.01,10952000,684.23
2026-07-27,532.64,534.31,500.0,516.23,13472800,682.12
2026-07-28,496.74,498.48,480.5,491.46,14904200,675.49
2026-07-29,488.65,496.06,464.08,465.0,18817200,661.73
2026-07-30,491.57,509.98,488.01,504.53,17477800,683.55
2026-07-31,527.1,532.67,501.3,504.89,13113700,687.99
2026-08-03,491.92,510.95,485.71,507.68,10302000,700.07
2026-08-04,529.31,545.39,526.57,542.21,10898600,723.85
2026-08-05,536.4,547.57,528.88,530.7,9649300,717.3
2026-08-06,522.66,542.56,516.41,532.52,7654700,714.65
2026-08-07,545.2,547.9,531.27,543.27,5262600,723.03
2026-08-10,545.85,547.22,529.39,529.39,8763500,720.87
2026-08-11,537.91,539.05,530.1,534.2,7176100,718.45
2026-08-12,553.4,554.11,546.47,546.61,7723600,723.7
2026-08-13,547.14,562.25,546.4,550.74,5940700,732.07
2026-08-14,549.58,552.89,542.93,550.42,4309800,731.07
2026-08-17,557.92,566.02,555.84,559.12,5745000,729.87
2026-08-18,537.42,541.7,523.03,531.39,9993900,717.51
2026-08-19,536.26,538.0,514.49,519.67,8413800,716.08
2026-08-20,518.38,525.43,515.26,522.35,6269000,710.93
2026-08-21,528.15,528.99,514.66,520.05,6255600,713.44
2026-08-24,511.97,512.11,498.93,506.18,7828600,706.32
2026-08-25,515.91,520.1,509.66,514.06,6445900,710.72
2026-08-26,512.09,516.39,509.26,515.4,4322200,711.37
2026-08-27,526.06,527.78,517.0,525.43,9046000,721.11
2026-08-28,521.2,522.65,506.82,508.62,8468500,716.43
2026-08-31,509.82,514.33,507.03,511.04,6241500,716.76
2026-09-01,501.43,504.72,495.09,500.31,8049500,707.64
2026-09-02,498.18,504.02,493.31,501.44,5804100,709.24
2026-09-03,496.64,503.32,489.21,502.2,6445600,717.67
2026-09-04,509.31,520.56,507.25,519.86,9234000,718.96
2026-09-08,530.5,534.28,525.49,528.4,8833100,718.36
2026-09-09,524.85,535.48,524.85,532.0,6427500,716.31
2026-09-10,518.32,522.5,514.31,517.43,6651700,708.69
2026-09-11,525.24,531.04,521.13,527.07,5663000,714.88
2026-09-14,497.17,503.18,495.15,497.4,11265500,709.18
2026-09-15,502.55,504.74,496.58,498.85,6014200,704.54
2026-09-16,506.71,510.37,496.81,502.06,8358900,704.72
2026-09-17,517.09,520.42,514.8,519.1,6790700,716.92
2026-09-18,522.71,533.32,522.38,533.07,6348600,721.45
2026-09-21,545.08,562.2,541.47,559.34,7966100,741.47
2026-09-22,553.76,573.52,553.36,572.78,6322800,747.46
2026-09-23,570.4,571.55,557.05,565.72,9984400,741.21
2026-09-24,554.9,566.81,553.24,566.07,4925900,741.1
2026-09-25,569.48,575.69,567.35,572.68,4719500,744.5
2026-09-28,568.71,570.87,551.95,560.79,7348500,736.53
2026-09-29,569.79,574.47,565.3,567.44,5131500,737.93
2026-09-30,568.73,572.32,564.01,568.64,4481500,739.77
2026-10-01,569.19,579.98,564.04,576.33,6085800,742.03
2026-10-02,590.91,596.44,587.25,588.9,6877400,749.58
2026-10-05,586.61,590.0,582.08,589.51,4233000,756.2
2026-10-06,593.54,596.39,588.64,589.45,4432600,759.66
