Date,Adj Close,Close,High,Low,Open,Volume
2001-07-09,35.36226272583008,42.0099983215332,42.689998626708984,41.5,41.88999938964844,45547500
2001-07-10,34.09120559692383,40.5,42.880001068115234,40.400001525878906,42.7599983215332,58620000
2001-07-11,34.512054443359375,41.0,41.099998474121094,39.869998931884766,40.41999816894531,77840200
2001-07-12,36.70064926147461,43.599998474121094,43.83000183105469,42.29999923706055,42.630001068115234,70363300
2001-07-13,36.32185363769531,43.150001525878906,44.43000030517578,42.900001525878906,43.380001068115234,62474200
2001-07-16,35.64844512939453,42.349998474121094,43.86000061035156,41.900001525878906,43.369998931884766,53390800
2001-07-17,36.4481086730957,43.29999923706055,43.400001525878906,41.540000915527344,41.81999969482422,59813000
2001-07-18,35.059226989746094,41.650001525878906,42.849998474121094,41.13999938964844,42.27000045776367,64797200
2001-07-19,35.89255142211914,42.63999938964844,43.349998474121094,41.75,42.459999084472656,76590200
2001-07-20,35.059226989746094,41.650001525878906,42.13999938964844,41.36000061035156,41.4900016784668,49012800
2001-07-23,34.18379211425781,40.61000061035156,42.400001525878906,40.54999923706055,42.2400016784668,55329400
2001-07-24,33.796592712402344,40.150001525878906,40.900001525878906,39.310001373291016,40.380001068115234,70422900
2001-07-25,34.09120559692383,40.5,40.720001220703125,39.400001525878906,40.13999938964844,68859600
2001-07-26,34.59626388549805,41.099998474121094,41.88999938964844,39.97999954223633,40.45000076293945,69199300
2001-07-27,35.31175994873047,41.95000076293945,42.2599983215332,41.29999923706055,41.63999938964844,47452900
2001-07-30,35.10131072998047,41.70000076293945,42.29999923706055,41.400001525878906,42.130001068115234,39459400
2001-07-31,35.151824951171875,41.7599983215332,42.779998779296875,41.5,41.84000015258789,55732500
2001-08-01,36.279762268066406,43.099998474121094,43.5,42.40999984741211,42.630001068115234,53864800
2001-08-02,36.96158981323242,43.90999984741211,44.0,42.81999969482422,43.790000915527344,53187300
2001-08-03,36.34712219238281,43.18000030517578,43.529998779296875,42.560001373291016,43.529998779296875,51513700
2001-08-06,35.77473068237305,42.5,42.849998474121094,42.349998474121094,42.529998779296875,31105700
2001-08-07,35.58951187133789,42.279998779296875,42.81999969482422,41.939998626708984,42.099998474121094,38407500
2001-08-08,34.09120559692383,40.5,42.650001525878906,40.29999923706055,41.849998474121094,76045200
2001-08-09,34.23428726196289,40.66999816894531,40.880001068115234,39.97999954223633,40.40999984741211,66861400
2001-08-10,33.9060173034668,40.279998779296875,40.75,39.22999954223633,40.41999816894531,68491900
2001-08-13,34.59626388549805,41.099998474121094,41.34000015258789,40.20000076293945,40.59000015258789,48425700
2001-08-14,34.17537307739258,40.599998474121094,41.70000076293945,40.540000915527344,41.4900016784668,51267600
2001-08-15,32.91273498535156,39.099998474121094,40.93000030517578,39.06999969482422,40.619998931884766,58935300
2001-08-16,33.299949645996094,39.560001373291016,39.59000015258789,38.040000915527344,38.63999938964844,68227300
2001-08-17,31.784793853759766,37.7599983215332,38.79999923706055,37.709999084472656,38.439998626708984,56649300
2001-08-20,32.22249984741211,38.279998779296875,38.650001525878906,37.52000045776367,37.849998474121094,49921300
2001-08-21,30.884117126464844,36.689998626708984,38.650001525878906,36.650001525878906,38.290000915527344,56445600
2001-08-22,31.725862503051758,37.689998626708984,37.84000015258789,36.540000915527344,37.45000076293945,65221400
2001-08-23,31.414400100708008,37.31999969482422,38.459999084472656,37.29999923706055,37.66999816894531,54711800
2001-08-24,33.08110427856445,39.29999923706055,39.38999938964844,37.75,37.86000061035156,58450600
2001-08-27,33.123172760009766,39.349998474121094,39.900001525878906,38.83000183105469,39.279998779296875,50927500
2001-08-28,32.08781051635742,38.119998931884766,39.439998626708984,38.0099983215332,39.31999969482422,65275500
2001-08-29,31.61644172668457,37.560001373291016,38.45000076293945,37.130001068115234,38.369998931884766,59060500
2001-08-30,30.446382522583008,36.16999816894531,37.310001373291016,35.75,36.79999923706055,76105800
2001-08-31,30.833600997924805,36.630001068115234,37.029998779296875,35.939998626708984,36.029998779296875,54309000
2001-09-04,29.857154846191406,35.470001220703125,37.5,35.349998474121094,36.5099983215332,74073600
2001-09-05,29.739320755004883,35.33000183105469,35.90999984741211,34.150001525878906,35.4900016784668,95461200
2001-09-06,28.535598754882812,33.900001525878906,35.52000045776367,33.779998779296875,34.7400016784668,88701800
2001-09-07,28.367246627807617,33.70000076293945,35.099998474121094,33.349998474121094,33.619998931884766,95528800
2001-09-10,28.703941345214844,34.099998474121094,34.31999969482422,33.34000015258789,33.4900016784668,80371300
2001-09-17,26.262849807739258,31.200000762939453,32.79999923706055,31.09000015258789,31.25,97700900
2001-09-18,25.673622131347656,30.5,32.5,30.3700008392334,31.530000686645508,66285300
2001-09-19,25.22748374938965,29.969999313354492,31.0,28.260000228881836,30.639999389648438,116632800
2001-09-20,24.385726928710938,28.969999313354492,30.09000015258789,28.799999237060547,29.299999237060547,90840200
2001-09-21,23.72914695739746,28.190000534057617,28.969999313354492,27.200000762939453,27.40999984741211,112341900
2001-09-24,24.924449920654297,29.610000610351562,30.0,28.59000015258789,29.079999923706055,85696500
2001-09-25,25.00020408630371,29.700000762939453,30.43000030517578,28.950000762939453,29.709999084472656,83860600
2001-09-26,24.133195877075195,28.670000076293945,30.0,28.40999984741211,29.950000762939453,59759800
2001-09-27,23.973268508911133,28.479999542236328,28.790000915527344,27.420000076293945,28.399999618530273,70050700
2001-09-28,24.394149780273438,28.979999542236328,29.920000076293945,28.309999465942383,28.84000015258789,84810800
2001-10-01,24.18370819091797,28.729999542236328,28.979999542236328,27.850000381469727,28.850000381469727,53460800
2001-10-02,24.25946617126465,28.81999969482422,29.40999984741211,28.399999618530273,28.649999618530273,74133400
2001-10-03,26.094491958618164,31.0,31.610000610351562,28.329999923706055,28.420000076293945,136198600
2001-10-04,26.347028732299805,31.299999237060547,33.20000076293945,30.940000534057617,31.649999618530273,127371500
2001-10-05,26.734235763549805,31.760000228881836,31.899999618530273,30.260000228881836,31.0,96443400
2001-10-08,26.818410873413086,31.860000610351562,32.349998474121094,30.959999084472656,31.1299991607666,67789600
2001-10-09,26.170259475708008,31.09000015258789,32.02000045776367,30.8700008392334,31.860000610351562,57564800
2001-10-10,27.357126235961914,32.5,32.540000915527344,30.75,30.8700008392334,73840600
2001-10-11,29.20900535583496,34.70000076293945,35.25,33.13999938964844,33.189998626708984,117232200
2001-10-12,29.082735061645508,34.54999923706055,34.79999923706055,33.13999938964844,34.33000183105469,111901600
2001-10-15,28.95647621154785,34.400001525878906,34.54999923706055,33.65999984741211,34.119998931884766,78322000
2001-10-16,29.427860260009766,34.959999084472656,35.099998474121094,34.06999969482422,34.65999984741211,81346800
2001-10-17,27.31505584716797,32.45000076293945,36.0,32.29999923706055,35.869998931884766,141530300
2001-10-18,28.05579376220703,33.33000183105469,33.540000915527344,32.400001525878906,32.70000076293945,94448200
2001-10-19,28.240976333618164,33.54999923706055,33.75,32.0,32.86000061035156,73434200
2001-10-22,28.99856948852539,34.45000076293945,34.5,33.220001220703125,33.439998626708984,74104900
2001-10-23,29.150074005126953,34.630001068115234,35.400001525878906,34.0,34.81999969482422,104062200
2001-10-24,29.781404495239258,35.380001068115234,35.68000030517578,34.31999969482422,34.599998474121094,90171400
2001-10-25,30.97669219970703,36.79999923706055,36.81999969482422,34.22999954223633,34.70000076293945,118551900
2001-10-26,30.311702728271484,36.0099983215332,37.060001373291016,36.0099983215332,36.5,93823900
2001-10-29,28.65345001220703,34.040000915527344,36.150001525878906,34.040000915527344,36.0,92146800
2001-10-30,28.097875595092773,33.380001068115234,34.09000015258789,32.84000015258789,33.709999084472656,96092200
2001-10-31,28.535598754882812,33.900001525878906,34.959999084472656,33.68000030517578,34.040000915527344,106175500
2001-11-01,29.747722625732422,35.34000015258789,35.560001373291016,33.779998779296875,34.439998626708984,92716000
2001-11-02,29.966577529907227,35.599998474121094,35.849998474121094,34.88999938964844,35.27000045776367,64917700
2001-11-05,30.94301986694336,36.7599983215332,37.15999984741211,36.15999984741211,36.2599983215332,64473000
2001-11-06,32.14674377441406,38.189998626708984,38.20000076293945,36.38999938964844,36.599998474121094,107214900
2001-11-07,32.10464859008789,38.13999938964844,38.84000015258789,37.5,37.61000061035156,92562100
2001-11-08,31.77637481689453,37.75,39.400001525878906,37.25,38.54999923706055,105916300
2001-11-09,31.759531021118164,37.72999954223633,38.08000183105469,37.119998931884766,37.59000015258789,74121900
2001-11-12,31.9868106842041,38.0,38.349998474121094,36.29999923706055,37.0,112994400
2001-11-13,33.13159942626953,39.36000061035156,39.5,38.630001068115234,39.029998779296875,97931800
2001-11-14,33.36729431152344,39.63999938964844,40.2400016784668,38.7400016784668,39.959999084472656,88660100
2001-11-15,33.23257827758789,39.47999954223633,40.11000061035156,38.95000076293945,39.15999984741211,86349700
2001-11-16,33.1400146484375,39.369998931884766,39.68000030517578,38.91999816894531,39.47999954223633,64035500
2001-11-19,34.08277130126953,40.4900016784668,40.4900016784668,39.4900016784668,39.790000915527344,69196300
2001-11-20,32.508697509765625,38.619998931884766,40.22999954223633,38.47999954223633,40.08000183105469,85176500
2001-11-21,32.34033966064453,38.41999816894531,38.95000076293945,37.97999954223633,38.470001220703125,60867900
2001-11-23,33.06425094604492,39.279998779296875,39.43000030517578,38.56999969482422,38.7599983215332,27046000
2001-11-26,33.88074493408203,40.25,40.36000061035156,39.0099983215332,39.58000183105469,75267500
2001-11-27,33.838687896728516,40.20000076293945,40.970001220703125,39.20000076293945,40.04999923706055,100289700
2001-11-28,32.61812973022461,38.75,40.369998931884766,38.689998626708984,39.72999954223633,101568200
2001-11-29,33.62824630737305,39.95000076293945,40.0,38.790000915527344,39.029998779296875,83774700
2001-11-30,33.37571716308594,39.650001525878906,40.040000915527344,39.36000061035156,39.72999954223633,66018200
2001-12-03,32.80331039428711,38.970001220703125,39.599998474121094,38.869998931884766,39.290000915527344,60449800
2001-12-04,34.36897277832031,40.83000183105469,40.84000015258789,38.439998626708984,39.34000015258789,79378700
2001-12-05,36.06931686401367,42.849998474121094,43.150001525878906,41.119998931884766,41.20000076293945,115773700
2001-12-06,36.11983871459961,42.90999984741211,43.2400016784668,42.36000061035156,42.70000076293945,77702100
2001-12-07,35.12657165527344,41.72999954223633,42.599998474121094,41.13999938964844,42.47999954223633,81632600
2001-12-10,34.512054443359375,41.0,42.22999954223633,40.880001068115234,41.31999969482422,69088000
2001-12-11,34.705665588378906,41.22999954223633,42.2599983215332,41.130001068115234,41.459999084472656,66056500
2001-12-12,34.983463287353516,41.560001373291016,41.939998626708984,40.599998474121094,41.5,76093400
2001-12-13,33.46830749511719,39.7599983215332,41.0,39.7599983215332,40.709999084472656,79582600
2001-12-14,33.76290512084961,40.11000061035156,40.459999084472656,39.56999969482422,39.869998931884766,70006300
2001-12-17,34.34373092651367,40.79999923706055,41.2400016784668,40.02000045776367,40.02000045776367,62295500
2001-12-18,34.73094940185547,41.2599983215332,41.5,40.15999984741211,41.15999984741211,50850400
2001-12-19,34.0996208190918,40.5099983215332,41.31999969482422,40.31999969482422,40.560001373291016,79596200
2001-12-20,32.65178680419922,38.790000915527344,40.29999923706055,38.68000030517578,40.099998474121094,83048800
2001-12-21,33.23257827758789,39.47999954223633,39.709999084472656,39.150001525878906,39.41999816894531,56205000
2001-12-24,33.097923278808594,39.31999969482422,39.630001068115234,39.150001525878906,39.540000915527344,13660400
2001-12-26,33.40937423706055,39.689998626708984,40.29999923706055,39.15999984741211,39.369998931884766,37672900
2001-12-27,33.6787223815918,40.0099983215332,40.20000076293945,39.599998474121094,39.849998474121094,34255200
2001-12-28,33.948097229003906,40.33000183105469,40.79999923706055,40.22999954223633,40.290000915527344,38240400
2001-12-31,32.7528076171875,38.90999984741211,40.45000076293945,38.90999984741211,40.310001373291016,46176900
2002-01-02,33.76290512084961,40.11000061035156,40.150001525878906,38.93000030517578,39.56999969482422,61708800
2002-01-03,34.93296432495117,41.5,41.54999923706055,40.2599983215332,40.310001373291016,85769100
2002-01-04,35.07606887817383,41.66999816894531,42.290000915527344,40.93000030517578,41.95000076293945,86876900
2002-01-07,34.6888427734375,41.209999084472656,42.220001220703125,40.11000061035156,42.11000061035156,75166200
2002-01-08,34.924537658691406,41.4900016784668,41.77000045776367,40.84000015258789,41.099998474121094,66956800
2002-01-09,34.604671478271484,41.11000061035156,42.599998474121094,40.900001525878906,42.040000915527344,85123000
2002-01-10,34.83194351196289,41.380001068115234,41.540000915527344,40.68000030517578,41.16999816894531,75548000
2002-01-11,34.38581848144531,40.849998474121094,41.599998474121094,40.470001220703125,41.349998474121094,60832900
2002-01-14,33.63664245605469,39.959999084472656,40.68000030517578,39.70000076293945,40.4900016784668,71310700
2002-01-15,33.956504821777344,40.34000015258789,40.75,39.560001373291016,40.029998779296875,66916100
2002-01-16,32.64338302612305,38.779998779296875,39.939998626708984,38.77000045776367,39.529998779296875,90942000
2002-01-17,33.37571716308594,39.650001525878906,39.970001220703125,39.0099983215332,39.47999954223633,75285900
2002-01-18,32.48344039916992,38.59000015258789,39.45000076293945,38.220001220703125,38.83000183105469,81985600
2002-01-22,31.481765747070312,37.400001525878906,39.02000045776367,37.33000183105469,39.0,81773800
2002-01-23,32.3487663269043,38.43000030517578,38.689998626708984,37.349998474121094,37.650001525878906,74968800
2002-01-24,32.77803039550781,38.939998626708984,39.5099983215332,38.77000045776367,38.939998626708984,77251200
2002-01-25,32.685482025146484,38.83000183105469,39.150001525878906,38.36000061035156,38.470001220703125,58832100
2002-01-28,32.87065124511719,39.04999923706055,39.38999938964844,38.41999816894531,39.150001525878906,47795900
2002-01-29,31.969974517822266,37.97999954223633,39.400001525878906,37.5099983215332,39.130001068115234,83339800
2002-01-30,32.21409225463867,38.27000045776367,38.849998474121094,36.849998474121094,38.0,101385500
2002-01-31,32.416099548339844,38.5099983215332,38.75,38.02000045776367,38.56999969482422,69655500
2002-02-01,32.10464859008789,38.13999938964844,38.880001068115234,37.70000076293945,38.400001525878906,61207100
2002-02-04,31.07770538330078,36.91999816894531,38.06999969482422,36.61000061035156,37.959999084472656,82763300
2002-02-05,30.564224243164062,36.310001373291016,37.33000183105469,36.189998626708984,36.59000015258789,86853800
2002-02-06,30.353776931762695,36.060001373291016,36.88999938964844,35.70000076293945,36.84000015258789,98507600
2002-02-07,29.621461868286133,35.189998626708984,36.54999923706055,35.0,35.9900016784668,97725900
2002-02-08,30.446382522583008,36.16999816894531,36.2400016784668,34.970001220703125,35.459999084472656,80483100
2002-02-11,30.833600997924805,36.630001068115234,36.79999923706055,35.97999954223633,36.13999938964844,57641200
2002-02-12,30.58107566833496,36.33000183105469,36.97999954223633,36.040000915527344,36.310001373291016,51477700
2002-02-13,31.10295867919922,36.95000076293945,37.150001525878906,36.61000061035156,36.720001220703125,60984700
2002-02-14,31.04402732849121,36.880001068115234,37.56999969482422,36.0,37.150001525878906,77482300
2002-02-15,30.118106842041016,35.779998779296875,36.90999984741211,35.63999938964844,36.83000183105469,79719900
2002-02-19,29.19217300415039,34.68000030517578,35.459999084472656,34.31999969482422,35.369998931884766,72437200
2002-02-20,29.58778953552246,35.150001525878906,35.16999816894531,33.93000030517578,34.900001525878906,106552700
2002-02-21,28.18206024169922,33.47999954223633,34.95000076293945,33.47999954223633,34.790000915527344,109307800
2002-02-22,28.325159072875977,33.650001525878906,34.20000076293945,33.09000015258789,33.61000061035156,99824200
2002-02-25,29.469947814941406,35.0099983215332,35.25,33.95000076293945,34.0,88994700
2002-02-26,29.36052703857422,34.880001068115234,35.43000030517578,34.369998931884766,35.22999954223633,94683300
2002-02-27,28.95647621154785,34.400001525878906,35.5099983215332,34.060001373291016,35.38999938964844,95159300
2002-02-28,28.434585571289062,33.779998779296875,34.970001220703125,33.75,34.5099983215332,95711200
2002-03-01,30.08442497253418,35.7400016784668,35.75,34.09000015258789,34.150001525878906,86081600
2002-03-04,31.27130126953125,37.150001525878906,37.22999954223633,35.400001525878906,35.70000076293945,105734600
2002-03-05,31.49858283996582,37.41999816894531,37.869998931884766,36.810001373291016,36.93000030517578,91452600
2002-03-06,31.65009117126465,37.599998474121094,37.95000076293945,36.599998474121094,37.08000183105469,86943400
2002-03-07,31.717430114746094,37.68000030517578,38.33000183105469,37.0099983215332,38.119998931884766,85496000
2002-03-08,32.55078125,38.66999816894531,39.029998779296875,38.130001068115234,38.22999954223633,84443700
2002-03-11,32.43292236328125,38.529998779296875,39.189998626708984,38.060001373291016,38.349998474121094,71035200
2002-03-12,31.9868106842041,38.0,38.0,37.31999969482422,37.56999969482422,82652100
2002-03-13,31.212387084960938,37.08000183105469,37.65999984741211,36.869998931884766,37.40999984741211,71376200
2002-03-14,31.027198791503906,36.86000061035156,37.400001525878906,36.72999954223633,37.060001373291016,70700500
2002-03-15,31.338645935058594,37.22999954223633,37.33000183105469,36.59000015258789,36.88999938964844,63966500
2002-03-18,31.51540184020996,37.439998626708984,37.939998626708984,37.04999923706055,37.630001068115234,78938300
2002-03-19,31.464923858642578,37.380001068115234,37.880001068115234,37.220001220703125,37.599998474121094,58947600
2002-03-20,30.353776931762695,36.060001373291016,37.08000183105469,36.040000915527344,36.869998931884766,61816500
2002-03-21,31.16187858581543,37.02000045776367,37.13999938964844,35.900001525878906,36.150001525878906,89198800
2002-03-22,30.87569236755371,36.68000030517578,37.13999938964844,36.470001220703125,36.939998626708984,58930100
2002-03-25,29.93292236328125,35.560001373291016,36.900001525878906,35.52000045776367,36.689998626708984,87421900
2002-03-26,30.210693359375,35.88999938964844,36.41999816894531,35.400001525878906,35.41999816894531,92457500
2002-03-27,29.97500228881836,35.61000061035156,36.0,35.400001525878906,35.630001068115234,64531800
2002-03-28,30.353776931762695,36.060001373291016,36.369998931884766,35.900001525878906,36.02000045776367,59539400
2002-04-01,30.934627532958984,36.75,36.900001525878906,35.29999923706055,35.79999923706055,70730500
2002-04-02,29.537277221679688,35.09000015258789,36.150001525878906,35.0,35.97999954223633,77759800
2002-04-03,29.48677635192871,35.029998779296875,35.45000076293945,34.29999923706055,35.29999923706055,85766400
2002-04-04,29.259506225585938,34.7599983215332,35.15999984741211,34.279998779296875,34.5,90521500
2002-04-05,28.931215286254883,34.369998931884766,35.16999816894531,34.18000030517578,35.0099983215332,68426000
2002-04-08,29.293169021606445,34.79999923706055,34.79999923706055,33.41999816894531,33.470001220703125,74950700
2002-04-09,28.27463722229004,33.59000015258789,34.97999954223633,33.4900016784668,34.779998779296875,80910200
2002-04-10,28.485103607177734,33.84000015258789,34.25,33.130001068115234,33.7599983215332,85748700
2002-04-11,27.77800941467285,33.0,33.849998474121094,32.880001068115234,33.65999984741211,90665600
2002-04-12,28.21572494506836,33.52000045776367,33.79999923706055,32.95000076293945,33.31999969482422,78360100
2002-04-15,28.443004608154297,33.790000915527344,33.959999084472656,33.20000076293945,33.79999923706055,69306800
2002-04-16,29.6298885345459,35.20000076293945,35.220001220703125,34.40999984741211,34.43000030517578,72064700
2002-04-17,29.478370666503906,35.02000045776367,35.5,34.650001525878906,35.400001525878906,69130100
2002-04-18,28.914377212524414,34.349998474121094,35.150001525878906,34.0,34.779998779296875,91086100
2002-04-19,29.006986618041992,34.459999084472656,35.060001373291016,34.380001068115234,35.04999923706055,62286800
2002-04-22,28.27463722229004,33.59000015258789,34.0099983215332,33.25,34.0099983215332,64625600
2002-04-23,27.786434173583984,33.0099983215332,33.939998626708984,32.70000076293945,33.59000015258789,73070300
2002-04-24,27.357126235961914,32.5,33.310001373291016,32.20000076293945,33.209999084472656,68953900
2002-04-25,27.289793014526367,32.41999816894531,32.72999954223633,32.0,32.29999923706055,103073700
2002-04-26,26.128175735473633,31.040000915527344,32.779998779296875,31.010000228881836,32.65999984741211,100193400
2002-04-29,26.19550895690918,31.1200008392334,31.549999237060547,30.559999465942383,31.239999771118164,85326800
2002-04-30,26.708974838256836,31.729999542236328,32.189998626708984,30.940000534057617,31.030000686645508,95357900
2002-05-01,26.565881729125977,31.559999465942383,31.84000015258789,30.579999923706055,31.670000076293945,109975700
2002-05-02,25.682037353515625,30.510000228881836,31.989999771118164,30.459999084472656,31.389999389648438,85852200
2002-05-03,25.03388023376465,29.739999771118164,30.510000228881836,29.479999542236328,30.469999313354492,92103200
2002-05-06,24.385726928710938,28.969999313354492,29.979999542236328,28.850000381469727,29.6299991607666,96491200
2002-05-07,24.1584529876709,28.700000762939453,29.350000381469727,28.420000076293945,29.270000457763672,101954400
2002-05-08,26.742647171020508,31.770000457763672,31.8799991607666,30.0,30.1299991607666,129741500
2002-05-09,26.052413940429688,30.950000762939453,31.889999389648438,30.799999237060547,31.56999969482422,106477200
2002-05-10,24.88236427307129,29.559999465942383,31.09000015258789,29.5,31.010000228881836,112282800
2002-05-13,25.89247703552246,30.760000228881836,30.979999542236328,29.670000076293945,29.8700008392334,93971200
2002-05-14,27.41606330871582,32.56999969482422,32.650001525878906,31.8700008392334,32.04999923706055,107284700
2002-05-15,27.618080139160156,32.810001373291016,33.630001068115234,31.850000381469727,32.08000183105469,150522100
2002-05-16,27.660171508789062,32.86000061035156,33.04999923706055,32.220001220703125,32.540000915527344,89916300
2002-05-17,27.71908950805664,32.93000030517578,33.40999984741211,32.470001220703125,33.290000915527344,82695000
2002-05-20,27.113021850585938,32.209999084472656,32.70000076293945,31.940000534057617,32.599998474121094,78144200
2002-05-21,26.372282028198242,31.329999923706055,32.59000015258789,31.0,32.36000061035156,104180000
2002-05-22,26.43120002746582,31.399999618530273,31.59000015258789,30.40999984741211,30.969999313354492,89543100
2002-05-23,26.961505889892578,32.029998779296875,32.099998474121094,30.799999237060547,31.6299991607666,94445800
2002-05-24,26.296527862548828,31.239999771118164,31.690000534057617,31.010000228881836,31.59000015258789,55874600
2002-05-28,26.178668975830078,31.100000381469727,31.520000457763672,30.489999771118164,31.469999313354492,68829400
2002-05-29,25.488431930541992,30.280000686645508,30.899999618530273,30.239999771118164,30.65999984741211,73470200
2002-05-30,25.707298278808594,30.540000915527344,30.719999313354492,29.899999618530273,30.010000228881836,92080500
2002-05-31,25.28640365600586,30.040000915527344,31.040000915527344,30.0,30.760000228881836,79907400
2002-06-03,24.394149780273438,28.979999542236328,30.25,28.790000915527344,30.0,77043700
2002-06-04,24.714006423950195,29.360000610351562,29.68000030517578,28.610000610351562,28.75,98366200
2002-06-05,24.96653938293457,29.65999984741211,29.799999237060547,28.969999313354492,29.420000076293945,95347100
2002-06-06,24.309974670410156,28.8799991607666,29.510000228881836,27.899999618530273,29.510000228881836,91129700
2002-06-07,23.82175064086914,28.299999237060547,28.790000915527344,27.520000457763672,27.6299991607666,106049200
2002-06-10,23.7796630859375,28.25,28.75,28.139999389648438,28.360000610351562,73142900
2002-06-11,23.114665985107422,27.459999084472656,28.690000534057617,27.360000610351562,28.600000381469727,84609500
2002-06-12,23.451383590698242,27.860000610351562,27.959999084472656,26.829999923706055,27.239999771118164,152974400
2002-06-13,23.299861907958984,27.68000030517578,28.209999084472656,27.350000381469727,27.760000228881836,97556300
2002-06-14,23.249357223510742,27.6200008392334,27.719999313354492,26.200000762939453,26.860000610351562,122106800
2002-06-17,24.04060935974121,28.559999465942383,28.75,27.90999984741211,28.0,87618100
2002-06-18,24.42781639099121,29.020000457763672,29.149999618530273,28.280000686645508,28.309999465942383,100513400
2002-06-19,23.013662338256836,27.34000015258789,28.31999969482422,27.25,28.100000381469727,93507600
2002-06-20,22.272916793823242,26.459999084472656,27.450000762939453,25.670000076293945,27.270000457763672,99913200
2002-06-21,21.734195709228516,25.81999969482422,26.780000686645508,25.649999618530273,26.360000610351562,168755100
2002-06-24,22.163496017456055,26.329999923706055,26.799999237060547,25.209999084472656,25.450000762939453,219672100
2002-06-25,21.431156158447266,25.459999084472656,26.719999313354492,25.299999237060547,26.579999923706055,136336400
2002-06-26,21.59108543395996,25.649999618530273,25.780000686645508,24.389999389648438,24.43000030517578,149080300
2002-06-27,22.062477111816406,26.209999084472656,26.25,25.020000457763672,26.0,121371100
2002-06-28,21.969879150390625,26.100000381469727,26.75,25.850000381469727,26.049999237060547,87842000
2002-07-01,20.917694091796875,24.850000381469727,26.139999389648438,24.780000686645508,25.969999313354492,64753900
2002-07-02,20.16010856628418,23.950000762939453,24.75,23.09000015258789,24.600000381469727,111629600
2002-07-03,20.833520889282227,24.75,24.75,23.6200008392334,23.850000381469727,101067000
2002-07-05,22.171911239624023,26.34000015258789,26.389999389648438,25.049999237060547,25.260000228881836,56768300
2002-07-08,21.363821029663086,25.3799991607666,26.549999237060547,25.079999923706055,26.200000762939453,97288500
2002-07-09,20.75774574279785,24.65999984741211,25.479999542236328,24.59000015258789,25.25,91039600
2002-07-10,20.118019104003906,23.899999618530273,25.030000686645508,23.829999923706055,24.989999771118164,115365200
2002-07-11,20.87560272216797,24.799999237060547,24.889999389648438,23.530000686645508,23.760000228881836,170271200
2002-07-12,20.87560272216797,24.799999237060547,25.520000457763672,24.549999237060547,25.25,130027800
2002-07-15,21.523746490478516,25.56999969482422,25.639999389648438,23.75,24.68000030517578,140207200
2002-07-16,21.203887939453125,25.190000534057617,26.020000457763672,24.899999618530273,25.25,148281700
2002-07-17,21.59108543395996,25.649999618530273,26.440000534057617,24.889999389648438,26.06999969482422,157954700
2002-07-18,20.816675186157227,24.729999542236328,25.56999969482422,24.520000457763672,25.3799991607666,114052300
2002-07-19,20.19377899169922,23.989999771118164,24.709999084472656,23.799999237060547,24.329999923706055,124116400
2002-07-22,19.697124481201172,23.399999618530273,24.5,23.09000015258789,23.850000381469727,150034800
2002-07-23,18.855382919311523,22.399999618530273,23.75,22.280000686645508,23.450000762939453,150786800
2002-07-24,19.88232421875,23.6200008392334,23.65999984741211,21.639999389648438,21.809999465942383,186493600
2002-07-25,18.729116439819336,22.25,23.399999618530273,21.799999237060547,23.25,153915500
2002-07-26,19.082653045654297,22.670000076293945,22.84000015258789,22.010000228881836,22.559999465942383,96034200
2002-07-29,20.059091567993164,23.829999923706055,24.1200008392334,23.079999923706055,23.270000457763672,96735200
2002-07-30,20.4631404876709,24.309999465942383,24.690000534057617,23.59000015258789,23.729999542236328,117394300
2002-07-31,20.075929641723633,23.850000381469727,24.190000534057617,23.360000610351562,24.0,93831300
2002-08-01,19.133153915405273,22.729999542236328,23.899999618530273,22.65999984741211,23.739999771118164,85149700
2002-08-02,18.729116439819336,22.25,22.84000015258789,21.81999969482422,22.780000686645508,86706000
2002-08-05,18.047298431396484,21.440000534057617,22.31999969482422,21.299999237060547,22.110000610351562,84897800
2002-08-06,18.93955421447754,22.5,23.010000228881836,21.790000915527344,21.799999237060547,115364600
2002-08-07,19.19208335876465,22.799999237060547,23.3700008392334,21.959999084472656,23.200000762939453,125677100
2002-08-08,19.84023666381836,23.56999969482422,23.600000381469727,22.299999237060547,22.75,111697900
2002-08-09,19.63821029663086,23.329999923706055,23.709999084472656,22.8799991607666,23.200000762939453,93576900
2002-08-12,19.697124481201172,23.399999618530273,23.479999542236328,22.899999618530273,23.049999237060547,62870900
2002-08-13,19.023733139038086,22.600000381469727,23.8700008392334,22.549999237060547,23.229999542236328,88434400
2002-08-14,20.235864639282227,24.040000915527344,24.200000762939453,22.469999313354492,22.670000076293945,102613500
2002-08-15,20.648326873779297,24.530000686645508,24.549999237060547,23.719999313354492,24.239999771118164,120307800
2002-08-16,20.791425704956055,24.700000762939453,25.0,23.729999542236328,24.1299991607666,95853000
2002-08-19,21.296485900878906,25.299999237060547,25.59000015258789,24.68000030517578,24.770000457763672,76015900
2002-08-20,21.203887939453125,25.190000534057617,25.43000030517578,24.850000381469727,25.18000030517578,89981300
2002-08-21,21.675270080566406,25.75,25.850000381469727,25.0,25.389999389648438,101365500
2002-08-22,22.0203914642334,26.15999984741211,26.209999084472656,25.420000076293945,25.739999771118164,80345500
2002-08-23,21.170215606689453,25.149999618530273,25.809999465942383,24.950000762939453,25.799999237060547,75211200
2002-08-26,21.25438690185547,25.25,25.389999389648438,24.610000610351562,25.299999237060547,83335400
2002-08-27,20.51363754272461,24.3700008392334,25.510000228881836,24.149999618530273,25.43000030517578,92340400
2002-08-28,19.764482498168945,23.479999542236328,24.09000015258789,23.389999389648438,24.020000457763672,115562300
2002-08-29,20.025423049926758,23.790000915527344,24.219999313354492,23.020000457763672,23.200000762939453,97028200
2002-08-30,19.772905349731445,23.489999771118164,24.0,23.3799991607666,23.6200008392334,59474900
2002-09-03,19.05739974975586,22.639999389648438,23.43000030517578,22.34000015258789,23.059999465942383,81828100
2002-09-04,19.133153915405273,22.729999542236328,23.020000457763672,22.239999771118164,22.5,82717600
2002-09-05,18.661773681640625,22.170000076293945,22.5,21.93000030517578,22.399999618530273,91576600
2002-09-06,19.234172821044922,22.850000381469727,23.219999313354492,22.600000381469727,22.65999984741211,86008800
2002-09-09,19.42776870727539,23.079999923706055,23.3700008392334,22.389999389648438,22.670000076293945,72679500
2002-09-10,19.907567977905273,23.649999618530273,23.670000076293945,23.030000686645508,23.229999542236328,74615800
2002-09-11,19.739225387573242,23.450000762939453,24.350000381469727,23.420000076293945,24.1200008392334,73902800
2002-09-12,19.20049476623535,22.809999465942383,23.260000228881836,22.709999084472656,23.229999542236328,70763500
2002-09-13,19.352025985717773,22.989999771118164,23.079999923706055,22.520000457763672,22.600000381469727,79716100
2002-09-16,19.07422637939453,22.65999984741211,23.0,22.3700008392334,22.860000610351562,58853600
2002-09-17,18.67020034790039,22.18000030517578,23.209999084472656,22.18000030517578,23.049999237060547,89139700
2002-09-18,18.45975685119629,21.93000030517578,22.549999237060547,21.780000686645508,22.010000228881836,92358300
2002-09-19,18.165124893188477,21.579999923706055,22.1299991607666,21.549999237060547,21.700000762939453,86247700
2002-09-20,18.24088478088379,21.670000076293945,21.899999618530273,21.479999542236328,21.829999923706055,78116900
2002-09-23,17.693758010864258,21.020000457763672,21.520000457763672,20.809999465942383,21.450000762939453,72757500
2002-09-24,17.702167510986328,21.030000686645508,21.450000762939453,20.649999618530273,20.68000030517578,91507300
2002-09-25,18.409252166748047,21.8700008392334,22.040000915527344,21.100000381469727,21.350000381469727,98051900
2002-09-26,18.181974411010742,21.600000381469727,22.329999923706055,21.3700008392334,22.15999984741211,104453500
2002-09-27,17.93785858154297,21.309999465942383,22.209999084472656,21.309999465942383,21.549999237060547,92249700
2002-09-30,17.441211700439453,20.719999313354492,21.239999771118164,20.489999771118164,21.06999969482422,91502500
2002-10-01,18.501842498779297,21.979999542236328,21.989999771118164,20.469999313354492,20.90999984741211,102096000
2002-10-02,17.887365341186523,21.25,21.969999313354492,20.969999313354492,21.510000228881836,94829700
2002-10-03,17.458066940307617,20.739999771118164,21.399999618530273,20.68000030517578,21.059999465942383,74354800
2002-10-04,17.129772186279297,20.350000381469727,21.020000457763672,20.110000610351562,20.940000534057617,81837100
2002-10-07,16.96984100341797,20.15999984741211,20.59000015258789,19.850000381469727,20.260000228881836,79861800
2002-10-08,17.003515243530273,20.200000762939453,20.610000610351562,19.760000228881836,20.280000686645508,94103100
2002-10-09,16.88566017150879,20.059999465942383,20.530000686645508,19.84000015258789,19.940000534057617,103301000
2002-10-10,17.7442569732666,21.079999923706055,21.209999084472656,19.90999984741211,20.100000381469727,109610500
2002-10-11,18.703859329223633,22.219999313354492,22.3799991607666,21.420000076293945,21.549999237060547,124777400
2002-10-14,18.922710418701172,22.479999542236328,22.5,21.780000686645508,21.8700008392334,78890300
2002-10-15,19.831819534301758,23.559999465942383,23.6299991607666,23.18000030517578,23.440000534057617,118176000
2002-10-16,19.175249099731445,22.780000686645508,23.15999984741211,22.06999969482422,22.709999084472656,97441900
2002-10-17,19.823410034179688,23.549999237060547,23.809999465942383,22.579999923706055,23.600000381469727,95754500
2002-10-18,20.042261123657227,23.809999465942383,23.850000381469727,22.93000030517578,23.280000686645508,84941900
2002-10-21,20.446306228637695,24.290000915527344,24.450000762939453,23.299999237060547,23.520000457763672,85311500
2002-10-22,20.320032119750977,24.139999389648438,24.34000015258789,23.649999618530273,23.729999542236328,89947000
2002-10-23,20.707250595092773,24.600000381469727,24.6299991607666,23.670000076293945,23.850000381469727,88093500
2002-10-24,20.185354232788086,23.979999542236328,24.860000610351562,23.920000076293945,24.68000030517578,88674800
2002-10-25,20.791425704956055,24.700000762939453,24.75,23.989999771118164,23.989999771118164,71557300
2002-10-28,20.614652633666992,24.489999771118164,25.040000915527344,24.170000076293945,25.0,90272000
2002-10-29,20.13485336303711,23.920000076293945,24.469999313354492,23.3700008392334,24.309999465942383,90293800
2002-10-30,20.673574447631836,24.559999465942383,24.790000915527344,23.850000381469727,24.059999465942383,103531100
2002-10-31,20.66515350341797,24.549999237060547,25.040000915527344,24.360000610351562,24.65999984741211,81493100
2002-11-01,21.25438690185547,25.25,25.399999618530273,24.139999389648438,24.3700008392334,86658400
2002-11-04,21.80153465270996,25.899999618530273,26.81999969482422,25.799999237060547,26.049999237060547,110562400
2002-11-05,21.969879150390625,26.100000381469727,26.170000076293945,25.559999465942383,25.709999084472656,79603300
2002-11-06,22.28133773803711,26.469999313354492,26.610000610351562,25.639999389648438,26.290000915527344,116251700
2002-11-07,21.498497009277344,25.540000915527344,26.100000381469727,25.309999465942383,25.989999771118164,82711600
2002-11-08,21.102874755859375,25.06999969482422,25.8700008392334,24.959999084472656,25.489999771118164,76937600
2002-11-11,20.4631404876709,24.309999465942383,25.020000457763672,24.149999618530273,24.950000762939453,74384300
2002-11-12,20.98502540588379,24.93000030517578,25.399999618530273,24.399999618530273,24.399999618530273,88748800
2002-11-13,21.237560272216797,25.229999542236328,25.700000762939453,24.489999771118164,24.700000762939453,119341800
2002-11-14,21.969879150390625,26.100000381469727,26.420000076293945,25.520000457763672,25.579999923706055,85720100
2002-11-15,22.256074905395508,26.440000534057617,26.450000762939453,25.75,25.899999618530273,69291300
2002-11-18,21.92779541015625,26.049999237060547,26.770000457763672,25.989999771118164,26.709999084472656,76238000
2002-11-19,21.59108543395996,25.649999618530273,26.049999237060547,25.299999237060547,25.799999237060547,88139200
2002-11-20,22.508617401123047,26.739999771118164,26.75,25.540000915527344,25.559999465942383,75104700
2002-11-21,23.34194564819336,27.729999542236328,27.84000015258789,26.75,26.93000030517578,105472900
2002-11-22,23.333524703979492,27.719999313354492,27.940000534057617,27.31999969482422,27.3700008392334,73808600
2002-11-25,23.560810089111328,27.989999771118164,28.200000762939453,27.540000915527344,27.760000228881836,72666100
2002-11-26,22.76955223083496,27.049999237060547,27.8700008392334,26.899999618530273,27.780000686645508,80017900
2002-11-27,23.493457794189453,27.90999984741211,28.200000762939453,27.479999542236328,27.530000686645508,73643900
2002-11-29,23.333524703979492,27.719999313354492,28.290000915527344,27.219999313354492,28.209999084472656,34652100
2002-12-02,23.569225311279297,28.0,28.790000915527344,27.56999969482422,28.420000076293945,85136000
2002-12-03,22.87055778503418,27.170000076293945,27.579999923706055,26.93000030517578,27.549999237060547,76595500
2002-12-04,22.36551284790039,26.56999969482422,26.950000762939453,26.209999084472656,26.559999465942383,130115900
2002-12-05,22.05405616760254,26.200000762939453,27.0,26.1299991607666,26.950000762939453,84933200
2002-12-06,22.28133773803711,26.469999313354492,26.719999313354492,25.739999771118164,25.809999465942383,81727900
2002-12-09,21.229127883911133,25.219999313354492,26.549999237060547,25.200000762939453,26.219999313354492,75855200
2002-12-10,21.54900550842285,25.600000381469727,25.950000762939453,25.350000381469727,25.420000076293945,69578300
2002-12-11,21.650012969970703,25.719999313354492,26.06999969482422,25.31999969482422,25.440000534057617,64237600
2002-12-12,21.76786994934082,25.860000610351562,26.690000534057617,25.559999465942383,26.0,62296400
2002-12-13,21.077617645263672,25.040000915527344,25.56999969482422,25.010000228881836,25.520000457763672,72647800
2002-12-16,21.759445190429688,25.850000381469727,25.959999084472656,25.06999969482422,25.219999313354492,60278500
2002-12-17,21.826780319213867,25.93000030517578,26.200000762939453,25.65999984741211,25.809999465942383,62562700
2002-12-18,21.363821029663086,25.3799991607666,25.600000381469727,25.049999237060547,25.549999237060547,67130700
2002-12-19,21.094459533691406,25.059999465942383,25.780000686645508,24.809999465942383,25.170000076293945,95969700
2002-12-20,21.313302993774414,25.31999969482422,25.450000762939453,25.06999969482422,25.329999923706055,65578600
2002-12-23,21.607929229736328,25.670000076293945,25.760000228881836,25.1299991607666,25.18000030517578,45941700
2002-12-24,21.338563919067383,25.350000381469727,25.729999542236328,25.31999969482422,25.5,16772700
2002-12-26,21.279645919799805,25.280000686645508,25.90999984741211,25.170000076293945,25.530000686645508,33795400
2002-12-27,20.89242935180664,24.81999969482422,25.850000381469727,24.75,25.18000030517578,42490200
2002-12-30,20.73250389099121,24.6299991607666,24.969999313354492,24.360000610351562,24.84000015258789,57396400
2002-12-31,20.51363754272461,24.3700008392334,24.709999084472656,24.280000686645508,24.540000915527344,46015400
2003-01-02,21.38064956665039,25.399999618530273,25.549999237060547,24.450000762939453,24.719999313354492,65903200
2003-01-03,21.6163387298584,25.68000030517578,25.709999084472656,25.280000686645508,25.459999084472656,39059500
2003-01-06,22.155061721801758,26.31999969482422,26.59000015258789,25.200000762939453,25.709999084472656,67223400
2003-01-07,22.432849884033203,26.649999618530273,26.93000030517578,26.25,26.40999984741211,88726100
2003-01-08,21.80153465270996,25.899999618530273,26.969999313354492,25.84000015258789,26.389999389648438,74989900
2003-01-09,22.474931716918945,26.700000762939453,26.979999542236328,26.219999313354492,26.239999771118164,75391100
2003-01-10,22.8116397857666,27.100000381469727,27.260000228881836,26.219999313354492,26.350000381469727,82594300
2003-01-13,22.67696189880371,26.940000534057617,27.469999313354492,26.729999542236328,27.329999923706055,72870300
2003-01-14,22.794801712036133,27.079999923706055,27.31999969482422,26.850000381469727,26.90999984741211,46993800
2003-01-15,22.508617401123047,26.739999771118164,27.350000381469727,26.579999923706055,27.239999771118164,55131000
2003-01-16,22.256074905395508,26.440000534057617,26.979999542236328,26.25,26.790000915527344,68740300
2003-01-17,21.304893493652344,25.309999465942383,25.940000534057617,25.270000457763672,25.899999618530273,77289400
2003-01-21,21.069204330444336,25.030000686645508,25.549999237060547,25.020000457763672,25.40999984741211,67729600
2003-01-22,20.98502540588379,24.93000030517578,25.530000686645508,24.8700008392334,24.959999084472656,80020200
2003-01-23,21.47324562072754,25.510000228881836,25.84000015258789,25.110000610351562,25.399999618530273,78471100
2003-01-24,20.89242935180664,24.81999969482422,25.530000686645508,24.639999389648438,25.530000686645508,74519700
2003-01-27,20.648326873779297,24.530000686645508,25.030000686645508,24.3700008392334,24.450000762939453,76561000
2003-01-28,20.8587589263916,24.780000686645508,25.049999237060547,24.420000076293945,24.770000457763672,65217200
2003-01-29,21.170215606689453,25.149999618530273,25.450000762939453,24.34000015258789,24.760000228881836,95717500
2003-01-30,20.623075485229492,24.5,25.420000076293945,24.489999771118164,25.31999969482422,70333800
2003-01-31,20.572568893432617,24.440000534057617,24.760000228881836,24.010000228881836,24.059999465942383,90505600
2003-02-03,20.614652633666992,24.489999771118164,24.790000915527344,24.3799991607666,24.520000457763672,53158800
2003-02-04,20.362125396728516,24.190000534057617,24.299999237060547,23.81999969482422,24.18000030517578,68235700
2003-02-05,20.269533157348633,24.079999923706055,24.860000610351562,24.010000228881836,24.329999923706055,80107700
2003-02-06,20.378955841064453,24.209999084472656,24.350000381469727,23.860000610351562,24.040000915527344,103552000
2003-02-07,20.042261123657227,23.809999465942383,24.450000762939453,23.649999618530273,24.360000610351562,72312400
2003-02-10,20.219022750854492,24.020000457763672,24.25,23.6200008392334,23.889999389648438,67572600
2003-02-11,20.328458786010742,24.149999618530273,24.610000610351562,23.920000076293945,24.25,77823300
2003-02-12,20.050682067871094,23.81999969482422,24.329999923706055,23.780000686645508,24.06999969482422,51753000
2003-02-13,20.15167999267578,23.940000534057617,23.979999542236328,23.31999969482422,23.850000381469727,77387400
2003-02-14,20.614652633666992,24.489999771118164,24.5,23.6200008392334,23.829999923706055,67510400
2003-02-18,21.25438690185547,25.25,25.34000015258789,24.68000030517578,24.700000762939453,73976800
2003-02-19,21.11129379272461,25.079999923706055,25.239999771118164,24.709999084472656,25.200000762939453,45541400
2003-02-20,21.027114868164062,24.979999542236328,25.270000457763672,24.84000015258789,25.149999618530273,59759800
2003-02-21,21.187049865722656,25.170000076293945,25.3700008392334,24.510000228881836,24.93000030517578,70228500
2003-02-24,20.82509422302246,24.739999771118164,25.209999084472656,24.709999084472656,25.1299991607666,56646600
2003-02-25,20.850353240966797,24.770000457763672,24.950000762939453,24.079999923706055,24.450000762939453,74440700
2003-02-26,20.38737678527832,24.219999313354492,24.940000534057617,24.200000762939453,24.68000030517578,60005600
2003-02-27,20.850353240966797,24.770000457763672,24.920000076293945,24.270000457763672,24.420000076293945,66424000
2003-02-28,21.178632736206055,25.15999984741211,25.219999313354492,24.719999313354492,24.809999465942383,50185800
2003-03-03,20.749332427978516,24.649999618530273,25.479999542236328,24.559999465942383,25.270000457763672,60414400
2003-03-04,20.623075485229492,24.5,24.770000457763672,24.420000076293945,24.65999984741211,56043500
2003-03-05,20.66515350341797,24.549999237060547,24.780000686645508,24.31999969482422,24.399999618530273,69096500
2003-03-06,20.614652633666992,24.489999771118164,24.68000030517578,24.229999542236328,24.43000030517578,59108600
2003-03-07,20.656728744506836,24.540000915527344,24.690000534057617,23.959999084472656,24.079999923706055,73291000
2003-03-10,20.210601806640625,24.010000228881836,24.450000762939453,23.90999984741211,24.329999923706055,55948000
2003-03-11,20.033842086791992,23.799999237060547,24.239999771118164,23.780000686645508,24.059999465942383,54934200
2003-03-12,20.39579200744629,24.229999542236328,24.239999771118164,23.540000915527344,23.760000228881836,77859800
2003-03-13,21.565841674804688,25.6200008392334,25.649999618530273,24.399999618530273,24.639999389648438,128537600
2003-03-14,21.650012969970703,25.719999313354492,25.979999542236328,25.360000610351562,25.729999542236328,89794400
2003-03-17,22.390756607055664,26.600000381469727,26.799999237060547,25.350000381469727,25.43000030517578,141040800
2003-03-18,22.668548583984375,26.93000030517578,26.969999313354492,26.420000076293945,26.799999237060547,96548700
2003-03-19,22.474931716918945,26.700000762939453,26.950000762939453,26.329999923706055,26.850000381469727,91315100
2003-03-20,22.559114456176758,26.799999237060547,27.139999389648438,26.170000076293945,26.540000915527344,92789700
2003-03-21,22.87055778503418,27.170000076293945,27.3799991607666,26.200000762939453,27.209999084472656,93304600
2003-03-24,21.91938591003418,26.040000915527344,26.600000381469727,25.969999313354492,26.469999313354492,85244500
2003-03-25,22.230831146240234,26.40999984741211,26.760000228881836,26.010000228881836,26.149999618530273,78731500
2003-03-26,22.357101440429688,26.559999465942383,26.770000457763672,26.360000610351562,26.5,67880200
2003-03-27,22.197158813476562,26.3700008392334,26.649999618530273,26.100000381469727,26.270000457763672,64113100
2003-03-28,21.953044891357422,26.079999923706055,26.43000030517578,25.950000762939453,26.139999389648438,45374700
2003-03-31,21.25438690185547,25.25,25.729999542236328,25.209999084472656,25.600000381469727,89345300
2003-04-01,21.422733306884766,25.450000762939453,25.670000076293945,25.25,25.440000534057617,73159500
2003-04-02,22.011974334716797,26.149999618530273,26.559999465942383,26.030000686645508,26.059999465942383,75843800
2003-04-03,22.289758682250977,26.479999542236328,26.850000381469727,26.309999465942383,26.639999389648438,70138200
2003-04-04,21.92779541015625,26.049999237060547,26.600000381469727,25.969999313354492,26.56999969482422,65665700
2003-04-07,21.96146583557129,26.09000015258789,27.200000762939453,26.06999969482422,27.110000610351562,83842700
2003-04-08,21.93621063232422,26.059999465942383,26.290000915527344,25.8799991607666,26.149999618530273,54250600
2003-04-09,21.431156158447266,25.459999084472656,26.280000686645508,25.40999984741211,26.100000381469727,76457100
2003-04-10,21.692106246948242,25.770000457763672,25.770000457763672,25.299999237060547,25.459999084472656,57017500
2003-04-11,21.47324562072754,25.510000228881836,26.15999984741211,25.360000610351562,26.020000457763672,67974500
2003-04-14,21.910961151123047,26.030000686645508,26.139999389648438,25.489999771118164,25.600000381469727,52476200
2003-04-15,22.121397018432617,26.280000686645508,26.459999084472656,25.850000381469727,25.969999313354492,64655700
2003-04-16,22.070899963378906,26.219999313354492,26.829999923706055,26.1200008392334,26.649999618530273,70711600
2003-04-17,22.575956344604492,26.81999969482422,26.979999542236328,26.149999618530273,26.15999984741211,70179900
2003-04-21,22.660133361816406,26.920000076293945,27.100000381469727,26.6200008392334,26.940000534057617,52729600
2003-04-22,23.08942222595215,27.43000030517578,27.459999084472656,26.649999618530273,26.729999542236328,70757200
2003-04-23,23.25777816772461,27.6299991607666,27.75,27.260000228881836,27.5,70327100
2003-04-24,23.131513595581055,27.479999542236328,27.75,27.270000457763672,27.360000610351562,72383900
2003-04-25,22.685375213623047,26.950000762939453,27.420000076293945,26.860000610351562,27.31999969482422,63277900
2003-04-28,23.131513595581055,27.479999542236328,27.6299991607666,26.950000762939453,27.049999237060547,59666200
2003-04-29,23.34194564819336,27.729999542236328,28.059999465942383,27.40999984741211,27.639999389648438,79903800
2003-04-30,23.106250762939453,27.450000762939453,27.790000915527344,27.43000030517578,27.649999618530273,60202100
2003-05-01,23.308265686035156,27.690000534057617,27.8700008392334,27.190000534057617,27.440000534057617,66022600
2003-05-02,23.804920196533203,28.280000686645508,28.290000915527344,27.56999969482422,27.610000610351562,85004100
2003-05-05,23.7796630859375,28.25,28.709999084472656,28.170000076293945,28.329999923706055,80520300
2003-05-06,24.08270263671875,28.610000610351562,28.899999618530273,28.209999084472656,28.219999313354492,77338300
2003-05-07,23.813337326049805,28.290000915527344,28.690000534057617,28.1200008392334,28.40999984741211,70353200
2003-05-08,23.37562370300293,27.770000457763672,28.190000534057617,27.760000228881836,27.850000381469727,80249100
2003-05-09,23.91434669494629,28.40999984741211,28.479999542236328,28.0,28.040000915527344,58528200
2003-05-12,24.27629852294922,28.84000015258789,28.959999084472656,28.170000076293945,28.360000610351562,67487300
2003-05-13,24.124780654907227,28.65999984741211,28.989999771118164,28.540000915527344,28.6299991607666,64934300
2003-05-14,24.07427215576172,28.600000381469727,28.969999313354492,28.360000610351562,28.8700008392334,62181200
2003-05-15,24.343631744384766,28.920000076293945,28.979999542236328,28.559999465942383,28.75,62232100
2003-05-16,24.1584529876709,28.700000762939453,28.940000534057617,28.479999542236328,28.729999542236328,70590400
2003-05-19,23.308265686035156,27.690000534057617,28.68000030517578,27.610000610351562,28.520000457763672,91334800
2003-05-20,23.37562370300293,27.770000457763672,27.959999084472656,27.40999984741211,27.760000228881836,71817800
2003-05-21,23.308265686035156,27.690000534057617,27.75,27.440000534057617,27.649999618530273,63648500
2003-05-22,23.644987106323242,28.09000015258789,28.31999969482422,27.6200008392334,27.760000228881836,62401400
2003-05-23,23.653398513793945,28.100000381469727,28.25,27.950000762939453,28.040000915527344,37922500
2003-05-27,24.49516487121582,29.100000381469727,29.219999313354492,27.899999618530273,27.93000030517578,101422100
2003-05-28,24.570919036865234,29.190000534057617,29.399999618530273,28.959999084472656,29.15999984741211,76290400
2003-05-29,24.671918869018555,29.309999465942383,29.799999237060547,29.15999984741211,29.229999542236328,97336000
2003-05-30,25.07597541809082,29.790000915527344,29.8700008392334,29.450000762939453,29.530000686645508,78093700
2003-06-02,24.899206161499023,29.579999923706055,30.200000762939453,29.309999465942383,30.079999923706055,102937000
2003-06-03,25.134899139404297,29.860000610351562,29.8799991607666,29.329999923706055,29.440000534057617,81672600
2003-06-04,25.606279373168945,30.420000076293945,30.579999923706055,29.719999313354492,29.809999465942383,87046100
2003-06-05,25.791465759277344,30.639999389648438,30.68000030517578,29.969999313354492,30.1299991607666,88747900
2003-06-06,25.362165451049805,30.1299991607666,31.469999313354492,30.040000915527344,31.209999084472656,157178100
2003-06-09,25.025463104248047,29.729999542236328,30.219999313354492,29.530000686645508,30.0,94941800
2003-06-10,25.404251098632812,30.18000030517578,30.200000762939453,29.68000030517578,29.860000610351562,69660100
2003-06-11,25.69045639038086,30.520000457763672,30.639999389648438,29.799999237060547,30.06999969482422,87338200
2003-06-12,25.799888610839844,30.649999618530273,30.75,30.260000228881836,30.639999389648438,79450500
2003-06-13,25.219072341918945,29.959999084472656,30.729999542236328,29.860000610351562,30.65999984741211,83353600
2003-06-16,25.99349021911621,30.8799991607666,30.899999618530273,30.0,30.170000076293945,71211800
2003-06-17,25.89247703552246,30.760000228881836,31.110000610351562,30.559999465942383,31.020000457763672,67571200
2003-06-18,26.027164459228516,30.920000076293945,31.229999542236328,30.450000762939453,30.65999984741211,80215700
2003-06-19,25.606279373168945,30.420000076293945,31.239999771118164,30.3799991607666,30.979999542236328,79467200
2003-06-20,25.572607040405273,30.3799991607666,30.780000686645508,30.25,30.690000534057617,71512400
2003-06-23,25.17698860168457,29.90999984741211,30.3700008392334,29.559999465942383,30.329999923706055,86509400
2003-06-24,24.983388900756836,29.68000030517578,30.1299991607666,29.530000686645508,29.729999542236328,83004400
2003-06-25,24.848697662353516,29.520000457763672,30.18000030517578,29.469999313354492,29.670000076293945,94255300
2003-06-26,25.437929153442383,30.219999313354492,30.280000686645508,29.610000610351562,29.709999084472656,79187500
2003-06-27,25.109642028808594,29.829999923706055,30.56999969482422,29.770000457763672,30.25,82451900
2003-06-30,25.210649490356445,29.950000762939453,30.34000015258789,29.799999237060547,30.15999984741211,72043000
2003-07-01,25.5473575592041,30.350000381469727,30.3799991607666,29.260000228881836,29.700000762939453,105852500
2003-07-02,26.06925392150879,30.969999313354492,30.989999771118164,30.3799991607666,30.40999984741211,81972500
2003-07-03,25.740957260131836,30.579999923706055,31.100000381469727,30.469999313354492,30.700000762939453,50050400
2003-07-07,26.843669891357422,31.889999389648438,31.899999618530273,30.959999084472656,30.969999313354492,88554600
2003-07-08,27.17193603515625,32.279998779296875,32.310001373291016,31.6200008392334,31.780000686645508,81874500
2003-07-09,27.104610443115234,32.20000076293945,32.4900016784668,31.93000030517578,32.18000030517578,89588400
2003-07-10,26.599552154541016,31.600000381469727,31.989999771118164,31.329999923706055,31.850000381469727,102928700
2003-07-11,26.80157470703125,31.84000015258789,31.989999771118164,31.610000610351562,31.649999618530273,67728100
2003-07-14,27.121448516845703,32.220001220703125,32.75,32.06999969482422,32.34000015258789,84524600
2003-07-15,27.15511131286621,32.2599983215332,32.650001525878906,31.940000534057617,32.529998779296875,75059000
2003-07-16,27.070940017700195,32.15999984741211,32.5,31.729999542236328,32.459999084472656,80138700
2003-07-17,26.246013641357422,31.18000030517578,31.84000015258789,31.040000915527344,31.68000030517578,116260400
2003-07-18,26.33019256591797,31.280000686645508,31.549999237060547,30.920000076293945,31.399999618530273,80519000
2003-07-21,25.99349021911621,30.8799991607666,31.299999237060547,30.610000610351562,31.239999771118164,111325300
2003-07-22,26.380699157714844,31.34000015258789,31.5,30.860000610351562,31.110000610351562,91471500
2003-07-23,26.599552154541016,31.600000381469727,31.639999389648438,30.989999771118164,31.389999389648438,69050400
2003-07-24,26.246013641357422,31.18000030517578,32.02000045776367,31.079999923706055,31.850000381469727,82999700
2003-07-25,26.767894744873047,31.799999237060547,31.84000015258789,30.770000457763672,31.1299991607666,82709600
2003-07-28,26.843669891357422,31.889999389648438,31.989999771118164,31.600000381469727,31.860000610351562,56180800
2003-07-29,26.641639709472656,31.649999618530273,32.02000045776367,31.239999771118164,31.93000030517578,80560100
2003-07-30,26.448040008544922,31.420000076293945,31.739999771118164,31.329999923706055,31.709999084472656,56617300
2003-07-31,26.767894744873047,31.799999237060547,32.33000183105469,31.520000457763672,31.790000915527344,85544100
2003-08-01,26.481700897216797,31.459999084472656,31.790000915527344,31.299999237060547,31.690000534057617,73545400
2003-08-04,26.473291397094727,31.450000762939453,31.799999237060547,30.84000015258789,31.420000076293945,96344600
2003-08-05,25.429513931274414,30.209999084472656,31.479999542236328,30.100000381469727,31.40999984741211,111041800
2003-08-06,25.41267204284668,30.190000534057617,30.770000457763672,30.100000381469727,30.360000610351562,96816000
2003-08-07,25.513687133789062,30.309999465942383,30.510000228881836,30.020000457763672,30.219999313354492,67326600
2003-08-08,25.311660766601562,30.06999969482422,30.549999237060547,29.93000030517578,30.43000030517578,66677100
2003-08-11,25.58944320678711,30.399999618530273,30.600000381469727,30.030000686645508,30.079999923706055,63712200
2003-08-12,25.976661682128906,30.860000610351562,30.899999618530273,30.329999923706055,30.510000228881836,59676100
2003-08-13,25.98506736755371,30.8700008392334,31.06999969482422,30.649999618530273,30.979999542236328,57969700
2003-08-14,26.010316848754883,30.899999618530273,31.190000534057617,30.670000076293945,30.8799991607666,50271500
2003-08-15,26.237600326538086,31.170000076293945,31.290000915527344,30.93000030517578,31.0,28116300
2003-08-18,26.910999298095703,31.969999313354492,32.0099983215332,31.229999542236328,31.309999465942383,67224100
2003-08-19,27.247705459594727,32.369998931884766,32.380001068115234,31.850000381469727,32.11000061035156,68205000
2003-08-20,27.18036460876465,32.290000915527344,32.52000045776367,32.02000045776367,32.099998474121094,58233500
2003-08-21,27.474971771240234,32.63999938964844,32.81999969482422,32.27000045776367,32.59000015258789,77161400
2003-08-22,27.30662727355957,32.439998626708984,33.369998931884766,32.380001068115234,33.2599983215332,92989800
2003-08-25,27.365562438964844,32.5099983215332,32.540000915527344,32.209999084472656,32.36000061035156,43044700
2003-08-26,27.39081382751465,32.540000915527344,32.59000015258789,31.809999465942383,32.279998779296875,79838500
2003-08-27,27.609655380249023,32.79999923706055,32.83000183105469,32.369998931884766,32.4900016784668,47532100
2003-08-28,27.853778839111328,33.09000015258789,33.119998931884766,32.52000045776367,32.939998626708984,55311000
2003-08-29,28.10629653930664,33.38999938964844,33.459999084472656,32.97999954223633,33.040000915527344,53148800
2003-09-02,28.510334014892578,33.869998931884766,33.88999938964844,33.130001068115234,33.4900016784668,80303100
2003-09-03,28.493505477905273,33.849998474121094,34.20000076293945,33.650001525878906,34.099998474121094,85234800
2003-09-04,28.75446128845215,34.15999984741211,34.220001220703125,33.70000076293945,33.83000183105469,63736100
2003-09-05,28.56926918029785,33.939998626708984,34.34000015258789,33.66999816894531,33.970001220703125,91024100
2003-09-08,29.04066276550293,34.5,34.529998779296875,33.95000076293945,34.0,69296000
2003-09-09,28.695524215698242,34.09000015258789,34.38999938964844,33.91999816894531,34.31999969482422,87817500
2003-09-10,28.005281448364258,33.27000045776367,33.88999938964844,33.11000061035156,33.75,111624500
2003-09-11,28.31673812866211,33.63999938964844,33.779998779296875,33.0099983215332,33.279998779296875,96914900
2003-09-12,28.46825408935547,33.81999969482422,33.84000015258789,33.04999923706055,33.34000015258789,104963000
2003-09-15,28.19046974182129,33.4900016784668,33.90999984741211,33.439998626708984,33.84000015258789,54594200
2003-09-16,28.95647621154785,34.400001525878906,34.43000030517578,33.52000045776367,33.52000045776367,87463800
2003-09-17,28.838638305664062,34.2599983215332,34.5,34.029998779296875,34.33000183105469,79794700
2003-09-18,29.27634620666504,34.779998779296875,34.86000061035156,34.0,34.16999816894531,91469900
2003-09-19,29.107988357543945,34.58000183105469,34.86000061035156,34.36000061035156,34.790000915527344,69796000
2003-09-22,28.552433013916016,33.91999816894531,34.20000076293945,33.77000045776367,34.130001068115234,97477500
2003-09-23,29.057485580444336,34.52000045776367,34.560001373291016,33.90999984741211,33.970001220703125,77826500
2003-09-24,27.963211059570312,33.220001220703125,34.52000045776367,33.16999816894531,34.5099983215332,115057400
2003-09-25,27.60124969482422,32.790000915527344,33.7400016784668,32.7599983215332,33.380001068115234,117604800
2003-09-26,27.424476623535156,32.58000183105469,33.16999816894531,32.52000045776367,32.88999938964844,106581000
2003-09-29,27.895854949951172,33.13999938964844,33.16999816894531,32.45000076293945,32.7599983215332,96862800
2003-09-30,27.289793014526367,32.41999816894531,32.959999084472656,32.36000061035156,32.91999816894531,119122500
2003-10-01,27.904273986816406,33.150001525878906,33.22999954223633,32.41999816894531,32.61000061035156,106653600
2003-10-02,27.996870040893555,33.2599983215332,33.43000030517578,32.93000030517578,33.099998474121094,83911100
2003-10-03,28.77969741821289,34.189998626708984,34.470001220703125,33.81999969482422,33.849998474121094,112862800
2003-10-06,28.99013328552246,34.439998626708984,34.45000076293945,34.060001373291016,34.279998779296875,49162900
2003-10-07,29.166915893554688,34.650001525878906,34.650001525878906,34.0099983215332,34.15999984741211,80104600
2003-10-08,28.981718063354492,34.43000030517578,34.84000015258789,34.220001220703125,34.810001373291016,71387400
2003-10-09,29.200593948364258,34.689998626708984,35.27000045776367,34.43000030517578,34.90999984741211,118216100
2003-10-10,29.469947814941406,35.0099983215332,35.029998779296875,34.63999938964844,34.77000045776367,68356200
2003-10-13,29.66356086730957,35.2400016784668,35.369998931884766,34.91999816894531,35.13999938964844,60919800
2003-10-14,29.739320755004883,35.33000183105469,35.43000030517578,34.959999084472656,35.099998474121094,62274900
2003-10-15,29.613046646118164,35.18000030517578,35.849998474121094,35.029998779296875,35.79999923706055,97045200
2003-10-16,29.848718643188477,35.459999084472656,35.529998779296875,35.060001373291016,35.099998474121094,73955000
2003-10-17,29.133251190185547,34.61000061035156,35.4900016784668,34.599998474121094,35.40999984741211,97794400
2003-10-20,29.495201110839844,35.040000915527344,35.08000183105469,34.5,34.650001525878906,75544300
2003-10-21,29.67197036743164,35.25,35.45000076293945,34.939998626708984,35.13999938964844,73455600
2003-10-22,29.099565505981445,34.56999969482422,34.93000030517578,34.439998626708984,34.88999938964844,88141400
2003-10-23,28.762866973876953,34.16999816894531,34.5099983215332,34.04999923706055,34.150001525878906,95409600
2003-10-24,28.788116455078125,34.20000076293945,34.22999954223633,33.4900016784668,33.790000915527344,101778600
2003-10-27,28.79653549194336,34.209999084472656,34.45000076293945,34.040000915527344,34.279998779296875,63604500
2003-10-28,29.764568328857422,35.36000061035156,35.40999984741211,34.369998931884766,34.43000030517578,107375700
2003-10-29,29.730897903442383,35.31999969482422,35.40999984741211,35.06999969482422,35.20000076293945,74075200
2003-10-30,29.789812088012695,35.38999938964844,36.0,35.13999938964844,35.810001373291016,95062600
2003-10-31,29.613046646118164,35.18000030517578,35.4900016784668,35.060001373291016,35.439998626708984,55473200
2003-11-03,30.10127067565918,35.7599983215332,35.97999954223633,35.36000061035156,35.43000030517578,71141200
2003-11-04,29.899234771728516,35.52000045776367,35.869998931884766,35.45000076293945,35.689998626708984,60033900
2003-11-05,30.168596267700195,35.84000015258789,35.88999938964844,35.150001525878906,35.52000045776367,67412700
2003-11-06,30.252792358398438,35.939998626708984,35.970001220703125,35.34000015258789,35.790000915527344,90567400
2003-11-07,29.991849899291992,35.630001068115234,36.18000030517578,35.599998474121094,36.08000183105469,63505200
2003-11-10,29.621461868286133,35.189998626708984,35.7400016784668,35.09000015258789,35.70000076293945,68896400
2003-11-11,29.51203727722168,35.060001373291016,35.29999923706055,34.849998474121094,35.150001525878906,75607100
2003-11-12,30.143352508544922,35.810001373291016,35.959999084472656,35.13999938964844,35.16999816894531,80364600
2003-11-13,30.109683990478516,35.77000045776367,35.900001525878906,35.54999923706055,35.709999084472656,64243000
2003-11-14,29.495201110839844,35.040000915527344,36.02000045776367,34.95000076293945,35.810001373291016,90932200
2003-11-17,29.19217300415039,34.68000030517578,34.90999984741211,34.2599983215332,34.84000015258789,108063100
2003-11-18,28.518766403198242,33.880001068115234,34.970001220703125,33.81999969482422,34.869998931884766,108588500
2003-11-19,28.79653549194336,34.209999084472656,34.400001525878906,33.880001068115234,34.0099983215332,86320300
2003-11-20,28.518766403198242,33.880001068115234,34.68000030517578,33.810001373291016,33.91999816894531,117324500
2003-11-21,28.81336212158203,34.22999954223633,34.2599983215332,33.72999954223633,34.08000183105469,81787500
2003-11-24,29.613046646118164,35.18000030517578,35.25,34.470001220703125,34.52000045776367,92057500
2003-11-25,29.613046646118164,35.18000030517578,35.45000076293945,35.09000015258789,35.290000915527344,72519800
2003-11-26,29.747722625732422,35.34000015258789,35.52000045776367,34.810001373291016,35.400001525878906,72842900
2003-11-28,29.781404495239258,35.380001068115234,35.5,35.209999084472656,35.2599983215332,24802600
2003-12-01,30.219114303588867,35.900001525878906,36.0099983215332,35.470001220703125,35.709999084472656,82767300
2003-12-02,30.05075454711914,35.70000076293945,36.04999923706055,35.58000183105469,35.81999969482422,62504500
2003-12-03,29.67197036743164,35.25,36.119998931884766,35.25,35.84000015258789,107568500
2003-12-04,29.991849899291992,35.630001068115234,35.709999084472656,35.08000183105469,35.380001068115234,102334800
2003-12-05,29.495201110839844,35.040000915527344,35.5,34.959999084472656,35.27000045776367,87490200
2003-12-08,29.66356086730957,35.2400016784668,35.33000183105469,34.779998779296875,35.02000045776367,86961200
2003-12-09,28.981718063354492,34.43000030517578,35.459999084472656,34.349998474121094,35.439998626708984,109949500
2003-12-10,29.091161727905273,34.560001373291016,34.70000076293945,34.130001068115234,34.5,103504200
2003-12-11,29.71405601501465,35.29999923706055,35.38999938964844,34.4900016784668,34.5,108374700
2003-12-12,29.66356086730957,35.2400016784668,35.34000015258789,34.900001525878906,35.310001373291016,72189400
2003-12-15,29.27634620666504,34.779998779296875,35.9900016784668,34.650001525878906,35.93000030517578,106091400
2003-12-16,29.33527183532715,34.849998474121094,35.02000045776367,34.41999816894531,34.790000915527344,89854700
2003-12-17,29.38576316833496,34.90999984741211,35.0,34.56999969482422,34.810001373291016,68539900
2003-12-18,29.93292236328125,35.560001373291016,35.63999938964844,34.95000076293945,34.95000076293945,89978100
2003-12-19,29.848718643188477,35.459999084472656,35.650001525878906,35.20000076293945,35.61000061035156,89762300
2003-12-22,29.94133186340332,35.56999969482422,35.68000030517578,35.290000915527344,35.349998474121094,63580000
2003-12-23,30.168596267700195,35.84000015258789,36.02000045776367,35.529998779296875,35.599998474121094,66999800
2003-12-24,30.23092269897461,35.900001525878906,36.02000045776367,35.79999923706055,35.84000015258789,44840300
2003-12-26,30.18880844116211,35.849998474121094,36.09000015258789,35.81999969482422,35.959999084472656,25497600
2003-12-29,30.6856632232666,36.439998626708984,36.529998779296875,36.02000045776367,36.029998779296875,63296200
2003-12-30,30.786710739135742,36.560001373291016,36.58000183105469,36.29999923706055,36.529998779296875,48249400
2003-12-31,30.702482223510742,36.459999084472656,36.63999938964844,36.25,36.619998931884766,60494600
2004-01-02,30.618268966674805,36.36000061035156,36.790000915527344,36.220001220703125,36.65999984741211,55234100
2004-01-05,31.232999801635742,37.09000015258789,37.15999984741211,36.560001373291016,36.58000183105469,69717900
2004-01-06,31.44351577758789,37.34000015258789,37.41999816894531,36.95000076293945,37.08000183105469,60033000
2004-01-07,31.729825973510742,37.68000030517578,37.68000030517578,37.06999969482422,37.279998779296875,71830000
2004-01-08,31.982471466064453,37.97999954223633,38.0,37.599998474121094,37.849998474121094,76800900
2004-01-09,31.771944046020508,37.72999954223633,38.349998474121094,37.59000015258789,37.709999084472656,94296500
2004-01-12,32.27719497680664,38.33000183105469,38.349998474121094,37.68000030517578,37.849998474121094,77668400
2004-01-13,31.95720672607422,37.95000076293945,38.36000061035156,37.599998474121094,38.27000045776367,92973900
2004-01-14,32.066654205322266,38.08000183105469,38.25,37.75,38.08000183105469,68122400
2004-01-15,32.1508674621582,38.18000030517578,38.459999084472656,37.630001068115234,37.93000030517578,104427700
2004-01-16,32.47929763793945,38.56999969482422,38.630001068115234,38.16999816894531,38.380001068115234,77324100
2004-01-20,32.454036712646484,38.540000915527344,39.0,38.310001373291016,38.72999954223633,81998100
2004-01-21,32.319278717041016,38.380001068115234,38.65999984741211,38.0,38.38999938964844,112180300
2004-01-22,32.125606536865234,38.150001525878906,38.689998626708984,38.060001373291016,38.54999923706055,90061900
2004-01-23,32.007720947265625,38.0099983215332,38.459999084472656,37.779998779296875,38.209999084472656,88751300
2004-01-26,32.49613571166992,38.59000015258789,38.650001525878906,37.84000015258789,37.97999954223633,84538000
2004-01-27,31.780372619628906,37.7400016784668,38.630001068115234,37.689998626708984,38.5099983215332,97191600
2004-01-28,31.241413116455078,37.099998474121094,38.060001373291016,37.0,37.939998626708984,127959700
2004-01-29,31.359323501586914,37.2400016784668,37.310001373291016,36.65999984741211,37.2400016784668,143925900
2004-01-30,31.216148376464844,37.06999969482422,37.439998626708984,36.970001220703125,37.20000076293945,84264700
2004-02-02,31.131948471069336,36.970001220703125,37.47999954223633,36.81999969482422,37.20000076293945,94507900
2004-02-03,31.0982723236084,36.93000030517578,37.2400016784668,36.84000015258789,36.90999984741211,73488700
2004-02-04,30.593027114868164,36.33000183105469,36.86000061035156,36.33000183105469,36.619998931884766,109933000
2004-02-05,30.710908889770508,36.470001220703125,36.709999084472656,36.33000183105469,36.5099983215332,96784500
2004-02-06,31.266691207885742,37.130001068115234,37.279998779296875,36.529998779296875,36.599998474121094,107174100
2004-02-09,31.258277893066406,37.119998931884766,37.380001068115234,37.04999923706055,37.34000015258789,58817700
2004-02-10,31.30879783630371,37.18000030517578,37.40999984741211,37.029998779296875,37.060001373291016,65042700
2004-02-11,31.64562225341797,37.58000183105469,37.66999816894531,37.06999969482422,37.2400016784668,92503000
2004-02-12,31.367759704589844,37.25,37.70000076293945,37.2400016784668,37.52000045776367,70556400
2004-02-13,31.1066951751709,36.939998626708984,37.970001220703125,36.7599983215332,37.38999938964844,90570400
2004-02-17,31.52771759033203,37.439998626708984,37.619998931884766,37.220001220703125,37.279998779296875,69678600
2004-02-18,31.620372772216797,37.54999923706055,37.66999816894531,37.31999969482422,37.5099983215332,70972100
2004-02-19,31.1403751373291,36.97999954223633,37.900001525878906,36.81999969482422,37.869998931884766,100843800
2004-02-20,31.039323806762695,36.86000061035156,37.13999938964844,36.54999923706055,37.0,132347600
2004-02-23,30.69407081604004,36.45000076293945,37.029998779296875,36.11000061035156,37.0,125199800
2004-02-24,30.618268966674805,36.36000061035156,36.650001525878906,36.099998474121094,36.29999923706055,124521900
2004-02-25,30.80354118347168,36.58000183105469,36.66999816894531,36.33000183105469,36.43000030517578,74457100
2004-02-26,30.879337310791016,36.66999816894531,36.84000015258789,36.310001373291016,36.470001220703125,71327600
2004-02-27,30.795129776000977,36.56999969482422,36.939998626708984,36.27000045776367,36.7599983215332,99383900
2004-03-01,31.199317932128906,37.04999923706055,37.06999969482422,36.470001220703125,36.68000030517578,79700700
2004-03-02,30.83721351623535,36.619998931884766,37.18000030517578,36.61000061035156,36.97999954223633,91536000
2004-03-03,30.66879653930664,36.41999816894531,36.630001068115234,36.209999084472656,36.5099983215332,83938300
2004-03-04,30.955114364624023,36.7599983215332,36.83000183105469,36.38999938964844,36.439998626708984,65905600
2004-03-05,30.845651626586914,36.630001068115234,37.150001525878906,36.36000061035156,36.41999816894531,118107100
2004-03-08,30.121448516845703,35.77000045776367,36.81999969482422,35.72999954223633,36.689998626708984,112599500
2004-03-09,30.028823852539062,35.65999984741211,35.97999954223633,35.52000045776367,35.810001373291016,126140400
2004-03-10,29.633039474487305,35.189998626708984,36.0,35.130001068115234,35.75,134226100
2004-03-11,29.36357307434082,34.869998931884766,35.529998779296875,34.79999923706055,35.06999969482422,152132000
2004-03-12,29.902498245239258,35.5099983215332,35.59000015258789,35.150001525878906,35.18000030517578,118369600
2004-03-15,29.380413055419922,34.88999938964844,35.400001525878906,34.810001373291016,35.36000061035156,115813600
2004-03-16,29.430938720703125,34.95000076293945,35.25,34.630001068115234,35.11000061035156,123265100
2004-03-17,29.894094467163086,35.5,35.619998931884766,35.18000030517578,35.209999084472656,91684700
2004-03-18,29.759349822998047,35.34000015258789,35.459999084472656,34.970001220703125,35.369998931884766,111249700
2004-03-19,29.262510299682617,34.75,35.459999084472656,34.720001220703125,35.279998779296875,99976700
2004-03-22,28.892005920410156,34.310001373291016,34.54999923706055,34.029998779296875,34.529998779296875,133870400
2004-03-23,28.656213760375977,34.029998779296875,34.650001525878906,34.0099983215332,34.59000015258789,125945800
2004-03-24,28.98463249206543,34.41999816894531,34.630001068115234,34.0099983215332,34.150001525878906,118876800
2004-03-25,29.759349822998047,35.34000015258789,35.459999084472656,34.619998931884766,34.650001525878906,142122000
2004-03-26,29.65831184387207,35.220001220703125,35.58000183105469,35.20000076293945,35.29999923706055,78430800
2004-03-29,30.138290405273438,35.790000915527344,35.959999084472656,35.4900016784668,35.5099983215332,103864000
2004-03-30,30.23933982849121,35.90999984741211,35.939998626708984,35.52000045776367,35.66999816894531,95716500
2004-03-31,30.18038558959961,35.84000015258789,36.0,35.61000061035156,35.91999816894531,85993900
2004-04-01,30.449851989746094,36.15999984741211,36.25,35.779998779296875,35.810001373291016,93048600
2004-04-02,31.241413116455078,37.099998474121094,37.15999984741211,36.52000045776367,36.88999938964844,145964000
2004-04-05,31.53615951538086,37.45000076293945,37.5,36.970001220703125,37.0099983215332,67351600
2004-04-06,31.1403751373291,36.97999954223633,37.25,36.91999816894531,37.15999984741211,98611400
2004-04-07,31.1066951751709,36.939998626708984,37.11000061035156,36.65999984741211,36.9900016784668,91004900
2004-04-08,31.1066951751709,36.939998626708984,37.38999938964844,36.7400016784668,37.349998474121094,77176300
2004-04-12,31.300365447998047,37.16999816894531,37.2400016784668,36.97999954223633,37.02000045776367,55285700
2004-04-13,30.845651626586914,36.630001068115234,37.36000061035156,36.459999084472656,37.34000015258789,100624400
2004-04-14,30.997220993041992,36.810001373291016,36.95000076293945,36.36000061035156,36.40999984741211,113663200
2004-04-15,30.441444396972656,36.150001525878906,36.86000061035156,36.02000045776367,36.75,123565500
2004-04-16,30.390914916992188,36.09000015258789,36.31999969482422,35.790000915527344,36.20000076293945,110736600
2004-04-19,30.761444091796875,36.529998779296875,36.59000015258789,35.97999954223633,36.0099983215332,85838700
2004-04-20,30.045654296875,35.68000030517578,36.790000915527344,35.63999938964844,36.61000061035156,119545100
2004-04-21,30.30670166015625,35.9900016784668,36.11000061035156,35.650001525878906,35.900001525878906,117850500
2004-04-22,31.08985137939453,36.91999816894531,37.0099983215332,35.97999954223633,36.0,137623300
2004-04-23,31.334047317504883,37.209999084472656,37.2599983215332,36.900001525878906,37.08000183105469,91855600
2004-04-26,31.1066951751709,36.939998626708984,37.290000915527344,36.650001525878906,37.18000030517578,74392200
2004-04-27,31.04775047302246,36.869998931884766,37.189998626708984,36.689998626708984,36.95000076293945,87548500
2004-04-28,30.483556747436523,36.20000076293945,36.720001220703125,36.02000045776367,36.709999084472656,111740700
2004-04-29,30.011987686157227,35.63999938964844,36.34000015258789,35.29999923706055,36.09000015258789,156917100
2004-04-30,29.279373168945312,34.77000045776367,35.79999923706055,34.720001220703125,35.65999984741211,150829200
2004-05-03,29.557254791259766,35.099998474121094,35.52000045776367,34.88999938964844,35.0,117007200
2004-05-04,29.683565139770508,35.25,35.75,35.029998779296875,35.209999084472656,126176000
2004-05-05,29.919355392456055,35.529998779296875,35.70000076293945,35.20000076293945,35.41999816894531,97528500
2004-05-06,29.691978454589844,35.2599983215332,35.439998626708984,34.849998474121094,35.22999954223633,102733300
2004-05-07,29.447782516479492,34.970001220703125,35.63999938964844,34.90999984741211,35.09000015258789,137686000
2004-05-10,29.195161819458008,34.66999816894531,34.900001525878906,34.41999816894531,34.66999816894531,156951400
2004-05-11,29.633039474487305,35.189998626708984,35.380001068115234,34.91999816894531,34.970001220703125,120493600
2004-05-12,29.691978454589844,35.2599983215332,35.290000915527344,34.27000045776367,35.119998931884766,197765400
2004-05-13,29.48146629333496,35.0099983215332,35.45000076293945,34.91999816894531,35.060001373291016,137841700
2004-05-14,29.262510299682617,34.75,35.310001373291016,34.63999938964844,35.20000076293945,133689900
2004-05-17,28.98463249206543,34.41999816894531,34.65999984741211,34.11000061035156,34.380001068115234,150652400
2004-05-18,29.245670318603516,34.72999954223633,34.900001525878906,34.599998474121094,34.65999984741211,96686400
2004-05-19,29.212003707885742,34.689998626708984,35.5099983215332,34.630001068115234,35.15999984741211,141646900
2004-05-20,29.346736907958984,34.849998474121094,35.02000045776367,34.560001373291016,34.779998779296875,94938500
2004-05-21,29.48988914489746,35.02000045776367,35.16999816894531,34.7400016784668,35.0099983215332,111329200
2004-05-24,29.691978454589844,35.2599983215332,35.459999084472656,35.0,35.29999923706055,99861800
2004-05-25,30.28143882751465,35.959999084472656,36.08000183105469,34.95000076293945,35.150001525878906,146321400
2004-05-26,30.475116729736328,36.189998626708984,36.189998626708984,35.810001373291016,35.86000061035156,93789700
2004-05-27,30.66879653930664,36.41999816894531,36.5,36.060001373291016,36.290000915527344,110183400
2004-05-28,30.77828025817871,36.54999923706055,36.54999923706055,36.209999084472656,36.380001068115234,56379500
2004-06-01,30.736164093017578,36.5,36.54999923706055,36.11000061035156,36.27000045776367,90592700
2004-06-02,30.66879653930664,36.41999816894531,36.65999984741211,36.16999816894531,36.560001373291016,103519800
2004-06-03,30.298288345336914,35.97999954223633,36.36000061035156,35.81999969482422,36.29999923706055,97301400
2004-06-04,30.475116729736328,36.189998626708984,36.619998931884766,36.16999816894531,36.34000015258789,91233200
2004-06-07,31.199317932128906,37.04999923706055,37.099998474121094,36.34000015258789,36.439998626708984,107532600
2004-06-08,31.241413116455078,37.099998474121094,37.189998626708984,36.849998474121094,36.900001525878906,72530900
2004-06-09,30.80354118347168,36.58000183105469,37.04999923706055,36.5,36.97999954223633,98215200
2004-06-10,31.022485733032227,36.84000015258789,36.84000015258789,36.54999923706055,36.689998626708984,57101300
2004-06-14,30.584598541259766,36.31999969482422,36.61000061035156,36.099998474121094,36.61000061035156,85129900
2004-06-15,30.980365753173828,36.790000915527344,36.9900016784668,36.560001373291016,36.560001373291016,91937700
2004-06-16,30.929845809936523,36.72999954223633,36.900001525878906,36.650001525878906,36.77000045776367,64743300
2004-06-17,30.64352798461914,36.38999938964844,36.65999984741211,36.25,36.650001525878906,77844200
2004-06-18,30.6856632232666,36.439998626708984,36.84000015258789,36.2599983215332,36.29999923706055,78641500
2004-06-21,30.441444396972656,36.150001525878906,36.630001068115234,36.060001373291016,36.52000045776367,65373100
2004-06-22,30.887758255004883,36.68000030517578,36.70000076293945,36.02000045776367,36.15999984741211,101524300
2004-06-23,31.258277893066406,37.119998931884766,37.189998626708984,36.5099983215332,36.56999969482422,94393900
2004-06-24,31.199317932128906,37.04999923706055,37.349998474121094,36.91999816894531,37.02000045776367,92343200
2004-06-25,31.435104370117188,37.33000183105469,37.38999938964844,36.97999954223633,37.0,81005400
2004-06-28,31.174057006835938,37.02000045776367,37.52000045776367,36.900001525878906,37.4900016784668,94033200
2004-06-29,31.468780517578125,37.369998931884766,37.59000015258789,37.08000183105469,37.099998474121094,68265900
2004-06-30,31.780372619628906,37.7400016784668,37.900001525878906,37.349998474121094,37.45000076293945,97809500
2004-07-01,31.190893173217773,37.040000915527344,37.65999984741211,36.77000045776367,37.65999984741211,122141800
2004-07-02,31.005617141723633,36.81999969482422,37.04999923706055,36.630001068115234,37.040000915527344,74056400
2004-07-06,30.340404510498047,36.029998779296875,36.599998474121094,35.83000183105469,36.599998474121094,130232600
2004-07-07,30.399333953857422,36.099998474121094,36.290000915527344,35.91999816894531,35.959999084472656,95623100
2004-07-08,30.0625,35.70000076293945,36.130001068115234,35.54999923706055,35.810001373291016,108755400
2004-07-09,30.10459327697754,35.75,36.040000915527344,35.630001068115234,35.84000015258789,86014700
2004-07-12,29.978290557861328,35.599998474121094,35.689998626708984,35.2400016784668,35.56999969482422,81844500
2004-07-13,29.936195373535156,35.54999923706055,35.810001373291016,35.40999984741211,35.68000030517578,81222000
2004-07-14,29.633039474487305,35.189998626708984,35.650001525878906,35.04999923706055,35.20000076293945,119489200
2004-07-15,29.531982421875,35.06999969482422,35.4900016784668,35.060001373291016,35.31999969482422,90405700
2004-07-16,29.195161819458008,34.66999816894531,35.45000076293945,34.619998931884766,35.43000030517578,120387100
2004-07-19,29.13622283935547,34.599998474121094,34.970001220703125,34.470001220703125,34.779998779296875,106387900
2004-07-20,29.83513832092285,35.43000030517578,35.59000015258789,34.709999084472656,34.7400016784668,117453700
2004-07-21,28.967790603637695,34.400001525878906,35.650001525878906,34.34000015258789,35.56999969482422,136086800
2004-07-22,29.36357307434082,34.869998931884766,35.11000061035156,34.25,34.47999954223633,132135800
2004-07-23,28.807788848876953,34.209999084472656,34.65999984741211,34.029998779296875,34.619998931884766,107107100
2004-07-26,28.681493759155273,34.060001373291016,34.40999984741211,33.70000076293945,34.2400016784668,112962200
2004-07-27,29.077272415161133,34.529998779296875,34.709999084472656,34.040000915527344,34.189998626708984,103474700
2004-07-28,28.95094871520996,34.380001068115234,34.630001068115234,33.810001373291016,34.40999984741211,154299800
2004-07-29,29.28778648376465,34.779998779296875,34.91999816894531,34.5,34.709999084472656,98959800
2004-07-30,29.380413055419922,34.88999938964844,35.099998474121094,34.650001525878906,34.7599983215332,83007800
2004-08-02,29.439361572265625,34.959999084472656,35.02000045776367,34.459999084472656,34.61000061035156,81249000
2004-08-03,28.824621200561523,34.22999954223633,34.93000030517578,34.189998626708984,34.84000015258789,85746500
2004-08-04,28.833040237426758,34.2400016784668,34.459999084472656,34.0099983215332,34.150001525878906,86721000
2004-08-05,28.294113159179688,33.599998474121094,34.400001525878906,33.599998474121094,34.349998474121094,109722900
2004-08-06,27.553075790405273,32.720001220703125,33.40999984741211,32.65999984741211,33.400001525878906,148808600
2004-08-09,27.620445251464844,32.79999923706055,32.959999084472656,32.650001525878906,32.810001373291016,79281900
2004-08-10,27.96570587158203,33.209999084472656,33.47999954223633,32.91999816894531,32.959999084472656,105819800
2004-08-11,27.72150230407715,32.91999816894531,33.040000915527344,32.54999923706055,32.849998474121094,121217700
2004-08-12,27.34256362915039,32.470001220703125,32.86000061035156,32.369998931884766,32.689998626708984,113691800
2004-08-13,27.384672164916992,32.52000045776367,32.7400016784668,32.349998474121094,32.650001525878906,91416100
2004-08-16,27.696237564086914,32.88999938964844,33.189998626708984,32.59000015258789,32.61000061035156,77851300
2004-08-17,28.007808685302734,33.2599983215332,33.439998626708984,32.9900016784668,33.119998931884766,89573100
2004-08-18,28.504640579223633,33.849998474121094,33.90999984741211,33.0099983215332,33.060001373291016,106608500
2004-08-19,28.353063583374023,33.66999816894531,33.849998474121094,33.40999984741211,33.72999954223633,104690200
2004-08-20,28.639371871948242,34.0099983215332,34.13999938964844,33.5099983215332,33.56999969482422,91962400
2004-08-23,28.706737518310547,34.09000015258789,34.27000045776367,33.90999984741211,34.04999923706055,83390800
2004-08-24,28.69832420349121,34.08000183105469,34.310001373291016,33.810001373291016,34.25,86610500
2004-08-25,29.094099044799805,34.54999923706055,34.599998474121094,33.900001525878906,34.06999969482422,88394600
2004-08-26,28.967790603637695,34.400001525878906,34.54999923706055,34.310001373291016,34.459999084472656,57663400
2004-08-27,29.102527618408203,34.560001373291016,34.68000030517578,34.439998626708984,34.470001220703125,58597200
2004-08-30,28.614124298095703,33.97999954223633,34.43000030517578,33.939998626708984,34.40999984741211,62355700
2004-08-31,28.647798538208008,34.02000045776367,34.119998931884766,33.650001525878906,34.02000045776367,81262000
2004-09-01,28.85831642150879,34.27000045776367,34.470001220703125,33.79999923706055,33.93000030517578,96630600
2004-09-02,29.28778648376465,34.779998779296875,34.880001068115234,34.15999984741211,34.18000030517578,83054000
2004-09-03,28.74884796142578,34.13999938964844,34.66999816894531,34.04999923706055,34.439998626708984,90213700
2004-09-07,28.993045806884766,34.43000030517578,34.61000061035156,34.119998931884766,34.400001525878906,95556500
2004-09-08,28.88357925415039,34.29999923706055,34.68000030517578,34.18000030517578,34.310001373291016,101466100
2004-09-09,29.127803802490234,34.59000015258789,34.75,34.13999938964844,34.45000076293945,104397500
2004-09-10,29.574081420898438,35.119998931884766,35.189998626708984,34.470001220703125,34.61000061035156,108591600
2004-09-13,29.961444854736328,35.58000183105469,35.720001220703125,35.13999938964844,35.25,109350500
2004-09-14,30.003572463989258,35.630001068115234,35.720001220703125,35.36000061035156,35.45000076293945,76466300
2004-09-15,29.683565139770508,35.25,35.45000076293945,35.119998931884766,35.41999816894531,90128700
2004-09-16,29.742517471313477,35.31999969482422,35.56999969482422,35.130001068115234,35.2599983215332,67121000
2004-09-17,29.83513832092285,35.43000030517578,35.52000045776367,35.15999984741211,35.22999954223633,83903400
2004-09-20,29.83513832092285,35.43000030517578,35.77000045776367,35.18000030517578,35.290000915527344,110678100
2004-09-21,29.953035354614258,35.56999969482422,35.849998474121094,35.41999816894531,35.540000915527344,93688400
2004-09-22,29.430938720703125,34.95000076293945,35.459999084472656,34.869998931884766,35.439998626708984,101393400
2004-09-23,29.405670166015625,34.91999816894531,35.150001525878906,34.880001068115234,34.97999954223633,92503200
2004-09-24,29.30461883544922,34.79999923706055,35.189998626708984,34.75,34.9900016784668,103247400
2004-09-27,29.052011489868164,34.5,34.7400016784668,34.380001068115234,34.619998931884766,86017600
2004-09-28,29.110939025878906,34.56999969482422,34.689998626708984,34.22999954223633,34.54999923706055,87070300
2004-09-29,29.54041862487793,35.08000183105469,35.119998931884766,34.529998779296875,34.540000915527344,95096200
2004-09-30,29.590927124023438,35.13999938964844,35.27000045776367,34.88999938964844,35.02000045776367,74514600
2004-10-01,30.399333953857422,36.099998474121094,36.150001525878906,35.36000061035156,35.45000076293945,118252700
2004-10-04,30.576168060302734,36.310001373291016,36.619998931884766,36.25,36.36000061035156,108032600
2004-10-05,30.618268966674805,36.36000061035156,36.4900016784668,36.15999984741211,36.22999954223633,89754400
2004-10-06,30.862491607666016,36.650001525878906,36.689998626708984,36.11000061035156,36.310001373291016,87815500
2004-10-07,30.517227172851562,36.2400016784668,36.66999816894531,36.16999816894531,36.540000915527344,82374300
2004-10-08,29.961444854736328,35.58000183105469,36.2400016784668,35.5,36.08000183105469,115073000
2004-10-11,30.10459327697754,35.75,35.86000061035156,35.599998474121094,35.720001220703125,51181600
2004-10-12,30.0540771484375,35.689998626708984,35.84000015258789,35.20000076293945,35.43000030517578,97884100
2004-10-13,29.98671531677246,35.61000061035156,36.13999938964844,35.43000030517578,36.04999923706055,132442500
2004-10-14,29.851987838745117,35.45000076293945,35.779998779296875,35.33000183105469,35.689998626708984,99383700
2004-10-15,30.003572463989258,35.630001068115234,35.86000061035156,35.279998779296875,35.4900016784668,129183400
2004-10-18,30.433012008666992,36.13999938964844,36.25,35.400001525878906,35.5099983215332,108933400
2004-10-19,30.21407699584961,35.880001068115234,36.56999969482422,35.790000915527344,36.380001068115234,129973500
2004-10-20,30.357240676879883,36.04999923706055,36.22999954223633,35.650001525878906,35.83000183105469,106524200
2004-10-21,30.820384979248047,36.599998474121094,36.790000915527344,36.099998474121094,36.2400016784668,122627600
2004-10-22,30.146699905395508,35.79999923706055,36.68000030517578,35.7400016784668,36.61000061035156,114321100
2004-10-25,30.003572463989258,35.630001068115234,35.810001373291016,35.4900016784668,35.72999954223633,102863000
2004-10-26,30.16355323791504,35.81999969482422,35.84000015258789,35.40999984741211,35.650001525878906,98164500
2004-10-27,30.929845809936523,36.72999954223633,36.88999938964844,35.709999084472656,35.84000015258789,152423400
2004-10-28,31.123523712158203,36.959999084472656,37.119998931884766,36.56999969482422,36.68000030517578,111113900
2004-10-29,31.073017120361328,36.900001525878906,37.2400016784668,36.66999816894531,36.90999984741211,100779200
2004-11-01,31.190893173217773,37.040000915527344,37.18000030517578,36.79999923706055,36.97999954223633,72356000
2004-11-02,31.291961669921875,37.15999984741211,37.54999923706055,37.02000045776367,37.09000015258789,108930700
2004-11-03,31.50245475769043,37.40999984741211,37.900001525878906,37.150001525878906,37.7599983215332,140980100
2004-11-04,31.67932891845703,37.619998931884766,37.779998779296875,37.11000061035156,37.2599983215332,112513700
2004-11-05,31.965635299682617,37.959999084472656,38.15999984741211,37.61000061035156,38.02000045776367,117017900
2004-11-08,31.999311447143555,38.0,38.099998474121094,37.849998474121094,37.95000076293945,66486000
2004-11-09,31.93193244934082,37.91999816894531,38.150001525878906,37.810001373291016,37.93000030517578,85038700
2004-11-10,31.82246971130371,37.790000915527344,38.060001373291016,37.650001525878906,37.93000030517578,95122300
2004-11-11,32.2435188293457,38.290000915527344,38.380001068115234,37.86000061035156,37.90999984741211,99338800
2004-11-12,32.55509567260742,38.65999984741211,38.7599983215332,38.16999816894531,38.34000015258789,102418100
2004-11-15,32.698246002197266,38.83000183105469,38.86000061035156,38.5,38.63999938964844,82696000
2004-11-16,32.49613571166992,38.59000015258789,38.68000030517578,38.31999969482422,38.65999984741211,97197500
2004-11-17,32.934017181396484,39.11000061035156,39.31999969482422,38.83000183105469,38.83000183105469,125242500
2004-11-18,33.08559799194336,39.290000915527344,39.36000061035156,38.88999938964844,38.97999954223633,94901100
2004-11-19,32.57190704345703,38.68000030517578,39.290000915527344,38.59000015258789,39.2400016784668,118448900
2004-11-22,32.88349533081055,39.04999923706055,39.06999969482422,38.47999954223633,38.61000061035156,79882600
2004-11-23,32.83295822143555,38.9900016784668,39.150001525878906,38.61000061035156,39.0099983215332,91925300
2004-11-24,33.11928176879883,39.33000183105469,39.38999938964844,39.06999969482422,39.09000015258789,74051700
2004-11-26,33.01823425292969,39.209999084472656,39.47999954223633,39.16999816894531,39.369998931884766,31248900
2004-11-29,33.00979995727539,39.20000076293945,39.63999938964844,38.970001220703125,39.459999084472656,94765400
2004-11-30,32.94244384765625,39.119998931884766,39.38999938964844,39.060001373291016,39.29999923706055,87663100
2004-12-01,33.616111755371094,39.91999816894531,39.959999084472656,39.27000045776367,39.27000045776367,102375000
2004-12-02,33.74241638183594,40.06999969482422,40.38999938964844,39.7599983215332,39.81999969482422,122005600
2004-12-03,33.79295349121094,40.130001068115234,40.59000015258789,40.08000183105469,40.349998474121094,114227700
2004-12-06,33.91083526611328,40.27000045776367,40.43000030517578,39.90999984741211,40.119998931884766,70415100
2004-12-07,33.32979965209961,39.58000183105469,40.5,39.529998779296875,40.349998474121094,121439800
2004-12-08,33.52349090576172,39.810001373291016,39.97999954223633,39.5,39.599998474121094,10121300
2004-12-09,33.7255973815918,40.04999923706055,40.189998626708984,39.2400016784668,39.4900016784668,134346000
2004-12-10,33.6245231628418,39.93000030517578,40.06999969482422,39.7400016784668,39.84000015258789,86177300
2004-12-13,33.91926574707031,40.279998779296875,40.34000015258789,39.97999954223633,40.22999954223633,74296400
2004-12-14,34.087669372558594,40.47999954223633,40.59000015258789,40.25,40.279998779296875,91985000
2004-12-15,33.96136474609375,40.33000183105469,40.68000030517578,40.150001525878906,40.4900016784668,95179300
2004-12-16,33.64138412475586,39.95000076293945,40.45000076293945,39.81999969482422,40.34000015258789,86101300
2004-12-17,33.555503845214844,39.470001220703125,39.810001373291016,39.43000030517578,39.63999938964844,97947000
2004-12-20,33.325984954833984,39.20000076293945,39.77000045776367,39.09000015258789,39.56999969482422,106397600
2004-12-21,33.734031677246094,39.68000030517578,39.709999084472656,39.279998779296875,39.38999938964844,83184700
2004-12-22,33.776527404785156,39.72999954223633,39.93000030517578,39.4900016784668,39.540000915527344,75298000
2004-12-23,33.802059173583984,39.7599983215332,39.90999984741211,39.540000915527344,39.61000061035156,45782000
2004-12-27,33.657535552978516,39.59000015258789,40.02000045776367,39.400001525878906,39.97999954223633,67157700
2004-12-28,33.9805793762207,39.970001220703125,40.0,39.61000061035156,39.66999816894531,62563100
2004-12-29,34.023094177246094,40.02000045776367,40.15999984741211,39.900001525878906,39.91999816894531,46594800
2004-12-30,33.99758529663086,39.9900016784668,40.119998931884766,39.93000030517578,40.06999969482422,41717600
2004-12-31,33.938072204589844,39.91999816894531,40.119998931884766,39.779998779296875,40.029998779296875,44112300
2005-01-03,33.58100509643555,39.5,40.290000915527344,39.369998931884766,40.09000015258789,100970900
2005-01-04,32.96889114379883,38.779998779296875,39.7400016784668,38.54999923706055,39.66999816894531,136623200
2005-01-05,32.764862060546875,38.540000915527344,38.959999084472656,38.470001220703125,38.68000030517578,127925500
2005-01-06,32.60332489013672,38.349998474121094,38.709999084472656,38.34000015258789,38.630001068115234,102934600
2005-01-07,32.77336120605469,38.54999923706055,38.869998931884766,38.209999084472656,38.560001373291016,123104000
2005-01-10,32.75636672973633,38.529998779296875,38.869998931884766,38.38999938964844,38.439998626708984,88764200
2005-01-11,32.52682113647461,38.2599983215332,38.5,38.06999969482422,38.369998931884766,106398800
2005-01-12,32.79887771606445,38.58000183105469,38.599998474121094,38.0099983215332,38.43000030517578,127754900
2005-01-13,32.365299224853516,38.06999969482422,38.849998474121094,38.0099983215332,38.58000183105469,101982400
2005-01-14,32.671356201171875,38.43000030517578,38.52000045776367,38.189998626708984,38.20000076293945,93460900
2005-01-18,32.917884826660156,38.720001220703125,38.790000915527344,38.220001220703125,38.279998779296875,91760400
2005-01-19,32.3737907409668,38.08000183105469,38.75,38.060001373291016,38.72999954223633,104981000
2005-01-20,31.753171920776367,37.349998474121094,37.810001373291016,37.31999969482422,37.650001525878906,120963900
2005-01-21,31.498153686523438,37.04999923706055,37.54999923706055,36.9900016784668,37.47999954223633,138569200
2005-01-24,31.056066513061523,36.529998779296875,37.20000076293945,36.459999084472656,37.119998931884766,137499000
2005-01-25,31.209081649780273,36.709999084472656,37.09000015258789,36.65999984741211,36.77000045776367,119171300
2005-01-26,31.583166122436523,37.150001525878906,37.290000915527344,36.81999969482422,36.959999084472656,107465800
2005-01-27,31.540647506713867,37.099998474121094,37.27000045776367,36.869998931884766,37.09000015258789,103654700
2005-01-28,31.387622833251953,36.91999816894531,37.27000045776367,36.619998931884766,37.220001220703125,111648600
2005-01-31,31.795700073242188,37.400001525878906,37.529998779296875,37.2599983215332,37.36000061035156,89139900
2005-02-01,31.8976993560791,37.52000045776367,37.650001525878906,37.369998931884766,37.4900016784668,76610300
2005-02-02,31.94873046875,37.58000183105469,37.72999954223633,37.310001373291016,37.63999938964844,100160500
2005-02-03,31.583166122436523,37.150001525878906,37.40999984741211,37.0,37.380001068115234,90157900
2005-02-04,32.09324264526367,37.75,37.81999969482422,37.150001525878906,37.150001525878906,99302000
2005-02-07,32.02524185180664,37.66999816894531,37.90999984741211,37.52000045776367,37.79999923706055,71551400
2005-02-08,32.08475875854492,37.7400016784668,38.0099983215332,37.619998931884766,37.65999984741211,72821700
2005-02-09,31.549137115478516,37.11000061035156,37.79999923706055,37.060001373291016,37.77000045776367,93276600
2005-02-10,31.583166122436523,37.150001525878906,37.31999969482422,36.880001068115234,37.2599983215332,110373000
2005-02-11,32.050743103027344,37.70000076293945,37.849998474121094,36.93000030517578,37.029998779296875,108684100
2005-02-14,32.195255279541016,37.869998931884766,37.939998626708984,37.689998626708984,37.70000076293945,54908900
2005-02-15,32.40781021118164,38.119998931884766,38.47999954223633,37.81999969482422,37.900001525878906,131406500
2005-02-16,32.28878402709961,37.97999954223633,38.15999984741211,37.83000183105469,38.029998779296875,80273900
2005-02-17,31.855226516723633,37.470001220703125,38.13999938964844,37.43000030517578,38.04999923706055,115628300
2005-02-18,31.753171920776367,37.349998474121094,37.56999969482422,37.2599983215332,37.47999954223633,69158800
2005-02-22,31.36211585998535,36.88999938964844,37.54999923706055,36.790000915527344,37.029998779296875,121232000
2005-02-23,31.40461540222168,36.939998626708984,37.06999969482422,36.70000076293945,37.040000915527344,95010100
2005-02-24,31.804203033447266,37.40999984741211,37.439998626708984,36.7599983215332,36.849998474121094,99334600
2005-02-25,31.98272705078125,37.619998931884766,37.70000076293945,37.290000915527344,37.380001068115234,79988700
2005-02-28,31.642667770385742,37.220001220703125,37.599998474121094,36.91999816894531,37.459999084472656,95731300
2005-03-01,31.991226196289062,37.630001068115234,37.70000076293945,37.33000183105469,37.369998931884766,78460600
2005-03-02,31.974218368530273,37.61000061035156,38.02000045776367,37.36000061035156,37.40999984741211,107270600
2005-03-03,31.710683822631836,37.29999923706055,37.72999954223633,37.02000045776367,37.709999084472656,89793800
2005-03-04,31.8976993560791,37.52000045776367,37.75,37.400001525878906,37.599998474121094,86622300
2005-03-07,32.356781005859375,38.060001373291016,38.290000915527344,37.560001373291016,37.599998474121094,93563900
2005-03-08,32.033729553222656,37.68000030517578,38.209999084472656,37.650001525878906,38.0099983215332,89595200
2005-03-09,31.94022560119629,37.56999969482422,37.93000030517578,37.470001220703125,37.66999816894531,98063000
2005-03-10,31.8976993560791,37.52000045776367,37.66999816894531,37.08000183105469,37.61000061035156,97043600
2005-03-11,31.600170135498047,37.16999816894531,37.81999969482422,37.02000045776367,37.689998626708984,102857500
2005-03-14,31.74469566345215,37.34000015258789,37.36000061035156,37.029998779296875,37.2400016784668,65576200
2005-03-15,31.489627838134766,37.040000915527344,37.47999954223633,36.9900016784668,37.41999816894531,93856300
2005-03-16,31.132566452026367,36.619998931884766,37.18000030517578,36.529998779296875,36.90999984741211,159578000
2005-03-17,31.209081649780273,36.709999084472656,36.88999938964844,36.540000915527344,36.61000061035156,100429600
2005-03-18,31.03904151916504,36.5099983215332,36.790000915527344,36.349998474121094,36.75,108899400
2005-03-21,31.098569869995117,36.58000183105469,36.75,36.25,36.599998474121094,92752500
2005-03-22,30.71600341796875,36.130001068115234,36.75,36.11000061035156,36.61000061035156,114016300
2005-03-23,30.826515197753906,36.2599983215332,36.4900016784668,36.06999969482422,36.09000015258789,97444900
2005-03-24,30.835025787353516,36.27000045776367,36.650001525878906,36.27000045776367,36.38999938964844,77566800
2005-03-28,30.894533157348633,36.34000015258789,36.61000061035156,36.310001373291016,36.40999984741211,59739000
2005-03-29,30.647981643676758,36.04999923706055,36.58000183105469,35.939998626708984,36.27000045776367,119554300
2005-03-30,31.226106643676758,36.72999954223633,36.779998779296875,36.220001220703125,36.22999954223633,114711000
2005-03-31,31.090059280395508,36.56999969482422,36.75,36.439998626708984,36.72999954223633,86578900
2005-04-01,30.775514602661133,36.20000076293945,36.880001068115234,36.130001068115234,36.81999969482422,143814300
2005-04-04,30.996549606323242,36.459999084472656,36.599998474121094,36.029998779296875,36.25,100090300
2005-04-05,31.081558227539062,36.560001373291016,36.66999816894531,36.41999816894531,36.4900016784668,66266600
2005-04-06,31.030555725097656,36.5,36.90999984741211,36.41999816894531,36.65999984741211,82168900
2005-04-07,31.40461540222168,36.939998626708984,36.95000076293945,36.5099983215332,36.529998779296875,88618000
2005-04-08,31.14955711364746,36.63999938964844,37.06999969482422,36.599998474121094,37.0,92332900
2005-04-11,31.0135555267334,36.47999954223633,36.779998779296875,36.400001525878906,36.75,70976000
2005-04-12,31.166589736938477,36.65999984741211,36.7400016784668,35.90999984741211,36.439998626708984,144848500
2005-04-13,30.6564884185791,36.060001373291016,36.599998474121094,35.97999954223633,36.560001373291016,108995500
2005-04-14,30.222911834716797,35.54999923706055,36.099998474121094,35.5,36.060001373291016,158057900
2005-04-15,29.534292221069336,34.7400016784668,35.369998931884766,34.68000030517578,35.2400016784668,170013300
2005-04-18,29.542789459228516,34.75,35.0,34.63999938964844,34.709999084472656,110084000
2005-04-19,29.74683380126953,34.9900016784668,35.099998474121094,34.75,35.02000045776367,96922100
2005-04-20,29.500286102294922,34.70000076293945,35.290000915527344,34.59000015258789,35.209999084472656,140457400
2005-04-21,30.28243637084961,35.619998931884766,35.709999084472656,34.959999084472656,35.119998931884766,124505100
2005-04-22,29.831830978393555,35.09000015258789,35.470001220703125,34.81999969482422,35.459999084472656,114996800
2005-04-25,30.078397750854492,35.380001068115234,35.459999084472656,35.150001525878906,35.29999923706055,72170100
2005-04-26,29.797836303710938,35.04999923706055,35.70000076293945,35.040000915527344,35.290000915527344,104958800
2005-04-27,29.840356826782227,35.099998474121094,35.25,34.72999954223633,34.869998931884766,112539300
2005-04-28,29.542789459228516,34.75,35.150001525878906,34.720001220703125,34.91999816894531,98181900
2005-04-29,29.73832130432129,34.97999954223633,35.060001373291016,34.349998474121094,35.0,144435900
2005-05-02,29.857336044311523,35.119998931884766,35.2599983215332,34.88999938964844,35.099998474121094,67648800
2005-05-03,30.0103759765625,35.29999923706055,35.43000030517578,35.029998779296875,35.04999923706055,103428700
2005-05-04,30.375944137573242,35.72999954223633,35.83000183105469,35.2400016784668,35.290000915527344,90480600
2005-05-05,30.401443481445312,35.7599983215332,35.91999816894531,35.529998779296875,35.75,79341700
2005-05-06,30.486461639404297,35.86000061035156,36.02000045776367,35.720001220703125,35.970001220703125,77310200
2005-05-09,30.630979537963867,36.029998779296875,36.060001373291016,35.65999984741211,35.869998931884766,66298400
2005-05-10,30.409954071044922,35.77000045776367,35.959999084472656,35.619998931884766,35.86000061035156,77194700
2005-05-11,30.562978744506836,35.95000076293945,36.029998779296875,35.29999923706055,35.81999969482422,131952400
2005-05-12,30.477956771850586,35.849998474121094,36.20000076293945,35.65999984741211,36.029998779296875,116602200
2005-05-13,30.809513092041016,36.2400016784668,36.470001220703125,35.88999938964844,35.9900016784668,133273500
2005-05-16,31.0135555267334,36.47999954223633,36.540000915527344,36.130001068115234,36.2400016784668,79093200
2005-05-17,31.200590133666992,36.70000076293945,36.7400016784668,36.209999084472656,36.349998474121094,91665900
2005-05-18,31.62566566467285,37.20000076293945,37.36000061035156,36.709999084472656,36.79999923706055,128105900
2005-05-19,31.889217376708984,37.5099983215332,37.52000045776367,37.20000076293945,37.290000915527344,92619700
2005-05-20,32.0167350769043,37.65999984741211,37.689998626708984,37.349998474121094,37.45000076293945,66530100
2005-05-23,32.17824935913086,37.849998474121094,37.9900016784668,37.599998474121094,37.65999984741211,93068200
2005-05-24,32.2802848815918,37.970001220703125,38.0,37.70000076293945,37.7599983215332,100830000
2005-05-25,32.144256591796875,37.810001373291016,37.880001068115234,37.59000015258789,37.84000015258789,76470600
2005-05-26,32.46731185913086,38.189998626708984,38.27000045776367,37.97999954223633,37.97999954223633,84066800
2005-05-27,32.48430252075195,38.209999084472656,38.25,38.02000045776367,38.13999938964844,50076900
2005-05-31,32.3737907409668,38.08000183105469,38.2400016784668,37.91999816894531,38.189998626708984,75281500
2005-06-01,32.63733673095703,38.38999938964844,38.68000030517578,38.02000045776367,38.029998779296875,110875700
2005-06-02,32.866878509521484,38.65999984741211,38.65999984741211,38.29999923706055,38.33000183105469,75926500
2005-06-03,32.390811920166016,38.099998474121094,38.63999938964844,38.02000045776367,38.630001068115234,96998400
2005-06-06,32.3992805480957,38.11000061035156,38.189998626708984,37.959999084472656,38.119998931884766,52681400
2005-06-07,32.12725830078125,37.790000915527344,38.470001220703125,37.7400016784668,38.150001525878906,108953400
2005-06-08,32.05923843383789,37.709999084472656,37.95000076293945,37.560001373291016,37.880001068115234,79211900
2005-06-09,32.263275146484375,37.95000076293945,38.060001373291016,37.5,37.65999984741211,99383300
2005-06-10,31.92322540283203,37.54999923706055,37.900001525878906,37.380001068115234,37.900001525878906,85971700
2005-06-13,32.07624053955078,37.72999954223633,37.95000076293945,37.459999084472656,37.47999954223633,82331300
2005-06-14,31.94873046875,37.58000183105469,37.84000015258789,37.5,37.689998626708984,62593600
2005-06-15,32.050743103027344,37.70000076293945,37.869998931884766,37.25,37.83000183105469,103952000
2005-06-16,32.22076416015625,37.900001525878906,38.0,37.65999984741211,37.7400016784668,90450100
2005-06-17,32.22502899169922,37.869998931884766,38.209999084472656,37.75,38.11000061035156,83915700
2005-06-20,32.22502899169922,37.869998931884766,38.08000183105469,37.58000183105469,37.720001220703125,67580000
2005-06-21,32.207984924316406,37.849998474121094,38.0099983215332,37.70000076293945,37.84000015258789,97845600
2005-06-22,32.1739501953125,37.810001373291016,38.099998474121094,37.630001068115234,38.0,75221100
2005-06-23,31.816577911376953,37.38999938964844,38.18000030517578,37.33000183105469,37.869998931884766,122163300
2005-06-24,31.459178924560547,36.970001220703125,37.40999984741211,36.959999084472656,37.380001068115234,142144100
2005-06-27,31.31451416015625,36.79999923706055,37.060001373291016,36.70000076293945,36.95000076293945,72780800
2005-06-28,31.612327575683594,37.150001525878906,37.2599983215332,36.900001525878906,36.95000076293945,73330300
2005-06-29,31.544273376464844,37.06999969482422,37.2599983215332,36.970001220703125,37.25,71513600
2005-06-30,31.29749870300293,36.779998779296875,37.209999084472656,36.75,37.13999938964844,87803700
2005-07-01,31.25494956970215,36.72999954223633,37.0,36.68000030517578,36.86000061035156,55254800
2005-07-05,31.57830238342285,37.11000061035156,37.189998626708984,36.599998474121094,36.599998474121094,79288700
2005-07-06,31.42514419555664,36.93000030517578,37.279998779296875,36.86000061035156,37.029998779296875,79101000
2005-07-07,31.5357608795166,37.060001373291016,37.09000015258789,36.54999923706055,36.58000183105469,119466300
2005-07-08,32.13993453979492,37.77000045776367,37.810001373291016,36.9900016784668,37.08000183105469,101320700
2005-07-11,32.43775177001953,38.119998931884766,38.15999984741211,37.79999923706055,37.869998931884766,96283700
2005-07-12,32.5909309387207,38.29999923706055,38.459999084472656,38.0099983215332,38.119998931884766,86059300
2005-07-13,32.667503356933594,38.38999938964844,38.43000030517578,38.16999816894531,38.31999969482422,72135400
2005-07-14,32.99085235595703,38.77000045776367,38.880001068115234,38.52000045776367,38.66999816894531,99135200
2005-07-15,33.09297561645508,38.88999938964844,39.0,38.650001525878906,38.83000183105469,67239200
2005-07-18,32.95682144165039,38.72999954223633,38.88999938964844,38.689998626708984,38.790000915527344,58644000
2005-07-19,33.33973693847656,39.18000030517578,39.20000076293945,38.84000015258789,38.90999984741211,77860900
2005-07-20,33.5780143737793,39.459999084472656,39.56999969482422,38.900001525878906,38.939998626708984,91433100
2005-07-21,33.586524963378906,39.470001220703125,39.689998626708984,39.209999084472656,39.560001373291016,127286000
2005-07-22,33.54399108886719,39.41999816894531,39.59000015258789,39.220001220703125,39.47999954223633,71666600
2005-07-25,33.416343688964844,39.27000045776367,39.630001068115234,39.20000076293945,39.459999084472656,51872700
2005-07-26,33.54399108886719,39.41999816894531,39.529998779296875,39.189998626708984,39.38999938964844,67324900
2005-07-27,33.79926300048828,39.720001220703125,39.7599983215332,39.22999954223633,39.45000076293945,78351100
2005-07-28,33.96092987060547,39.90999984741211,39.91999816894531,39.63999938964844,39.75,66163700
2005-07-29,33.68013000488281,39.58000183105469,39.91999816894531,39.52000045776367,39.869998931884766,74725700
2005-08-01,33.73971176147461,39.650001525878906,39.83000183105469,39.52000045776367,39.63999938964844,59748300
2005-08-02,34.10559844970703,40.08000183105469,40.13999938964844,39.650001525878906,39.70000076293945,79284100
2005-08-03,34.08859634399414,40.060001373291016,40.130001068115234,39.880001068115234,39.90999984741211,61916400
2005-08-04,33.75670623779297,39.66999816894531,39.939998626708984,39.56999969482422,39.880001068115234,72035500
2005-08-05,33.59501266479492,39.47999954223633,39.790000915527344,39.43000030517578,39.61000061035156,66029500
2005-08-08,33.3482551574707,39.189998626708984,39.61000061035156,39.13999938964844,39.52000045776367,63415400
2005-08-09,33.569515228271484,39.45000076293945,39.59000015258789,39.310001373291016,39.369998931884766,62143600
2005-08-10,33.28016662597656,39.11000061035156,39.689998626708984,38.970001220703125,39.54999923706055,102317500
2005-08-11,33.55248260498047,39.43000030517578,39.540000915527344,39.099998474121094,39.130001068115234,92446700
2005-08-12,33.365264892578125,39.209999084472656,39.31999969482422,38.970001220703125,39.119998931884766,86367300
2005-08-15,33.569515228271484,39.45000076293945,39.630001068115234,39.08000183105469,39.13999938964844,63061100
2005-08-16,33.024898529052734,38.810001373291016,39.33000183105469,38.7400016784668,39.29999923706055,94596000
2005-08-17,33.22062683105469,39.040000915527344,39.16999816894531,38.790000915527344,38.91999816894531,74470500
2005-08-18,33.05044174194336,38.84000015258789,39.099998474121094,38.77000045776367,38.869998931884766,72559400
2005-08-19,33.033416748046875,38.81999969482422,39.0,38.790000915527344,38.88999938964844,52024300
2005-08-22,33.05044174194336,38.84000015258789,39.18000030517578,38.599998474121094,38.880001068115234,88056300
2005-08-23,32.95682144165039,38.72999954223633,38.91999816894531,38.61000061035156,38.84000015258789,57482900
2005-08-24,32.7611198425293,38.5,39.18000030517578,38.459999084472656,38.650001525878906,95025700
2005-08-25,32.837711334228516,38.59000015258789,38.689998626708984,38.4900016784668,38.56999969482422,52328800
2005-08-26,32.72706985473633,38.459999084472656,38.599998474121094,38.27000045776367,38.529998779296875,63840700
2005-08-29,32.982357025146484,38.7599983215332,38.849998474121094,38.2599983215332,38.2599983215332,74940400
2005-08-30,32.863224029541016,38.619998931884766,38.65999984741211,38.31999969482422,38.560001373291016,87373600
2005-08-31,33.1695671081543,38.97999954223633,39.0099983215332,38.47999954223633,38.63999938964844,93426300
2005-09-01,33.11851501464844,38.91999816894531,39.150001525878906,38.779998779296875,39.0,74884400
2005-09-02,32.99085235595703,38.77000045776367,39.029998779296875,38.7400016784668,39.0,53244900
2005-09-06,33.47590637207031,39.34000015258789,39.40999984741211,38.900001525878906,38.95000076293945,78106600
2005-09-07,33.53547286987305,39.40999984741211,39.47999954223633,39.209999084472656,39.29999923706055,57440100
2005-09-08,33.52696990966797,39.400001525878906,39.56999969482422,39.27000045776367,39.290000915527344,73529700
2005-09-09,33.714168548583984,39.619998931884766,39.689998626708984,39.310001373291016,39.40999984741211,75342100
2005-09-12,33.807762145996094,39.72999954223633,39.86000061035156,39.58000183105469,39.630001068115234,51689900
2005-09-13,33.722660064697266,39.630001068115234,39.90999984741211,39.540000915527344,39.68000030517578,66145800
2005-09-14,33.33973693847656,39.18000030517578,39.68000030517578,39.150001525878906,39.650001525878906,98644000
2005-09-15,33.3227424621582,39.15999984741211,39.34000015258789,39.04999923706055,39.2599983215332,80421500
2005-09-16,33.52696990966797,39.400001525878906,39.459999084472656,39.11000061035156,39.25,71034100
2005-09-19,33.26316452026367,39.09000015258789,39.380001068115234,38.90999984741211,39.31999969482422,73387500
2005-09-20,33.127010345458984,38.93000030517578,39.540000915527344,38.810001373291016,39.15999984741211,115202800
2005-09-21,32.7611198425293,38.5,38.869998931884766,38.470001220703125,38.81999969482422,116404300
2005-09-22,32.880245208740234,38.63999938964844,38.72999954223633,38.2400016784668,38.439998626708984,118686100
2005-09-23,32.973854064941406,38.75,38.880001068115234,38.40999984741211,38.5,70154000
2005-09-26,32.982357025146484,38.7599983215332,39.029998779296875,38.54999923706055,38.970001220703125,69327600
2005-09-27,32.90577697753906,38.66999816894531,38.900001525878906,38.5099983215332,38.790000915527344,64089500
2005-09-28,32.914283752441406,38.68000030517578,38.95000076293945,38.560001373291016,38.7599983215332,72044500
2005-09-29,33.356788635253906,39.20000076293945,39.209999084472656,38.45000076293945,38.630001068115234,117634600
2005-09-30,33.5780143737793,39.459999084472656,39.47999954223633,39.130001068115234,39.16999816894531,79248500
2005-10-03,33.66312789916992,39.560001373291016,39.75,39.5099983215332,39.540000915527344,81685600
2005-10-04,33.44186782836914,39.29999923706055,39.880001068115234,39.290000915527344,39.619998931884766,85348600
2005-10-05,32.982357025146484,38.7599983215332,39.34000015258789,38.72999954223633,39.310001373291016,106152200
2005-10-06,32.54837417602539,38.25,38.86000061035156,37.91999816894531,38.72999954223633,162213700
2005-10-07,32.624961853027344,38.34000015258789,38.56999969482422,38.18000030517578,38.400001525878906,91119900
2005-10-10,32.446258544921875,38.130001068115234,38.459999084472656,38.060001373291016,38.27000045776367,64012000
2005-10-11,32.28458786010742,37.939998626708984,38.2400016784668,37.79999923706055,38.2400016784668,114736900
2005-10-12,31.901657104492188,37.4900016784668,38.060001373291016,37.43000030517578,37.720001220703125,146109500
2005-10-13,32.148441314697266,37.779998779296875,37.90999984741211,37.33000183105469,37.470001220703125,138569600
2005-10-14,32.386695861816406,38.060001373291016,38.06999969482422,37.63999938964844,37.880001068115234,131463200
2005-10-17,32.48881912231445,38.18000030517578,38.189998626708984,37.81999969482422,38.06999969482422,64080400
2005-10-18,32.25906753540039,37.90999984741211,38.18000030517578,37.90999984741211,38.13999938964844,88070400
2005-10-19,32.90577697753906,38.66999816894531,38.66999816894531,37.61000061035156,37.720001220703125,132879900
2005-10-20,32.599449157714844,38.310001373291016,38.849998474121094,38.099998474121094,38.709999084472656,132576900
2005-10-21,32.80366516113281,38.54999923706055,38.75,38.33000183105469,38.66999816894531,110032000
2005-10-24,33.3227424621582,39.15999984741211,39.18000030517578,38.470001220703125,38.72999954223633,110820900
2005-10-25,33.195091247558594,39.0099983215332,39.189998626708984,38.77000045776367,39.09000015258789,86665800
2005-10-26,33.024898529052734,38.810001373291016,39.27000045776367,38.7599983215332,38.97999954223633,89878100
2005-10-27,32.36115264892578,38.029998779296875,38.79999923706055,38.029998779296875,38.779998779296875,132231100
2005-10-28,32.60793685913086,38.31999969482422,38.38999938964844,37.91999816894531,38.15999984741211,95243900
2005-10-31,33.07596969604492,38.869998931884766,39.04999923706055,38.41999816894531,38.45000076293945,115279100
2005-11-01,33.05044174194336,38.84000015258789,39.0099983215332,38.709999084472656,38.779998779296875,73502300
2005-11-02,33.48440170288086,39.349998474121094,39.459999084472656,38.709999084472656,38.72999954223633,101409900
2005-11-03,33.98646545410156,39.939998626708984,40.09000015258789,39.68000030517578,39.7400016784668,137054000
2005-11-04,34.10559844970703,40.08000183105469,40.22999954223633,39.84000015258789,40.0,100944500
2005-11-07,34.14814758300781,40.130001068115234,40.290000915527344,39.95000076293945,40.209999084472656,65324500
2005-11-08,34.15664291381836,40.13999938964844,40.349998474121094,39.9900016784668,40.08000183105469,78859700
2005-11-09,34.173683166503906,40.15999984741211,40.33000183105469,40.029998779296875,40.119998931884766,72458800
2005-11-10,34.54808044433594,40.599998474121094,40.689998626708984,39.91999816894531,40.18000030517578,120763100
2005-11-11,34.641685485839844,40.709999084472656,40.91999816894531,40.68000030517578,40.77000045776367,80057200
2005-11-14,34.641685485839844,40.709999084472656,40.86000061035156,40.599998474121094,40.77000045776367,53652400
2005-11-15,34.480010986328125,40.52000045776367,40.900001525878906,40.380001068115234,40.72999954223633,79543500
2005-11-16,34.692752838134766,40.77000045776367,40.779998779296875,40.459999084472656,40.630001068115234,65895700
2005-11-17,35.15224075317383,41.310001373291016,41.31999969482422,40.849998474121094,40.90999984741211,94425500
2005-11-18,35.271385192871094,41.45000076293945,41.650001525878906,41.27000045776367,41.52000045776367,108820200
2005-11-21,35.35647201538086,41.54999923706055,41.58000183105469,41.2400016784668,41.400001525878906,69731400
2005-11-22,35.48410415649414,41.70000076293945,41.869998931884766,41.36000061035156,41.470001220703125,88814000
2005-11-23,35.56919479370117,41.79999923706055,42.02000045776367,41.709999084472656,41.72999954223633,64101200
2005-11-25,35.64579391479492,41.88999938964844,41.939998626708984,41.72999954223633,41.84000015258789,22930200
2005-11-28,35.34794998168945,41.540000915527344,42.0,41.5,42.0,74716200
2005-11-29,35.17778396606445,41.34000015258789,41.849998474121094,41.34000015258789,41.77000045776367,77443000
2005-11-30,35.092681884765625,41.2400016784668,41.4900016784668,41.189998626708984,41.279998779296875,88044400
2005-12-01,35.747901916503906,42.0099983215332,42.04999923706055,41.5,41.5099983215332,91914100
2005-12-02,35.8329963684082,42.11000061035156,42.130001068115234,41.869998931884766,41.939998626708984,72929200
2005-12-05,35.56919479370117,41.79999923706055,42.060001373291016,41.630001068115234,42.060001373291016,61519900
2005-12-06,35.688350677490234,41.939998626708984,42.310001373291016,41.900001525878906,42.029998779296875,81509400
2005-12-07,35.62025833129883,41.86000061035156,42.029998779296875,41.630001068115234,42.0,83885500
2005-12-08,35.36498260498047,41.560001373291016,42.0,41.27000045776367,41.959999084472656,112043200
2005-12-09,35.50114059448242,41.720001220703125,41.77000045776367,41.380001068115234,41.560001373291016,56526900
2005-12-12,35.6287727355957,41.869998931884766,41.939998626708984,41.68000030517578,41.869998931884766,44863600
2005-12-13,35.77341842651367,42.040000915527344,42.209999084472656,41.7599983215332,41.81999969482422,76611600
2005-12-14,35.654319763183594,41.900001525878906,42.099998474121094,41.709999084472656,41.95000076293945,73581600
2005-12-15,35.71387481689453,41.970001220703125,42.06999969482422,41.61000061035156,42.0,72607200
2005-12-16,35.46735382080078,41.58000183105469,41.939998626708984,41.54999923706055,41.86000061035156,63743000
2005-12-19,34.90437698364258,40.91999816894531,41.709999084472656,40.900001525878906,41.66999816894531,75341700
2005-12-20,34.92997741699219,40.95000076293945,41.150001525878906,40.75,40.95000076293945,70257700
2005-12-21,35.0835075378418,41.130001068115234,41.40999984741211,40.95000076293945,41.02000045776367,68935000
2005-12-22,35.313819885253906,41.400001525878906,41.459999084472656,41.099998474121094,41.11000061035156,59149500
2005-12-23,35.313819885253906,41.400001525878906,41.59000015258789,41.29999923706055,41.5099983215332,38000400
2005-12-27,35.00672149658203,41.040000915527344,41.68000030517578,40.970001220703125,41.52000045776367,55656300
2005-12-28,34.96409225463867,40.9900016784668,41.22999954223633,40.869998931884766,41.060001373291016,50302400
2005-12-29,34.73377990722656,40.720001220703125,41.119998931884766,40.650001525878906,41.029998779296875,47301700
2005-12-30,34.4693489074707,40.40999984741211,40.58000183105469,40.36000061035156,40.540000915527344,60026500
2006-01-03,35.23704147338867,41.310001373291016,41.4900016784668,40.15999984741211,40.650001525878906,109350400
2006-01-04,35.603851318359375,41.7400016784668,41.7400016784668,41.31999969482422,41.40999984741211,92769400
2006-01-05,35.75737762451172,41.91999816894531,42.0,41.709999084472656,41.75,77656900
2006-01-06,36.40564727783203,42.68000030517578,42.70000076293945,42.060001373291016,42.2599983215332,110053900
2006-01-09,36.5506591796875,42.849998474121094,42.91999816894531,42.52000045776367,42.68000030517578,80768800
2006-01-10,36.576229095458984,42.880001068115234,42.91999816894531,42.54999923706055,42.65999984741211,84369400
2006-01-11,36.85772705078125,43.209999084472656,43.310001373291016,42.869998931884766,43.0,100761400
2006-01-12,36.6786003112793,43.0,43.290000915527344,42.849998474121094,43.15999984741211,82429200
2006-01-13,36.661529541015625,42.97999954223633,43.04999923706055,42.72999954223633,42.939998626708984,64572100
2006-01-17,36.42271041870117,42.70000076293945,42.790000915527344,42.5,42.650001525878906,77962100
2006-01-18,36.00472640991211,42.209999084472656,42.459999084472656,42.02000045776367,42.029998779296875,121021900
2006-01-19,36.26918029785156,42.52000045776367,42.81999969482422,42.290000915527344,42.41999816894531,111094000
2006-01-20,35.18585205078125,41.25,42.4900016784668,41.150001525878906,42.459999084472656,188569400
2006-01-23,35.19439697265625,41.2599983215332,41.45000076293945,41.08000183105469,41.36000061035156,111381900
2006-01-24,35.347923278808594,41.439998626708984,41.70000076293945,41.310001373291016,41.36000061035156,77956900
2006-01-25,35.19439697265625,41.2599983215332,41.66999816894531,41.08000183105469,41.63999938964844,99826400
2006-01-26,35.4417610168457,41.54999923706055,41.689998626708984,41.22999954223633,41.5,112600600
2006-01-27,35.91944122314453,42.11000061035156,42.38999938964844,41.7400016784668,41.79999923706055,110830400
2006-01-30,35.98768615722656,42.189998626708984,42.31999969482422,42.06999969482422,42.18000030517578,53942600
2006-01-31,35.82561492919922,42.0,42.27000045776367,41.810001373291016,42.16999816894531,100988100
2006-02-01,35.95356369018555,42.150001525878906,42.16999816894531,41.70000076293945,41.7400016784668,89168700
2006-02-02,35.33939743041992,41.43000030517578,42.08000183105469,41.40999984741211,42.0099983215332,94047400
2006-02-03,34.90437698364258,40.91999816894531,41.22999954223633,40.779998779296875,41.119998931884766,121094200
2006-02-06,34.81056213378906,40.810001373291016,41.0099983215332,40.59000015258789,40.720001220703125,58162800
2006-02-07,34.657012939453125,40.630001068115234,40.93000030517578,40.439998626708984,40.7400016784668,87327000
2006-02-08,35.05790328979492,41.099998474121094,41.150001525878906,40.689998626708984,40.91999816894531,89907800
2006-02-09,34.725250244140625,40.709999084472656,41.369998931884766,40.630001068115234,41.209999084472656,78213400
2006-02-10,34.93849563598633,40.959999084472656,41.060001373291016,40.2599983215332,40.68000030517578,102575900
2006-02-13,34.53758239746094,40.4900016784668,40.7400016784668,40.29999923706055,40.70000076293945,70643100
2006-02-14,34.88732147216797,40.900001525878906,41.02000045776367,40.40999984741211,40.56999969482422,94340300
2006-02-15,35.109092712402344,41.15999984741211,41.2599983215332,40.72999954223633,40.790000915527344,92254300
2006-02-16,35.43324279785156,41.540000915527344,41.54999923706055,41.150001525878906,41.310001373291016,103859600
2006-02-17,35.151756286621094,41.209999084472656,41.459999084472656,41.20000076293945,41.459999084472656,81770200
2006-02-21,34.75937271118164,40.75,41.27000045776367,40.61000061035156,41.209999084472656,85101400
2006-02-22,35.19439697265625,41.2599983215332,41.540000915527344,40.68000030517578,40.779998779296875,91983900
2006-02-23,35.10057830810547,41.150001525878906,41.540000915527344,41.08000183105469,41.189998626708984,66517100
2006-02-24,35.19439697265625,41.2599983215332,41.290000915527344,41.0099983215332,41.189998626708984,57085400
2006-02-27,35.58678436279297,41.720001220703125,41.869998931884766,41.33000183105469,41.36000061035156,64945000
2006-02-28,35.05790328979492,41.099998474121094,41.720001220703125,40.970001220703125,41.61000061035156,117564600
2006-03-01,35.535587310791016,41.65999984741211,41.77000045776367,41.150001525878906,41.22999954223633,80962300
2006-03-02,35.56118392944336,41.689998626708984,41.84000015258789,41.40999984741211,41.54999923706055,69856500
2006-03-03,35.3564567565918,41.45000076293945,42.0099983215332,41.38999938964844,41.45000076293945,112066100
2006-03-06,35.049381256103516,41.09000015258789,41.630001068115234,40.959999084472656,41.540000915527344,99581000
2006-03-07,34.84468078613281,40.849998474121094,41.06999969482422,40.650001525878906,41.02000045776367,96441100
2006-03-08,34.86172103881836,40.869998931884766,41.09000015258789,40.5,40.7599983215332,103961900
2006-03-09,34.563201904296875,40.52000045776367,41.150001525878906,40.470001220703125,41.0,108556700
2006-03-10,34.5973014831543,40.560001373291016,40.790000915527344,40.189998626708984,40.47999954223633,124474900
2006-03-13,34.699649810791016,40.68000030517578,40.939998626708984,40.619998931884766,40.7400016784668,69169100
2006-03-14,35.28822708129883,41.369998931884766,41.41999816894531,40.63999938964844,40.63999938964844,118201000
2006-03-15,35.58678436279297,41.720001220703125,41.720001220703125,41.31999969482422,41.529998779296875,84375800
2006-03-16,35.28822708129883,41.369998931884766,41.91999816894531,41.33000183105469,41.849998474121094,101371200
2006-03-17,35.38127136230469,41.45000076293945,41.59000015258789,41.22999954223633,41.34000015258789,78219600
2006-03-20,35.46660614013672,41.54999923706055,41.68000030517578,41.400001525878906,41.56999969482422,60240100
2006-03-21,35.09103775024414,41.11000061035156,42.0099983215332,41.08000183105469,41.11000061035156,136566000
2006-03-22,35.1764030456543,41.209999084472656,41.279998779296875,40.86000061035156,40.880001068115234,112282800
2006-03-23,35.073974609375,41.09000015258789,41.220001220703125,40.81999969482422,41.09000015258789,75158200
2006-03-24,35.25322341918945,41.29999923706055,41.5,41.02000045776367,41.22999954223633,81795500
2006-03-27,35.26176452636719,41.310001373291016,41.5099983215332,41.2400016784668,41.279998779296875,54400400
2006-03-28,35.116661071777344,41.13999938964844,41.66999816894531,40.9900016784668,41.38999938964844,100522800
2006-03-29,35.78245162963867,41.91999816894531,42.099998474121094,41.16999816894531,41.20000076293945,130669100
2006-03-30,35.893402099609375,42.04999923706055,42.29999923706055,41.790000915527344,42.0099983215332,115915600
2006-03-31,35.790992736816406,41.93000030517578,42.189998626708984,41.84000015258789,42.130001068115234,71074600
2006-04-03,35.833675384521484,41.97999954223633,42.369998931884766,41.900001525878906,42.150001525878906,80730700
2006-04-04,36.029972076416016,42.209999084472656,42.310001373291016,41.93000030517578,42.04999923706055,89952600
2006-04-05,36.37141799926758,42.61000061035156,42.66999816894531,42.209999084472656,42.29999923706055,91628200
2006-04-06,36.4738655090332,42.72999954223633,42.939998626708984,42.439998626708984,42.59000015258789,91712800
2006-04-07,36.12387466430664,42.31999969482422,43.04999923706055,42.29999923706055,42.880001068115234,116604300
2006-04-10,36.07268524169922,42.2599983215332,42.5,42.09000015258789,42.400001525878906,58981900
2006-04-11,35.78245162963867,41.91999816894531,42.43000030517578,41.709999084472656,42.38999938964844,91481900
2006-04-12,35.790992736816406,41.93000030517578,42.08000183105469,41.79999923706055,41.939998626708984,58751200
2006-04-13,35.936100006103516,42.099998474121094,42.33000183105469,41.790000915527344,41.900001525878906,63476900
2006-04-17,35.56052017211914,41.65999984741211,42.209999084472656,41.38999938964844,42.040000915527344,104072100
2006-04-18,36.2433967590332,42.459999084472656,42.560001373291016,41.77000045776367,41.77000045776367,124291700
2006-04-19,36.40558624267578,42.650001525878906,42.650001525878906,42.29999923706055,42.540000915527344,79050300
2006-04-20,36.27753829956055,42.5,42.81999969482422,42.380001068115234,42.63999938964844,81408000
2006-04-21,35.850738525390625,42.0,42.720001220703125,41.81999969482422,42.65999984741211,130181200
2006-04-24,35.81659698486328,41.959999084472656,42.06999969482422,41.720001220703125,41.95000076293945,78556400
2006-04-25,35.739784240722656,41.869998931884766,42.099998474121094,41.650001525878906,42.06999969482422,77660800
2006-04-26,35.731239318847656,41.86000061035156,42.060001373291016,41.70000076293945,41.86000061035156,82537000
2006-04-27,36.07268524169922,42.2599983215332,42.4900016784668,41.5,41.66999816894531,173950100
2006-04-28,35.72270202636719,41.849998474121094,42.220001220703125,41.779998779296875,42.0,88876600
2006-05-01,35.372737884521484,41.439998626708984,42.04999923706055,41.310001373291016,41.91999816894531,92875500
2006-05-02,35.46660614013672,41.54999923706055,41.72999954223633,41.400001525878906,41.619998931884766,85148100
2006-05-03,35.415409088134766,41.4900016784668,41.63999938964844,41.279998779296875,41.56999969482422,74971600
2006-05-04,35.70563888549805,41.83000183105469,41.9900016784668,41.529998779296875,41.529998779296875,88696800
2006-05-05,35.98731994628906,42.15999984741211,42.209999084472656,41.939998626708984,42.099998474121094,80392200
2006-05-08,36.021446228027344,42.20000076293945,42.279998779296875,42.06999969482422,42.08000183105469,45079100
2006-05-09,35.88487243652344,42.040000915527344,42.18000030517578,41.970001220703125,42.099998474121094,48528800
2006-05-10,35.56905746459961,41.66999816894531,41.97999954223633,41.54999923706055,41.93000030517578,92424200
2006-05-11,34.77522277832031,40.7400016784668,41.650001525878906,40.630001068115234,41.630001068115234,140989700
2006-05-12,34.305747985839844,40.189998626708984,40.619998931884766,40.18000030517578,40.560001373291016,153920800
2006-05-15,34.2801399230957,40.15999984741211,40.34000015258789,39.790000915527344,40.02000045776367,127896500
2006-05-16,34.0240364074707,39.86000061035156,40.2599983215332,39.77000045776367,40.16999816894531,132397500
2006-05-17,33.56312561035156,39.31999969482422,39.810001373291016,39.22999954223633,39.68000030517578,207897100
2006-05-18,33.332664489746094,39.04999923706055,39.65999984741211,39.0,39.4900016784668,139690900
2006-05-19,33.58872604370117,39.349998474121094,39.470001220703125,38.75,39.20000076293945,194306300
2006-05-22,33.26436996459961,38.970001220703125,39.2400016784668,38.619998931884766,39.0099983215332,169591800
2006-05-23,32.94001388549805,38.59000015258789,39.380001068115234,38.56999969482422,39.2599983215332,142243900
2006-05-24,33.161930084228516,38.849998474121094,39.040000915527344,38.22999954223633,38.529998779296875,234981600
2006-05-25,33.597259521484375,39.36000061035156,39.380001068115234,38.81999969482422,39.11000061035156,123510900
2006-05-26,33.70824432373047,39.4900016784668,39.58000183105469,39.22999954223633,39.45000076293945,91319600
2006-05-30,32.982696533203125,38.63999938964844,39.33000183105469,38.61000061035156,39.29999923706055,105606200
2006-05-31,33.13631820678711,38.81999969482422,39.060001373291016,38.540000915527344,38.709999084472656,137066200
2006-06-01,33.921627044677734,39.7400016784668,39.7400016784668,38.84000015258789,38.93000030517578,119357400
2006-06-02,33.83628845214844,39.63999938964844,40.0,39.310001373291016,39.959999084472656,128864100
2006-06-05,33.1021842956543,38.779998779296875,39.560001373291016,38.779998779296875,39.560001373291016,103190600
2006-06-06,33.07658767700195,38.75,38.95000076293945,38.349998474121094,38.849998474121094,127271000
2006-06-07,32.82901382446289,38.459999084472656,39.16999816894531,38.45000076293945,38.79999923706055,130754700
2006-06-08,32.77783203125,38.400001525878906,38.560001373291016,37.4900016784668,38.27000045776367,280562200
2006-06-09,32.56443786621094,38.150001525878906,38.7400016784668,38.11000061035156,38.560001373291016,144146200
2006-06-12,31.924236297607422,37.400001525878906,38.2599983215332,37.38999938964844,38.20000076293945,145607500
2006-06-13,31.79620933532715,37.25,37.79999923706055,37.15999984741211,37.4900016784668,207099500
2006-06-14,32.12055969238281,37.630001068115234,37.709999084472656,37.20000076293945,37.36000061035156,201876800
2006-06-15,32.991233825683594,38.650001525878906,38.790000915527344,37.79999923706055,37.849998474121094,200700400
2006-06-16,32.74863815307617,38.34000015258789,38.68000030517578,38.20000076293945,38.54999923706055,120006100
2006-06-19,32.48382568359375,38.029998779296875,38.540000915527344,37.90999984741211,38.5,129450100
2006-06-20,32.526554107666016,38.08000183105469,38.47999954223633,37.939998626708984,38.09000015258789,102871700
2006-06-21,33.03904724121094,38.68000030517578,38.9900016784668,38.130001068115234,38.13999938964844,129548100
2006-06-22,32.62051010131836,38.189998626708984,38.68000030517578,37.9900016784668,38.59000015258789,143100500
2006-06-23,32.58636474609375,38.150001525878906,38.529998779296875,37.93000030517578,38.15999984741211,88050200
2006-06-26,32.671749114990234,38.25,38.38999938964844,38.06999969482422,38.16999816894531,65157700
2006-06-27,32.0567626953125,37.529998779296875,38.33000183105469,37.4900016784668,38.27000045776367,128227500
2006-06-28,32.295936584472656,37.810001373291016,37.84000015258789,37.380001068115234,37.619998931884766,91576300
2006-06-29,33.2782096862793,38.959999084472656,38.959999084472656,37.900001525878906,37.97999954223633,181997200
2006-06-30,33.11593246459961,38.77000045776367,39.13999938964844,38.68000030517578,39.119998931884766,82719200
2006-07-03,33.31239318847656,39.0,39.0,38.810001373291016,38.88999938964844,21598500
2006-07-05,32.58636474609375,38.150001525878906,38.68000030517578,38.09000015258789,38.63999938964844,93724000
2006-07-06,32.55217361450195,38.11000061035156,38.47999954223633,38.0099983215332,38.27000045776367,70615200
2006-07-07,32.19342803955078,37.689998626708984,38.16999816894531,37.56999969482422,37.900001525878906,108063300
2006-07-10,31.911558151245117,37.36000061035156,37.93000030517578,37.16999816894531,37.790000915527344,105109800
2006-07-11,32.15069580078125,37.63999938964844,37.7400016784668,37.08000183105469,37.279998779296875,136114200
2006-07-12,31.544265747070312,36.93000030517578,37.63999938964844,36.84000015258789,37.560001373291016,154458900
2006-07-13,31.014677047729492,36.310001373291016,37.040000915527344,36.310001373291016,36.63999938964844,177745500
2006-07-14,30.698657989501953,35.939998626708984,36.380001068115234,35.790000915527344,36.29999923706055,172448500
2006-07-17,30.7755069732666,36.029998779296875,36.25,35.869998931884766,35.95000076293945,134311000
2006-07-18,30.878032684326172,36.150001525878906,36.33000183105469,35.540000915527344,36.220001220703125,206964900
2006-07-19,31.27948570251465,36.619998931884766,36.83000183105469,36.09000015258789,36.119998931884766,192517600
2006-07-20,30.818235397338867,36.08000183105469,36.79999923706055,36.040000915527344,36.75,152292100
2006-07-21,30.49365997314453,35.70000076293945,35.959999084472656,35.619998931884766,35.880001068115234,119343000
2006-07-24,31.100099563598633,36.40999984741211,36.43000030517578,35.79999923706055,35.84000015258789,130269300
2006-07-25,31.27948570251465,36.619998931884766,36.7400016784668,36.2400016784668,36.4900016784668,108869600
2006-07-26,31.253847122192383,36.59000015258789,36.869998931884766,36.22999954223633,36.5099983215332,107170500
2006-07-27,31.048852920532227,36.349998474121094,37.040000915527344,36.25,36.7400016784668,99698700
2006-07-28,31.698009490966797,37.11000061035156,37.13999938964844,36.5,36.529998779296875,93556100
2006-07-31,31.689472198486328,37.099998474121094,37.31999969482422,36.88999938964844,37.08000183105469,78015300
2006-08-01,31.159893035888672,36.47999954223633,36.79999923706055,36.2599983215332,36.77000045776367,98552800
2006-08-02,31.510101318359375,36.88999938964844,37.130001068115234,36.61000061035156,36.61000061035156,87370600
2006-08-03,31.706544876098633,37.119998931884766,37.34000015258789,36.47999954223633,36.52000045776367,99205600
2006-08-04,31.56134796142578,36.95000076293945,37.630001068115234,36.619998931884766,37.45000076293945,123493800
2006-08-07,31.356342315673828,36.709999084472656,36.939998626708984,36.529998779296875,36.90999984741211,69634800
2006-08-08,31.159893035888672,36.47999954223633,36.900001525878906,36.2599983215332,36.810001373291016,124139900
2006-08-09,31.202600479125977,36.529998779296875,37.310001373291016,36.43000030517578,36.9900016784668,145342200
2006-08-10,31.424680709838867,36.790000915527344,36.880001068115234,36.310001373291016,36.43000030517578,102481300
2006-08-11,31.202600479125977,36.529998779296875,36.689998626708984,36.369998931884766,36.650001525878906,86903200
2006-08-14,31.407596588134766,36.77000045776367,37.27000045776367,36.70000076293945,36.84000015258789,109281100
2006-08-15,32.20197677612305,37.70000076293945,37.75,37.09000015258789,37.20000076293945,133712100
2006-08-16,32.96217727661133,38.59000015258789,38.61000061035156,37.84000015258789,37.97999954223633,135452100
2006-08-17,33.08174514770508,38.72999954223633,38.97999954223633,38.439998626708984,38.459999084472656,129492200
2006-08-18,33.132999420166016,38.790000915527344,38.83000183105469,38.279998779296875,38.630001068115234,97754500
2006-08-21,32.81697082519531,38.41999816894531,38.560001373291016,38.2599983215332,38.5,66668400
2006-08-22,32.82551193237305,38.43000030517578,38.810001373291016,38.20000076293945,38.36000061035156,102058600
2006-08-23,32.57780075073242,38.13999938964844,38.66999816894531,37.91999816894531,38.459999084472656,96056300
2006-08-24,32.671749114990234,38.25,38.349998474121094,37.91999816894531,38.25,78985300
2006-08-25,32.731544494628906,38.31999969482422,38.63999938964844,38.060001373291016,38.16999816894531,73572900
2006-08-28,32.979244232177734,38.61000061035156,38.790000915527344,38.2400016784668,38.290000915527344,80035000
2006-08-29,33.08174514770508,38.72999954223633,38.7599983215332,38.18000030517578,38.58000183105469,104842000
2006-08-30,33.23550796508789,38.90999984741211,39.029998779296875,38.599998474121094,38.720001220703125,75687200
2006-08-31,33.20133972167969,38.869998931884766,39.029998779296875,38.7599983215332,38.959999084472656,61207200
2006-09-01,33.38071060180664,39.08000183105469,39.209999084472656,38.900001525878906,39.08000183105469,69388500
2006-09-05,33.70528793334961,39.459999084472656,39.47999954223633,38.849998474121094,39.099998474121094,85582800
2006-09-06,33.030517578125,38.66999816894531,39.189998626708984,38.61000061035156,39.099998474121094,97888600
2006-09-07,32.87675857543945,38.4900016784668,38.900001525878906,38.36000061035156,38.54999923706055,115877400
2006-09-08,33.073219299316406,38.720001220703125,38.81999969482422,38.459999084472656,38.540000915527344,96627000
2006-09-11,33.2782096862793,38.959999084472656,39.150001525878906,38.31999969482422,38.40999984741211,142377500
2006-09-12,33.893218994140625,39.68000030517578,39.79999923706055,38.95000076293945,38.95000076293945,124102400
2006-09-13,34.12382888793945,39.95000076293945,39.97999954223633,39.630001068115234,39.709999084472656,116054300
2006-09-14,34.15800857543945,39.9900016784668,40.220001220703125,39.7599983215332,39.849998474121094,98116000
2006-09-15,34.28022003173828,40.11000061035156,40.459999084472656,40.0,40.29999923706055,137825600
2006-09-18,34.28877258300781,40.119998931884766,40.400001525878906,39.939998626708984,40.119998931884766,117806700
2006-09-19,34.05801773071289,39.849998474121094,40.25,39.52000045776367,40.220001220703125,159060800
2006-09-20,34.5537109375,40.43000030517578,40.540000915527344,40.189998626708984,40.20000076293945,116635500
2006-09-21,34.34003829956055,40.18000030517578,40.66999816894531,40.08000183105469,40.529998779296875,121886900
2006-09-22,34.07511520385742,39.869998931884766,40.15999984741211,39.70000076293945,40.150001525878906,100996400
2006-09-25,34.67336654663086,40.56999969482422,40.65999984741211,39.68000030517578,40.040000915527344,136473400
2006-09-26,34.84429168701172,40.77000045776367,40.79999923706055,40.400001525878906,40.52000045776367,113375600
2006-09-27,34.80155563354492,40.720001220703125,40.95000076293945,40.5,40.66999816894531,113003800
2006-09-28,34.89558029174805,40.83000183105469,40.88999938964844,40.43000030517578,40.77000045776367,85943600
2006-09-29,34.74174880981445,40.650001525878906,40.93000030517578,40.619998931884766,40.900001525878906,85438200
2006-10-02,34.30586242675781,40.13999938964844,40.70000076293945,40.08000183105469,40.599998474121094,97068800
2006-10-03,34.451148986816406,40.310001373291016,40.47999954223633,39.880001068115234,40.02000045776367,116261400
2006-10-04,35.29725646972656,41.29999923706055,41.310001373291016,40.13999938964844,40.2400016784668,149209500
2006-10-05,35.46818923950195,41.5,41.560001373291016,41.18000030517578,41.29999923706055,91799900
2006-10-06,35.39128494262695,41.40999984741211,41.560001373291016,41.2400016784668,41.36000061035156,85450400
2006-10-09,35.51091384887695,41.54999923706055,41.7400016784668,41.31999969482422,41.36000061035156,62786100
2006-10-10,35.570762634277344,41.619998931884766,41.75,41.310001373291016,41.599998474121094,98181800
2006-10-11,35.50236129760742,41.540000915527344,41.83000183105469,41.16999816894531,41.43000030517578,136561300
2006-10-12,36.06644821166992,42.20000076293945,42.25,41.70000076293945,41.7599983215332,95260200
2006-10-13,36.26301574707031,42.43000030517578,42.52000045776367,42.13999938964844,42.22999954223633,80470200
2006-10-16,36.297210693359375,42.470001220703125,42.619998931884766,42.400001525878906,42.43000030517578,62017400
2006-10-17,35.89552307128906,42.0,42.20000076293945,41.7599983215332,42.16999816894531,146149100
2006-10-18,35.724586486816406,41.79999923706055,42.310001373291016,41.650001525878906,42.220001220703125,120366100
2006-10-19,35.81004333496094,41.900001525878906,42.11000061035156,41.59000015258789,41.689998626708984,108198400
2006-10-20,35.89552307128906,42.0,42.08000183105469,41.63999938964844,42.040000915527344,105454300
2006-10-23,36.26301574707031,42.43000030517578,42.58000183105469,41.81999969482422,41.91999816894531,126960500
2006-10-24,36.01517105102539,42.13999938964844,42.45000076293945,41.91999816894531,42.279998779296875,103541700
2006-10-25,36.26301574707031,42.43000030517578,42.52000045776367,42.04999923706055,42.15999984741211,125399500
2006-10-26,36.5963249206543,42.81999969482422,42.91999816894531,42.220001220703125,42.58000183105469,130260700
2006-10-27,36.07499313354492,42.209999084472656,42.81999969482422,42.08000183105469,42.720001220703125,129375000
2006-10-30,36.30575180053711,42.47999954223633,42.650001525878906,42.060001373291016,42.15999984741211,103899900
2006-10-31,36.391231536865234,42.58000183105469,42.7599983215332,42.310001373291016,42.560001373291016,135811800
2006-11-01,35.89552307128906,42.0,42.77000045776367,41.81999969482422,42.72999954223633,148960600
2006-11-02,35.92970657348633,42.040000915527344,42.13999938964844,41.7400016784668,41.810001373291016,100216400
2006-11-03,35.835693359375,41.93000030517578,42.189998626708984,41.61000061035156,42.099998474121094,119263300
2006-11-06,36.357051849365234,42.540000915527344,42.709999084472656,42.060001373291016,42.06999969482422,101283300
2006-11-07,36.60488510131836,42.83000183105469,43.09000015258789,42.470001220703125,42.540000915527344,139706500
2006-11-08,36.77580642700195,43.029998779296875,43.20000076293945,42.470001220703125,42.59000015258789,180245700
2006-11-09,36.60488510131836,42.83000183105469,43.349998474121094,42.66999816894531,43.2599983215332,124278000
2006-11-10,36.77580642700195,43.029998779296875,43.040000915527344,42.66999816894531,42.84000015258789,82419400
2006-11-13,37.1518440246582,43.470001220703125,43.540000915527344,43.0,43.04999923706055,89146200
2006-11-14,37.545005798339844,43.93000030517578,43.970001220703125,43.2400016784668,43.5,121962800
2006-11-15,37.698848724365234,44.11000061035156,44.400001525878906,43.91999816894531,43.9900016784668,116565900
2006-11-16,37.86122512817383,44.29999923706055,44.41999816894531,44.02000045776367,44.2599983215332,113513200
2006-11-17,37.86122512817383,44.29999923706055,44.29999923706055,43.95000076293945,44.060001373291016,95162500
2006-11-20,37.93813705444336,44.38999938964844,44.47999954223633,44.0099983215332,44.15999984741211,107184100
2006-11-21,37.98942565917969,44.45000076293945,44.5099983215332,44.25,44.41999816894531,68092200
2006-11-22,38.22872543334961,44.72999954223633,44.75,44.2599983215332,44.58000183105469,69852700
2006-11-24,38.16035461425781,44.650001525878906,44.86000061035156,44.380001068115234,44.400001525878906,51762900
2006-11-27,37.297149658203125,43.63999938964844,44.61000061035156,43.63999938964844,44.5099983215332,159506300
2006-11-28,37.40825653076172,43.77000045776367,43.84000015258789,43.34000015258789,43.5099983215332,118268400
2006-11-29,37.66466522216797,44.06999969482422,44.18000030517578,43.65999984741211,44.0,139515500
2006-11-30,37.639015197753906,44.040000915527344,44.279998779296875,43.790000915527344,44.04999923706055,123457100
2006-12-01,37.31423568725586,43.65999984741211,44.349998474121094,43.2599983215332,44.0,144559600
2006-12-04,37.82704544067383,44.2599983215332,44.47999954223633,43.790000915527344,43.790000915527344,89782400
2006-12-05,37.96379470825195,44.41999816894531,44.54999923706055,44.189998626708984,44.38999938964844,84697500
2006-12-06,37.82704544067383,44.2599983215332,44.400001525878906,44.06999969482422,44.279998779296875,78207500
2006-12-07,37.348445892333984,43.70000076293945,44.47999954223633,43.70000076293945,44.34000015258789,124936100
2006-12-08,37.519351959228516,43.900001525878906,44.2599983215332,43.470001220703125,43.560001373291016,133798700
2006-12-11,37.6561279296875,44.060001373291016,44.369998931884766,43.75,43.83000183105469,72931300
2006-12-12,37.433895111083984,43.79999923706055,44.130001068115234,43.560001373291016,44.04999923706055,110985900
2006-12-13,37.50226593017578,43.880001068115234,44.11000061035156,43.619998931884766,44.099998474121094,79035500
2006-12-14,37.92105484008789,44.369998931884766,44.56999969482422,43.939998626708984,43.970001220703125,109104200
2006-12-15,38.01860046386719,44.43000030517578,44.7599983215332,44.349998474121094,44.68000030517578,99942300
2006-12-18,37.6421012878418,43.9900016784668,44.75,43.79999923706055,44.58000183105469,121588700
2006-12-19,37.522308349609375,43.849998474121094,44.060001373291016,43.380001068115234,43.650001525878906,136535200
2006-12-20,37.38538360595703,43.689998626708984,44.11000061035156,43.66999816894531,43.900001525878906,67213400
2006-12-21,37.120121002197266,43.380001068115234,43.790000915527344,43.209999084472656,43.7400016784668,102952300
2006-12-22,36.73505783081055,42.93000030517578,43.40999984741211,42.93000030517578,43.400001525878906,92858600
2006-12-26,36.88908767700195,43.11000061035156,43.119998931884766,42.880001068115234,42.93000030517578,50848600
2006-12-27,37.07733154296875,43.33000183105469,43.400001525878906,43.099998474121094,43.209999084472656,54129200
2006-12-28,36.897647857666016,43.119998931884766,43.380001068115234,43.04999923706055,43.20000076293945,69016000
2006-12-29,36.93186569213867,43.15999984741211,43.61000061035156,43.119998931884766,43.189998626708984,75152500
2007-01-03,37.000328063964844,43.2400016784668,44.060001373291016,42.52000045776367,43.459999084472656,167689500
2007-01-04,37.70201110839844,44.060001373291016,44.209999084472656,43.150001525878906,43.29999923706055,136853500
2007-01-05,37.522308349609375,43.849998474121094,43.95000076293945,43.47999954223633,43.95000076293945,138958800
2007-01-08,37.5479621887207,43.880001068115234,44.119998931884766,43.63999938964844,43.88999938964844,106401600
2007-01-09,37.73622512817383,44.099998474121094,44.290000915527344,43.630001068115234,44.0099983215332,121577500
2007-01-10,38.181190490722656,44.619998931884766,44.65999984741211,43.81999969482422,43.959999084472656,121070100
2007-01-11,38.574806213378906,45.08000183105469,45.2400016784668,44.650001525878906,44.709999084472656,174029800
2007-01-12,38.7716178894043,45.310001373291016,45.349998474121094,44.970001220703125,45.02000045776367,104217300
2007-01-16,38.74592971801758,45.279998779296875,45.400001525878906,45.130001068115234,45.349998474121094,95690500
2007-01-17,38.429344177246094,44.90999984741211,45.290000915527344,44.83000183105469,45.09000015258789,127142600
2007-01-18,37.7191162109375,44.08000183105469,44.84000015258789,43.95000076293945,44.790000915527344,189029800
2007-01-19,37.79612731933594,44.16999816894531,44.279998779296875,43.90999984741211,43.970001220703125,127544300
2007-01-22,37.38538360595703,43.689998626708984,44.22999954223633,43.5099983215332,44.209999084472656,123441700
2007-01-23,37.29125213623047,43.58000183105469,43.97999954223633,43.5,43.65999984741211,133103600
2007-01-24,37.90736389160156,44.29999923706055,44.31999969482422,43.77000045776367,43.86000061035156,117615300
2007-01-25,37.419612884521484,43.72999954223633,44.470001220703125,43.58000183105469,44.36000061035156,158337600
2007-01-26,37.28270721435547,43.56999969482422,43.83000183105469,43.290000915527344,43.810001373291016,146284300
2007-01-29,37.31694030761719,43.61000061035156,43.90999984741211,43.400001525878906,43.459999084472656,104191500
2007-01-30,37.33403396606445,43.630001068115234,43.790000915527344,43.52000045776367,43.68000030517578,69605900
2007-01-31,37.7105598449707,44.06999969482422,44.189998626708984,43.33000183105469,43.58000183105469,157772500
2007-02-01,37.6506462097168,44.0,44.400001525878906,43.849998474121094,44.27000045776367,147365600
2007-02-02,37.78754425048828,44.15999984741211,44.25,43.939998626708984,44.119998931884766,98189200
2007-02-05,37.75333023071289,44.119998931884766,44.36000061035156,43.959999084472656,44.13999938964844,96347800
2007-02-06,37.70201110839844,44.060001373291016,44.22999954223633,43.63999938964844,44.20000076293945,121110200
2007-02-07,38.044288635253906,44.459999084472656,44.650001525878906,44.119998931884766,44.279998779296875,117823800
2007-02-08,38.03571701049805,44.45000076293945,44.599998474121094,44.22999954223633,44.400001525878906,89521900
2007-02-09,37.5479621887207,43.880001068115234,44.720001220703125,43.72999954223633,44.56999969482422,133472000
2007-02-12,37.40250015258789,43.709999084472656,43.88999938964844,43.59000015258789,43.869998931884766,126940000
2007-02-13,37.53084945678711,43.86000061035156,44.0,43.70000076293945,43.779998779296875,93648000
2007-02-14,38.1640739440918,44.599998474121094,44.709999084472656,44.040000915527344,44.040000915527344,133370000
2007-02-15,38.38655471801758,44.86000061035156,44.86000061035156,44.54999923706055,44.630001068115234,110452500
2007-02-16,38.25819778442383,44.709999084472656,44.83000183105469,44.56999969482422,44.65999984741211,72342200
2007-02-20,38.54912185668945,45.04999923706055,45.119998931884766,44.43000030517578,44.63999938964844,93629000
2007-02-21,38.66893768310547,45.189998626708984,45.209999084472656,44.83000183105469,44.91999816894531,95864000
2007-02-22,38.86575698852539,45.41999816894531,45.54999923706055,45.06999969482422,45.36000061035156,116344400
2007-02-23,38.72882843017578,45.2599983215332,45.459999084472656,45.060001373291016,45.41999816894531,113467100
2007-02-26,38.540565490722656,45.040000915527344,45.5,44.7599983215332,45.47999954223633,101623700
2007-02-27,36.957515716552734,43.189998626708984,44.47999954223633,43.060001373291016,44.369998931884766,317813200
2007-02-28,37.07733154296875,43.33000183105469,43.7599983215332,42.93000030517578,43.150001525878906,214978700
2007-03-01,36.90620803833008,43.130001068115234,43.540000915527344,42.2400016784668,42.54999923706055,231806500
2007-03-02,36.34999084472656,42.47999954223633,43.13999938964844,42.470001220703125,42.779998779296875,183359400
2007-03-05,36.0676155090332,42.150001525878906,42.79999923706055,42.060001373291016,42.150001525878906,171885400
2007-03-06,36.66659164428711,42.849998474121094,42.9900016784668,42.5,42.529998779296875,155551800
2007-03-07,36.52114486694336,42.68000030517578,42.97999954223633,42.650001525878906,42.86000061035156,119979300
2007-03-08,36.769290924072266,42.970001220703125,43.2400016784668,42.84000015258789,43.130001068115234,120900700
2007-03-09,36.73505783081055,42.93000030517578,43.34000015258789,42.650001525878906,43.33000183105469,128597600
2007-03-12,36.97467041015625,43.209999084472656,43.279998779296875,42.83000183105469,42.869998931884766,81310100
2007-03-13,36.25586700439453,42.369998931884766,43.2400016784668,42.36000061035156,43.0,171231800
2007-03-14,36.78640365600586,42.9900016784668,43.0,42.099998474121094,42.43000030517578,192586700
2007-03-15,36.70085144042969,42.88999938964844,43.060001373291016,42.720001220703125,42.900001525878906,111627400
2007-03-16,36.67257308959961,42.83000183105469,43.040000915527344,42.61000061035156,42.939998626708984,108328800
2007-03-19,37.049312591552734,43.27000045776367,43.38999938964844,42.95000076293945,43.060001373291016,95913200
2007-03-20,37.31475067138672,43.58000183105469,43.59000015258789,43.209999084472656,43.2599983215332,78755700
2007-03-21,38.03398513793945,44.41999816894531,44.439998626708984,43.349998474121094,43.63999938964844,173333500
2007-03-22,37.8969841003418,44.2599983215332,44.45000076293945,44.09000015258789,44.439998626708984,114856300
2007-03-23,37.777122497558594,44.119998931884766,44.369998931884766,44.06999969482422,44.2599983215332,68530300
2007-03-26,37.931236267089844,44.29999923706055,44.31999969482422,43.630001068115234,44.13999938964844,114237300
2007-03-27,37.66581344604492,43.9900016784668,44.2400016784668,43.95000076293945,44.22999954223633,76419200
2007-03-28,37.26337432861328,43.52000045776367,44.029998779296875,43.5099983215332,43.79999923706055,142795000
2007-03-29,37.30617904663086,43.56999969482422,43.849998474121094,43.099998474121094,43.81999969482422,124407000
2007-03-30,37.27194595336914,43.529998779296875,43.869998931884766,43.220001220703125,43.560001373291016,120418700
2007-04-02,37.32331085205078,43.59000015258789,43.7599983215332,43.29999923706055,43.66999816894531,89617700
2007-04-03,37.81137466430664,44.15999984741211,44.310001373291016,43.790000915527344,43.81999969482422,105814500
2007-04-04,37.96549606323242,44.34000015258789,44.380001068115234,44.130001068115234,44.189998626708984,85147200
2007-04-05,38.153865814208984,44.560001373291016,44.58000183105469,44.22999954223633,44.290000915527344,54220200
2007-04-09,38.059688568115234,44.45000076293945,44.75,44.380001068115234,44.709999084472656,63050200
2007-04-10,38.2566032409668,44.68000030517578,44.68000030517578,44.40999984741211,44.439998626708984,76364500
2007-04-11,37.854183197021484,44.209999084472656,44.65999984741211,44.06999969482422,44.63999938964844,114012300
2007-04-12,38.153865814208984,44.560001373291016,44.619998931884766,43.95000076293945,44.13999938964844,113801300
2007-04-13,38.23093032836914,44.650001525878906,44.720001220703125,44.290000915527344,44.56999969482422,94572000
2007-04-16,38.58197784423828,45.060001373291016,45.150001525878906,44.83000183105469,44.83000183105469,72803200
2007-04-17,38.6676139831543,45.15999984741211,45.20000076293945,44.959999084472656,45.150001525878906,81852300
2007-04-18,38.53916931152344,45.0099983215332,45.22999954223633,44.83000183105469,44.93000030517578,82002500
2007-04-19,38.65904998779297,45.150001525878906,45.25,44.720001220703125,44.810001373291016,95413000
2007-04-20,38.87308883666992,45.400001525878906,45.66999816894531,45.20000076293945,45.52000045776367,122377400
2007-04-23,38.933040618896484,45.470001220703125,45.599998474121094,45.34000015258789,45.459999084472656,85303300
2007-04-24,39.129966735839844,45.70000076293945,45.83000183105469,45.33000183105469,45.630001068115234,108143700
2007-04-25,39.65229797363281,46.310001373291016,46.31999969482422,45.70000076293945,45.849998474121094,106818100
2007-04-26,39.857765197753906,46.54999923706055,46.650001525878906,46.33000183105469,46.41999816894531,99308300
2007-04-27,39.87491226196289,46.56999969482422,46.70000076293945,46.290000915527344,46.369998931884766,96536500
2007-04-30,39.352596282958984,45.959999084472656,46.529998779296875,45.91999816894531,46.4900016784668,93290500
2007-05-01,39.31834411621094,45.91999816894531,46.13999938964844,45.65999984741211,45.970001220703125,135044400
2007-05-02,39.74646759033203,46.41999816894531,46.58000183105469,46.04999923706055,46.09000015258789,91971600
2007-05-03,39.89201354980469,46.59000015258789,46.720001220703125,46.43000030517578,46.5099983215332,98003600
2007-05-04,39.92626190185547,46.630001068115234,46.88999938964844,46.41999816894531,46.77000045776367,93591800
2007-05-07,39.92626190185547,46.630001068115234,46.779998779296875,46.56999969482422,46.65999984741211,47487900
2007-05-08,40.01191711425781,46.72999954223633,46.77000045776367,46.29999923706055,46.470001220703125,95138900
2007-05-09,40.09752655029297,46.83000183105469,46.970001220703125,46.459999084472656,46.4900016784668,116021000
2007-05-10,39.549530029296875,46.189998626708984,46.779998779296875,46.06999969482422,46.66999816894531,171196300
2007-05-11,40.054725646972656,46.779998779296875,46.779998779296875,46.18000030517578,46.2400016784668,104767900
2007-05-14,39.78070068359375,46.459999084472656,46.880001068115234,46.189998626708984,46.77000045776367,118899200
2007-05-15,39.47246551513672,46.099998474121094,46.70000076293945,45.9900016784668,46.41999816894531,179438500
2007-05-16,39.857765197753906,46.54999923706055,46.560001373291016,45.90999984741211,46.20000076293945,144420500
2007-05-17,39.66941833496094,46.33000183105469,46.56999969482422,46.290000915527344,46.4900016784668,109869100
2007-05-18,39.994781494140625,46.709999084472656,46.709999084472656,46.380001068115234,46.47999954223633,104961700
2007-05-21,40.25163650512695,47.0099983215332,47.2400016784668,46.66999816894531,46.7400016784668,112831400
2007-05-22,40.2859001159668,47.04999923706055,47.279998779296875,46.869998931884766,47.040000915527344,98029100
2007-05-23,40.09752655029297,46.83000183105469,47.369998931884766,46.79999923706055,47.189998626708984,119220600
2007-05-24,39.52385330200195,46.15999984741211,47.040000915527344,45.970001220703125,46.86000061035156,206268600
2007-05-25,39.77214431762695,46.45000076293945,46.560001373291016,46.18000030517578,46.2599983215332,87143200
2007-05-29,40.08038330078125,46.810001373291016,46.86000061035156,46.40999984741211,46.5,99702400
2007-05-30,40.40575408935547,47.189998626708984,47.20000076293945,46.349998474121094,46.47999954223633,132036500
2007-05-31,40.59413528442383,47.40999984741211,47.52000045776367,47.209999084472656,47.31999969482422,109457700
2007-06-01,40.61982345581055,47.439998626708984,47.77000045776367,47.369998931884766,47.58000183105469,125089800
2007-06-04,40.73969268798828,47.58000183105469,47.63999938964844,47.2400016784668,47.27000045776367,64782700
2007-06-05,40.73969268798828,47.58000183105469,47.58000183105469,47.0,47.45000076293945,151160400
2007-06-06,40.303009033203125,47.06999969482422,47.380001068115234,46.959999084472656,47.369998931884766,183166500
2007-06-07,39.67797088623047,46.34000015258789,47.209999084472656,46.31999969482422,46.90999984741211,221373300
2007-06-08,40.166015625,46.90999984741211,46.93000030517578,46.15999984741211,46.31999969482422,177587800
2007-06-11,40.08895492553711,46.81999969482422,47.189998626708984,46.7599983215332,46.880001068115234,97100400
2007-06-12,39.84921646118164,46.540000915527344,47.040000915527344,46.45000076293945,46.56999969482422,153967700
2007-06-13,40.2859001159668,47.04999923706055,47.09000015258789,46.540000915527344,46.7400016784668,147985300
2007-06-14,40.55130386352539,47.36000061035156,47.4900016784668,47.09000015258789,47.099998474121094,101531900
2007-06-15,40.925785064697266,47.7599983215332,47.869998931884766,47.650001525878906,47.7599983215332,100378400
2007-06-18,40.934364318847656,47.77000045776367,47.869998931884766,47.66999816894531,47.849998474121094,75713200
2007-06-19,40.925785064697266,47.7599983215332,47.86000061035156,47.5099983215332,47.630001068115234,109621300
2007-06-20,40.540184020996094,47.310001373291016,47.91999816894531,47.2400016784668,47.83000183105469,161889500
2007-06-21,40.90865707397461,47.7400016784668,47.790000915527344,47.08000183105469,47.290000915527344,143181300
2007-06-22,40.52304458618164,47.290000915527344,47.709999084472656,47.13999938964844,47.63999938964844,153328700
2007-06-25,40.351661682128906,47.09000015258789,47.58000183105469,46.81999969482422,47.29999923706055,136602600
2007-06-26,40.12028884887695,46.81999969482422,47.31999969482422,46.7400016784668,47.310001373291016,128211900
2007-06-27,40.737274169921875,47.540000915527344,47.560001373291016,46.70000076293945,46.77000045776367,141196200
2007-06-28,40.72013854980469,47.52000045776367,47.849998474121094,47.470001220703125,47.52000045776367,116546300
2007-06-29,40.788692474365234,47.599998474121094,47.880001068115234,47.209999084472656,47.779998779296875,124794700
2007-07-02,41.157135009765625,48.029998779296875,48.04999923706055,47.68000030517578,47.709999084472656,80863100
2007-07-03,41.39708709716797,48.310001373291016,48.31999969482422,48.040000915527344,48.09000015258789,34803300
2007-07-05,41.696998596191406,48.65999984741211,48.77000045776367,48.290000915527344,48.34000015258789,73588500
2007-07-06,41.8683967590332,48.86000061035156,48.90999984741211,48.5,48.709999084472656,65804300
2007-07-09,41.89408874511719,48.88999938964844,48.97999954223633,48.720001220703125,48.900001525878906,66768800
2007-07-10,41.54276657104492,48.47999954223633,48.900001525878906,48.43000030517578,48.619998931884766,104383100
2007-07-11,41.82555389404297,48.810001373291016,48.810001373291016,48.31999969482422,48.369998931884766,99637600
2007-07-12,42.46822738647461,49.560001373291016,49.66999816894531,48.91999816894531,48.970001220703125,107667100
2007-07-13,42.75956344604492,49.900001525878906,49.970001220703125,49.56999969482422,49.630001068115234,74232200
2007-07-16,42.716732025146484,49.849998474121094,50.08000183105469,49.7599983215332,49.88999938964844,77799500
2007-07-17,43.0423469543457,50.22999954223633,50.29999923706055,49.91999816894531,49.959999084472656,124833700
2007-07-18,42.99092102050781,50.16999816894531,50.16999816894531,49.63999938964844,49.95000076293945,144915900
2007-07-19,43.11948013305664,50.31999969482422,50.65999984741211,50.310001373291016,50.40999984741211,116563800
2007-07-20,42.88808822631836,50.04999923706055,50.36000061035156,49.7400016784668,50.290000915527344,163721300
2007-07-23,42.90523910522461,50.06999969482422,50.310001373291016,49.91999816894531,50.220001220703125,107464100
2007-07-24,42.27113723754883,49.33000183105469,50.099998474121094,49.04999923706055,49.70000076293945,175496200
2007-07-25,42.331111907958984,49.400001525878906,49.66999816894531,49.060001373291016,49.58000183105469,170258700
2007-07-26,41.971195220947266,48.97999954223633,49.470001220703125,48.04999923706055,49.060001373291016,318522000
2007-07-27,41.122886657714844,47.9900016784668,49.119998931884766,47.9900016784668,48.88999938964844,246387600
2007-07-30,41.60276794433594,48.54999923706055,48.72999954223633,47.95000076293945,48.220001220703125,166517200
2007-07-31,40.728702545166016,47.529998779296875,48.9900016784668,47.43000030517578,48.970001220703125,260224500
2007-08-01,41.04575729370117,47.900001525878906,47.93000030517578,46.97999954223633,47.38999938964844,301153900
2007-08-02,41.42277526855469,48.34000015258789,48.43000030517578,47.790000915527344,47.93000030517578,177369900
2007-08-03,40.634437561035156,47.41999816894531,48.310001373291016,47.150001525878906,48.25,166048400
2007-08-06,41.10573196411133,47.970001220703125,48.02000045776367,47.029998779296875,47.470001220703125,190869100
2007-08-07,41.39708709716797,48.310001373291016,48.619998931884766,47.47999954223633,47.880001068115234,167109700
2007-08-08,41.85124588012695,48.84000015258789,49.060001373291016,48.400001525878906,48.5099983215332,164831200
2007-08-09,40.882938385009766,47.709999084472656,48.970001220703125,47.689998626708984,48.189998626708984,242418200
2007-08-10,40.514488220214844,47.279998779296875,47.83000183105469,46.630001068115234,47.20000076293945,247006400
2007-08-13,40.788692474365234,47.599998474121094,47.880001068115234,47.47999954223633,47.68000030517578,116935100
2007-08-14,40.0946044921875,46.790000915527344,47.7400016784668,46.72999954223633,47.70000076293945,153529800
2007-08-15,39.33195114135742,45.900001525878906,47.09000015258789,45.810001373291016,46.68000030517578,214854100
2007-08-16,38.94633483886719,45.45000076293945,45.90999984741211,44.38999938964844,45.529998779296875,362468700
2007-08-17,39.68328094482422,46.310001373291016,46.59000015258789,45.59000015258789,46.310001373291016,223246600
2007-08-20,39.871803283691406,46.529998779296875,46.720001220703125,46.08000183105469,46.4900016784668,144715100
2007-08-21,40.29167175292969,47.02000045776367,47.130001068115234,46.38999938964844,46.47999954223633,115027200
2007-08-22,40.840084075927734,47.65999984741211,47.70000076293945,47.27000045776367,47.380001068115234,115814100
2007-08-23,40.728702545166016,47.529998779296875,47.849998474121094,47.22999954223633,47.790000915527344,118663400
2007-08-24,41.30281066894531,48.20000076293945,48.22999954223633,47.31999969482422,47.380001068115234,88189200
2007-08-27,41.02861404418945,47.880001068115234,48.20000076293945,47.84000015258789,48.060001373291016,72490400
2007-08-28,40.05175018310547,46.7400016784668,47.70000076293945,46.709999084472656,47.599998474121094,106024800
2007-08-29,41.20001220703125,48.08000183105469,48.119998931884766,47.04999923706055,47.04999923706055,113201000
2007-08-30,41.41423034667969,48.33000183105469,48.7400016784668,47.75,47.83000183105469,138930000
2007-08-31,41.876949310302734,48.869998931884766,49.060001373291016,48.61000061035156,48.86000061035156,94687200
2007-09-04,42.571044921875,49.68000030517578,50.0,48.90999984741211,48.93000030517578,98480900
2007-09-05,42.14259719848633,49.18000030517578,49.650001525878906,48.869998931884766,49.560001373291016,114049300
2007-09-06,42.108306884765625,49.13999938964844,49.36000061035156,48.810001373291016,49.22999954223633,99222600
2007-09-07,41.32853698730469,48.22999954223633,48.599998474121094,47.95000076293945,48.529998779296875,152438000
2007-09-10,41.30281066894531,48.20000076293945,48.75,47.810001373291016,48.619998931884766,125199400
2007-09-11,41.928367614746094,48.93000030517578,48.9900016784668,48.43000030517578,48.5099983215332,103064500
2007-09-12,41.936946868896484,48.939998626708984,49.369998931884766,48.779998779296875,48.84000015258789,93993400
2007-09-13,42.14259719848633,49.18000030517578,49.349998474121094,48.939998626708984,49.290000915527344,80807500
2007-09-14,42.176876068115234,49.220001220703125,49.310001373291016,48.72999954223633,48.79999923706055,99801200
2007-09-17,41.82555389404297,48.810001373291016,49.099998474121094,48.59000015258789,49.0,84882300
2007-09-18,42.87953567504883,50.040000915527344,50.08000183105469,48.83000183105469,49.09000015258789,151452100
2007-09-19,42.99092102050781,50.16999816894531,50.59000015258789,49.97999954223633,50.290000915527344,127025800
2007-09-20,42.870975494384766,50.029998779296875,50.2599983215332,49.91999816894531,50.060001373291016,109970600
2007-09-21,43.176185607910156,50.36000061035156,50.52000045776367,50.0099983215332,50.279998779296875,86829500
2007-09-24,43.37338638305664,50.59000015258789,50.959999084472656,50.33000183105469,50.4900016784668,107226800
2007-09-25,43.784881591796875,51.06999969482422,51.06999969482422,50.36000061035156,50.41999816894531,101102200
2007-09-26,43.99924850463867,51.31999969482422,51.5099983215332,51.119998931884766,51.36000061035156,96124600
2007-09-27,44.222145080566406,51.58000183105469,51.650001525878906,51.36000061035156,51.619998931884766,73423200
2007-09-28,44.07637405395508,51.40999984741211,51.68000030517578,51.18000030517578,51.540000915527344,75546000
2007-10-01,44.582237243652344,52.0,52.15999984741211,51.380001068115234,51.45000076293945,100404100
2007-10-02,44.59080123901367,52.0099983215332,52.060001373291016,51.720001220703125,52.040000915527344,71046000
2007-10-03,44.28217315673828,51.650001525878906,52.06999969482422,51.5,51.84000015258789,106785000
2007-10-04,44.385032653808594,51.77000045776367,51.83000183105469,51.34000015258789,51.75,84129300
2007-10-05,45.28526306152344,52.81999969482422,52.900001525878906,52.060001373291016,52.16999816894531,115674700
2007-10-08,45.568180084228516,53.150001525878906,53.15999984741211,52.709999084472656,52.79999923706055,63022400
2007-10-09,45.7653923034668,53.380001068115234,53.45000076293945,53.029998779296875,53.27000045776367,93965600
2007-10-10,45.876834869384766,53.5099983215332,53.56999969482422,53.209999084472656,53.38999938964844,91777500
2007-10-11,45.14809036254883,52.65999984741211,53.939998626708984,52.279998779296875,53.790000915527344,239786700
2007-10-12,45.89397430419922,53.529998779296875,53.540000915527344,52.79999923706055,52.900001525878906,131676000
2007-10-15,45.54247283935547,53.119998931884766,53.709999084472656,52.70000076293945,53.61000061035156,121578700
2007-10-16,45.32814025878906,52.869998931884766,53.279998779296875,52.68000030517578,52.790000915527344,193676600
2007-10-17,45.9111213684082,53.54999923706055,53.65999984741211,52.68000030517578,53.619998931884766,183985200
2007-10-18,46.108306884765625,53.779998779296875,53.88999938964844,53.119998931884766,53.33000183105469,144491200
2007-10-19,44.95947265625,52.439998626708984,53.77000045776367,52.38999938964844,53.77000045776367,245111500
2007-10-22,45.49959945678711,53.06999969482422,53.119998931884766,52.02000045776367,52.15999984741211,207052100
2007-10-23,46.45125198364258,54.18000030517578,54.209999084472656,53.34000015258789,53.61000061035156,162360600
2007-10-24,46.0997428894043,53.77000045776367,53.939998626708984,52.599998474121094,53.7400016784668,298293400
2007-10-25,45.482444763183594,53.04999923706055,53.97999954223633,52.75,53.88999938964844,233833100
2007-10-26,46.2369270324707,53.93000030517578,54.20000076293945,53.439998626708984,54.08000183105469,146690300
2007-10-29,46.42554473876953,54.150001525878906,54.33000183105469,53.84000015258789,54.189998626708984,101896600
2007-10-30,46.51986312866211,54.2599983215332,54.560001373291016,53.900001525878906,53.939998626708984,114616600
2007-10-31,47.18000793457031,55.029998779296875,55.06999969482422,54.040000915527344,54.470001220703125,148431900
2007-11-01,46.29696273803711,54.0,54.77000045776367,53.970001220703125,54.68000030517578,181974200
2007-11-02,46.65702819824219,54.41999816894531,54.54999923706055,53.599998474121094,54.41999816894531,217882900
2007-11-05,46.3569450378418,54.06999969482422,54.400001525878906,53.59000015258789,53.86000061035156,150588900
2007-11-06,46.87992477416992,54.68000030517578,54.689998626708984,53.779998779296875,54.33000183105469,131884700
2007-11-07,45.73965835571289,53.349998474121094,54.58000183105469,53.310001373291016,54.220001220703125,197908200
2007-11-08,44.350746154785156,51.72999954223633,53.33000183105469,50.79999923706055,53.13999938964844,380626400
2007-11-09,42.86753463745117,50.0,51.119998931884766,50.0,50.72999954223633,309414900
2007-11-12,41.77869415283203,48.72999954223633,50.2400016784668,48.650001525878906,49.91999816894531,283216000
2007-11-13,43.501983642578125,50.7400016784668,50.790000915527344,49.349998474121094,49.38999938964844,255625900
2007-11-14,42.9447021484375,50.09000015258789,51.439998626708984,49.900001525878906,51.38999938964844,263284100
2007-11-15,42.71321105957031,49.81999969482422,50.540000915527344,49.369998931884766,50.0,251548800
2007-11-16,43.107601165771484,50.279998779296875,50.4900016784668,49.34000015258789,50.15999984741211,263623700
2007-11-19,42.61034393310547,49.70000076293945,50.45000076293945,49.40999984741211,50.15999984741211,198651100
2007-11-20,42.78180694580078,49.900001525878906,50.779998779296875,48.93000030517578,49.959999084472656,300763600
2007-11-21,42.27594757080078,49.310001373291016,50.16999816894531,48.849998474121094,49.45000076293945,212225400
2007-11-23,42.73036575317383,49.84000015258789,49.970001220703125,49.369998931884766,49.630001068115234,46463300
2007-11-26,41.99304962158203,48.97999954223633,50.369998931884766,48.900001525878906,49.970001220703125,150352100
2007-11-27,42.8332405090332,49.959999084472656,50.04999923706055,49.099998474121094,49.400001525878906,211369300
2007-11-28,44.13641357421875,51.47999954223633,51.70000076293945,50.599998474121094,50.630001068115234,216868100
2007-11-29,44.32504653930664,51.70000076293945,51.88999938964844,51.20000076293945,51.279998779296875,172087300
2007-11-30,43.99066162109375,51.310001373291016,52.25,50.95000076293945,52.209999084472656,171417400
2007-12-03,43.622013092041016,50.880001068115234,51.529998779296875,50.81999969482422,51.09000015258789,108625700
2007-12-04,43.441959381103516,50.66999816894531,50.939998626708984,50.380001068115234,50.4900016784668,113374100
2007-12-05,44.222145080566406,51.58000183105469,52.0,51.15999984741211,51.20000076293945,137614200
2007-12-06,44.8565788269043,52.31999969482422,52.369998931884766,51.61000061035156,51.630001068115234,99724500
2007-12-07,44.865150451660156,52.33000183105469,52.540000915527344,52.08000183105469,52.290000915527344,88992300
2007-12-10,45.045196533203125,52.540000915527344,52.689998626708984,52.31999969482422,52.459999084472656,75657900
2007-12-11,43.99924850463867,51.31999969482422,52.84000015258789,51.209999084472656,52.619998931884766,167064300
2007-12-12,44.39359664916992,51.779998779296875,52.43000030517578,50.88999938964844,52.25,162975200
2007-12-13,44.153564453125,51.5,51.630001068115234,50.97999954223633,51.33000183105469,153476200
2007-12-14,43.69916534423828,50.970001220703125,51.599998474121094,50.91999816894531,51.09000015258789,128396700
2007-12-17,42.636051177978516,49.72999954223633,50.9900016784668,49.709999084472656,50.779998779296875,134377000
2007-12-18,42.773223876953125,49.88999938964844,50.27000045776367,49.18000030517578,50.2400016784668,154251700
2007-12-19,42.764652252197266,49.880001068115234,50.20000076293945,49.61000061035156,49.88999938964844,137970900
2007-12-20,43.6391716003418,50.900001525878906,50.959999084472656,50.20000076293945,50.619998931884766,167341700
2007-12-21,44.49997329711914,51.849998474121094,51.900001525878906,51.47999954223633,51.68000030517578,107573500
2007-12-24,44.83469772338867,52.2400016784668,52.400001525878906,51.95000076293945,52.0099983215332,34499800
2007-12-26,45.05784225463867,52.5,52.630001068115234,52.0,52.130001068115234,58492100
2007-12-27,44.51713180541992,51.869998931884766,52.5,51.709999084472656,52.33000183105469,65778900
2007-12-28,44.474220275878906,51.81999969482422,52.15999984741211,51.43000030517578,52.040000915527344,67545400
2007-12-31,43.95926284790039,51.220001220703125,51.68000030517578,51.209999084472656,51.56999969482422,70135600
2008-01-02,43.26409149169922,50.40999984741211,51.470001220703125,50.130001068115234,51.27000045776367,152344100
2008-01-03,43.444332122802734,50.619998931884766,50.7599983215332,50.150001525878906,50.40999984741211,114103700
2008-01-04,41.539024353027344,48.400001525878906,49.83000183105469,48.209999084472656,49.810001373291016,212617600
2008-01-07,41.341636657714844,48.16999816894531,48.599998474121094,47.43000030517578,48.400001525878906,235083600
2008-01-08,40.26882553100586,46.91999816894531,48.7599983215332,46.91999816894531,48.27000045776367,261669800
2008-01-09,41.12706756591797,47.91999816894531,47.959999084472656,46.459999084472656,47.11000061035156,254011800
2008-01-10,41.18714904785156,47.9900016784668,48.40999984741211,47.290000915527344,47.43000030517578,249958500
2008-01-11,40.38040542602539,47.04999923706055,47.77000045776367,46.70000076293945,47.72999954223633,211685200
2008-01-14,41.08414840698242,47.869998931884766,48.0099983215332,47.310001373291016,47.689998626708984,168048500
2008-01-15,39.951271057128906,46.54999923706055,47.52000045776367,46.349998474121094,47.369998931884766,241094900
2008-01-16,39.522151947021484,46.04999923706055,46.90999984741211,45.459999084472656,46.189998626708984,265625900
2008-01-17,38.972869873046875,45.40999984741211,46.58000183105469,45.20000076293945,46.2400016784668,254098800
2008-01-18,38.92138671875,45.349998474121094,46.13999938964844,44.97999954223633,45.63999938964844,273063300
2008-01-22,37.917236328125,44.18000030517578,44.77000045776367,42.72999954223633,42.83000183105469,325732000
2008-01-23,37.771331787109375,44.0099983215332,44.150001525878906,41.61000061035156,42.540000915527344,390129000
2008-01-24,38.54375457763672,44.90999984741211,44.93000030517578,44.060001373291016,44.189998626708984,250249100
2008-01-25,37.75416946411133,43.9900016784668,45.869998931884766,43.939998626708984,45.869998931884766,199299100
2008-01-28,38.04597854614258,44.33000183105469,44.439998626708984,43.56999969482422,44.02000045776367,163711200
2008-01-29,38.114627838134766,44.40999984741211,44.68000030517578,44.040000915527344,44.560001373291016,138520000
2008-01-30,38.080318450927734,44.369998931884766,45.31999969482422,44.18000030517578,44.25,220824400
2008-01-31,38.73258972167969,45.130001068115234,45.59000015258789,43.81999969482422,43.869998931884766,246824100
2008-02-01,39.12736129760742,45.59000015258789,45.880001068115234,44.880001068115234,45.5,161920300
2008-02-04,38.578067779541016,44.95000076293945,45.61000061035156,44.939998626708984,45.58000183105469,100209900
2008-02-05,37.47954177856445,43.66999816894531,44.599998474121094,43.63999938964844,44.16999816894531,188990400
2008-02-06,36.74144744873047,42.810001373291016,44.16999816894531,42.77000045776367,43.91999816894531,178285000
2008-02-07,36.99892044067383,43.11000061035156,43.790000915527344,42.150001525878906,42.33000183105469,286254800
2008-02-08,37.41944885253906,43.599998474121094,43.77000045776367,42.939998626708984,43.20000076293945,173781300
2008-02-11,37.82283020019531,44.06999969482422,44.220001220703125,43.540000915527344,43.77000045776367,119562300
2008-02-12,37.6082763671875,43.81999969482422,44.68000030517578,43.5099983215332,44.34000015258789,145412400
2008-02-13,38.43218231201172,44.779998779296875,44.880001068115234,44.15999984741211,44.38999938964844,148685900
2008-02-14,37.73700714111328,43.970001220703125,44.849998474121094,43.88999938964844,44.849998474121094,170868900
2008-02-15,37.6082763671875,43.81999969482422,43.97999954223633,43.45000076293945,43.72999954223633,100053300
2008-02-19,37.539608001708984,43.7400016784668,44.5,43.27000045776367,44.400001525878906,110507600
2008-02-20,37.711280822753906,43.939998626708984,44.09000015258789,43.2400016784668,43.2599983215332,137338800
2008-02-21,37.35077667236328,43.52000045776367,44.470001220703125,43.34000015258789,44.36000061035156,127857000
2008-02-22,37.488101959228516,43.68000030517578,43.689998626708984,42.599998474121094,43.66999816894531,157364700
2008-02-25,37.676937103271484,43.900001525878906,44.06999969482422,43.34000015258789,43.630001068115234,121444300
2008-02-26,37.82283020019531,44.06999969482422,44.47999954223633,43.369998931884766,43.650001525878906,148375900
2008-02-27,38.011634826660156,44.290000915527344,44.459999084472656,43.66999816894531,43.77000045776367,125682600
2008-02-28,37.86574172973633,44.119998931884766,44.529998779296875,43.95000076293945,44.119998931884766,129196700
2008-02-29,36.861602783203125,42.95000076293945,43.77000045776367,42.849998474121094,43.650001525878906,188724500
2008-03-03,36.62128448486328,42.66999816894531,42.9900016784668,42.2400016784668,42.91999816894531,132963800
2008-03-04,36.82726287841797,42.90999984741211,43.040000915527344,42.02000045776367,42.400001525878906,183851000
2008-03-05,37.00749969482422,43.119998931884766,43.540000915527344,42.75,42.9900016784668,183208300
2008-03-06,36.19216537475586,42.16999816894531,43.27000045776367,42.099998474121094,43.09000015258789,152752200
2008-03-07,36.10633850097656,42.06999969482422,42.63999938964844,41.380001068115234,41.91999816894531,242552400
2008-03-10,35.411163330078125,41.2599983215332,42.13999938964844,41.16999816894531,42.0099983215332,146801900
2008-03-11,36.75859832763672,42.83000183105469,42.849998474121094,41.5099983215332,41.86000061035156,196755300
2008-03-12,36.65560531616211,42.709999084472656,43.439998626708984,42.599998474121094,43.0,155566100
2008-03-13,36.938838958740234,43.040000915527344,43.33000183105469,41.810001373291016,42.22999954223633,208967900
2008-03-14,36.260841369628906,42.25,43.380001068115234,41.7400016784668,43.33000183105469,309589800
2008-03-17,35.599971771240234,41.47999954223633,42.0099983215332,41.04999923706055,41.290000915527344,193130600
2008-03-18,37.187721252441406,43.33000183105469,43.34000015258789,42.11000061035156,42.2400016784668,216300400
2008-03-19,36.26938247680664,42.2599983215332,43.599998474121094,42.22999954223633,43.5099983215332,216157200
2008-03-20,37.01066207885742,43.09000015258789,43.099998474121094,42.099998474121094,42.349998474121094,128397000
2008-03-24,38.29043960571289,44.58000183105469,44.7599983215332,43.279998779296875,43.279998779296875,125018000
2008-03-25,38.50516891479492,44.83000183105469,45.06999969482422,44.279998779296875,44.70000076293945,118107500
2008-03-26,38.39350509643555,44.70000076293945,44.849998474121094,44.279998779296875,44.66999816894531,124824600
2008-03-27,37.54317092895508,43.709999084472656,44.5099983215332,43.709999084472656,44.439998626708984,143868600
2008-03-28,37.3542366027832,43.4900016784668,44.34000015258789,43.33000183105469,44.02000045776367,111822300
2008-03-31,37.55175018310547,43.720001220703125,44.02000045776367,43.45000076293945,43.650001525878906,113644800
2008-04-01,39.157920837402344,45.59000015258789,45.61000061035156,44.40999984741211,44.41999816894531,137494400
2008-04-02,39.07203674316406,45.4900016784668,46.02000045776367,45.16999816894531,45.70000076293945,132486800
2008-04-03,39.157920837402344,45.59000015258789,45.90999984741211,45.13999938964844,45.290000915527344,140033800
2008-04-04,39.38983917236328,45.86000061035156,46.349998474121094,45.400001525878906,45.77000045776367,139261000
2008-04-07,39.303955078125,45.7599983215332,46.40999984741211,45.650001525878906,46.13999938964844,102297100
2008-04-08,39.003334045410156,45.40999984741211,45.720001220703125,45.18000030517578,45.40999984741211,97435200
2008-04-09,38.56528854370117,44.900001525878906,45.4900016784668,44.630001068115234,45.470001220703125,127182300
2008-04-10,39.1149787902832,45.540000915527344,45.84000015258789,44.93000030517578,44.93000030517578,112773800
2008-04-11,38.03275680541992,44.279998779296875,45.099998474121094,44.119998931884766,45.02000045776367,120135400
2008-04-14,37.8609619140625,44.08000183105469,44.47999954223633,43.95000076293945,44.209999084472656,89274600
2008-04-15,37.912513732910156,44.13999938964844,44.349998474121094,43.68000030517578,44.2400016784668,124232300
2008-04-16,38.968994140625,45.369998931884766,45.47999954223633,44.650001525878906,44.689998626708984,134027900
2008-04-17,38.88309097290039,45.27000045776367,45.470001220703125,44.97999954223633,45.41999816894531,124953100
2008-04-18,40.11991882324219,46.709999084472656,46.93000030517578,46.220001220703125,46.470001220703125,133022500
2008-04-21,40.403358459472656,47.040000915527344,47.08000183105469,46.4900016784668,46.619998931884766,83303200
2008-04-22,39.8021354675293,46.34000015258789,46.77000045776367,45.93000030517578,46.75,104689600
2008-04-23,40.24016189575195,46.849998474121094,47.060001373291016,46.27000045776367,46.68000030517578,131086200
2008-04-24,40.60089111328125,47.27000045776367,47.790000915527344,46.38999938964844,46.869998931884766,166509000
2008-04-25,40.49784851074219,47.150001525878906,47.349998474121094,46.56999969482422,47.31999969482422,121945400
2008-04-28,40.57515335083008,47.2400016784668,47.619998931884766,47.130001068115234,47.2599983215332,71244000
2008-04-29,40.88434982299805,47.599998474121094,47.7599983215332,47.060001373291016,47.150001525878906,91270600
2008-04-30,40.54938888549805,47.209999084472656,48.060001373291016,47.029998779296875,47.70000076293945,132152700
2008-05-01,41.82915115356445,48.70000076293945,48.720001220703125,47.220001220703125,47.22999954223633,143596900
2008-05-02,41.88930892944336,48.77000045776367,49.189998626708984,48.34000015258789,49.15999984741211,124990000
2008-05-05,41.7690315246582,48.630001068115234,49.029998779296875,48.400001525878906,48.77000045776367,75624700
2008-05-06,42.02672576904297,48.93000030517578,49.130001068115234,48.13999938964844,48.4900016784668,139582600
2008-05-07,41.262271881103516,48.040000915527344,49.22999954223633,47.869998931884766,48.939998626708984,140008300
2008-05-08,41.57148742675781,48.400001525878906,48.70000076293945,48.060001373291016,48.2400016784668,128058700
2008-05-09,41.40827560424805,48.209999084472656,48.459999084472656,47.900001525878906,48.040000915527344,97062000
2008-05-12,42.16414260864258,49.09000015258789,49.189998626708984,48.20000076293945,48.279998779296875,89606500
2008-05-13,42.27580261230469,49.220001220703125,49.33000183105469,48.7599983215332,49.11000061035156,85448100
2008-05-14,42.18131637573242,49.11000061035156,49.93000030517578,49.040000915527344,49.40999984741211,143598200
2008-05-15,42.919979095458984,49.970001220703125,50.02000045776367,48.97999954223633,49.119998931884766,157248900
2008-05-16,42.954349517822266,50.0099983215332,50.11000061035156,49.45000076293945,50.06999969482422,146563200
2008-05-19,42.645137786865234,49.650001525878906,50.470001220703125,49.34000015258789,50.04999923706055,140048700
2008-05-20,42.31874465942383,49.27000045776367,49.470001220703125,48.88999938964844,49.470001220703125,137163700
2008-05-21,41.38252258300781,48.18000030517578,49.599998474121094,48.02000045776367,49.33000183105469,192806700
2008-05-22,41.5285530090332,48.349998474121094,48.689998626708984,48.11000061035156,48.29999923706055,153198200
2008-05-23,41.39971160888672,48.20000076293945,48.349998474121094,47.81999969482422,48.18000030517578,121698400
2008-05-27,42.129783630371094,49.04999923706055,49.11000061035156,48.290000915527344,48.29999923706055,106984300
2008-05-28,42.301551818847656,49.25,49.36000061035156,48.75,49.279998779296875,121363000
2008-05-29,42.67949676513672,49.689998626708984,49.970001220703125,49.25,49.279998779296875,143993000
2008-05-30,42.954349517822266,50.0099983215332,50.2400016784668,49.75,49.880001068115234,94153600
2008-06-02,42.43040466308594,49.400001525878906,49.91999816894531,48.959999084472656,49.91999816894531,144359900
2008-06-03,42.1984748840332,49.130001068115234,49.900001525878906,48.66999816894531,49.59000015258789,167606900
2008-06-04,42.739601135253906,49.7599983215332,50.099998474121094,48.939998626708984,48.97999954223633,174870800
2008-06-05,43.41816329956055,50.54999923706055,50.61000061035156,49.70000076293945,49.88999938964844,126653700
2008-06-06,42.11260986328125,49.029998779296875,50.209999084472656,49.02000045776367,50.11000061035156,189136000
2008-06-09,41.88930892944336,48.77000045776367,49.189998626708984,47.95000076293945,49.130001068115234,208897300
2008-06-10,41.69173812866211,48.540000915527344,48.939998626708984,48.15999984741211,48.27000045776367,162798500
2008-06-11,40.68679428100586,47.369998931884766,48.52000045776367,47.349998474121094,48.439998626708984,170366900
2008-06-12,40.72974395751953,47.41999816894531,48.11000061035156,47.0,47.709999084472656,189913200
2008-06-13,41.54572296142578,48.369998931884766,48.470001220703125,47.459999084472656,47.709999084472656,167855000
2008-06-16,41.9150505065918,48.79999923706055,49.02000045776367,48.06999969482422,48.119998931884766,136343900
2008-06-17,41.69173812866211,48.540000915527344,49.060001373291016,48.470001220703125,48.95000076293945,122932000
2008-06-18,41.2451057434082,48.02000045776367,48.45000076293945,47.83000183105469,48.2599983215332,169338100
2008-06-19,41.88930892944336,48.77000045776367,49.0099983215332,47.61000061035156,47.93000030517578,221304200
2008-06-20,40.7581672668457,47.41999816894531,48.349998474121094,47.209999084472656,48.33000183105469,197434200
2008-06-23,40.440155029296875,47.04999923706055,47.7400016784668,46.97999954223633,47.61000061035156,131488800
2008-06-24,40.23386001586914,46.810001373291016,47.369998931884766,46.40999984741211,46.83000183105469,178293800
2008-06-25,40.88709259033203,47.56999969482422,48.0,46.939998626708984,47.0099983215332,179023400
2008-06-26,39.23682403564453,45.650001525878906,46.70000076293945,45.63999938964844,46.689998626708984,190028300
2008-06-27,39.23682403564453,45.650001525878906,45.900001525878906,44.970001220703125,45.599998474121094,181351800
2008-06-30,38.82424545288086,45.16999816894531,45.83000183105469,45.150001525878906,45.5099983215332,132912400
2008-07-01,39.374351501464844,45.810001373291016,45.86000061035156,44.68000030517578,44.810001373291016,245494300
2008-07-02,38.42888259887695,44.709999084472656,46.130001068115234,44.63999938964844,45.95000076293945,199576400
2008-07-03,38.36012649536133,44.630001068115234,45.08000183105469,44.279998779296875,44.97999954223633,123118300
2008-07-07,38.592201232910156,44.900001525878906,45.459999084472656,44.2400016784668,45.040000915527344,181011300
2008-07-08,39.51187515258789,45.970001220703125,46.0099983215332,44.77000045776367,44.95000076293945,206151200
2008-07-09,38.46326446533203,44.75,46.029998779296875,44.72999954223633,45.959999084472656,168500300
2008-07-10,38.918792724609375,45.279998779296875,45.41999816894531,44.380001068115234,44.81999969482422,238811500
2008-07-11,38.29996871948242,44.560001373291016,45.27000045776367,43.849998474121094,44.810001373291016,265514700
2008-07-14,38.01631546020508,44.22999954223633,45.18000030517578,44.06999969482422,45.13999938964844,177389800
2008-07-15,38.02492904663086,44.2400016784668,44.93000030517578,43.29999923706055,44.0099983215332,283891100
2008-07-16,38.97037124633789,45.34000015258789,45.380001068115234,43.91999816894531,44.36000061035156,186047800
2008-07-17,39.22823715209961,45.63999938964844,45.81999969482422,44.97999954223633,45.61000061035156,197555100
2008-07-18,38.32573699951172,44.59000015258789,45.16999816894531,44.59000015258789,45.13999938964844,160661000
2008-07-21,38.48902893066406,44.779998779296875,45.189998626708984,44.4900016784668,45.0,128107800
2008-07-22,38.48902893066406,44.779998779296875,44.810001373291016,43.86000061035156,44.029998779296875,152524500
2008-07-23,38.99617385864258,45.369998931884766,45.88999938964844,44.720001220703125,44.849998474121094,169259100
2008-07-24,38.41168212890625,44.689998626708984,45.61000061035156,44.650001525878906,45.58000183105469,145561000
2008-07-25,38.910221099853516,45.27000045776367,45.47999954223633,44.7599983215332,44.97999954223633,111616700
2008-07-28,38.17961502075195,44.41999816894531,45.52000045776367,44.209999084472656,45.2599983215332,124028500
2008-07-29,38.97037124633789,45.34000015258789,45.540000915527344,44.56999969482422,44.61000061035156,142290900
2008-07-30,39.168067932128906,45.56999969482422,45.81999969482422,44.880001068115234,45.470001220703125,165679900
2008-07-31,39.073516845703125,45.459999084472656,46.150001525878906,45.02000045776367,45.119998931884766,180473100
2008-08-01,38.57501220703125,44.880001068115234,45.54999923706055,44.400001525878906,45.5099983215332,180350400
2008-08-04,38.188236236572266,44.43000030517578,44.91999816894531,44.29999923706055,44.869998931884766,116298000
2008-08-05,39.477508544921875,45.93000030517578,45.970001220703125,44.84000015258789,44.88999938964844,151657400
2008-08-06,40.079158782958984,46.630001068115234,46.810001373291016,45.58000183105469,45.95000076293945,133463700
2008-08-07,39.76972579956055,46.27000045776367,46.849998474121094,46.08000183105469,46.349998474121094,152805800
2008-08-08,40.672218322753906,47.31999969482422,47.439998626708984,46.150001525878906,46.2400016784668,143121500
2008-08-11,41.04179763793945,47.75,48.279998779296875,47.13999938964844,47.29999923706055,157290100
2008-08-12,41.08476638793945,47.79999923706055,48.15999984741211,47.5099983215332,47.7400016784668,140549300
2008-08-13,40.99882888793945,47.70000076293945,48.119998931884766,47.25,47.720001220703125,169652100
2008-08-14,41.471561431884766,48.25,48.459999084472656,47.4900016784668,47.540000915527344,158069200
2008-08-15,41.394203186035156,48.15999984741211,48.56999969482422,47.959999084472656,48.33000183105469,123115900
2008-08-18,40.912872314453125,47.599998474121094,48.310001373291016,47.2599983215332,48.29999923706055,151399100
2008-08-19,40.4057502746582,47.0099983215332,47.59000015258789,46.75,47.36000061035156,155410600
2008-08-20,40.474525451660156,47.09000015258789,47.560001373291016,46.7400016784668,47.34000015258789,155466700
2008-08-21,40.285423278808594,46.869998931884766,47.08000183105469,46.380001068115234,46.7400016784668,118916200
2008-08-22,40.818336486816406,47.4900016784668,47.68000030517578,47.08000183105469,47.119998931884766,96515500
2008-08-25,39.95882034301758,46.4900016784668,47.209999084472656,46.369998931884766,47.15999984741211,128076500
2008-08-26,39.90725326538086,46.43000030517578,46.77000045776367,46.119998931884766,46.52000045776367,107225500
2008-08-27,40.16510009765625,46.72999954223633,47.09000015258789,46.290000915527344,46.45000076293945,108489900
2008-08-28,40.491729736328125,47.11000061035156,47.279998779296875,46.83000183105469,46.91999816894531,112808600
2008-08-29,39.64079666137695,46.119998931884766,47.119998931884766,45.91999816894531,46.61000061035156,133184300
2008-09-02,39.1508674621582,45.54999923706055,47.08000183105469,45.34000015258789,46.869998931884766,162277500
2008-09-03,38.78129577636719,45.119998931884766,45.63999938964844,44.790000915527344,45.45000076293945,161682900
2008-09-04,37.526397705078125,43.65999984741211,44.90999984741211,43.65999984741211,44.86000061035156,219004700
2008-09-05,37.345890045166016,43.45000076293945,43.779998779296875,42.810001373291016,43.279998779296875,247977500
2008-09-08,37.277130126953125,43.369998931884766,44.220001220703125,42.68000030517578,44.02000045776367,311065100
2008-09-09,36.486392974853516,42.45000076293945,43.790000915527344,42.349998474121094,43.349998474121094,214180600
2008-09-10,36.78722381591797,42.79999923706055,43.18000030517578,42.45000076293945,42.86000061035156,160658100
2008-09-11,37.47481155395508,43.599998474121094,43.689998626708984,42.16999816894531,42.20000076293945,203398200
2008-09-12,37.32869338989258,43.43000030517578,43.709999084472656,42.900001525878906,43.22999954223633,172094300
2008-09-15,36.16835021972656,42.08000183105469,43.290000915527344,42.029998779296875,42.400001525878906,616772300
2008-09-16,36.45199966430664,42.40999984741211,42.84000015258789,41.43000030517578,41.47999954223633,349506500
2008-09-17,34.56106948852539,40.209999084472656,42.41999816894531,40.189998626708984,41.869998931884766,340088000
2008-09-18,35.72999572753906,41.56999969482422,41.970001220703125,39.5,41.099998474121094,423934000
2008-09-19,36.89800262451172,42.900001525878906,43.83000183105469,42.099998474121094,43.77000045776367,263394000
2008-09-22,35.160614013671875,40.880001068115234,42.84000015258789,40.79999923706055,42.7400016784668,164698200
2008-09-23,34.89398956298828,40.56999969482422,41.75,40.439998626708984,41.20000076293945,184011200
2008-09-24,35.13481140136719,40.849998474121094,41.2599983215332,40.52000045776367,40.810001373291016,159270800
2008-09-25,35.69389724731445,41.5,42.02000045776367,41.029998779296875,41.22999954223633,148586800
2008-09-26,35.332645416259766,41.08000183105469,41.4900016784668,40.220001220703125,40.310001373291016,182678600
2008-09-29,32.52874755859375,37.81999969482422,40.380001068115234,37.18000030517578,40.2599983215332,307954400
2008-09-30,33.466243743896484,38.90999984741211,39.29999923706055,37.599998474121094,37.720001220703125,195436700
2008-10-01,33.11360549926758,38.5,38.970001220703125,38.029998779296875,38.84000015258789,174033300
2008-10-02,31.608444213867188,36.75,38.25,36.63999938964844,38.25,192124000
2008-10-03,31.118186950683594,36.18000030517578,38.18000030517578,36.099998474121094,37.2599983215332,272116100
2008-10-06,29.982852935791016,34.86000061035156,35.529998779296875,32.90999984741211,35.2599983215332,394046600
2008-10-07,28.082067489624023,32.650001525878906,35.20000076293945,32.27000045776367,35.13999938964844,329365700
2008-10-08,27.858428955078125,32.38999938964844,34.119998931884766,31.84000015258789,31.950000762939453,452066500
2008-10-09,27.110153198242188,31.520000457763672,33.68000030517578,30.969999313354492,33.150001525878906,352433900
2008-10-10,26.938135147094727,31.31999969482422,32.47999954223633,29.3799991607666,30.520000457763672,472339100
2008-10-13,30.215085983276367,35.130001068115234,35.25,32.400001525878906,32.86000061035156,276998700
2008-10-14,28.907745361328125,33.61000061035156,36.150001525878906,33.189998626708984,36.150001525878906,341595900
2008-10-15,26.318866729736328,30.600000381469727,33.349998474121094,30.540000915527344,33.22999954223633,312088500
2008-10-16,27.74661636352539,32.2599983215332,32.27000045776367,29.25,30.809999465942383,494783500
2008-10-17,27.781028747558594,32.29999923706055,33.650001525878906,31.40999984741211,31.670000076293945,326571300
2008-10-20,28.555116653442383,33.20000076293945,33.2599983215332,31.700000762939453,32.7599983215332,232783400
2008-10-21,27.075746536254883,31.479999542236328,33.2599983215332,31.479999542236328,32.65999984741211,239932400
2008-10-22,26.32746696472168,30.610000610351562,31.600000381469727,29.709999084472656,31.3700008392334,289993600
2008-10-23,26.224254608154297,30.489999771118164,31.09000015258789,28.899999618530273,30.489999771118164,377966900
2008-10-24,25.381362915039062,29.510000228881836,30.25,28.09000015258789,28.229999542236328,322129500
2008-10-27,24.67609214782715,28.690000534057617,30.200000762939453,28.65999984741211,29.170000076293945,239302300
2008-10-28,27.40258026123047,31.860000610351562,31.8799991607666,28.850000381469727,29.68000030517578,327239500
2008-10-29,27.333768844604492,31.780000686645508,33.08000183105469,31.25,31.90999984741211,341316000
2008-10-30,28.2454776763916,32.84000015258789,33.060001373291016,31.979999542236328,32.66999816894531,255292100
2008-10-31,28.288482666015625,32.88999938964844,33.43000030517578,32.09000015258789,32.369998931884766,224261000
2008-11-03,28.228273391723633,32.81999969482422,33.290000915527344,32.5099983215332,32.810001373291016,128455500
2008-11-04,29.028156280517578,33.75,34.0099983215332,32.97999954223633,33.459999084472656,182487600
2008-11-05,27.5143985748291,31.989999771118164,33.599998474121094,31.920000076293945,33.529998779296875,183893900
2008-11-06,26.284456253051758,30.559999465942383,31.8700008392334,30.399999618530273,31.489999771118164,220677200
2008-11-07,26.826324462890625,31.190000534057617,31.479999542236328,30.59000015258789,30.920000076293945,176946200
2008-11-10,26.465076446533203,30.770000457763672,31.969999313354492,30.399999618530273,31.969999313354492,142584500
2008-11-11,25.888816833496094,30.100000381469727,30.760000228881836,29.719999313354492,30.479999542236328,162869800
2008-11-12,24.693286895751953,28.709999084472656,29.799999237060547,28.649999618530273,29.649999618530273,184946400
2008-11-13,26.198448181152344,30.459999084472656,30.530000686645508,27.280000686645508,28.610000610351562,317943900
2008-11-14,24.925506591796875,28.979999542236328,30.420000076293945,28.8700008392334,29.780000686645508,259407000
2008-11-17,24.40085792541504,28.3700008392334,29.229999542236328,28.260000228881836,28.489999771118164,202835200
2008-11-18,24.375057220458984,28.34000015258789,28.75,27.389999389648438,28.559999465942383,252661800
2008-11-19,23.102123260498047,26.860000610351562,28.780000686645508,26.790000915527344,28.399999618530273,244180600
2008-11-20,21.983991622924805,25.559999465942383,27.450000762939453,25.469999313354492,26.530000686645508,342472400
2008-11-21,22.938701629638672,26.670000076293945,26.68000030517578,25.049999237060547,26.010000228881836,282746800
2008-11-24,24.34064483642578,28.299999237060547,28.639999389648438,26.979999542236328,27.219999313354492,225058200
2008-11-25,24.228839874267578,28.170000076293945,28.639999389648438,27.520000457763672,28.610000610351562,202968700
2008-11-26,25.243751525878906,29.350000381469727,29.360000610351562,27.809999465942383,27.8799991607666,164912000
2008-11-28,25.045927047729492,29.1200008392334,29.190000534057617,28.829999923706055,29.020000457763672,41238200
2008-12-01,23.16231918334961,26.93000030517578,28.510000228881836,26.889999389648438,28.5,149161500
2008-12-02,23.9364070892334,27.829999923706055,27.889999389648438,26.84000015258789,27.299999237060547,181743000
2008-12-03,24.615877151489258,28.6200008392334,28.709999084472656,27.06999969482422,27.1299991607666,230944900
2008-12-04,23.919200897216797,27.809999465942383,28.780000686645508,27.31999969482422,28.170000076293945,188868700
2008-12-05,24.89110565185547,28.940000534057617,29.06999969482422,26.950000762939453,27.5,212283700
2008-12-08,25.871610641479492,30.079999923706055,30.459999084472656,29.440000534057617,29.59000015258789,185782500
2008-12-09,25.8114013671875,30.010000228881836,30.829999923706055,29.56999969482422,29.68000030517578,178148300
2008-12-10,25.72539520263672,29.90999984741211,30.459999084472656,29.6200008392334,30.100000381469727,162335100
2008-12-11,25.02012062072754,29.09000015258789,30.270000457763672,28.940000534057617,29.809999465942383,167161400
2008-12-12,25.52758026123047,29.68000030517578,29.860000610351562,28.469999313354492,28.690000534057617,158600100
2008-12-15,25.080331802368164,29.15999984741211,29.760000228881836,28.739999771118164,29.729999542236328,107887000
2008-12-16,26.284456253051758,30.559999465942383,30.65999984741211,29.100000381469727,29.420000076293945,169300100
2008-12-17,25.966222763061523,30.190000534057617,30.600000381469727,29.81999969482422,30.25,159813500
2008-12-18,25.510366439819336,29.65999984741211,30.399999618530273,29.360000610351562,30.190000534057617,142656400
2008-12-19,25.71968650817871,29.860000610351562,30.3700008392334,29.65999984741211,29.93000030517578,118308900
2008-12-22,25.159812927246094,29.209999084472656,29.920000076293945,28.739999771118164,29.860000610351562,95379600
2008-12-23,25.030607223510742,29.059999465942383,29.6200008392334,28.889999389648438,29.329999923706055,68764800
2008-12-24,25.099510192871094,29.139999389648438,29.209999084472656,28.979999542236328,29.200000762939453,27194700
2008-12-26,25.09090232849121,29.1299991607666,29.229999542236328,28.969999313354492,29.200000762939453,20937000
2008-12-29,24.884180068969727,28.889999389648438,29.239999771118164,28.459999084472656,29.209999084472656,52688300
2008-12-30,25.400981903076172,29.489999771118164,29.59000015258789,28.940000534057617,28.969999313354492,77089500
2008-12-31,25.616323471069336,29.739999771118164,30.079999923706055,29.450000762939453,29.459999084472656,89189700
2009-01-02,26.727455139160156,31.030000686645508,31.1299991607666,29.690000534057617,29.75,107891500
2009-01-05,26.71885108947754,31.020000457763672,31.329999923706055,30.59000015258789,30.829999923706055,91751900
2009-01-06,26.985855102539062,31.329999923706055,31.6299991607666,31.110000610351562,31.25,136791700
2009-01-07,26.219257354736328,30.440000534057617,30.899999618530273,30.190000534057617,30.729999542236328,133879800
2009-01-08,26.494897842407227,30.760000228881836,30.799999237060547,30.079999923706055,30.3799991607666,131926600
2009-01-09,25.900558471679688,30.06999969482422,30.790000915527344,29.920000076293945,30.770000457763672,117137900
2009-01-12,25.426830291748047,29.520000457763672,30.149999618530273,29.200000762939453,30.110000610351562,102726200
2009-01-13,25.435441970825195,29.530000686645508,29.979999542236328,29.18000030517578,29.510000228881836,186266700
2009-01-14,24.660232543945312,28.6299991607666,29.280000686645508,28.469999313354492,29.190000534057617,136294000
2009-01-15,25.0650577545166,29.100000381469727,29.34000015258789,28.06999969482422,28.56999969482422,192567200
2009-01-16,25.340688705444336,29.420000076293945,29.600000381469727,28.700000762939453,29.5,175478100
2009-01-20,24.083126068115234,27.959999084472656,29.43000030517578,27.959999084472656,29.299999237060547,135105800
2009-01-21,25.10812759399414,29.149999618530273,29.190000534057617,28.100000381469727,28.43000030517578,149179600
2009-01-22,24.772207260131836,28.760000228881836,29.229999542236328,28.260000228881836,28.520000457763672,200602700
2009-01-23,24.892793655395508,28.899999618530273,29.350000381469727,28.139999389648438,28.290000915527344,170164100
2009-01-26,25.07368278503418,29.110000610351562,29.59000015258789,28.75,28.940000534057617,140398700
2009-01-27,25.254558563232422,29.31999969482422,29.56999969482422,29.1200008392334,29.1200008392334,110591300
2009-01-28,26.141738891601562,30.350000381469727,30.649999618530273,29.809999465942383,29.809999465942383,139722800
2009-01-29,25.4785099029541,29.579999923706055,30.399999618530273,29.479999542236328,29.979999542236328,130731800
2009-01-30,25.030607223510742,29.059999465942383,29.93000030517578,28.940000534057617,29.799999237060547,140334200
2009-02-02,25.332080841064453,29.40999984741211,29.610000610351562,28.739999771118164,28.780000686645508,126796100
2009-02-03,25.728300094604492,29.8700008392334,30.43000030517578,29.030000686645508,29.469999313354492,120541100
2009-02-04,25.762737274169922,29.90999984741211,30.8700008392334,29.790000915527344,29.940000534057617,175780900
2009-02-05,26.33123016357422,30.56999969482422,30.770000457763672,29.459999084472656,29.479999542236328,217578900
2009-02-06,27.020322799682617,31.3700008392334,31.510000228881836,30.579999923706055,30.68000030517578,164513200
2009-02-09,27.13228988647461,31.5,31.670000076293945,31.190000534057617,31.389999389648438,98856900
2009-02-10,26.133127212524414,30.34000015258789,31.68000030517578,30.100000381469727,31.299999237060547,232795200
2009-02-11,26.012544631958008,30.200000762939453,30.530000686645508,29.729999542236328,30.3799991607666,169117200
2009-02-12,26.33123016357422,30.56999969482422,30.610000610351562,29.639999389648438,29.850000381469727,201151400
2009-02-13,26.210647583007812,30.43000030517578,30.780000686645508,30.290000915527344,30.479999542236328,145066700
2009-02-17,25.168424606323242,29.219999313354492,29.670000076293945,29.059999465942383,29.489999771118164,157783300
2009-02-18,25.185649871826172,29.239999771118164,29.670000076293945,28.8700008392334,29.40999984741211,161271900
2009-02-19,24.798046112060547,28.790000915527344,29.610000610351562,28.719999313354492,29.420000076293945,155322400
2009-02-20,24.866958618164062,28.8700008392334,29.149999618530273,28.389999389648438,28.469999313354492,210752400
2009-02-23,23.996999740600586,27.860000610351562,29.049999237060547,27.729999542236328,29.030000686645508,169473500
2009-02-24,24.789438247680664,28.780000686645508,28.979999542236328,27.959999084472656,28.010000228881836,181337300
2009-02-25,24.625789642333984,28.59000015258789,29.170000076293945,28.139999389648438,28.610000610351562,220224700
2009-02-26,23.93670654296875,27.790000915527344,28.950000762939453,27.700000762939453,28.780000686645508,211218500
2009-02-27,23.71275520324707,27.530000686645508,27.979999542236328,27.389999389648438,27.5,204492600
2009-03-02,22.94615936279297,26.639999389648438,27.510000228881836,26.469999313354492,27.1200008392334,188180400
2009-03-03,22.928939819335938,26.6200008392334,27.15999984741211,26.420000076293945,26.860000610351562,158758800
2009-03-04,23.540485382080078,27.329999923706055,27.709999084472656,26.920000076293945,27.010000228881836,164911000
2009-03-05,22.83418846130371,26.510000228881836,27.239999771118164,26.420000076293945,27.030000686645508,199626900
2009-03-06,22.653303146362305,26.299999237060547,26.809999465942383,25.709999084472656,26.649999618530273,218421600
2009-03-09,22.17095375061035,25.739999771118164,26.809999465942383,25.6299991607666,26.09000015258789,181098800
2009-03-10,23.540485382080078,27.329999923706055,27.389999389648438,26.15999984741211,26.25,175068200
2009-03-11,23.902246475219727,27.75,27.989999771118164,27.260000228881836,27.610000610351562,173094900
2009-03-12,24.69468879699707,28.670000076293945,28.760000228881836,27.440000534057617,27.729999542236328,184395100
2009-03-13,24.75497817993164,28.739999771118164,28.84000015258789,28.31999969482422,28.65999984741211,156783500
2009-03-16,24.341524124145508,28.260000228881836,28.979999542236328,28.190000534057617,28.93000030517578,190269800
2009-03-17,25.26317596435547,29.329999923706055,29.329999923706055,28.299999237060547,28.399999618530273,169773800
2009-03-18,25.581865310668945,29.700000762939453,30.200000762939453,29.079999923706055,29.209999084472656,208033900
2009-03-19,25.56464385986328,29.68000030517578,30.1299991607666,29.459999084472656,30.110000610351562,146753400
2009-03-20,25.175535202026367,29.18000030517578,30.030000686645508,28.979999542236328,29.690000534057617,149410800
2009-03-23,26.659486770629883,30.899999618530273,30.940000534057617,29.200000762939453,29.899999618530273,179499000
2009-03-24,26.167713165283203,30.329999923706055,30.8799991607666,30.309999465942383,30.639999389648438,118757600
2009-03-25,26.28849983215332,30.469999313354492,31.049999237060547,29.65999984741211,30.59000015258789,190555200
2009-03-26,27.099498748779297,31.40999984741211,31.459999084472656,30.420000076293945,30.799999237060547,182459500
2009-03-27,26.59047508239746,30.81999969482422,31.18000030517578,30.709999084472656,31.0,156108100
2009-03-30,25.93477439880371,30.059999465942383,30.31999969482422,29.6200008392334,30.299999237060547,162919700
2009-03-31,26.159074783325195,30.31999969482422,30.950000762939453,30.270000457763672,30.290000915527344,150243800
2009-04-01,26.547332763671875,30.770000457763672,30.8799991607666,29.790000915527344,29.940000534057617,137950000
2009-04-02,27.401472091674805,31.760000228881836,32.27000045776367,31.229999542236328,31.31999969482422,212272400
2009-04-03,27.91049575805664,32.349998474121094,32.400001525878906,31.829999923706055,32.09000015258789,134577300
2009-04-06,27.841480255126953,32.27000045776367,32.33000183105469,31.649999618530273,31.989999771118164,160413700
2009-04-07,27.108131408691406,31.420000076293945,31.920000076293945,31.209999084472656,31.920000076293945,147531200
2009-04-08,27.56539535522461,31.950000762939453,32.150001525878906,31.489999771118164,31.729999542236328,126126000
2009-04-09,28.419536590576172,32.939998626708984,33.0099983215332,32.43000030517578,32.54999923706055,131871500
2009-04-13,28.376386642456055,32.88999938964844,33.06999969482422,32.529998779296875,32.84000015258789,119310500
2009-04-14,28.031293869018555,32.4900016784668,32.880001068115234,32.27000045776367,32.689998626708984,124069000
2009-04-15,27.953641891479492,32.400001525878906,32.43000030517578,31.850000381469727,32.2599983215332,124808200
2009-04-16,28.678363800048828,33.2400016784668,33.43000030517578,32.5099983215332,32.849998474121094,171168000
2009-04-17,28.73876953125,33.310001373291016,33.5,32.93000030517578,33.16999816894531,129835400
2009-04-20,27.815608978271484,32.2400016784668,32.81999969482422,32.060001373291016,32.709999084472656,123080500
2009-04-21,28.20383644104004,32.689998626708984,32.7400016784668,32.08000183105469,32.119998931884766,145490200
2009-04-22,28.29012107849121,32.790000915527344,33.529998779296875,32.38999938964844,32.5,165040500
2009-04-23,28.566207885742188,33.11000061035156,33.13999938964844,32.4900016784668,33.0,181666600
2009-04-24,29.06661605834961,33.689998626708984,33.93000030517578,33.06999969482422,33.34000015258789,141170000
2009-04-27,29.101118087768555,33.72999954223633,34.060001373291016,33.349998474121094,33.41999816894531,120749100
2009-04-28,28.885425567626953,33.47999954223633,33.90999984741211,33.36000061035156,33.52000045776367,108968000
2009-04-29,29.282304763793945,33.939998626708984,34.400001525878906,33.70000076293945,33.75,141413600
2009-04-30,29.57564353942871,34.279998779296875,34.900001525878906,34.040000915527344,34.38999938964844,144120400
2009-05-01,29.65329360961914,34.369998931884766,34.540000915527344,34.0099983215332,34.27000045776367,100112000
2009-05-04,30.239973068237305,35.04999923706055,35.09000015258789,34.52000045776367,34.68000030517578,119317400
2009-05-05,30.214088439941406,35.02000045776367,35.060001373291016,34.630001068115234,34.9900016784668,113569500
2009-05-06,30.222713470458984,35.029998779296875,35.34000015258789,34.459999084472656,35.290000915527344,178840500
2009-05-07,29.5152530670166,34.209999084472656,35.27000045776367,33.880001068115234,35.27000045776367,216484700
2009-05-08,29.53249740600586,34.22999954223633,34.7400016784668,33.880001068115234,34.470001220703125,183507300
2009-05-11,29.636032104492188,34.349998474121094,34.720001220703125,33.68000030517578,33.790000915527344,142775900
2009-05-12,29.273679733276367,33.93000030517578,34.47999954223633,33.52000045776367,34.41999816894531,147842200
2009-05-13,28.488557815551758,33.02000045776367,33.650001525878906,32.959999084472656,33.630001068115234,175548300
2009-05-14,28.807785034179688,33.38999938964844,33.70000076293945,33.08000183105469,33.099998474121094,140021700
2009-05-15,28.790531158447266,33.369998931884766,33.81999969482422,33.22999954223633,33.34000015258789,121326400
2009-05-18,29.541133880615234,34.2400016784668,34.279998779296875,33.38999938964844,33.599998474121094,114333400
2009-05-19,29.67917251586914,34.400001525878906,34.7400016784668,33.95000076293945,34.15999984741211,129086400
2009-05-20,29.57564353942871,34.279998779296875,35.040000915527344,34.18000030517578,34.529998779296875,131873700
2009-05-21,29.032093048095703,33.650001525878906,34.2599983215332,33.310001373291016,34.02000045776367,139253200
2009-05-22,28.93720817565918,33.540000915527344,33.970001220703125,33.31999969482422,33.779998779296875,83510600
2009-05-26,30.015647888183594,34.790000915527344,34.83000183105469,33.18000030517578,33.25,144857200
2009-05-27,29.80858039855957,34.54999923706055,35.189998626708984,34.43000030517578,34.689998626708984,121348800
2009-05-28,30.153697967529297,34.95000076293945,35.06999969482422,34.209999084472656,34.7599983215332,118931300
2009-05-29,30.52469253540039,35.380001068115234,35.5,34.7599983215332,34.970001220703125,111535700
2009-06-01,31.396074295043945,36.38999938964844,36.5,35.61000061035156,35.7599983215332,119126200
2009-06-02,31.439212799072266,36.439998626708984,36.790000915527344,36.11000061035156,36.189998626708984,126858600
2009-06-03,31.34432029724121,36.33000183105469,36.369998931884766,35.93000030517578,36.33000183105469,93329800
2009-06-04,31.69805908203125,36.7400016784668,36.790000915527344,36.34000015258789,36.40999984741211,89280600
2009-06-05,31.732563018798828,36.779998779296875,37.08000183105469,36.41999816894531,36.959999084472656,121958800
2009-06-08,31.63765525817871,36.66999816894531,36.95000076293945,36.119998931884766,36.54999923706055,89194100
2009-06-09,31.87922477722168,36.95000076293945,37.16999816894531,36.66999816894531,36.84000015258789,109187800
2009-06-10,31.767072677612305,36.81999969482422,37.16999816894531,36.290000915527344,37.15999984741211,133404700
2009-06-11,31.767072677612305,36.81999969482422,37.22999954223633,36.75,36.77000045776367,147909800
2009-06-12,31.62040901184082,36.650001525878906,36.720001220703125,36.20000076293945,36.66999816894531,109452500
2009-06-15,30.97332000732422,35.900001525878906,36.33000183105469,35.58000183105469,36.29999923706055,112152900
2009-06-16,30.671348571777344,35.54999923706055,36.189998626708984,35.52000045776367,36.040000915527344,110550300
2009-06-17,30.964689254760742,35.88999938964844,36.209999084472656,35.45000076293945,35.70000076293945,153421800
2009-06-18,30.90431022644043,35.81999969482422,36.060001373291016,35.56999969482422,35.83000183105469,126266700
2009-06-19,31.236007690429688,36.15999984741211,36.36000061035156,35.90999984741211,36.04999923706055,122044700
2009-06-22,30.30309295654297,35.08000183105469,35.88999938964844,35.02000045776367,35.83000183105469,137714900
2009-06-23,30.233966827392578,35.0,35.2599983215332,34.77000045776367,35.18000030517578,114903100
2009-06-24,30.74363899230957,35.59000015258789,35.869998931884766,35.279998779296875,35.29999923706055,103314600
2009-06-25,31.348318099975586,36.290000915527344,36.36000061035156,35.279998779296875,35.36000061035156,112538200
2009-06-26,31.41741371154785,36.369998931884766,36.5,36.04999923706055,36.119998931884766,87677300
2009-06-29,31.486530303955078,36.45000076293945,36.75,36.119998931884766,36.470001220703125,93817600
2009-06-30,31.426061630249023,36.380001068115234,36.72999954223633,36.11000061035156,36.54999923706055,97843000
2009-07-01,31.44335174560547,36.400001525878906,36.84000015258789,36.38999938964844,36.560001373291016,85976000
2009-07-02,30.752275466918945,35.599998474121094,36.099998474121094,35.5,36.09000015258789,113309800
2009-07-06,30.58814811706543,35.40999984741211,35.540000915527344,35.040000915527344,35.380001068115234,107632500
2009-07-07,29.827964782714844,34.529998779296875,35.4900016784668,34.5099983215332,35.41999816894531,149773000
2009-07-08,29.983469009399414,34.709999084472656,34.869998931884766,34.29999923706055,34.7400016784668,152776400
2009-07-09,30.035293579101562,34.77000045776367,35.0099983215332,34.650001525878906,34.84000015258789,97851500
2009-07-10,30.16486930847168,34.91999816894531,35.13999938964844,34.560001373291016,34.66999816894531,108482000
2009-07-13,30.74363899230957,35.59000015258789,35.599998474121094,34.47999954223633,34.95000076293945,127140300
2009-07-14,30.855918884277344,35.720001220703125,35.790000915527344,35.400001525878906,35.54999923706055,115631700
2009-07-15,31.892515182495117,36.91999816894531,36.93000030517578,36.13999938964844,36.31999969482422,160869700
2009-07-16,32.27259826660156,37.36000061035156,37.439998626708984,36.720001220703125,36.75,120142500
2009-07-17,32.44537353515625,37.560001373291016,37.56999969482422,37.16999816894531,37.349998474121094,104906500
2009-07-20,32.75632858276367,37.91999816894531,38.0,37.61000061035156,37.7599983215332,97168800
2009-07-21,32.98093795776367,38.18000030517578,38.18000030517578,37.63999938964844,38.06999969482422,130587600
2009-07-22,33.25739288330078,38.5,38.689998626708984,38.130001068115234,38.209999084472656,113808600
2009-07-23,33.991615295410156,39.349998474121094,39.4900016784668,38.38999938964844,38.459999084472656,160239300
2009-07-24,33.73248291015625,39.04999923706055,39.369998931884766,38.779998779296875,38.93000030517578,109312300
2009-07-27,33.991615295410156,39.349998474121094,39.40999984741211,38.869998931884766,39.33000183105469,94718600
2009-07-28,33.75838851928711,39.08000183105469,39.59000015258789,38.93000030517578,39.18000030517578,111564300
2009-07-29,33.98298645019531,39.34000015258789,39.43000030517578,39.0,39.31999969482422,126538200
2009-07-30,34.18168258666992,39.56999969482422,40.18000030517578,39.5099983215332,39.75,108969900
2009-07-31,34.077999114990234,39.45000076293945,39.849998474121094,39.40999984741211,39.56999969482422,78208300
2009-08-03,34.5876579284668,40.040000915527344,40.060001373291016,39.63999938964844,39.869998931884766,111722800
2009-08-04,34.5876579284668,40.040000915527344,40.189998626708984,39.77000045776367,39.849998474121094,100690800
2009-08-05,34.31987762451172,39.72999954223633,40.13999938964844,39.459999084472656,40.130001068115234,118093000
2009-08-06,34.017547607421875,39.380001068115234,39.93000030517578,39.2400016784668,39.81999969482422,116937500
2009-08-07,34.449459075927734,39.880001068115234,40.06999969482422,39.59000015258789,39.91999816894531,107442100
2009-08-10,34.20757293701172,39.599998474121094,39.849998474121094,39.34000015258789,39.7400016784668,87163200
2009-08-11,33.91387939453125,39.2599983215332,39.5,39.04999923706055,39.470001220703125,91922700
2009-08-12,34.44082260131836,39.869998931884766,40.220001220703125,39.20000076293945,39.22999954223633,147240000
2009-08-13,34.630863189697266,40.09000015258789,40.15999984741211,39.63999938964844,40.11000061035156,110107000
2009-08-14,34.23349380493164,39.630001068115234,39.959999084472656,39.279998779296875,39.869998931884766,124480200
2009-08-17,33.24009704589844,38.47999954223633,39.0099983215332,38.459999084472656,38.959999084472656,131797200
2009-08-18,33.71520233154297,39.029998779296875,39.11000061035156,38.61000061035156,38.720001220703125,84496200
2009-08-19,33.94842529296875,39.29999923706055,39.400001525878906,38.540000915527344,38.56999969482422,88036300
2009-08-20,34.345802307128906,39.7599983215332,39.84000015258789,39.20000076293945,39.279998779296875,81473500
2009-08-21,34.80361557006836,40.290000915527344,40.36000061035156,39.7400016784668,39.9900016784668,114660200
2009-08-24,34.769046783447266,40.25,40.56999969482422,40.099998474121094,40.36000061035156,109904900
2009-08-25,34.87272644042969,40.369998931884766,40.7599983215332,40.25,40.34000015258789,92900400
2009-08-26,34.812255859375,40.29999923706055,40.599998474121094,40.08000183105469,40.279998779296875,96407500
2009-08-27,34.89866638183594,40.400001525878906,40.470001220703125,39.66999816894531,40.290000915527344,121957800
2009-08-28,34.93319320678711,40.439998626708984,41.08000183105469,40.15999984741211,40.900001525878906,114300900
2009-08-31,34.57902526855469,40.029998779296875,40.20000076293945,39.790000915527344,40.13999938964844,96415300
2009-09-01,33.931156158447266,39.279998779296875,40.59000015258789,39.15999984741211,39.88999938964844,162958900
2009-09-02,33.9052619934082,39.25,39.470001220703125,39.040000915527344,39.06999969482422,92757200
2009-09-03,34.129844665527344,39.5099983215332,39.56999969482422,39.02000045776367,39.439998626708984,76783100
2009-09-04,34.864105224609375,40.36000061035156,40.380001068115234,39.52000045776367,39.58000183105469,74866600
2009-09-08,35.192359924316406,40.7400016784668,40.779998779296875,40.459999084472656,40.68000030517578,71024400
2009-09-09,35.49467086791992,41.09000015258789,41.290000915527344,40.59000015258789,40.77000045776367,99280800
2009-09-10,35.83157730102539,41.47999954223633,41.529998779296875,41.0,41.11000061035156,99289100
2009-09-11,35.86613845825195,41.52000045776367,41.619998931884766,41.220001220703125,41.5099983215332,93868400
2009-09-14,36.004329681396484,41.68000030517578,41.709999084472656,41.209999084472656,41.25,90435600
2009-09-15,36.11665344238281,41.810001373291016,41.95000076293945,41.56999969482422,41.650001525878906,91594600
2009-09-16,36.64356231689453,42.41999816894531,42.47999954223633,41.84000015258789,42.0,96888500
2009-09-17,36.634925842285156,42.40999984741211,42.65999984741211,42.209999084472656,42.310001373291016,102169600
2009-09-18,36.69633102416992,42.439998626708984,42.619998931884766,42.209999084472656,42.540000915527344,87444200
2009-09-21,36.80875015258789,42.56999969482422,42.70000076293945,42.15999984741211,42.20000076293945,71351400
2009-09-22,36.87791442871094,42.650001525878906,42.83000183105469,42.439998626708984,42.810001373291016,75638400
2009-09-23,36.704978942871094,42.45000076293945,43.16999816894531,42.380001068115234,42.83000183105469,143924100
2009-09-24,36.376399993896484,42.06999969482422,42.689998626708984,41.77000045776367,42.619998931884766,111016400
2009-09-25,36.05647277832031,41.70000076293945,42.09000015258789,41.58000183105469,41.7599983215332,109216000
2009-09-28,36.67037582397461,42.40999984741211,42.65999984741211,41.88999938964844,41.93000030517578,84478500
2009-09-29,36.50611114501953,42.220001220703125,42.619998931884766,42.029998779296875,42.40999984741211,106686400
2009-09-30,36.53205490112305,42.25,42.599998474121094,41.599998474121094,42.38999938964844,173102700
2009-10-01,35.45120620727539,41.0,42.130001068115234,41.0,42.099998474121094,140119100
2009-10-02,35.34745788574219,40.880001068115234,41.25,40.720001220703125,40.720001220703125,145286400
2009-10-05,35.63278579711914,41.209999084472656,41.400001525878906,40.83000183105469,41.09000015258789,97054200
2009-10-06,36.263999938964844,41.939998626708984,42.13999938964844,41.41999816894531,41.439998626708984,124628000
2009-10-07,36.36775588989258,42.060001373291016,42.08000183105469,41.77000045776367,41.88999938964844,93787600
2009-10-08,36.52338790893555,42.2400016784668,42.619998931884766,42.13999938964844,42.310001373291016,107850400
2009-10-09,36.73092269897461,42.47999954223633,42.54999923706055,42.060001373291016,42.150001525878906,62828000
2009-10-12,36.80875015258789,42.56999969482422,42.869998931884766,42.279998779296875,42.650001525878906,53221900
2009-10-13,36.817386627197266,42.58000183105469,42.75,42.369998931884766,42.529998779296875,70939300
2009-10-14,37.318870544433594,43.15999984741211,43.209999084472656,42.849998474121094,43.11000061035156,91004900
2009-10-15,37.232418060302734,43.060001373291016,43.119998931884766,42.869998931884766,42.93000030517578,85772800
2009-10-16,36.99030303955078,42.779998779296875,42.9900016784668,42.47999954223633,42.900001525878906,111859300
2009-10-19,37.36212158203125,43.209999084472656,43.27000045776367,42.59000015258789,42.810001373291016,83512000
2009-10-20,37.37076950073242,43.220001220703125,43.459999084472656,42.939998626708984,43.459999084472656,89847900
2009-10-21,37.30158615112305,43.13999938964844,43.81999969482422,43.060001373291016,43.209999084472656,110397400
2009-10-22,37.44859313964844,43.310001373291016,43.4900016784668,42.790000915527344,43.060001373291016,85871800
2009-10-23,37.29294967651367,43.130001068115234,43.72999954223633,43.02000045776367,43.72999954223633,117020400
2009-10-26,37.17189407348633,42.9900016784668,43.7599983215332,42.790000915527344,43.20000076293945,107068600
2009-10-27,36.60987091064453,42.34000015258789,43.11000061035156,42.18000030517578,42.93000030517578,121438200
2009-10-28,35.788421630859375,41.38999938964844,42.31999969482422,41.29999923706055,42.189998626708984,143553600
2009-10-29,36.39370346069336,42.09000015258789,42.189998626708984,41.540000915527344,41.630001068115234,85207600
2009-10-30,35.416622161865234,40.959999084472656,42.150001525878906,40.91999816894531,42.060001373291016,162796500
2009-11-02,35.563621520996094,41.130001068115234,41.56999969482422,40.63999938964844,41.0,142456600
2009-11-03,35.676025390625,41.2599983215332,41.31999969482422,40.84000015258789,40.90999984741211,95107000
2009-11-04,35.736541748046875,41.33000183105469,41.869998931884766,41.279998779296875,41.529998779296875,107970600
2009-11-05,36.6185302734375,42.349998474121094,42.400001525878906,41.779998779296875,41.810001373291016,135204800
2009-11-06,36.834659576416016,42.599998474121094,42.650001525878906,42.08000183105469,42.119998931884766,96312300
2009-11-09,37.62151336669922,43.5099983215332,43.52000045776367,42.880001068115234,42.93000030517578,101620800
2009-11-10,37.71664810180664,43.619998931884766,43.77000045776367,43.400001525878906,43.459999084472656,72846500
2009-11-11,37.95875930786133,43.900001525878906,44.13999938964844,43.61000061035156,43.95000076293945,84676200
2009-11-12,37.742576599121094,43.650001525878906,44.15999984741211,43.54999923706055,43.93000030517578,92426100
2009-11-13,38.05385208129883,44.0099983215332,44.13999938964844,43.630001068115234,43.779998779296875,87959500
2009-11-16,38.442955017089844,44.459999084472656,44.650001525878906,44.119998931884766,44.20000076293945,87776100
2009-11-17,38.56401062011719,44.599998474121094,44.599998474121094,44.25,44.34000015258789,81884000
2009-11-18,38.34782791137695,44.349998474121094,44.4900016784668,44.04999923706055,44.459999084472656,100240800
2009-11-19,37.7512321472168,43.65999984741211,44.08000183105469,43.349998474121094,44.04999923706055,114558000
2009-11-20,37.56100082397461,43.439998626708984,43.54999923706055,43.279998779296875,43.43000030517578,70912100
2009-11-23,38.1662483215332,44.13999938964844,44.400001525878906,43.86000061035156,43.88999938964844,91621500
2009-11-24,38.03656005859375,43.9900016784668,44.150001525878906,43.72999954223633,44.119998931884766,60670000
2009-11-25,38.200843811035156,44.18000030517578,44.220001220703125,44.0099983215332,44.13999938964844,37630100
2009-11-27,37.62151336669922,43.5099983215332,43.83000183105469,42.900001525878906,42.970001220703125,61230000
2009-11-30,37.66474533081055,43.560001373291016,43.619998931884766,43.11000061035156,43.40999984741211,84819400
2009-12-01,38.05385208129883,44.0099983215332,44.29999923706055,43.880001068115234,43.88999938964844,81817800
2009-12-02,38.10572052001953,44.06999969482422,44.4900016784668,43.97999954223633,44.15999984741211,81653600
2009-12-03,37.95009231567383,43.88999938964844,44.5,43.880001068115234,44.22999954223633,72460400
2009-12-04,38.14896774291992,44.119998931884766,44.72999954223633,43.65999984741211,44.45000076293945,125062600
2009-12-07,37.96738815307617,43.90999984741211,44.290000915527344,43.81999969482422,44.09000015258789,67471900
2009-12-08,37.73393630981445,43.63999938964844,44.0,43.36000061035156,43.65999984741211,86621400
2009-12-09,38.11436080932617,44.08000183105469,44.119998931884766,43.31999969482422,43.599998474121094,78820500
2009-12-10,38.30461120605469,44.29999923706055,44.540000915527344,44.2400016784668,44.27000045776367,76722400
2009-12-11,38.15761184692383,44.130001068115234,44.59000015258789,43.95000076293945,44.540000915527344,66643700
2009-12-14,38.5207633972168,44.54999923706055,44.599998474121094,44.189998626708984,44.43000030517578,47965500
2009-12-15,38.30461120605469,44.29999923706055,44.66999816894531,44.16999816894531,44.40999984741211,61171100
2009-12-16,38.356475830078125,44.36000061035156,44.70000076293945,44.290000915527344,44.470001220703125,61629700
2009-12-17,37.88956832885742,43.81999969482422,44.209999084472656,43.7599983215332,44.15999984741211,90440900
2009-12-18,38.507102966308594,44.459999084472656,44.47999954223633,44.0,44.15999984741211,96442600
2009-12-21,38.940162658691406,44.959999084472656,45.130001068115234,44.66999816894531,44.689998626708984,82357400
2009-12-22,39.17399597167969,45.22999954223633,45.290000915527344,45.029998779296875,45.11000061035156,51569100
2009-12-23,39.45981216430664,45.560001373291016,45.56999969482422,45.209999084472656,45.31999969482422,73932200
2009-12-24,39.823570251464844,45.97999954223633,45.97999954223633,45.599998474121094,45.61000061035156,31770400
2009-12-28,40.031463623046875,46.220001220703125,46.29999923706055,45.939998626708984,46.09000015258789,49381400
2009-12-29,39.86688232421875,46.029998779296875,46.25,45.9900016784668,46.22999954223633,32410200
2009-12-30,39.988128662109375,46.16999816894531,46.2599983215332,45.959999084472656,45.97999954223633,57612700
2009-12-31,39.624385833740234,45.75,46.279998779296875,45.75,46.2599983215332,50079200
2010-01-04,40.20466995239258,46.41999816894531,46.4900016784668,46.27000045776367,46.33000183105469,62822800
2010-01-05,40.20466995239258,46.41999816894531,46.5,46.15999984741211,46.38999938964844,62935600
2010-01-06,39.962158203125,46.13999938964844,46.54999923706055,46.06999969482422,46.400001525878906,96033000
2010-01-07,39.988128662109375,46.16999816894531,46.27000045776367,45.91999816894531,46.209999084472656,77094100
2010-01-08,40.3172607421875,46.54999923706055,46.54999923706055,45.93000030517578,46.06999969482422,88886600
2010-01-11,40.15269088745117,46.36000061035156,46.63999938964844,46.119998931884766,46.61000061035156,104673400
2010-01-12,39.65034866333008,45.779998779296875,46.13999938964844,45.529998779296875,46.08000183105469,90673900
2010-01-13,40.14402770996094,46.349998474121094,46.4900016784668,45.61000061035156,45.91999816894531,100661000
2010-01-14,40.17869186401367,46.38999938964844,46.52000045776367,46.220001220703125,46.2599983215332,75209000
2010-01-15,39.71099853515625,45.849998474121094,46.54999923706055,45.650001525878906,46.470001220703125,126849300
2010-01-19,40.351898193359375,46.59000015258789,46.63999938964844,45.95000076293945,45.959999084472656,84388200
2010-01-20,39.7716064453125,45.91999816894531,46.599998474121094,45.43000030517578,46.2599983215332,145680000
2010-01-21,39.399200439453125,45.4900016784668,46.349998474121094,45.29999923706055,46.04999923706055,204939600
2010-01-22,38.24726104736328,44.15999984741211,45.47999954223633,44.040000915527344,45.34000015258789,171098700
2010-01-25,38.37717819213867,44.310001373291016,44.599998474121094,44.119998931884766,44.43000030517578,154218700
2010-01-26,38.41181945800781,44.349998474121094,44.88999938964844,44.04999923706055,44.2599983215332,140816500
2010-01-27,38.71495056152344,44.70000076293945,44.849998474121094,44.0099983215332,44.27000045776367,161632700
2010-01-28,37.71894454956055,43.54999923706055,44.43000030517578,43.31999969482422,44.400001525878906,221439800
2010-01-29,37.060691833496094,42.790000915527344,44.02000045776367,42.630001068115234,43.90999984741211,212099600
2010-02-01,37.467769622802734,43.2599983215332,43.279998779296875,42.880001068115234,42.900001525878906,136827100
2010-02-02,37.80555725097656,43.650001525878906,43.779998779296875,43.029998779296875,43.33000183105469,110727700
2010-02-03,38.0134162902832,43.88999938964844,43.970001220703125,43.41999816894531,43.439998626708984,93581600
2010-02-04,36.9134635925293,42.619998931884766,43.65999984741211,42.619998931884766,43.56999969482422,151652500
2010-02-05,37.22525405883789,42.97999954223633,43.02000045776367,42.119998931884766,42.72999954223633,213618600
2010-02-08,36.95673751831055,42.66999816894531,43.18000030517578,42.63999938964844,42.90999984741211,94354400
2010-02-09,37.33787536621094,43.11000061035156,43.5099983215332,42.7599983215332,43.18000030517578,118956000
2010-02-10,37.2598991394043,43.02000045776367,43.310001373291016,42.75,43.11000061035156,94102900
2010-02-11,37.8228645324707,43.66999816894531,43.790000915527344,42.7599983215332,43.029998779296875,93050800
2010-02-12,37.90082931518555,43.7599983215332,43.880001068115234,43.15999984741211,43.279998779296875,93938500
2010-02-16,38.3858528137207,44.31999969482422,44.349998474121094,43.849998474121094,44.08000183105469,83861400
2010-02-17,38.60237503051758,44.56999969482422,44.56999969482422,44.2599983215332,44.52000045776367,82691700
2010-02-18,38.844879150390625,44.849998474121094,44.93000030517578,44.45000076293945,44.540000915527344,65752600
2010-02-19,38.82756042480469,44.83000183105469,45.04999923706055,44.619998931884766,44.72999954223633,80416500
2010-02-22,38.749610900878906,44.7400016784668,45.029998779296875,44.560001373291016,45.0099983215332,72055000
2010-02-23,38.24726104736328,44.15999984741211,44.7400016784668,43.95000076293945,44.709999084472656,95814400
2010-02-24,38.637020111083984,44.61000061035156,44.790000915527344,44.31999969482422,44.38999938964844,86591000
2010-02-25,38.62835693359375,44.599998474121094,44.70000076293945,43.83000183105469,44.13999938964844,97961300
2010-02-26,38.76692581176758,44.7599983215332,44.86000061035156,44.400001525878906,44.59000015258789,66222400
2010-03-01,39.32988357543945,45.40999984741211,45.4900016784668,44.95000076293945,44.959999084472656,77290100
2010-03-02,39.451148986816406,45.54999923706055,45.849998474121094,45.45000076293945,45.56999969482422,76368500
2010-03-03,39.49445724487305,45.599998474121094,45.81999969482422,45.43000030517578,45.65999984741211,65735500
2010-03-04,39.624385833740234,45.75,45.810001373291016,45.400001525878906,45.630001068115234,54470900
2010-03-05,40.22199630737305,46.439998626708984,46.540000915527344,45.9900016784668,46.09000015258789,68136300
2010-03-08,40.29994201660156,46.529998779296875,46.63999938964844,46.439998626708984,46.459999084472656,58712400
2010-03-09,40.52513122558594,46.790000915527344,47.04999923706055,46.400001525878906,46.43000030517578,98002800
2010-03-10,40.854244232177734,47.16999816894531,47.279998779296875,46.79999923706055,46.81999969482422,102578900
2010-03-11,41.01013946533203,47.349998474121094,47.349998474121094,46.97999954223633,47.060001373291016,67510300
2010-03-12,41.018798828125,47.36000061035156,47.529998779296875,47.099998474121094,47.5,64068300
2010-03-15,40.914878845214844,47.2400016784668,47.380001068115234,46.90999984741211,47.2599983215332,60150500
2010-03-16,41.174705505371094,47.540000915527344,47.61000061035156,47.22999954223633,47.38999938964844,74950600
2010-03-17,41.287288665771484,47.66999816894531,47.900001525878906,47.529998779296875,47.61000061035156,75643500
2010-03-18,41.42588424682617,47.83000183105469,47.880001068115234,47.599998474121094,47.709999084472656,77829400
2010-03-19,41.17530822753906,47.4900016784668,47.95000076293945,47.31999969482422,47.91999816894531,86337100
2010-03-22,41.54814147949219,47.91999816894531,48.11000061035156,47.25,47.29999923706055,71902800
2010-03-23,41.83424377441406,48.25,48.29999923706055,47.77000045776367,47.9900016784668,59182600
2010-03-24,41.634822845458984,48.02000045776367,48.16999816894531,47.90999984741211,48.16999816894531,62995700
2010-03-25,41.57413101196289,47.95000076293945,48.599998474121094,47.900001525878906,48.41999816894531,76294800
2010-03-26,41.617496490478516,48.0,48.33000183105469,47.7400016784668,48.150001525878906,78067900
2010-03-29,41.8169059753418,48.22999954223633,48.400001525878906,48.099998474121094,48.2400016784668,57993300
2010-03-30,41.95564270019531,48.38999938964844,48.54999923706055,48.060001373291016,48.380001068115234,49437300
2010-03-31,41.7562255859375,48.15999984741211,48.45000076293945,48.06999969482422,48.2400016784668,59947400
2010-04-01,41.7562255859375,48.15999984741211,48.70000076293945,47.790000915527344,48.36000061035156,83728600
2010-04-05,42.1463737487793,48.61000061035156,48.720001220703125,48.13999938964844,48.27000045776367,56220300
2010-04-06,42.26775360107422,48.75,48.900001525878906,48.38999938964844,48.5,54097100
2010-04-07,42.16372299194336,48.630001068115234,48.869998931884766,48.369998931884766,48.68000030517578,77211500
2010-04-08,42.25909423828125,48.7400016784668,48.81999969482422,48.2400016784668,48.4900016784668,68314300
2010-04-09,42.51053237915039,49.029998779296875,49.04999923706055,48.630001068115234,48.75,54227300
2010-04-12,42.54520797729492,49.06999969482422,49.20000076293945,48.939998626708984,49.04999923706055,44280600
2010-04-13,42.761959075927734,49.31999969482422,49.349998474121094,48.86000061035156,49.02000045776367,59376000
2010-04-14,43.273521423339844,49.90999984741211,49.91999816894531,49.5,49.58000183105469,69004800
2010-04-15,43.464263916015625,50.130001068115234,50.189998626708984,49.869998931884766,49.869998931884766,72254200
2010-04-16,42.944053649902344,49.529998779296875,50.119998931884766,49.20000076293945,49.95000076293945,127388000
2010-04-19,42.91804122924805,49.5,49.65999984741211,48.900001525878906,49.349998474121094,98251700
2010-04-20,43.134803771972656,49.75,49.880001068115234,49.43000030517578,49.77000045776367,69543700
2010-04-21,43.37757110595703,50.029998779296875,50.189998626708984,49.720001220703125,50.09000015258789,74748700
2010-04-22,43.620338439941406,50.310001373291016,50.36000061035156,49.2599983215332,49.54999923706055,110477200
2010-04-23,43.80241012573242,50.52000045776367,50.56999969482422,50.09000015258789,50.29999923706055,77205200
2010-04-26,43.707027435302734,50.40999984741211,50.650001525878906,50.29999923706055,50.56999969482422,67361000
2010-04-27,42.779300689697266,49.34000015258789,50.43000030517578,49.209999084472656,50.209999084472656,112608000
2010-04-28,42.80532455444336,49.369998931884766,49.630001068115234,48.97999954223633,49.599998474121094,130082100
2010-04-29,43.55097961425781,50.22999954223633,50.33000183105469,49.61000061035156,49.650001525878906,84180200
2010-04-30,42.692596435546875,49.2400016784668,50.290000915527344,49.20000076293945,50.209999084472656,110897000
2010-05-03,43.29085922241211,49.93000030517578,50.16999816894531,49.43000030517578,49.45000076293945,74169700
2010-05-04,41.990325927734375,48.43000030517578,49.31999969482422,48.08000183105469,49.31999969482422,141136500
2010-05-05,41.77356719970703,48.18000030517578,48.5,47.63999938964844,47.91999816894531,128560200
2010-05-06,40.37763977050781,46.56999969482422,48.31999969482422,42.63999938964844,47.849998474121094,274356800
2010-05-07,39.37187957763672,45.40999984741211,46.79999923706055,44.279998779296875,46.220001220703125,288200400
2010-05-10,41.41807556152344,47.77000045776367,47.79999923706055,47.310001373291016,47.43000030517578,136041600
2010-05-11,41.374717712402344,47.720001220703125,48.38999938964844,47.20000076293945,47.290000915527344,113016100
2010-05-12,42.155052185058594,48.619998931884766,48.65999984741211,47.900001525878906,47.97999954223633,85462400
2010-05-13,41.487430572509766,47.849998474121094,48.790000915527344,47.72999954223633,48.40999984741211,102844300
2010-05-14,40.68975830078125,46.93000030517578,47.52000045776367,46.380001068115234,47.4900016784668,147386100
2010-05-17,40.81981658935547,47.08000183105469,47.27000045776367,46.06999969482422,47.02000045776367,120969600
2010-05-18,40.25626754760742,46.43000030517578,47.58000183105469,46.220001220703125,47.47999954223633,153072100
2010-05-19,39.93544387817383,46.060001373291016,46.630001068115234,45.54999923706055,46.2599983215332,159000300
2010-05-20,38.452816009521484,44.349998474121094,45.279998779296875,44.25,45.15999984741211,189289800
2010-05-21,38.87767028808594,44.84000015258789,45.63999938964844,43.4900016784668,43.65999984741211,190631100
2010-05-24,38.72160339355469,44.65999984741211,45.33000183105469,44.63999938964844,44.81999969482422,113038000
2010-05-25,38.75630187988281,44.70000076293945,44.7599983215332,43.22999954223633,43.68000030517578,155643000
2010-05-26,38.322776794433594,44.20000076293945,45.56999969482422,44.119998931884766,45.0099983215332,140203200
2010-05-27,39.77070999145508,45.869998931884766,45.88999938964844,45.09000015258789,45.20000076293945,110671600
2010-05-28,39.5366096496582,45.599998474121094,45.9900016784668,45.20000076293945,45.95000076293945,128535300
2010-06-01,39.17245864868164,45.18000030517578,46.25,45.130001068115234,45.43000030517578,104242700
2010-06-02,40.10020065307617,46.25,46.279998779296875,45.130001068115234,45.439998626708984,97249300
2010-06-03,40.48169708251953,46.689998626708984,46.77000045776367,46.08000183105469,46.380001068115234,98928400
2010-06-04,39.094425201416016,45.09000015258789,46.290000915527344,44.939998626708984,45.70000076293945,112849900
2010-06-07,38.38346862792969,44.27000045776367,45.459999084472656,44.220001220703125,45.31999969482422,88436600
2010-06-08,38.31410598754883,44.189998626708984,44.47999954223633,43.59000015258789,44.349998474121094,133030100
2010-06-09,37.99330139160156,43.81999969482422,44.90999984741211,43.689998626708984,44.5,101949200
2010-06-10,39.07709503173828,45.06999969482422,45.119998931884766,44.2400016784668,44.36000061035156,76892300
2010-06-11,39.44990921020508,45.5,45.540000915527344,44.61000061035156,44.61000061035156,74346800
2010-06-14,39.44124221801758,45.4900016784668,46.2400016784668,45.40999984741211,45.91999816894531,68085000
2010-06-15,40.4990234375,46.709999084472656,46.77000045776367,45.45000076293945,45.72999954223633,76332600
2010-06-16,40.663761138916016,46.900001525878906,47.13999938964844,46.5,46.58000183105469,78399700
2010-06-17,40.793800354003906,47.04999923706055,47.18000030517578,46.63999938964844,47.15999984741211,77111900
2010-06-18,40.82769012451172,47.0,47.34000015258789,46.86000061035156,47.04999923706055,75921400
2010-06-21,40.480224609375,46.599998474121094,47.68000030517578,46.33000183105469,47.599998474121094,95488100
2010-06-22,40.16749572753906,46.2400016784668,47.13999938964844,46.150001525878906,46.79999923706055,94493400
2010-06-23,40.002437591552734,46.04999923706055,46.470001220703125,45.689998626708984,46.290000915527344,92397600
2010-06-24,39.394371032714844,45.349998474121094,45.9900016784668,45.20000076293945,45.849998474121094,114145900
2010-06-25,39.40222930908203,45.27000045776367,45.65999984741211,44.95000076293945,45.5099983215332,88740300
2010-06-28,39.262939453125,45.11000061035156,45.54999923706055,44.810001373291016,45.27000045776367,71350000
2010-06-29,37.74848556518555,43.369998931884766,44.459999084472656,43.06999969482422,44.41999816894531,136384200
2010-06-30,37.17403793334961,42.709999084472656,43.66999816894531,42.63999938964844,43.22999954223633,101313200
2010-07-01,37.06959533691406,42.59000015258789,42.959999084472656,41.77000045776367,42.84000015258789,158695000
2010-07-02,36.965152740478516,42.470001220703125,42.81999969482422,42.09000015258789,42.65999984741211,78565300
2010-07-06,37.07828140258789,42.599998474121094,43.369998931884766,42.25,43.099998474121094,88591900
2010-07-07,38.26201629638672,43.959999084472656,44.0099983215332,42.70000076293945,42.7400016784668,72448400
2010-07-08,38.47091293334961,44.20000076293945,44.380001068115234,43.68000030517578,44.310001373291016,78264600
2010-07-09,38.83644485473633,44.619998931884766,44.630001068115234,44.08000183105469,44.18000030517578,47851200
2010-07-12,38.94961166381836,44.75,45.029998779296875,44.459999084472656,44.58000183105469,60927500
2010-07-13,39.45442581176758,45.33000183105469,45.5,44.79999923706055,45.13999938964844,93310500
2010-07-14,39.65461349487305,45.560001373291016,45.810001373291016,45.2400016784668,45.41999816894531,87687100
2010-07-15,39.68943786621094,45.599998474121094,45.7400016784668,44.9900016784668,45.470001220703125,95992500
2010-07-16,38.592769622802734,44.34000015258789,45.630001068115234,44.29999923706055,45.439998626708984,98831900
2010-07-19,38.92348861694336,44.720001220703125,44.810001373291016,44.099998474121094,44.470001220703125,81800800
2010-07-20,39.39350509643555,45.2599983215332,45.2599983215332,43.86000061035156,44.0,89061200
2010-07-21,38.85387420654297,44.63999938964844,45.7599983215332,44.560001373291016,45.7400016784668,83577000
2010-07-22,39.83740234375,45.77000045776367,45.97999954223633,45.2400016784668,45.27000045776367,82890300
2010-07-23,40.08979415893555,46.060001373291016,46.099998474121094,45.380001068115234,45.459999084472656,81056100
2010-07-26,40.42055892944336,46.439998626708984,46.459999084472656,45.90999984741211,46.119998931884766,64850900
2010-07-27,40.40313720703125,46.41999816894531,46.720001220703125,46.209999084472656,46.63999938964844,67655600
2010-07-28,40.08110046386719,46.04999923706055,46.58000183105469,45.880001068115234,46.369998931884766,51988200
2010-07-29,39.78519821166992,45.709999084472656,46.40999984741211,45.25,46.31999969482422,85669500
2010-07-30,39.87222671508789,45.810001373291016,46.09000015258789,45.06999969482422,45.33000183105469,98958100
2010-08-02,40.620731353759766,46.66999816894531,46.790000915527344,46.209999084472656,46.38999938964844,68706800
2010-08-03,40.4466552734375,46.470001220703125,46.70000076293945,46.25,46.63999938964844,60856600
2010-08-04,40.85574722290039,46.939998626708984,46.9900016784668,46.5,46.68000030517578,43820600
2010-08-05,40.760005950927734,46.83000183105469,46.91999816894531,46.52000045776367,46.709999084472656,39150200
2010-08-06,40.699066162109375,46.7599983215332,46.849998474121094,46.04999923706055,46.31999969482422,71339200
2010-08-09,40.977596282958984,47.08000183105469,47.189998626708984,46.790000915527344,47.0,26927600
2010-08-10,40.620731353759766,46.66999816894531,46.95000076293945,46.279998779296875,46.70000076293945,86694500
2010-08-11,39.51535415649414,45.400001525878906,45.91999816894531,45.209999084472656,45.900001525878906,92219700
2010-08-12,39.2020149230957,45.040000915527344,45.2400016784668,44.45000076293945,44.529998779296875,66000200
2010-08-13,38.92348861694336,44.720001220703125,45.060001373291016,44.709999084472656,44.869998931884766,46387300
2010-08-16,38.99311828613281,44.79999923706055,45.11000061035156,44.29999923706055,44.5,55472900
2010-08-17,39.4892463684082,45.369998931884766,45.779998779296875,45.029998779296875,45.119998931884766,56927100
2010-08-18,39.64591598510742,45.54999923706055,45.81999969482422,45.11000061035156,45.279998779296875,61835400
2010-08-19,39.04536437988281,44.86000061035156,45.459999084472656,44.560001373291016,45.279998779296875,82969500
2010-08-20,39.097591400146484,44.91999816894531,45.029998779296875,44.540000915527344,44.790000915527344,65806700
2010-08-23,38.71460723876953,44.47999954223633,45.34000015258789,44.459999084472656,45.20000076293945,69612200
2010-08-24,37.9921989440918,43.650001525878906,44.119998931884766,43.470001220703125,43.970001220703125,79095800
2010-08-25,38.35775375366211,44.06999969482422,44.2599983215332,43.27000045776367,43.34000015258789,87247900
2010-08-26,37.89643859863281,43.540000915527344,44.31999969482422,43.5,44.220001220703125,91199000
2010-08-27,38.35775375366211,44.06999969482422,44.15999984741211,42.970001220703125,43.86000061035156,109568800
2010-08-30,37.95737838745117,43.61000061035156,44.25,43.599998474121094,43.86000061035156,49373200
2010-08-31,37.82683563232422,43.459999084472656,43.849998474121094,43.18000030517578,43.380001068115234,72066900
2010-09-01,38.95832061767578,44.7599983215332,44.90999984741211,44.06999969482422,44.099998474121094,83523100
2010-09-02,39.39350509643555,45.2599983215332,45.279998779296875,44.72999954223633,44.84000015258789,41816800
2010-09-03,40.04629135131836,46.0099983215332,46.02000045776367,45.54999923706055,45.7599983215332,64041100
2010-09-07,39.77647399902344,45.70000076293945,46.029998779296875,45.630001068115234,45.81999969482422,51195200
2010-09-08,40.25519561767578,46.25,46.45000076293945,45.81999969482422,45.83000183105469,66879800
2010-09-09,40.411861419677734,46.43000030517578,46.70000076293945,46.31999969482422,46.65999984741211,61476400
2010-09-10,40.55983352661133,46.599998474121094,46.66999816894531,46.25,46.47999954223633,66995700
2010-09-13,41.125579833984375,47.25,47.369998931884766,46.939998626708984,46.959999084472656,64523400
2010-09-14,41.29964065551758,47.45000076293945,47.70000076293945,47.08000183105469,47.189998626708984,91405800
2010-09-15,41.560760498046875,47.75,47.79999923706055,47.189998626708984,47.33000183105469,67108200
2010-09-16,41.72612380981445,47.939998626708984,47.97999954223633,47.540000915527344,47.65999984741211,66885800
2010-09-17,41.867462158203125,47.9900016784668,48.13999938964844,47.75,48.13999938964844,76372600
2010-09-20,42.60029983520508,48.83000183105469,48.93000030517578,48.11000061035156,48.16999816894531,84475000
2010-09-21,42.591583251953125,48.81999969482422,49.16999816894531,48.61000061035156,48.86000061035156,82272000
2010-09-22,42.478153228759766,48.689998626708984,49.02000045776367,48.41999816894531,48.619998931884766,88315900
2010-09-23,42.46070098876953,48.66999816894531,49.15999984741211,48.31999969482422,48.369998931884766,85040000
2010-09-24,43.32441329956055,49.65999984741211,49.689998626708984,49.150001525878906,49.220001220703125,79495900
2010-09-27,43.08884811401367,49.38999938964844,49.75,49.349998474121094,49.630001068115234,43859800
2010-09-28,43.0714111328125,49.369998931884766,49.540000915527344,48.59000015258789,49.5099983215332,104922900
2010-09-29,43.00163269042969,49.290000915527344,49.529998779296875,49.11000061035156,49.29999923706055,81679200
2010-09-30,42.809661865234375,49.06999969482422,49.84000015258789,48.75,49.540000915527344,122458600
2010-10-01,42.757328033447266,49.0099983215332,49.529998779296875,48.779998779296875,49.47999954223633,77675400
2010-10-04,42.294952392578125,48.47999954223633,49.04999923706055,48.20000076293945,48.869998931884766,71359900
2010-10-05,43.32441329956055,49.65999984741211,49.7599983215332,49.0,49.029998779296875,99301300
2010-10-06,42.94926071166992,49.22999954223633,49.709999084472656,48.90999984741211,49.599998474121094,81831200
2010-10-07,43.1063117980957,49.40999984741211,49.540000915527344,49.0,49.5099983215332,75693300
2010-10-08,43.402931213378906,49.75,49.869998931884766,49.08000183105469,49.43000030517578,83223900
2010-10-11,43.42036819458008,49.77000045776367,50.02000045776367,49.619998931884766,49.779998779296875,46880000
2010-10-12,43.71697998046875,50.11000061035156,50.209999084472656,49.2599983215332,49.689998626708984,88571700
2010-10-13,44.074676513671875,50.52000045776367,50.75,50.279998779296875,50.43000030517578,71122900
2010-10-14,43.9874382019043,50.41999816894531,50.63999938964844,50.16999816894531,50.54999923706055,68464000
2010-10-15,44.92093276977539,51.4900016784668,51.5,50.630001068115234,51.040000915527344,104654000
2010-10-18,44.755184173583984,51.29999923706055,51.720001220703125,51.29999923706055,51.5,72399400
2010-10-19,44.33640670776367,50.81999969482422,51.29999923706055,50.41999816894531,50.81999969482422,105739800
2010-10-20,44.6591911315918,51.189998626708984,51.56999969482422,50.869998931884766,50.959999084472656,80861400
2010-10-21,44.7464599609375,51.290000915527344,51.709999084472656,50.790000915527344,51.5099983215332,85885400
2010-10-22,45.05180358886719,51.63999938964844,51.689998626708984,51.209999084472656,51.29999923706055,47406900
2010-10-25,45.26988983154297,51.88999938964844,52.22999954223633,51.849998474121094,51.849998474121094,51413900
2010-10-26,45.39204025268555,52.029998779296875,52.150001525878906,51.41999816894531,51.630001068115234,60498300
2010-10-27,45.53164291381836,52.189998626708984,52.22999954223633,51.65999984741211,51.7599983215332,57483400
2010-10-28,45.62759780883789,52.29999923706055,52.45000076293945,51.84000015258789,52.40999984741211,61220000
2010-10-29,45.522918701171875,52.18000030517578,52.4900016784668,52.16999816894531,52.29999923706055,46668700
2010-11-01,45.557796478271484,52.220001220703125,52.75,51.97999954223633,52.369998931884766,60555600
2010-11-02,46.04636764526367,52.779998779296875,52.93000030517578,52.58000183105469,52.650001525878906,48137500
2010-11-03,46.25574493408203,53.02000045776367,53.040000915527344,52.36000061035156,52.83000183105469,126225800
2010-11-04,46.82280731201172,53.66999816894531,53.86000061035156,53.5,53.599998474121094,84201000
2010-11-05,46.82280731201172,53.66999816894531,53.810001373291016,53.5099983215332,53.70000076293945,77937100
2010-11-08,46.88387680053711,53.7400016784668,53.83000183105469,53.45000076293945,53.58000183105469,39623500
2010-11-09,46.630889892578125,53.45000076293945,54.040000915527344,53.209999084472656,53.95000076293945,66828700
2010-11-10,46.86642837524414,53.720001220703125,53.77000045776367,53.099998474121094,53.52000045776367,83553700
2010-11-11,46.56980514526367,53.380001068115234,53.47999954223633,52.65999984741211,52.90999984741211,85163600
2010-11-12,45.81079864501953,52.5099983215332,53.369998931884766,52.11000061035156,53.099998474121094,99164300
2010-11-15,45.63632583618164,52.310001373291016,52.880001068115234,52.290000915527344,52.779998779296875,56723400
2010-11-16,44.88603973388672,51.45000076293945,52.25,50.849998474121094,51.939998626708984,101097000
2010-11-17,45.01689910888672,51.599998474121094,51.869998931884766,51.349998474121094,51.47999954223633,77836200
2010-11-18,45.74102020263672,52.43000030517578,52.790000915527344,52.130001068115234,52.15999984741211,71488300
2010-11-19,45.77592086791992,52.470001220703125,52.59000015258789,52.13999938964844,52.36000061035156,54506100
2010-11-22,46.15976333618164,52.90999984741211,52.90999984741211,52.16999816894531,52.2599983215332,69918900
2010-11-23,45.42693328857422,52.06999969482422,52.45000076293945,51.77000045776367,52.369998931884766,76818300
2010-11-24,46.34297561645508,53.119998931884766,53.25,52.560001373291016,52.58000183105469,53444200
2010-11-26,46.037635803222656,52.77000045776367,53.130001068115234,52.66999816894531,52.779998779296875,23640300
2010-11-29,46.00273513793945,52.72999954223633,52.900001525878906,52.099998474121094,52.70000076293945,89269100
2010-11-30,45.44438934326172,52.09000015258789,52.7400016784668,51.880001068115234,52.18000030517578,118862100
2010-12-01,46.4040641784668,53.189998626708984,53.459999084472656,52.84000015258789,52.86000061035156,81758800
2010-12-02,46.87516784667969,53.72999954223633,53.810001373291016,53.209999084472656,53.27000045776367,56844600
2010-12-03,46.99728775024414,53.869998931884766,53.939998626708984,53.5,53.5,38014200
2010-12-06,46.9798469543457,53.849998474121094,53.95000076293945,53.68000030517578,53.880001068115234,39312000
2010-12-07,47.00603103637695,53.880001068115234,54.52000045776367,53.81999969482422,54.5,59067300
2010-12-08,47.18050765991211,54.08000183105469,54.150001525878906,53.689998626708984,54.02000045776367,48066900
2010-12-09,47.2241325378418,54.130001068115234,54.439998626708984,53.95000076293945,54.40999984741211,51679800
2010-12-10,47.53821563720703,54.4900016784668,54.54999923706055,54.09000015258789,54.290000915527344,44696200
2010-12-13,47.372432708740234,54.29999923706055,54.7400016784668,54.27000045776367,54.70000076293945,53110200
2010-12-14,47.459693908691406,54.400001525878906,54.619998931884766,54.22999954223633,54.439998626708984,69884800
2010-12-15,47.25029373168945,54.15999984741211,54.70000076293945,54.029998779296875,54.369998931884766,76951900
2010-12-16,47.61671447753906,54.58000183105469,54.65999984741211,54.060001373291016,54.209999084472656,65519400
2010-12-17,47.658668518066406,54.52000045776367,54.68000030517578,54.40999984741211,54.540000915527344,36844200
2010-12-20,47.693641662597656,54.560001373291016,54.7599983215332,54.15999984741211,54.619998931884766,48159600
2010-12-21,47.98209762573242,54.88999938964844,54.88999938964844,54.619998931884766,54.77000045776367,35775400
2010-12-22,47.9733772277832,54.880001068115234,54.959999084472656,54.790000915527344,54.869998931884766,35766500
2010-12-23,47.85099411010742,54.7400016784668,54.869998931884766,54.61000061035156,54.779998779296875,21664800
2010-12-27,47.87720489501953,54.77000045776367,54.86000061035156,54.209999084472656,54.58000183105469,29263700
2010-12-28,47.789798736572266,54.66999816894531,54.91999816894531,54.54999923706055,54.880001068115234,24160500
2010-12-29,47.89469528198242,54.790000915527344,54.900001525878906,54.72999954223633,54.81999969482422,24132700
2010-12-30,47.78107452392578,54.65999984741211,54.79999923706055,54.54999923706055,54.790000915527344,27553300
2010-12-31,47.606231689453125,54.459999084472656,54.619998931884766,54.209999084472656,54.59000015258789,38540100
2011-01-03,48.34925079345703,55.310001373291016,55.689998626708984,54.95000076293945,54.970001220703125,90994300
2011-01-04,48.31428909301758,55.27000045776367,55.54999923706055,54.91999816894531,55.5099983215332,43851500
2011-01-05,48.72514724731445,55.7400016784668,55.7599983215332,55.06999969482422,55.099998474121094,43787400
2011-01-06,48.882484436035156,55.91999816894531,55.959999084472656,55.68000030517578,55.79999923706055,46139600
2011-01-07,48.83877182006836,55.869998931884766,56.04999923706055,55.31999969482422,56.02000045776367,72261700
2011-01-10,49.022361755371094,56.08000183105469,56.18000030517578,55.58000183105469,55.75,55551800
2011-01-11,49.092288970947266,56.15999984741211,56.36000061035156,55.95000076293945,56.310001373291016,56663800
2011-01-12,49.44193649291992,56.560001373291016,56.560001373291016,56.20000076293945,56.43000030517578,51979300
2011-01-13,49.45940399169922,56.58000183105469,56.72999954223633,56.40999984741211,56.599998474121094,47364500
2011-01-14,49.826560974121094,57.0,57.02000045776367,56.459999084472656,56.599998474121094,43867400
2011-01-18,49.96641540527344,57.15999984741211,57.22999954223633,56.4900016784668,56.56999969482422,65805600
2011-01-19,49.39823913574219,56.5099983215332,57.2599983215332,56.31999969482422,57.2599983215332,67767200
2011-01-20,49.04857635498047,56.11000061035156,56.349998474121094,55.68000030517578,56.27000045776367,92357800
2011-01-21,48.67268753051758,55.68000030517578,56.4900016784668,55.650001525878906,56.38999938964844,59673300
2011-01-24,49.345794677734375,56.45000076293945,56.459999084472656,55.68000030517578,55.790000915527344,64103300
2011-01-25,49.41572570800781,56.529998779296875,56.54999923706055,56.04999923706055,56.16999816894531,55305100
2011-01-26,49.67798614501953,56.83000183105469,56.97999954223633,56.45000076293945,56.61000061035156,60547700
2011-01-27,49.98393630981445,57.18000030517578,57.349998474121094,56.91999816894531,57.0099983215332,53656100
2011-01-28,48.716392517089844,55.72999954223633,57.220001220703125,55.470001220703125,57.16999816894531,123359900
2011-01-31,48.95241165161133,56.0,56.15999984741211,55.38999938964844,55.810001373291016,70571300
2011-02-01,49.87026596069336,57.04999923706055,57.18000030517578,56.36000061035156,56.41999816894531,76952900
2011-02-02,49.791595458984375,56.959999084472656,57.16999816894531,56.84000015258789,56.93000030517578,48661000
2011-02-03,49.8790283203125,57.060001373291016,57.13999938964844,56.400001525878906,56.849998474121094,45341900
2011-02-04,50.15873718261719,57.380001068115234,57.41999816894531,56.900001525878906,57.04999923706055,47647800
2011-02-07,50.3947639465332,57.650001525878906,57.970001220703125,57.400001525878906,57.4900016784668,45627100
2011-02-08,50.7269401550293,58.029998779296875,58.06999969482422,57.560001373291016,57.66999816894531,38099900
2011-02-09,50.639530181884766,57.93000030517578,58.119998931884766,57.75,57.939998626708984,62540800
2011-02-10,50.71821212768555,58.02000045776367,58.099998474121094,57.4900016784668,57.54999923706055,70194700
2011-02-11,51.08534240722656,58.439998626708984,58.47999954223633,57.77000045776367,57.849998474121094,47853500
2011-02-14,51.20772933959961,58.58000183105469,58.65999984741211,58.380001068115234,58.439998626708984,48506100
2011-02-15,51.1378059387207,58.5,58.56999969482422,58.22999954223633,58.439998626708984,39723800
2011-02-16,51.469970703125,58.880001068115234,59.040000915527344,58.630001068115234,58.650001525878906,53061700
2011-02-17,51.452491760253906,58.86000061035156,58.970001220703125,58.54999923706055,58.59000015258789,38361900
2011-02-18,51.338836669921875,58.72999954223633,58.970001220703125,58.5099983215332,58.86000061035156,44334300
2011-02-22,49.85280227661133,57.029998779296875,58.130001068115234,56.939998626708984,57.93000030517578,92598100
2011-02-23,49.44193649291992,56.560001373291016,57.22999954223633,56.130001068115234,57.029998779296875,97842900
2011-02-24,49.70418930053711,56.86000061035156,57.029998779296875,56.13999938964844,56.68000030517578,98716100
2011-02-25,50.3947639465332,57.650001525878906,57.720001220703125,57.119998931884766,57.18000030517578,54094600
2011-02-28,50.499671936035156,57.77000045776367,58.04999923706055,57.43000030517578,57.880001068115234,51402800
2011-03-01,49.68669891357422,56.84000015258789,58.02000045776367,56.70000076293945,58.02000045776367,91993900
2011-03-02,49.948951721191406,57.13999938964844,57.5099983215332,56.790000915527344,56.810001373291016,61552900
2011-03-03,50.936729431152344,58.27000045776367,58.369998931884766,57.66999816894531,57.66999816894531,64146600
2011-03-04,50.67449951171875,57.970001220703125,58.2599983215332,57.59000015258789,58.25,62328400
2011-03-07,49.99265670776367,57.189998626708984,58.2599983215332,56.66999816894531,58.209999084472656,98470000
2011-03-08,50.1937141418457,57.41999816894531,57.68000030517578,56.77000045776367,57.119998931884766,62399100
2011-03-09,49.85280227661133,57.029998779296875,57.27000045776367,56.720001220703125,57.209999084472656,84764200
2011-03-10,49.07478713989258,56.13999938964844,56.52000045776367,55.90999984741211,56.38999938964844,102894400
2011-03-11,49.3807487487793,56.4900016784668,56.65999984741211,55.81999969482422,55.81999969482422,81679400
2011-03-14,49.205928802490234,56.290000915527344,56.59000015258789,55.86000061035156,56.18000030517578,73565800
2011-03-15,48.5066032409668,55.4900016784668,55.81999969482422,54.470001220703125,54.63999938964844,101276500
2011-03-16,47.33523178100586,54.150001525878906,55.34000015258789,53.77000045776367,55.029998779296875,176507700
2011-03-17,47.772308349609375,54.650001525878906,55.2400016784668,54.130001068115234,55.0099983215332,94434500
2011-03-18,47.66465377807617,54.45000076293945,55.220001220703125,54.40999984741211,55.220001220703125,94887200
2011-03-21,48.58378219604492,55.5,55.779998779296875,54.5,55.279998779296875,57423000
2011-03-22,48.49626922607422,55.400001525878906,55.61000061035156,55.279998779296875,55.58000183105469,36162100
2011-03-23,48.76762390136719,55.709999084472656,55.869998931884766,54.81999969482422,55.20000076293945,60365100
2011-03-24,49.634254455566406,56.70000076293945,56.81999969482422,55.81999969482422,56.130001068115234,69502400
2011-03-25,49.756813049316406,56.84000015258789,57.220001220703125,56.72999954223633,56.880001068115234,74131100
2011-03-28,49.48544692993164,56.529998779296875,57.099998474121094,56.5,57.09000015258789,37824000
2011-03-29,49.966896057128906,57.08000183105469,57.08000183105469,56.22999954223633,56.400001525878906,47994800
2011-03-30,50.20326614379883,57.349998474121094,57.43000030517578,57.08000183105469,57.36000061035156,44935900
2011-03-31,50.273277282714844,57.43000030517578,57.47999954223633,57.150001525878906,57.25,50004300
2011-04-01,50.299556732177734,57.459999084472656,57.900001525878906,57.290000915527344,57.720001220703125,68031800
2011-04-04,50.13322067260742,57.27000045776367,57.68000030517578,57.02000045776367,57.619998931884766,48659100
2011-04-05,50.00191879272461,57.119998931884766,57.4900016784668,57.0,57.15999984741211,55349400
2011-04-06,50.124473571777344,57.2599983215332,57.72999954223633,56.93000030517578,57.560001373291016,49532100
2011-04-07,50.08945846557617,57.220001220703125,57.599998474121094,56.810001373291016,57.2400016784668,60697000
2011-04-08,49.853118896484375,56.95000076293945,57.56999969482422,56.650001525878906,57.47999954223633,42782200
2011-04-11,49.6867790222168,56.7599983215332,57.290000915527344,56.560001373291016,57.16999816894531,42451700
2011-04-12,49.34539794921875,56.369998931884766,56.63999938964844,56.150001525878906,56.5,50422800
2011-04-13,49.765567779541016,56.849998474121094,57.0,56.400001525878906,56.790000915527344,49979800
2011-04-14,49.67803192138672,56.75,56.83000183105469,56.22999954223633,56.459999084472656,53544100
2011-04-15,49.59049987792969,56.650001525878906,56.869998931884766,56.279998779296875,56.529998779296875,68530000
2011-04-18,49.2403564453125,56.25,56.27000045776367,55.31999969482422,56.08000183105469,69065000
2011-04-19,49.546722412109375,56.599998474121094,56.599998474121094,56.099998474121094,56.400001525878906,38608400
2011-04-20,50.66720962524414,57.880001068115234,57.939998626708984,57.529998779296875,57.599998474121094,67397500
2011-04-21,51.06988525390625,58.34000015258789,58.470001220703125,58.15999984741211,58.439998626708984,43666800
2011-04-25,51.20119094848633,58.4900016784668,58.52000045776367,58.279998779296875,58.38999938964844,25376800
2011-04-26,51.49007034301758,58.81999969482422,59.029998779296875,58.5099983215332,58.63999938964844,49400000
2011-04-27,51.84023666381836,59.220001220703125,59.290000915527344,58.65999984741211,58.93000030517578,56465500
2011-04-28,51.761436462402344,59.130001068115234,59.22999954223633,58.880001068115234,59.040000915527344,48100000
2011-04-29,51.71767044067383,59.08000183105469,59.290000915527344,58.97999954223633,59.02000045776367,44831200
2011-05-02,51.62137222290039,58.970001220703125,59.34000015258789,58.81999969482422,59.16999816894531,48149400
2011-05-03,51.37627029418945,58.689998626708984,59.0,58.33000183105469,58.939998626708984,38100000
2011-05-04,51.2974967956543,58.599998474121094,58.869998931884766,58.11000061035156,58.720001220703125,53097200
2011-05-05,51.017364501953125,58.279998779296875,58.970001220703125,58.08000183105469,58.310001373291016,72200000
2011-05-06,51.18368911743164,58.470001220703125,59.20000076293945,58.310001373291016,58.86000061035156,72507000
2011-05-09,51.37627029418945,58.689998626708984,58.91999816894531,58.34000015258789,58.56999969482422,40022000
2011-05-10,51.813968658447266,59.189998626708984,59.279998779296875,58.779998779296875,58.86000061035156,38053600
2011-05-11,51.43754577636719,58.7599983215332,59.310001373291016,58.36000061035156,59.099998474121094,61900000
2011-05-12,51.743919372558594,59.11000061035156,59.189998626708984,58.2400016784668,58.58000183105469,66100000
2011-05-13,51.13116455078125,58.40999984741211,59.06999969482422,58.38999938964844,58.970001220703125,63506600
2011-05-16,50.24702072143555,57.400001525878906,58.31999969482422,57.27000045776367,58.13999938964844,73115300
2011-05-17,50.3870964050293,57.560001373291016,57.56999969482422,56.97999954223633,57.099998474121094,63136000
2011-05-18,50.80727767944336,58.040000915527344,58.13999938964844,57.40999984741211,57.47999954223633,42351100
2011-05-19,50.95608139038086,58.209999084472656,58.34000015258789,57.849998474121094,58.220001220703125,35015800
2011-05-20,50.5709114074707,57.77000045776367,58.209999084472656,57.689998626708984,58.150001525878906,44703300
2011-05-23,49.826839447021484,56.91999816894531,57.150001525878906,56.650001525878906,56.97999954223633,43700000
2011-05-24,49.52045822143555,56.56999969482422,57.06999969482422,56.560001373291016,57.060001373291016,39314800
2011-05-25,49.713050842285156,56.790000915527344,57.060001373291016,56.470001220703125,56.5,41369000
2011-05-26,50.019432067871094,57.13999938964844,57.29999923706055,56.61000061035156,56.619998931884766,40564100
2011-05-27,50.273277282714844,57.43000030517578,57.4900016784668,57.189998626708984,57.2400016784668,30127200
2011-05-31,51.08738327026367,58.36000061035156,58.36000061035156,57.66999816894531,57.970001220703125,47590100
2011-06-01,49.97564697265625,57.09000015258789,58.36000061035156,57.040000915527344,58.220001220703125,51795000
2011-06-02,50.08072280883789,57.209999084472656,57.40999984741211,56.88999938964844,57.20000076293945,50198100
2011-06-03,49.327877044677734,56.349998474121094,56.9900016784668,56.27000045776367,56.54999923706055,57773700
2011-06-06,48.925201416015625,55.88999938964844,56.529998779296875,55.86000061035156,56.220001220703125,50175600
2011-06-07,48.83765411376953,55.790000915527344,56.2599983215332,55.75,56.040000915527344,46311100
2011-06-08,48.48750305175781,55.38999938964844,55.77000045776367,55.22999954223633,55.66999816894531,46426400
2011-06-09,48.57504653930664,55.4900016784668,55.7599983215332,55.22999954223633,55.40999984741211,45307500
2011-06-10,47.83098220825195,54.63999938964844,55.34000015258789,54.59000015258789,55.22999954223633,53740600
2011-06-13,47.83098220825195,54.63999938964844,54.93000030517578,54.45000076293945,54.66999816894531,37736800
2011-06-14,48.44373321533203,55.34000015258789,55.470001220703125,55.029998779296875,55.060001373291016,40565300
2011-06-15,47.52458953857422,54.290000915527344,55.150001525878906,54.18000030517578,54.810001373291016,59022400
2011-06-16,47.340755462646484,54.08000183105469,54.5,53.619998931884766,54.31999969482422,66316200
2011-06-17,47.19247817993164,53.790000915527344,54.599998474121094,53.630001068115234,54.400001525878906,70337000
2011-06-20,47.438140869140625,54.06999969482422,54.22999954223633,53.63999938964844,53.63999938964844,37402900
2011-06-21,48.455841064453125,55.22999954223633,55.290000915527344,54.029998779296875,54.2599983215332,55892800
2011-06-22,48.104923248291016,54.83000183105469,55.31999969482422,54.81999969482422,55.0,36833300
2011-06-23,48.5523681640625,55.34000015258789,55.369998931884766,54.060001373291016,54.2400016784668,80743300
2011-06-24,47.710121154785156,54.380001068115234,55.130001068115234,54.27000045776367,55.08000183105469,56298300
2011-06-27,48.47340774536133,55.25,55.529998779296875,54.31999969482422,54.439998626708984,49968900
2011-06-28,49.19282531738281,56.06999969482422,56.08000183105469,55.290000915527344,55.369998931884766,47028800
2011-06-29,49.39463806152344,56.29999923706055,56.40999984741211,55.900001525878906,56.20000076293945,65407300
2011-06-30,50.05263137817383,57.04999923706055,57.09000015258789,56.470001220703125,56.5,50347200
2011-07-01,50.80714797973633,57.90999984741211,57.9900016784668,56.91999816894531,57.08000183105469,53203900
2011-07-05,51.061561584472656,58.20000076293945,58.2599983215332,57.83000183105469,57.970001220703125,43128800
2011-07-06,51.228271484375,58.38999938964844,58.4900016784668,57.939998626708984,58.130001068115234,49282700
2011-07-07,51.93016052246094,59.189998626708984,59.36000061035156,58.7400016784668,58.83000183105469,54799800
2011-07-08,51.7897834777832,59.029998779296875,59.040000915527344,58.369998931884766,58.68000030517578,69519500
2011-07-11,50.85100173950195,57.959999084472656,58.709999084472656,57.7599983215332,58.40999984741211,52080800
2011-07-12,50.46498107910156,57.52000045776367,58.06999969482422,57.459999084472656,57.95000076293945,84000700
2011-07-13,50.675537109375,57.7599983215332,58.34000015258789,57.54999923706055,57.939998626708984,82378100
2011-07-14,50.08773422241211,57.09000015258789,58.18000030517578,56.869998931884766,57.90999984741211,98774200
2011-07-15,50.75452423095703,57.849998474121094,57.849998474121094,57.310001373291016,57.72999954223633,68281500
2011-07-18,50.4825325012207,57.540000915527344,57.790000915527344,56.97999954223633,57.529998779296875,59512200
2011-07-19,51.63186264038086,58.849998474121094,58.900001525878906,58.09000015258789,58.09000015258789,73904600
2011-07-20,51.41250991821289,58.599998474121094,59.189998626708984,58.5,59.18000030517578,57085500
2011-07-21,51.75468444824219,58.9900016784668,59.31999969482422,58.34000015258789,58.65999984741211,70148800
2011-07-22,52.28987121582031,59.599998474121094,59.70000076293945,58.91999816894531,58.959999084472656,43620400
2011-07-25,52.18458557128906,59.47999954223633,59.810001373291016,59.02000045776367,59.130001068115234,48916100
2011-07-26,52.316184997558594,59.630001068115234,59.83000183105469,59.31999969482422,59.439998626708984,40918900
2011-07-27,50.965057373046875,58.09000015258789,59.290000915527344,57.939998626708984,59.2400016784668,83969500
2011-07-28,51.052818298339844,58.189998626708984,58.93000030517578,57.88999938964844,58.119998931884766,61031900
2011-07-29,50.8861198425293,58.0,58.61000061035156,57.439998626708984,57.720001220703125,82860500
2011-08-01,50.64924240112305,57.72999954223633,58.81999969482422,57.029998779296875,58.70000076293945,85421100
2011-08-02,49.36830139160156,56.27000045776367,57.720001220703125,56.209999084472656,57.459999084472656,90853300
2011-08-03,49.842079162597656,56.810001373291016,56.880001068115234,55.349998474121094,56.34000015258789,103612300
2011-08-04,47.525882720947266,54.16999816894531,56.09000015258789,54.16999816894531,56.0,132830000
2011-08-05,47.227569580078125,53.83000183105469,55.029998779296875,52.31999969482422,54.720001220703125,214111800
2011-08-08,44.38496780395508,50.59000015258789,53.119998931884766,50.59000015258789,52.18000030517578,204804500
2011-08-09,46.52569580078125,53.029998779296875,53.08000183105469,49.93000030517578,51.349998474121094,193707100
2011-08-10,44.621856689453125,50.86000061035156,53.040000915527344,50.79999923706055,51.83000183105469,205917900
2011-08-11,46.58710479736328,53.099998474121094,53.689998626708984,51.34000015258789,51.59000015258789,143825300
2011-08-12,46.99946594238281,53.56999969482422,53.900001525878906,52.880001068115234,53.43000030517578,90483300
2011-08-15,47.69258117675781,54.36000061035156,54.36000061035156,53.529998779296875,53.790000915527344,73554300
2011-08-16,47.28900146484375,53.900001525878906,54.349998474121094,53.18000030517578,53.83000183105469,89219200
2011-08-17,47.008243560791016,53.58000183105469,54.41999816894531,53.02000045776367,53.970001220703125,84416600
2011-08-18,44.700809478759766,50.95000076293945,52.13999938964844,50.47999954223633,52.130001068115234,130019400
2011-08-19,43.893653869628906,50.029998779296875,51.66999816894531,49.9900016784668,50.41999816894531,96674600
2011-08-22,44.05158233642578,50.209999084472656,51.2400016784668,50.060001373291016,51.22999954223633,77107700
2011-08-23,45.86770248413086,52.279998779296875,52.279998779296875,50.34000015258789,50.54999923706055,75688400
2011-08-24,46.22739028930664,52.689998626708984,52.790000915527344,51.709999084472656,52.130001068115234,80197700
2011-08-25,45.47287368774414,51.83000183105469,52.900001525878906,51.650001525878906,52.65999984741211,93623700
2011-08-26,46.61343765258789,53.130001068115234,53.310001373291016,51.150001525878906,51.65999984741211,91573300
2011-08-29,47.911922454833984,54.61000061035156,54.66999816894531,53.63999938964844,53.65999984741211,45985800
2011-08-30,48.22775650024414,54.970001220703125,55.29999923706055,54.11000061035156,54.40999984741211,61617900
2011-08-31,48.30671310424805,55.060001373291016,55.7400016784668,54.599998474121094,55.29999923706055,60900400
2011-09-01,47.868045806884766,54.560001373291016,55.63999938964844,54.459999084472656,55.20000076293945,57158400
2011-09-02,46.74503707885742,53.279998779296875,54.61000061035156,52.9900016784668,53.58000183105469,58185700
2011-09-06,46.75380325317383,53.290000915527344,53.369998931884766,51.90999984741211,52.040000915527344,52992200
2011-09-07,47.938228607177734,54.63999938964844,54.650001525878906,53.900001525878906,54.04999923706055,48952200
2011-09-08,47.71887969970703,54.38999938964844,55.16999816894531,54.209999084472656,54.36000061035156,61422800
2011-09-09,46.65730285644531,53.18000030517578,54.2400016784668,52.849998474121094,54.0099983215332,63663500
2011-09-12,47.25388717651367,53.86000061035156,53.900001525878906,52.56999969482422,52.59000015258789,65973000
2011-09-13,47.885597229003906,54.58000183105469,54.689998626708984,53.79999923706055,54.060001373291016,59020000
2011-09-14,48.56990432739258,55.36000061035156,55.97999954223633,54.31999969482422,54.86000061035156,90757300
2011-09-15,49.28934860229492,56.18000030517578,56.279998779296875,55.38999938964844,55.959999084472656,83536100
2011-09-16,49.74113082885742,56.59000015258789,56.650001525878906,56.09000015258789,56.20000076293945,91902100
2011-09-19,49.75871658325195,56.61000061035156,56.90999984741211,55.43000030517578,55.88999938964844,73042900
2011-09-20,49.538978576660156,56.36000061035156,57.349998474121094,56.22999954223633,56.900001525878906,66570100
2011-09-21,48.67757034301758,55.380001068115234,56.93000030517578,55.369998931884766,56.650001525878906,79938000
2011-09-22,47.09542465209961,53.58000183105469,54.459999084472656,52.75,53.970001220703125,151885500
2011-09-23,47.596435546875,54.150001525878906,54.380001068115234,53.09000015258789,53.130001068115234,85940600
2011-09-26,48.15019226074219,54.779998779296875,54.880001068115234,53.209999084472656,54.41999816894531,96261400
2011-09-27,48.65119171142578,55.349998474121094,56.20000076293945,54.97999954223633,55.709999084472656,81148600
2011-09-28,47.930442810058594,54.529998779296875,55.970001220703125,54.400001525878906,55.59000015258789,76757100
2011-09-29,47.35911178588867,53.880001068115234,55.43000030517578,52.970001220703125,55.36000061035156,116900200
2011-09-30,46.13734817504883,52.4900016784668,53.61000061035156,52.459999084472656,53.15999984741211,104870100
2011-10-03,44.950714111328125,51.13999938964844,52.849998474121094,51.11000061035156,52.02000045776367,99149500
2011-10-04,45.873661041259766,52.189998626708984,52.290000915527344,50.099998474121094,50.619998931884766,137013700
2011-10-05,47.05147933959961,53.529998779296875,53.68000030517578,51.65999984741211,52.060001373291016,108825700
2011-10-06,47.84254837036133,54.43000030517578,54.439998626708984,53.209999084472656,53.459999084472656,71939200
2011-10-07,47.52611541748047,54.06999969482422,54.65999984741211,53.720001220703125,54.400001525878906,72525200
2011-10-10,49.1697998046875,55.939998626708984,55.939998626708984,54.88999938964844,54.9900016784668,48230200
2011-10-11,49.50381088256836,56.31999969482422,56.459999084472656,55.70000076293945,55.790000915527344,66449100
2011-10-12,49.74991989135742,56.599998474121094,57.22999954223633,56.560001373291016,56.86000061035156,85627600
2011-10-13,50.207000732421875,57.119998931884766,57.189998626708984,56.43000030517578,56.4900016784668,63443700
2011-10-14,51.13870620727539,58.18000030517578,58.189998626708984,57.5099983215332,57.81999969482422,65643600
2011-10-17,50.347625732421875,57.279998779296875,58.09000015258789,56.970001220703125,57.90999984741211,65161300
2011-10-18,50.97169876098633,57.9900016784668,58.290000915527344,56.65999984741211,57.189998626708984,91434600
2011-10-19,49.987247467041016,56.869998931884766,57.849998474121094,56.68000030517578,57.66999816894531,67639400
2011-10-20,49.74113082885742,56.59000015258789,56.91999816894531,55.790000915527344,56.86000061035156,80378300
2011-10-21,50.365196228027344,57.29999923706055,57.65999984741211,56.779998779296875,57.189998626708984,60455800
2011-10-24,51.41119384765625,58.4900016784668,58.650001525878906,57.310001373291016,57.5099983215332,61449500
2011-10-25,50.40037155151367,57.34000015258789,58.31999969482422,57.220001220703125,58.29999923706055,65299200
2011-10-26,50.33882522583008,57.27000045776367,57.779998779296875,56.209999084472656,57.65999984741211,98193800
2011-10-27,51.72761535644531,58.849998474121094,59.20000076293945,58.029998779296875,58.63999938964844,104455500
2011-10-28,51.80672073364258,58.939998626708984,59.0099983215332,58.5,58.52000045776367,42950000
2011-10-31,50.9365348815918,57.95000076293945,58.63999938964844,57.90999984741211,58.43000030517578,60520200
2011-11-01,49.60927963256836,56.439998626708984,57.90999984741211,56.119998931884766,56.52000045776367,99933000
2011-11-02,50.03118133544922,56.91999816894531,57.15999984741211,56.380001068115234,57.029998779296875,65003800
2011-11-03,51.06838607788086,58.099998474121094,58.18000030517578,56.709999084472656,57.369998931884766,78994200
2011-11-04,50.80469512939453,57.79999923706055,58.04999923706055,57.220001220703125,57.81999969482422,61527800
2011-11-07,51.165069580078125,58.209999084472656,58.25,57.16999816894531,57.7599983215332,65559000
2011-11-08,51.75396728515625,58.880001068115234,58.97999954223633,57.970001220703125,58.630001068115234,62906900
2011-11-09,49.93449783325195,56.810001373291016,57.83000183105469,56.630001068115234,57.7400016784668,69539000
2011-11-10,49.90812683105469,56.779998779296875,57.41999816894531,56.22999954223633,57.369998931884766,66052400
2011-11-11,50.848636627197266,57.849998474121094,58.02000045776367,57.20000076293945,57.27000045776367,54471000
2011-11-14,50.532203674316406,57.4900016784668,58.0099983215332,57.279998779296875,57.689998626708984,44617600
2011-11-15,51.09474182128906,58.130001068115234,58.36000061035156,57.2599983215332,57.31999969482422,52203900
2011-11-16,50.25094223022461,57.16999816894531,58.15999984741211,57.060001373291016,57.709999084472656,68342800
2011-11-17,49.0731086730957,55.83000183105469,57.040000915527344,55.47999954223633,57.02000045776367,101706900
2011-11-18,48.69516372680664,55.400001525878906,55.900001525878906,55.29999923706055,55.84000015258789,60417000
2011-11-21,47.76344680786133,54.34000015258789,54.72999954223633,53.779998779296875,54.650001525878906,52283700
2011-11-22,47.921653747558594,54.52000045776367,54.68000030517578,53.869998931884766,54.20000076293945,51940100
2011-11-23,46.840518951416016,53.290000915527344,54.16999816894531,53.2599983215332,54.11000061035156,48437300
2011-11-25,46.480133056640625,52.880001068115234,53.66999816894531,52.869998931884766,53.060001373291016,25448100
2011-11-28,48.09746551513672,54.720001220703125,54.790000915527344,54.13999938964844,54.16999816894531,46710700
2011-11-29,47.79860305786133,54.380001068115234,55.099998474121094,54.220001220703125,54.689998626708984,52056700
2011-11-30,49.56534957885742,56.38999938964844,56.439998626708984,55.66999816894531,55.86000061035156,66918600
2011-12-01,49.90812683105469,56.779998779296875,56.93000030517578,56.349998474121094,56.380001068115234,45362200
2011-12-02,49.76750946044922,56.619998931884766,57.34000015258789,56.56999969482422,57.34000015258789,36938900
2011-12-05,50.312477111816406,57.2400016784668,57.619998931884766,56.91999816894531,57.470001220703125,40492200
2011-12-06,50.171836853027344,57.08000183105469,57.45000076293945,56.88999938964844,57.290000915527344,38670000
2011-12-07,50.171836853027344,57.08000183105469,57.34000015258789,56.349998474121094,56.91999816894531,44576200
2011-12-08,49.32801055908203,56.119998931884766,57.150001525878906,56.0099983215332,56.709999084472656,51692600
2011-12-09,50.119083404541016,57.02000045776367,57.189998626708984,56.2400016784668,56.2599983215332,55757900
2011-12-12,49.55654525756836,56.380001068115234,57.0099983215332,55.900001525878906,56.41999816894531,55411700
2011-12-13,49.011592864990234,55.7599983215332,56.97999954223633,55.529998779296875,56.75,68557700
2011-12-14,48.24687957763672,54.88999938964844,55.59000015258789,54.58000183105469,55.54999923706055,63682800
2011-12-15,48.115020751953125,54.7400016784668,55.41999816894531,54.65999984741211,55.36000061035156,58732900
2011-12-16,48.36275100708008,54.86000061035156,55.61000061035156,54.77000045776367,54.869998931884766,60978900
2011-12-19,47.88669204711914,54.31999969482422,55.20000076293945,54.16999816894531,55.06999969482422,46733900
2011-12-20,49.30603790283203,55.93000030517578,56.0,55.16999816894531,55.20000076293945,81758800
2011-12-21,48.60077667236328,55.130001068115234,55.63999938964844,54.4900016784668,55.599998474121094,78552300
2011-12-22,49.01511001586914,55.599998474121094,55.630001068115234,55.16999816894531,55.25,40334100
2011-12-23,49.438262939453125,56.08000183105469,56.08000183105469,55.58000183105469,55.709999084472656,26594600
2011-12-27,49.6226692199707,56.2400016784668,56.41999816894531,55.93000030517578,55.9900016784668,21443500
2011-12-28,49.04914855957031,55.59000015258789,56.2599983215332,55.439998626708984,56.16999816894531,38180100
2011-12-29,49.402076721191406,55.9900016784668,56.029998779296875,55.5,55.68000030517578,28077900
2011-12-30,49.260902404785156,55.83000183105469,56.119998931884766,55.81999969482422,55.869998931884766,21832400
2012-01-03,50.205013275146484,56.900001525878906,57.189998626708984,56.75,56.90999984741211,39514100
2012-01-04,50.41676712036133,57.13999938964844,57.220001220703125,56.560001373291016,56.810001373291016,29403400
2012-01-05,50.83147430419922,57.61000061035156,57.65999984741211,56.79999923706055,57.02000045776367,41260600
2012-01-06,51.0079345703125,57.810001373291016,57.939998626708984,57.400001525878906,57.619998931884766,46325200
2012-01-09,50.84029769897461,57.619998931884766,57.97999954223633,57.43000030517578,57.959999084472656,39195500
2012-01-10,51.210872650146484,58.040000915527344,58.400001525878906,57.63999938964844,58.22999954223633,35949900
2012-01-11,51.316776275634766,58.15999984741211,58.290000915527344,57.810001373291016,58.029998779296875,37144100
2012-01-12,51.51969528198242,58.38999938964844,58.470001220703125,57.86000061035156,58.290000915527344,26188300
2012-01-13,51.334407806396484,58.18000030517578,58.20000076293945,57.68000030517578,58.08000183105469,35980400
2012-01-17,51.80204772949219,58.709999084472656,58.959999084472656,58.4900016784668,58.689998626708984,41790800
2012-01-18,52.49026870727539,59.4900016784668,59.4900016784668,58.68000030517578,58.81999969482422,48692700
2012-01-19,52.81673812866211,59.86000061035156,59.970001220703125,59.650001525878906,59.7599983215332,47774500
2012-01-20,52.737327575683594,59.77000045776367,59.79999923706055,59.560001373291016,59.599998474121094,41041700
2012-01-23,52.754981994628906,59.790000915527344,60.209999084472656,59.439998626708984,59.779998779296875,40958300
2012-01-24,52.65791320800781,59.68000030517578,59.84000015258789,59.40999984741211,59.52000045776367,38440200
2012-01-25,53.31966018676758,60.43000030517578,60.58000183105469,59.83000183105469,60.2599983215332,61591800
2012-01-26,53.13437271118164,60.220001220703125,60.79999923706055,59.93000030517578,60.689998626708984,37852700
2012-01-27,53.29318618774414,60.400001525878906,60.5099983215332,60.060001373291016,60.09000015258789,45532300
2012-01-30,53.337318420410156,60.45000076293945,60.540000915527344,59.65999984741211,59.88999938964844,42797800
2012-01-31,53.407901763916016,60.529998779296875,60.86000061035156,60.13999938964844,60.75,51449600
2012-02-01,53.84024429321289,61.02000045776367,61.2400016784668,60.65999984741211,60.880001068115234,46146700
2012-02-02,54.007896423339844,61.209999084472656,61.40999984741211,60.970001220703125,61.220001220703125,46373600
2012-02-03,54.74905776977539,62.04999923706055,62.119998931884766,61.68000030517578,61.779998779296875,36453800
2012-02-06,54.70494842529297,62.0,62.02000045776367,61.65999984741211,61.81999969482422,28541300
2012-02-07,54.81962966918945,62.130001068115234,62.25,61.66999816894531,61.95000076293945,37935700
2012-02-08,55.110809326171875,62.459999084472656,62.459999084472656,61.90999984741211,62.13999938964844,41171100
2012-02-09,55.50786209106445,62.90999984741211,62.97999954223633,62.31999969482422,62.70000076293945,46856400
2012-02-10,55.119632720947266,62.470001220703125,62.63999938964844,62.25,62.459999084472656,58090500
2012-02-13,55.63138198852539,63.04999923706055,63.130001068115234,62.650001525878906,62.939998626708984,36810200
2012-02-14,55.772560119628906,63.209999084472656,63.220001220703125,62.689998626708984,62.90999984741211,51648200
2012-02-15,55.38434600830078,62.77000045776367,63.86000061035156,62.66999816894531,63.5099983215332,105709100
2012-02-16,56.14314651489258,63.630001068115234,63.70000076293945,62.630001068115234,62.790000915527344,83642300
2012-02-17,55.9666748046875,63.43000030517578,63.689998626708984,63.150001525878906,63.63999938964844,76112300
2012-02-21,56.12551498413086,63.61000061035156,63.88999938964844,63.209999084472656,63.5,38141300
2012-02-22,55.86961364746094,63.31999969482422,63.68000030517578,63.22999954223633,63.4900016784668,43174700
2012-02-23,56.240196228027344,63.7400016784668,63.810001373291016,63.09000015258789,63.400001525878906,54250000
2012-02-24,56.4343147277832,63.959999084472656,64.06999969482422,63.79999923706055,63.91999816894531,41364900
2012-02-27,56.51373291015625,64.05000305175781,64.26000213623047,63.33000183105469,63.61000061035156,42678500
2012-02-28,57.087249755859375,64.69999694824219,64.69999694824219,64.02999877929688,64.11000061035156,43717500
2012-02-29,56.83136749267578,64.41000366210938,64.95999908447266,64.19999694824219,64.75,59784400
2012-03-01,57.2813606262207,64.91999816894531,64.9800033569336,64.45999908447266,64.6500015258789,67558900
2012-03-02,57.23724365234375,64.87000274658203,65.08000183105469,64.66000366210938,64.83000183105469,33358200
2012-03-05,56.64607620239258,64.19999694824219,64.91000366210938,63.9900016784668,64.83000183105469,45788800
2012-03-06,56.09020233154297,63.56999969482422,63.720001220703125,63.22999954223633,63.56999969482422,54638600
2012-03-07,56.52255630493164,64.05999755859375,64.20999908447266,63.77000045776367,63.869998931884766,42741800
2012-03-08,57.13136672973633,64.75,64.94000244140625,64.30000305175781,64.44000244140625,43711100
2012-03-09,57.36958694458008,65.0199966430664,65.13999938964844,64.81999969482422,64.86000061035156,43117200
2012-03-12,57.39607620239258,65.05000305175781,65.11000061035156,64.72000122070312,65.0,32687300
2012-03-13,58.463706970214844,66.26000213623047,66.26000213623047,65.2699966430664,65.4000015258789,61559100
2012-03-14,58.6666145324707,66.48999786376953,66.73999786376953,66.08000183105469,66.33000183105469,59926900
2012-03-15,58.834285736083984,66.68000030517578,66.81999969482422,66.3499984741211,66.69000244140625,65531200
2012-03-16,58.7927360534668,66.5199966430664,66.66999816894531,66.36000061035156,66.66999816894531,53023100
2012-03-19,59.2081413269043,66.98999786376953,67.1500015258789,66.44999694824219,66.62999725341797,60966200
2012-03-20,59.314205169677734,67.11000061035156,67.18000030517578,66.45999908447266,66.63999938964844,47290600
2012-03-21,59.32305908203125,67.12000274658203,67.48999786376953,67.02999877929688,67.12000274658203,39648100
2012-03-22,59.19930648803711,66.9800033569336,67.13999938964844,66.68000030517578,66.72000122070312,56953900
2012-03-23,59.16395568847656,66.94000244140625,67.08000183105469,66.55999755859375,67.05999755859375,45541700
2012-03-26,60.198055267333984,68.11000061035156,68.11000061035156,67.33000183105469,67.38999938964844,40855300
2012-03-27,60.286407470703125,68.20999908447266,68.48999786376953,68.12999725341797,68.16000366210938,37278200
2012-03-28,60.047767639160156,67.94000244140625,68.51000213623047,67.54000091552734,68.25,44421900
2012-03-29,59.8179817199707,67.68000030517578,67.93000030517578,67.19999694824219,67.5999984741211,53975300
2012-03-30,59.70307540893555,67.55000305175781,68.0199966430664,67.27999877929688,67.9800033569336,39480900
2012-04-02,60.321773529052734,68.25,68.33999633789062,67.36000061035156,67.4800033569336,40031600
2012-04-03,60.30411148071289,68.2300033569336,68.55000305175781,67.8499984741211,68.30999755859375,45539900
2012-04-04,59.48213195800781,67.30000305175781,67.76000213623047,66.91000366210938,67.72000122070312,54088100
2012-04-05,59.853363037109375,67.72000122070312,67.77999877929688,67.12999725341797,67.18000030517578,42979900
2012-04-09,59.402587890625,67.20999908447266,67.4800033569336,66.76000213623047,66.87999725341797,36908200
2012-04-10,58.44804382324219,66.12999725341797,67.44000244140625,65.91999816894531,67.18000030517578,69254200
2012-04-11,58.73087692260742,66.44999694824219,66.88999938964844,66.27999877929688,66.70999908447266,62950000
2012-04-12,59.402587890625,67.20999908447266,67.27999877929688,66.4800033569336,66.58000183105469,57407400
2012-04-13,58.50107192993164,66.19000244140625,67.19999694824219,66.16000366210938,66.9800033569336,55227500
2012-04-16,57.8470344543457,65.44999694824219,66.55999755859375,65.23999786376953,66.5199966430664,57588000
2012-04-17,59.022552490234375,66.77999877929688,66.98999786376953,65.62999725341797,65.7300033569336,47362400
2012-04-18,58.87226104736328,66.61000061035156,67.0,66.41000366210938,66.58999633789062,42536100
2012-04-19,58.20940017700195,65.86000061035156,67.16999816894531,65.62000274658203,66.37000274658203,81110900
2012-04-20,58.05030822753906,65.68000030517578,66.51000213623047,65.58000183105469,66.22000122070312,59906900
2012-04-23,57.519996643066406,65.08000183105469,65.18000030517578,64.48999786376953,65.05999755859375,70514400
2012-04-24,57.21067428588867,64.7300033569336,65.2300033569336,64.44999694824219,64.95999908447266,49661500
2012-04-25,58.73087692260742,66.44999694824219,66.48999786376953,65.97000122070312,66.06999969482422,57526900
2012-04-26,59.07556915283203,66.83999633789062,66.98999786376953,66.3499984741211,66.44000244140625,41799500
2012-04-27,59.4290885925293,67.23999786376953,67.44999694824219,66.7699966430664,67.12000274658203,46003800
2012-04-30,59.00485610961914,66.76000213623047,67.16999816894531,66.70999908447266,67.04000091552734,37787700
2012-05-01,59.10207748413086,66.87000274658203,67.62999725341797,66.58999633789062,66.69000244140625,37643800
2012-05-02,59.2700080871582,67.05999755859375,67.11000061035156,66.37999725341797,66.54000091552734,38299300
2012-05-03,58.64247512817383,66.3499984741211,67.1500015258789,66.18000030517578,67.0999984741211,51297600
2012-05-04,57.18415451049805,64.69999694824219,66.3499984741211,64.69000244140625,65.73999786376953,107554000
2012-05-07,57.237186431884766,64.76000213623047,65.06999969482422,64.29000091552734,64.30999755859375,50267800
2012-05-08,57.025062561035156,64.5199966430664,64.73999786376953,63.47999954223633,64.3499984741211,72659700
2012-05-09,56.84830093383789,64.31999969482422,64.68000030517578,63.5099983215332,63.77000045776367,85715300
2012-05-10,56.7334098815918,64.19000244140625,64.62999725341797,63.95000076293945,64.61000061035156,49448900
2012-05-11,56.72455596923828,64.18000030517578,64.86000061035156,63.90999984741211,63.970001220703125,47099900
2012-05-14,56.19424819946289,63.58000183105469,64.08000183105469,63.47999954223633,63.630001068115234,46360000
2012-05-15,56.00867462158203,63.369998931884766,64.2699966430664,63.2599983215332,63.75,66908600
2012-05-16,55.628597259521484,62.939998626708984,63.779998779296875,62.810001373291016,63.59000015258789,52825900
2012-05-17,54.4531135559082,61.61000061035156,63.060001373291016,61.599998474121094,62.959999084472656,62253900
2012-05-18,53.746036529541016,60.810001373291016,61.959999084472656,60.7599983215332,61.79999923706055,79496500
2012-05-21,55.248565673828125,62.5099983215332,62.56999969482422,60.849998474121094,60.93000030517578,61473000
2012-05-22,55.186683654785156,62.439998626708984,62.95000076293945,61.9900016784668,62.689998626708984,62954800
2012-05-23,55.292747497558594,62.560001373291016,62.709999084472656,61.369998931884766,61.90999984741211,56951100
2012-05-24,54.93038558959961,62.150001525878906,62.709999084472656,61.689998626708984,62.650001525878906,83131200
2012-05-25,54.85966873168945,62.06999969482422,62.31999969482422,61.88999938964844,62.209999084472656,32078900
2012-05-29,55.55789566040039,62.86000061035156,63.150001525878906,62.279998779296875,62.650001525878906,44216700
2012-05-30,55.0894775390625,62.33000183105469,62.54999923706055,61.68000030517578,62.290000915527344,56431800
2012-05-31,54.850833892822266,62.060001373291016,62.40999984741211,61.59000015258789,62.25,55260100
2012-06-01,53.39250183105469,60.40999984741211,61.31999969482422,60.38999938964844,60.939998626708984,71430800
2012-06-04,53.7990608215332,60.869998931884766,60.959999084472656,60.040000915527344,60.58000183105469,74119500
2012-06-05,54.0200080871582,61.119998931884766,61.2400016784668,60.630001068115234,60.65999984741211,47916900
2012-06-06,55.257381439208984,62.52000045776367,62.56999969482422,61.52000045776367,61.58000183105469,58781800
2012-06-07,55.03643035888672,62.27000045776367,63.18000030517578,62.220001220703125,63.18000030517578,38414800
2012-06-08,55.56673812866211,62.869998931884766,62.95000076293945,61.959999084472656,62.16999816894531,39730800
2012-06-11,54.629878997802734,61.810001373291016,63.380001068115234,61.77000045776367,63.349998474121094,51008900
2012-06-12,55.292747497558594,62.560001373291016,62.59000015258789,61.68000030517578,62.099998474121094,48802600
2012-06-13,54.912689208984375,62.130001068115234,62.849998474121094,61.91999816894531,62.380001068115234,50840100
2012-06-14,55.11598205566406,62.36000061035156,62.61000061035156,61.79999923706055,62.119998931884766,65170600
2012-06-15,55.80076599121094,62.9900016784668,63.08000183105469,62.36000061035156,62.38999938964844,41536100
2012-06-18,56.323421478271484,63.58000183105469,63.7400016784668,62.630001068115234,62.72999954223633,32191200
2012-06-19,56.908084869384766,64.23999786376953,64.51000213623047,63.849998474121094,63.900001525878906,36476500
2012-06-20,56.952369689941406,64.29000091552734,64.56999969482422,63.810001373291016,64.37999725341797,51389700
2012-06-21,55.53499984741211,62.689998626708984,64.30999755859375,62.619998931884766,64.23999786376953,42492700
2012-06-22,56.119667053222656,63.349998474121094,63.43000030517578,62.72999954223633,62.900001525878906,29504200
2012-06-25,55.03891372680664,62.130001068115234,62.849998474121094,61.95000076293945,62.83000183105469,33136400
2012-06-26,55.384395599365234,62.52000045776367,62.70000076293945,62.060001373291016,62.34000015258789,30611100
2012-06-27,55.72103500366211,62.900001525878906,63.18000030517578,62.689998626708984,62.7599983215332,35705800
2012-06-28,55.100921630859375,62.20000076293945,62.470001220703125,61.540000915527344,62.43000030517578,49793400
2012-06-29,56.83722686767578,64.16000366210938,64.16000366210938,63.209999084472656,63.400001525878906,44761300
2012-07-02,57.00553512573242,64.3499984741211,64.37999725341797,63.869998931884766,64.25,33425600
2012-07-03,57.483890533447266,64.88999938964844,64.88999938964844,64.29000091552734,64.38999938964844,15895100
2012-07-05,57.51935577392578,64.93000030517578,65.25,64.4800033569336,64.83000183105469,37016200
2012-07-06,56.801780700683594,64.12000274658203,64.69000244140625,63.650001525878906,64.62999725341797,40684100
2012-07-09,56.695491790771484,64.0,64.26000213623047,63.68000030517578,64.05000305175781,35628300
2012-07-10,56.137393951416016,63.369998931884766,64.51000213623047,63.119998931884766,64.3499984741211,47365700
2012-07-11,55.82733917236328,63.02000045776367,63.459999084472656,62.5,63.290000915527344,43432000
2012-07-12,55.30465316772461,62.43000030517578,62.689998626708984,61.86000061035156,62.52000045776367,57680400
2012-07-13,56.1462516784668,63.380001068115234,63.52000045776367,62.560001373291016,62.599998474121094,32357200
2012-07-16,55.986785888671875,63.20000076293945,63.52000045776367,62.95000076293945,63.2400016784668,27621400
2012-07-17,56.27912521362305,63.529998779296875,63.7400016784668,62.630001068115234,63.599998474121094,42467800
2012-07-18,57.04096603393555,64.38999938964844,64.58000183105469,63.38999938964844,63.40999984741211,44489700
2012-07-19,57.669944763183594,65.0999984741211,65.30999755859375,64.72000122070312,64.83999633789062,53017800
2012-07-20,56.908084869384766,64.23999786376953,65.0999984741211,64.20999908447266,65.08000183105469,40573100
2012-07-23,56.21711730957031,63.459999084472656,63.68000030517578,62.5099983215332,62.9900016784668,48657800
2012-07-24,55.77418518066406,62.959999084472656,63.65999984741211,62.54999923706055,63.56999969482422,57269700
2012-07-25,55.402122497558594,62.540000915527344,62.95000076293945,62.150001525878906,62.470001220703125,46264400
2012-07-26,56.137393951416016,63.369998931884766,63.72999954223633,62.970001220703125,63.439998626708984,41928200
2012-07-27,57.4661865234375,64.87000274658203,64.98999786376953,63.63999938964844,63.83000183105469,42621000
2012-07-30,57.42189025878906,64.81999969482422,65.30999755859375,64.5999984741211,65.02999877929688,37821300
2012-07-31,57.404178619384766,64.80000305175781,65.18000030517578,64.73999786376953,64.91999816894531,34588300
2012-08-01,57.235862731933594,64.61000061035156,65.27999877929688,64.3499984741211,65.26000213623047,30920200
2012-08-02,57.03211212158203,64.37999725341797,65.0199966430664,63.90999984741211,64.12000274658203,40534900
2012-08-03,58.112884521484375,65.5999984741211,65.87999725341797,65.19000244140625,65.41999816894531,42117400
2012-08-06,58.555809020996094,66.0999984741211,66.38999938964844,65.80000305175781,65.94000244140625,23523600
2012-08-07,59.04301452636719,66.6500015258789,66.91999816894531,66.27999877929688,66.37999725341797,28223300
2012-08-08,59.01647186279297,66.62000274658203,66.76000213623047,66.37000274658203,66.4800033569336,20723500
2012-08-09,59.193626403808594,66.81999969482422,66.91000366210938,66.48999786376953,66.61000061035156,20726200
2012-08-10,59.229061126708984,66.86000061035156,66.87999725341797,66.41000366210938,66.58000183105469,20312000
2012-08-13,59.37079620361328,67.0199966430664,67.02999877929688,66.5,66.83999633789062,19890300
2012-08-14,59.39737319946289,67.05000305175781,67.41000366210938,66.86000061035156,67.2699966430664,24218700
2012-08-15,59.54798126220703,67.22000122070312,67.31999969482422,66.98999786376953,67.0,29100400
2012-08-16,60.25668716430664,68.0199966430664,68.16999816894531,67.38999938964844,67.47000122070312,35699900
2012-08-17,60.52243423461914,68.31999969482422,68.33000183105469,68.01000213623047,68.16999816894531,22584800
2012-08-20,60.611019134521484,68.41999816894531,68.43000030517578,68.0,68.2699966430664,26924000
2012-08-21,60.3718376159668,68.1500015258789,68.87999725341797,67.87999725341797,68.5999984741211,41391000
2012-08-22,60.6198616027832,68.43000030517578,68.55999755859375,67.80999755859375,68.0,44555700
2012-08-23,60.123783111572266,67.87000274658203,68.33999633789062,67.69000244140625,68.12000274658203,28800400
2012-08-24,60.49585723876953,68.29000091552734,68.44999694824219,67.5999984741211,67.70999908447266,38384800
2012-08-27,60.59330368041992,68.4000015258789,68.66999816894531,68.25,68.58000183105469,20671400
2012-08-28,60.59330368041992,68.4000015258789,68.58999633789062,68.11000061035156,68.33999633789062,27337900
2012-08-29,60.59330368041992,68.4000015258789,68.56999969482422,68.11000061035156,68.4000015258789,26672400
2012-08-30,59.9820556640625,67.70999908447266,68.12999725341797,67.5999984741211,68.0999984741211,24425400
2012-08-31,60.38072204589844,68.16000366210938,68.44999694824219,67.47000122070312,68.19999694824219,42128000
2012-09-04,60.31867599487305,68.08999633789062,68.3499984741211,67.41999816894531,68.02999877929688,32017200
2012-09-05,60.25668716430664,68.0199966430664,68.3499984741211,67.83999633789062,68.05999755859375,26129300
2012-09-06,61.59435272216797,69.52999877929688,69.55000305175781,68.41999816894531,68.44000244140625,43100000
2012-09-07,61.50572967529297,69.43000030517578,69.55000305175781,69.2300033569336,69.37000274658203,32958600
2012-09-10,60.71731185913086,68.54000091552734,69.4000015258789,68.48999786376953,69.25,25490000
2012-09-11,60.6198616027832,68.43000030517578,68.81999969482422,68.31999969482422,68.55000305175781,29810100
2012-09-12,60.79704284667969,68.62999725341797,68.80999755859375,68.20999908447266,68.68000030517578,42203400
2012-09-13,61.62089920043945,69.55999755859375,69.86000061035156,68.62000274658203,68.69000244140625,45417800
2012-09-14,62.170143127441406,70.18000030517578,70.43000030517578,69.79000091552734,69.80999755859375,38880300
2012-09-17,62.19671630859375,70.20999908447266,70.23999786376953,69.95999908447266,70.22000122070312,31798400
2012-09-18,62.249900817871094,70.2699966430664,70.30000305175781,70.0199966430664,70.02999877929688,27169800
2012-09-19,62.36503219604492,70.4000015258789,70.58000183105469,70.05999755859375,70.26000213623047,36484600
2012-09-20,62.30302429199219,70.33000183105469,70.4000015258789,69.87000274658203,70.05999755859375,42520200
2012-09-21,62.3207893371582,70.1500015258789,70.54000091552734,70.08000183105469,70.4800033569336,23678500
2012-09-24,61.95655059814453,69.73999786376953,69.86000061035156,69.41999816894531,69.56999969482422,32341600
2012-09-25,61.085933685302734,68.76000213623047,70.08000183105469,68.7300033569336,69.91999816894531,41299600
2012-09-26,60.588417053222656,68.19999694824219,68.70999908447266,67.8499984741211,68.66999816894531,32770400
2012-09-27,61.423492431640625,69.13999938964844,69.30000305175781,68.25,68.37000274658203,25339500
2012-09-28,60.917118072509766,68.56999969482422,69.12000274658203,68.51000213623047,68.91000366210938,30112600
2012-10-01,60.828269958496094,68.47000122070312,69.33000183105469,68.25,68.9000015258789,37715300
2012-10-02,61.005958557128906,68.66999816894531,68.9800033569336,68.12999725341797,68.7699966430664,33254300
2012-10-03,61.39685821533203,69.11000061035156,69.23999786376953,68.58999633789062,68.86000061035156,38236000
2012-10-04,61.61006164550781,69.3499984741211,69.54000091552734,69.0,69.22000122070312,26128600
2012-10-05,61.28137969970703,68.9800033569336,69.80000305175781,68.80000305175781,69.69999694824219,25207900
2012-10-08,60.72167205810547,68.3499984741211,68.72000122070312,68.19000244140625,68.58000183105469,30911500
2012-10-09,59.75333023071289,67.26000213623047,68.33999633789062,67.0999984741211,68.16999816894531,67974000
2012-10-10,59.4513053894043,66.91999816894531,67.43000030517578,66.80000305175781,67.23999786376953,45134300
2012-10-11,59.26471710205078,66.70999908447266,67.47000122070312,66.66999816894531,67.41999816894531,30469400
2012-10-12,59.238075256347656,66.68000030517578,67.05999755859375,66.55000305175781,66.69999694824219,24891200
2012-10-15,59.673377990722656,67.16999816894531,67.26000213623047,66.52999877929688,66.93000030517578,22220100
2012-10-16,60.51736831665039,68.12000274658203,68.19999694824219,67.25,67.2699966430664,33960600
2012-10-17,60.4818000793457,68.08000183105469,68.30000305175781,67.68000030517578,67.7699966430664,33439400
2012-10-18,59.77998352050781,67.29000091552734,68.08000183105469,67.04000091552734,67.86000061035156,61707600
2012-10-19,58.34965515136719,65.68000030517578,67.2699966430664,65.5999984741211,67.20999908447266,75362600
2012-10-22,58.651710510253906,66.0199966430664,66.19000244140625,65.5,65.6500015258789,38621500
2012-10-23,58.09202194213867,65.38999938964844,65.94999694824219,65.19000244140625,65.4800033569336,52591200
2012-10-24,57.8876953125,65.16000366210938,65.87000274658203,65.05999755859375,65.76000213623047,39872400
2012-10-25,57.8876953125,65.16000366210938,65.72000122070312,64.97000122070312,65.61000061035156,52688700
2012-10-26,58.05648422241211,65.3499984741211,65.62000274658203,64.6500015258789,65.16000366210938,54213100
2012-10-31,57.701133728027344,64.94999694824219,65.38999938964844,64.7300033569336,65.2699966430664,38524500
2012-11-01,58.518470764160156,65.87000274658203,66.0,65.16999816894531,65.36000061035156,26945000
2012-11-02,57.896583557128906,65.16999816894531,66.20999908447266,65.11000061035156,66.16999816894531,44083000
2012-11-05,58.27861404418945,65.5999984741211,65.7300033569336,65.04000091552734,65.18000030517578,28094700
2012-11-06,58.38521194458008,65.72000122070312,66.16999816894531,65.45999908447266,65.70999908447266,29608400
2012-11-07,57.00819396972656,64.16999816894531,65.0999984741211,63.900001525878906,65.0199966430664,70737800
2012-11-08,56.11091232299805,63.15999984741211,64.5,63.15999984741211,64.3499984741211,58585800
2012-11-09,56.35078048706055,63.43000030517578,64.11000061035156,63.15999984741211,63.20000076293945,51542100
2012-11-12,56.34187698364258,63.41999816894531,63.869998931884766,63.25,63.79999923706055,32663700
2012-11-13,55.95100784301758,62.97999954223633,63.58000183105469,62.779998779296875,62.93000030517578,43288300
2012-11-14,55.29359436035156,62.2400016784668,63.36000061035156,62.13999938964844,63.290000915527344,82655300
2012-11-15,55.1070442199707,62.029998779296875,62.4900016784668,61.79999923706055,62.279998779296875,55124200
2012-11-16,55.34689712524414,62.29999923706055,62.47999954223633,61.310001373291016,62.08000183105469,70873100
2012-11-19,56.661720275878906,63.779998779296875,63.83000183105469,62.959999084472656,62.97999954223633,55306400
2012-11-20,56.67949295043945,63.79999923706055,63.88999938964844,63.189998626708984,63.7599983215332,52012700
2012-11-21,56.79497146606445,63.93000030517578,64.0199966430664,63.599998474121094,63.869998931884766,19611700
2012-11-23,57.65671157836914,64.9000015258789,64.91999816894531,64.25,64.29000091552734,16462900
2012-11-26,57.90547561645508,65.18000030517578,65.22000122070312,64.54000091552734,64.73999786376953,26430900
2012-11-27,57.71002197265625,64.95999908447266,65.4000015258789,64.8499984741211,65.16999816894531,25828600
2012-11-28,58.20753860473633,65.5199966430664,65.56999969482422,64.25,64.6500015258789,37295800
2012-11-29,58.55400085449219,65.91000366210938,66.13999938964844,65.58000183105469,65.87000274658203,41136100
2012-11-30,58.45627975463867,65.80000305175781,65.97000122070312,65.61000061035156,65.91999816894531,33497400
2012-12-03,58.340789794921875,65.66999816894531,66.37000274658203,65.63999938964844,66.30999755859375,28240000
2012-12-04,58.30524444580078,65.62999725341797,65.7699966430664,65.19999694824219,65.69999694824219,49584500
2012-12-05,57.65671157836914,64.9000015258789,65.54000091552734,64.55000305175781,65.52999877929688,54076200
2012-12-06,58.029842376708984,65.31999969482422,65.4800033569336,64.52999877929688,64.69999694824219,47512300
2012-12-07,57.683387756347656,64.93000030517578,65.70999908447266,64.70999908447266,65.63999938964844,30089400
2012-12-10,57.852169036865234,65.12000274658203,65.45999908447266,64.75,64.75,33219600
2012-12-11,58.607295989990234,65.97000122070312,66.33999633789062,65.5199966430664,65.56999969482422,40750800
2012-12-12,58.4829216003418,65.83000183105469,66.31999969482422,65.6500015258789,66.31999969482422,45917700
2012-12-13,58.02097702026367,65.30999755859375,66.16000366210938,65.02999877929688,65.69999694824219,45467700
2012-12-14,57.47017288208008,64.69000244140625,65.08000183105469,64.47000122070312,64.87000274658203,39630300
2012-12-17,58.234169006347656,65.55000305175781,65.56999969482422,64.66000366210938,64.75,42302900
2012-12-18,59.12258529663086,66.55000305175781,66.6500015258789,65.69999694824219,65.87999725341797,55596000
2012-12-19,58.86493682861328,66.26000213623047,66.76000213623047,66.22000122070312,66.73999786376953,34832500
2012-12-20,58.86493682861328,66.26000213623047,66.41000366210938,65.93000030517578,66.37999725341797,40754300
2012-12-21,58.245849609375,65.19999694824219,65.27999877929688,64.5999984741211,64.87999725341797,51152900
2012-12-24,58.12971115112305,65.06999969482422,65.13999938964844,64.91999816894531,65.02999877929688,11418300
2012-12-26,57.620506286621094,64.5,65.18000030517578,64.29000091552734,65.12000274658203,21751300
2012-12-27,57.53117752075195,64.4000015258789,64.63999938964844,63.599998474121094,64.55999755859375,52933200
2012-12-28,56.97732162475586,63.779998779296875,64.43000030517578,63.75,63.90999984741211,33082100
2012-12-31,58.18330764770508,65.12999725341797,65.25,63.58000183105469,63.709999084472656,57544000
2013-01-02,60.03252410888672,67.19999694824219,67.2300033569336,66.4800033569336,66.7300033569336,70695900
2013-01-03,59.71984100341797,66.8499984741211,67.33999633789062,66.6500015258789,67.19999694824219,47366500
2013-01-04,59.523319244384766,66.62999725341797,66.87999725341797,66.47000122070312,66.87999725341797,33972500
2013-01-07,59.541202545166016,66.6500015258789,66.76000213623047,66.25,66.45999908447266,26766200
2013-01-08,59.42505645751953,66.5199966430664,66.81999969482422,66.16999816894531,66.63999938964844,28734900
2013-01-09,59.64838409423828,66.7699966430664,66.94999694824219,66.55000305175781,66.62000274658203,25600300
2013-01-10,60.00572967529297,67.16999816894531,67.2699966430664,66.55000305175781,67.2300033569336,37528000
2013-01-11,60.086143493652344,67.26000213623047,67.29000091552734,67.0,67.13999938964844,21158600
2013-01-14,59.8181266784668,66.95999908447266,67.1500015258789,66.66999816894531,66.91999816894531,36768500
2013-01-15,59.523319244384766,66.62999725341797,66.7300033569336,66.33000183105469,66.62999725341797,31675300
2013-01-16,59.76451110839844,66.9000015258789,67.12999725341797,66.5999984741211,66.72000122070312,33822300
2013-01-17,60.05039596557617,67.22000122070312,67.4800033569336,67.05999755859375,67.16999816894531,32024200
2013-01-18,59.91639709472656,67.06999969482422,67.13999938964844,66.7699966430664,67.0199966430664,31992000
2013-01-22,60.01467514038086,67.18000030517578,67.2300033569336,66.7300033569336,67.13999938964844,32123100
2013-01-23,60.38094711303711,67.58999633789062,67.79000091552734,67.45999908447266,67.55999755859375,31975700
2013-01-24,59.55012893676758,66.66000366210938,67.27999877929688,66.55999755859375,66.66000366210938,42596300
2013-01-25,59.853858947753906,67.0,67.19000244140625,66.73999786376953,66.87000274658203,39240100
2013-01-28,59.98784637451172,67.1500015258789,67.37999725341797,66.93000030517578,67.01000213623047,32926100
2013-01-29,59.996795654296875,67.16000366210938,67.30999755859375,66.62999725341797,67.06999969482422,35554700
2013-01-30,59.87172317504883,67.0199966430664,67.4800033569336,66.87000274658203,67.27999877929688,34445000
2013-01-31,59.73773193359375,66.87000274658203,67.3499984741211,66.80999755859375,66.98999786376953,34870500
2013-02-01,60.44347381591797,67.66000366210938,67.77999877929688,67.06999969482422,67.33999633789062,53120800
2013-02-04,59.38932418823242,66.4800033569336,67.45999908447266,66.45999908447266,67.2699966430664,48483700
2013-02-05,60.264801025390625,67.45999908447266,67.66999816894531,66.61000061035156,66.7699966430664,35120300
2013-02-06,60.06825256347656,67.23999786376953,67.55000305175781,67.04000091552734,67.23999786376953,43593200
2013-02-07,60.12187957763672,67.30000305175781,67.37000274658203,66.55999755859375,67.31999969482422,46017900
2013-02-08,60.73825454711914,67.98999786376953,68.12999725341797,67.62999725341797,67.63999938964844,39837200
2013-02-11,60.75616455078125,68.01000213623047,68.05999755859375,67.77999877929688,68.02999877929688,17650400
2013-02-12,60.50603103637695,67.7300033569336,68.05000305175781,67.66000366210938,67.91999816894531,22057900
2013-02-13,60.72041702270508,67.97000122070312,68.2300033569336,67.7699966430664,67.93000030517578,23494700
2013-02-14,60.70254135131836,67.94999694824219,68.05000305175781,67.62000274658203,67.66000366210938,24478800
2013-02-15,60.523860931396484,67.75,68.11000061035156,67.55999755859375,67.94000244140625,25333600
2013-02-19,60.96163558959961,68.23999786376953,68.26000213623047,67.86000061035156,67.87999725341797,23436500
2013-02-20,60.023597717285156,67.19000244140625,68.25,67.18000030517578,68.22000122070312,38200300
2013-02-21,59.38039779663086,66.47000122070312,67.01000213623047,66.2300033569336,66.94000244140625,45855600
2013-02-22,59.97893524169922,67.13999938964844,67.1500015258789,66.58999633789062,66.8499984741211,21968000
2013-02-25,59.23747634887695,66.30999755859375,67.80999755859375,66.25,67.56999969482422,40927600
2013-02-26,59.460792541503906,66.55999755859375,66.68000030517578,65.95999908447266,66.4000015258789,42088800
2013-02-27,60.06825256347656,67.23999786376953,67.6500015258789,66.47000122070312,66.55999755859375,36339500
2013-02-28,59.943180084228516,67.0999984741211,67.73999786376953,67.08999633789062,67.25,28557300
2013-03-01,60.19335174560547,67.37999725341797,67.5,66.54000091552734,66.87000274658203,31617200
2013-03-04,60.46134567260742,67.68000030517578,67.69000244140625,67.06999969482422,67.16000366210938,19380500
2013-03-05,61.35469436645508,68.68000030517578,68.7699966430664,68.08000183105469,68.08000183105469,35581900
2013-03-06,61.20280456542969,68.51000213623047,68.91000366210938,68.41999816894531,68.88999938964844,29071100
2013-03-07,61.36360168457031,68.69000244140625,68.80000305175781,68.44999694824219,68.58999633789062,21775900
2013-03-08,61.4350700378418,68.7699966430664,69.0199966430664,68.5,68.91999816894531,26159900
2013-03-11,61.61375427246094,68.97000122070312,68.98999786376953,68.47000122070312,68.68000030517578,23187900
2013-03-12,61.39039611816406,68.72000122070312,68.93000030517578,68.38999938964844,68.7699966430664,27575400
2013-03-13,61.31002426147461,68.62999725341797,68.88999938964844,68.38999938964844,68.80999755859375,34297300
2013-03-14,61.5154914855957,68.86000061035156,69.01000213623047,68.70999908447266,68.87000274658203,31530800
2013-03-15,61.34446716308594,68.51000213623047,68.79000091552734,68.33999633789062,68.75,30752600
2013-03-18,61.21014404296875,68.36000061035156,68.63999938964844,67.7300033569336,67.87999725341797,36163000
2013-03-19,61.09374237060547,68.2300033569336,68.69999694824219,67.62000274658203,68.56999969482422,33125100
2013-03-20,61.523536682128906,68.70999908447266,68.86000061035156,68.38999938964844,68.70999908447266,28035400
2013-03-21,60.82512283325195,67.93000030517578,68.25,67.7699966430664,68.08000183105469,30050800
2013-03-22,61.416114807128906,68.58999633789062,68.63999938964844,68.12999725341797,68.20999908447266,28837200
2013-03-25,61.19221878051758,68.33999633789062,68.95999908447266,68.01000213623047,68.80999755859375,24909800
2013-03-26,61.523536682128906,68.70999908447266,68.7300033569336,68.44999694824219,68.5999984741211,19725200
2013-03-27,61.604129791259766,68.80000305175781,68.8499984741211,68.13999938964844,68.23999786376953,22539500
2013-03-28,61.75634002685547,68.97000122070312,69.05999755859375,68.63999938964844,68.80000305175781,23662800
2013-04-01,61.33549499511719,68.5,69.08999633789062,68.30999755859375,69.0199966430664,28112800
2013-04-02,61.81901931762695,69.04000091552734,69.2699966430664,68.7699966430664,68.83000183105469,29431900
2013-04-03,61.254913330078125,68.41000366210938,69.18000030517578,68.23999786376953,69.08000183105469,35131200
2013-04-04,61.2728157043457,68.43000030517578,68.5999984741211,68.05999755859375,68.37999725341797,32287400
2013-04-05,60.762454986572266,67.86000061035156,67.95999908447266,67.19000244140625,67.3499984741211,55610800
2013-04-08,61.08478546142578,68.22000122070312,68.23999786376953,67.69000244140625,67.88999938964844,17891600
2013-04-09,61.496681213378906,68.68000030517578,68.95999908447266,68.08999633789062,68.4000015258789,30931400
2013-04-10,62.69651794433594,70.0199966430664,70.16999816894531,68.87999725341797,68.91999816894531,55271300
2013-04-11,62.66966247558594,69.98999786376953,70.1500015258789,69.7699966430664,69.8499984741211,37233600
2013-04-12,62.624916076660156,69.94000244140625,69.98999786376953,69.41000366210938,69.81999969482422,32783700
2013-04-15,61.38923645019531,68.55999755859375,69.79000091552734,68.4800033569336,69.68000030517578,48795800
2013-04-16,62.20404815673828,69.47000122070312,69.55000305175781,68.80999755859375,68.94999694824219,27682600
2013-04-17,60.98628234863281,68.11000061035156,68.88999938964844,67.70999908447266,68.87000274658203,60204800
2013-04-18,60.144596099853516,67.16999816894531,68.33000183105469,66.87999725341797,68.29000091552734,56798200
2013-04-19,60.96839141845703,68.08999633789062,68.2300033569336,67.19999694824219,67.30000305175781,43062800
2013-04-22,61.595176696777344,68.79000091552734,69.04000091552734,68.08000183105469,68.33000183105469,34412100
2013-04-23,62.186119079589844,69.44999694824219,69.69999694824219,68.81999969482422,69.18000030517578,53078300
2013-04-24,62.15929412841797,69.41999816894531,69.66999816894531,69.12000274658203,69.27999877929688,44500700
2013-04-25,62.490604400634766,69.79000091552734,70.05000305175781,69.58999633789062,69.5999984741211,26437100
2013-04-26,62.293609619140625,69.56999969482422,69.7699966430664,69.2699966430664,69.62000274658203,24079800
2013-04-29,62.86667251586914,70.20999908447266,70.4800033569336,69.76000213623047,69.79000091552734,31664000
2013-04-30,63.323299407958984,70.72000122070312,70.7300033569336,70.04000091552734,70.30000305175781,30135800
2013-05-01,63.027828216552734,70.38999938964844,70.8499984741211,70.25,70.73999786376953,28537200
2013-05-02,63.824737548828125,71.27999877929688,71.43000030517578,70.44999694824219,70.51000213623047,31744200
2013-05-03,64.5768814086914,72.12000274658203,72.33999633789062,71.91000366210938,71.97000122070312,34061700
2013-05-06,64.82759094238281,72.4000015258789,72.51000213623047,72.19000244140625,72.25,19244300
2013-05-07,64.79178619384766,72.36000061035156,72.56999969482422,72.08999633789062,72.5199966430664,25838100
2013-05-08,65.10514831542969,72.70999908447266,72.7699966430664,72.19999694824219,72.31999969482422,24252100
2013-05-09,65.0156478881836,72.61000061035156,73.0999984741211,72.47000122070312,72.56999969482422,29337200
2013-05-10,65.40960693359375,73.05000305175781,73.08000183105469,72.62999725341797,72.76000213623047,20663700
2013-05-13,65.49022674560547,73.13999938964844,73.31999969482422,72.86000061035156,72.93000030517578,29730100
2013-05-14,65.83045959472656,73.5199966430664,73.73999786376953,73.12999725341797,73.16000366210938,36009800
2013-05-15,65.96477508544922,73.66999816894531,73.73999786376953,73.19999694824219,73.37999725341797,27214400
2013-05-16,65.89312744140625,73.58999633789062,74.0999984741211,73.55000305175781,73.7300033569336,27253400
2013-05-17,66.52889251708984,74.30000305175781,74.33000183105469,73.7300033569336,73.97000122070312,31114500
2013-05-20,66.43040466308594,74.19000244140625,74.43000030517578,73.88999938964844,74.16000366210938,25132400
2013-05-21,66.50202178955078,74.2699966430664,74.54000091552734,73.88999938964844,74.1500015258789,25900000
2013-05-22,65.9200210571289,73.62000274658203,74.94999694824219,73.23999786376953,74.36000061035156,59843200
2013-05-23,65.76780700683594,73.44999694824219,73.69999694824219,72.83000183105469,72.97000122070312,48222100
2013-05-24,65.73192596435547,73.41000366210938,73.43000030517578,72.76000213623047,72.95999908447266,26430300
2013-05-28,66.1617660522461,73.88999938964844,74.54000091552734,73.66000366210938,74.2699966430664,27057100
2013-05-29,65.84837341308594,73.54000091552734,73.80000305175781,73.12000274658203,73.5999984741211,32090300
2013-05-30,66.19756317138672,73.93000030517578,74.27999877929688,73.55000305175781,73.56999969482422,32390500
2013-05-31,65.58865356445312,73.25,74.20999908447266,73.16999816894531,73.6500015258789,38347600
2013-06-03,65.7051010131836,73.37999725341797,73.4000015258789,72.43000030517578,73.26000213623047,47613100
2013-06-04,65.36486053466797,73.0,73.81999969482422,72.69999694824219,73.52999877929688,35251900
2013-06-05,64.51416778564453,72.05000305175781,73.04000091552734,71.98999786376953,72.76000213623047,48654200
2013-06-06,64.82759094238281,72.4000015258789,72.41000366210938,71.47000122070312,72.1500015258789,62524100
2013-06-07,65.71405792236328,73.38999938964844,73.47000122070312,72.5199966430664,72.69999694824219,31969800
2013-06-10,65.74091339111328,73.41999816894531,73.76000213623047,73.26000213623047,73.52999877929688,25390000
2013-06-11,65.08726501464844,72.69000244140625,73.33999633789062,72.44000244140625,72.69000244140625,40278900
2013-06-12,64.33512878417969,71.8499984741211,73.13999938964844,71.73999786376953,73.11000061035156,42081900
2013-06-13,65.14993286132812,72.76000213623047,72.91999816894531,71.55000305175781,71.75,28221500
2013-06-14,64.72012329101562,72.27999877929688,72.83999633789062,72.16999816894531,72.76000213623047,27690700
2013-06-17,65.34696197509766,72.9800033569336,73.4000015258789,72.5999984741211,72.8499984741211,32441900
2013-06-18,65.88419342041016,73.58000183105469,73.72000122070312,73.05999755859375,73.08000183105469,24853100
2013-06-19,65.14993286132812,72.76000213623047,73.68000030517578,72.68000030517578,73.5999984741211,43145100
2013-06-20,63.60089874267578,71.02999877929688,72.16000366210938,70.79000091552734,71.91999816894531,60908400
2013-06-21,63.263153076171875,70.43000030517578,70.97000122070312,69.83999633789062,70.77999877929688,51558900
2013-06-24,62.63435745239258,69.7300033569336,70.2699966430664,69.1500015258789,69.8499984741211,41492300
2013-06-25,63.09245300292969,70.23999786376953,70.5199966430664,69.80999755859375,70.4000015258789,28897400
2013-06-26,63.65840530395508,70.87000274658203,71.0,70.58999633789062,70.83999633789062,23742300
2013-06-27,63.9278450012207,71.16999816894531,71.62000274658203,71.12999725341797,71.23999786376953,23545000
2013-06-28,64.0176773071289,71.2699966430664,71.69000244140625,70.79000091552734,70.94999694824219,28301100
2013-07-01,64.41287994384766,71.70999908447266,72.30000305175781,71.63999938964844,71.75,24942800
2013-07-02,64.43987274169922,71.73999786376953,72.18000030517578,71.3499984741211,71.68000030517578,23067900
2013-07-03,64.70033264160156,72.02999877929688,72.37000274658203,71.41999816894531,71.4800033569336,18847500
2013-07-05,65.19438934326172,72.58000183105469,72.61000061035156,71.86000061035156,72.44000244140625,28795900
2013-07-08,65.25726318359375,72.6500015258789,72.98999786376953,72.37999725341797,72.95999908447266,20558500
2013-07-09,65.6524887084961,73.08999633789062,73.25,72.6500015258789,72.98999786376953,26108600
2013-07-10,66.02973937988281,73.51000213623047,73.62000274658203,72.9800033569336,73.0199966430664,25598900
2013-07-11,67.34117889404297,74.97000122070312,75.02999877929688,74.25,74.30000305175781,47768900
2013-07-12,67.63760375976562,75.30000305175781,75.3499984741211,74.81999969482422,75.0199966430664,31412600
2013-07-15,67.7903060913086,75.47000122070312,75.5199966430664,75.16999816894531,75.37999725341797,19783600
2013-07-16,67.70046997070312,75.37000274658203,75.58999633789062,75.18000030517578,75.52999877929688,31747100
2013-07-17,67.87110900878906,75.55999755859375,75.73999786376953,75.3499984741211,75.5999984741211,24631500
2013-07-18,67.70046997070312,75.37000274658203,75.73999786376953,75.25,75.55000305175781,36278800
2013-07-19,66.9998550415039,74.58999633789062,74.73999786376953,74.37000274658203,74.72000122070312,37732400
2013-07-22,67.19744110107422,74.80999755859375,74.9800033569336,74.58000183105469,74.87000274658203,21135900
2013-07-23,66.70344543457031,74.26000213623047,74.95999908447266,74.19999694824219,74.94999694824219,24739500
2013-07-24,66.91897583007812,74.5,75.0199966430664,74.33000183105469,74.98999786376953,24426900
2013-07-25,67.34117889404297,74.97000122070312,75.05999755859375,74.45999908447266,74.8499984741211,23162200
2013-07-26,67.70046997070312,75.37000274658203,75.37999725341797,74.55000305175781,74.66999816894531,20885600
2013-07-29,67.57469940185547,75.2300033569336,75.54000091552734,75.02999877929688,75.22000122070312,20958400
2013-07-30,67.93399810791016,75.62999725341797,75.94999694824219,75.3499984741211,75.5,24104600
2013-07-31,68.05973052978516,75.7699966430664,76.20999908447266,75.62999725341797,75.77999877929688,25007600
2013-08-01,68.75142669677734,76.54000091552734,76.6500015258789,76.20999908447266,76.29000091552734,16880000
2013-08-02,69.13762664794922,76.97000122070312,76.98999786376953,76.37999725341797,76.55000305175781,18105300
2013-08-05,69.18255615234375,77.0199966430664,77.08000183105469,76.77999877929688,76.93000030517578,15462800
2013-08-06,68.76937103271484,76.55999755859375,76.98999786376953,76.25,76.91999816894531,23675400
2013-08-07,68.64360809326172,76.41999816894531,76.56999969482422,75.87000274658203,76.33999633789062,20281200
2013-08-08,68.98495483398438,76.80000305175781,76.9800033569336,76.30000305175781,76.83999633789062,19994000
2013-08-09,68.70650482177734,76.48999786376953,76.94000244140625,76.2699966430664,76.66999816894531,18558500
2013-08-12,68.8681640625,76.66999816894531,76.80999755859375,76.19000244140625,76.19999694824219,20515900
2013-08-13,69.25440979003906,77.0999984741211,77.2699966430664,76.22000122070312,76.7699966430664,23917000
2013-08-14,68.9939193725586,76.80999755859375,77.18000030517578,76.69999694824219,77.06999969482422,29921000
2013-08-15,67.82621002197266,75.51000213623047,75.98999786376953,75.29000091552734,75.94999694824219,39406600
2013-08-16,67.79927062988281,75.4800033569336,75.87000274658203,75.3499984741211,75.5199966430664,23825000
2013-08-19,67.68248748779297,75.3499984741211,76.12999725341797,75.33000183105469,75.48999786376953,29586900
2013-08-20,67.9789047241211,75.68000030517578,76.02999877929688,75.43000030517578,75.48999786376953,18842800
2013-08-21,67.74536895751953,75.41999816894531,76.08999633789062,75.13999938964844,75.44000244140625,30705100
2013-08-22,68.41008758544922,76.16000366210938,76.20999908447266,75.70999908447266,75.75,17269500
2013-08-23,68.8681640625,76.66999816894531,76.7699966430664,76.4000015258789,76.69999694824219,20697300
2013-08-26,68.90412902832031,76.70999908447266,77.27999877929688,76.55000305175781,76.7300033569336,27525500
2013-08-27,67.4938735961914,75.13999938964844,76.18000030517578,74.95999908447266,75.80000305175781,40068900
2013-08-28,67.75436401367188,75.43000030517578,75.75,75.05000305175781,75.05000305175781,20490400
2013-08-29,68.23040771484375,75.95999908447266,76.33999633789062,75.30000305175781,75.41000366210938,27287900
2013-08-30,67.7903060913086,75.47000122070312,76.04000091552734,75.19999694824219,76.04000091552734,26228500
2013-09-03,68.17652893066406,75.9000015258789,76.44000244140625,75.54000091552734,76.08999633789062,27241500
2013-09-04,68.90412902832031,76.70999908447266,76.83999633789062,75.93000030517578,76.16000366210938,27142900
2013-09-05,69.02088928222656,76.83999633789062,77.05999755859375,76.7300033569336,76.76000213623047,17809700
2013-09-06,69.10175323486328,76.93000030517578,77.33999633789062,76.05000305175781,77.0999984741211,27715100
2013-09-09,69.91015625,77.83000183105469,77.95999908447266,77.2300033569336,77.26000213623047,25161900
2013-09-10,70.25149536132812,78.20999908447266,78.31999969482422,77.91999816894531,78.27999877929688,27619400
2013-09-11,70.11672973632812,78.05999755859375,78.11000061035156,77.58999633789062,77.69000244140625,28132900
2013-09-12,70.07182312011719,78.01000213623047,78.25,77.8499984741211,78.08000183105469,18332700
2013-09-13,70.11672973632812,78.05999755859375,78.13999938964844,77.63999938964844,78.08999633789062,16932500
2013-09-16,69.92808532714844,77.8499984741211,78.72000122070312,77.66999816894531,78.72000122070312,25704300
2013-09-17,70.39520263671875,78.37000274658203,78.47000122070312,77.9800033569336,78.0199966430664,27174300
2013-09-18,71.2395248413086,79.30999755859375,79.47000122070312,78.33000183105469,78.48999786376953,31714700
2013-09-19,71.41019439697266,79.5,79.69000244140625,79.36000061035156,79.55999755859375,26435700
2013-09-20,71.1651382446289,78.98999786376953,79.54000091552734,78.94999694824219,79.44999694824219,26328900
2013-09-23,71.02100372314453,78.83000183105469,79.41000366210938,78.45999908447266,79.31999969482422,30319400
2013-09-24,71.02100372314453,78.83000183105469,79.25,78.56999969482422,79.0,21871300
2013-09-25,70.77771759033203,78.55999755859375,79.0,78.4000015258789,78.88999938964844,22746400
2013-09-26,71.32732391357422,79.16999816894531,79.36000061035156,78.8499984741211,78.87999725341797,22421700
2013-09-27,71.23719787597656,79.06999969482422,79.20999908447266,78.58999633789062,78.70999908447266,25151600
2013-09-30,71.0660629272461,78.87999725341797,79.08999633789062,78.0,78.25,28031900
2013-10-01,71.78681945800781,79.68000030517578,79.72000122070312,78.8499984741211,78.88999938964844,33129700
2013-10-02,71.75977325439453,79.6500015258789,79.76000213623047,79.05999755859375,79.13999938964844,25503800
2013-10-03,70.92190551757812,78.72000122070312,79.72000122070312,78.30000305175781,79.55000305175781,42998200
2013-10-04,71.53449249267578,79.4000015258789,79.51000213623047,78.6500015258789,78.72000122070312,22852700
2013-10-07,70.93991088867188,78.73999786376953,79.3499984741211,78.66999816894531,78.69999694824219,20227100
2013-10-08,69.57048034667969,77.22000122070312,78.80999755859375,77.19000244140625,78.73999786376953,43660700
2013-10-09,69.3542709350586,76.9800033569336,77.44000244140625,76.3499984741211,77.4000015258789,64526700
2013-10-10,70.82281494140625,78.61000061035156,78.79000091552734,77.79000091552734,77.80999755859375,48062700
2013-10-11,71.38137817382812,79.2300033569336,79.29000091552734,78.4000015258789,78.41000366210938,25214100
2013-10-14,71.8858871459961,79.79000091552734,79.79000091552734,78.68000030517578,78.73999786376953,31471900
2013-10-15,71.6065902709961,79.4800033569336,80.11000061035156,79.37999725341797,79.7300033569336,38684000
2013-10-16,72.41744995117188,80.37999725341797,80.41999816894531,79.79000091552734,79.8499984741211,46735900
2013-10-17,72.83185577392578,80.83999633789062,80.87000274658203,79.94999694824219,80.0199966430664,32193500
2013-10-18,74.0121078491211,82.1500015258789,82.18000030517578,81.3499984741211,81.58000183105469,39628200
2013-10-21,74.17427062988281,82.33000183105469,82.54000091552734,82.06999969482422,82.33999633789062,31176900
2013-10-22,74.28237915039062,82.44999694824219,82.9000015258789,81.93000030517578,82.6500015258789,43944800
2013-10-23,73.83193969726562,81.94999694824219,82.19999694824219,81.55000305175781,82.05000305175781,38021300
2013-10-24,74.15626525878906,82.30999755859375,82.4800033569336,81.87999725341797,82.0,23155100
2013-10-25,74.68782806396484,82.9000015258789,83.27999877929688,82.5,83.08000183105469,35824500
2013-10-28,74.70581817626953,82.91999816894531,83.05000305175781,82.55000305175781,82.91000366210938,28618400
2013-10-29,74.83197784423828,83.05999755859375,83.26000213623047,82.69999694824219,83.19999694824219,36878100
2013-10-30,74.7599105834961,82.9800033569336,83.48999786376953,82.58000183105469,83.3499984741211,33535500
2013-10-31,74.58870697021484,82.79000091552734,83.30000305175781,82.4800033569336,82.7699966430664,31309900
2013-11-01,74.60672760009766,82.80999755859375,83.16999816894531,82.4000015258789,83.06999969482422,30867800
2013-11-04,74.71482849121094,82.93000030517578,83.06999969482422,82.63999938964844,83.05999755859375,16834000
2013-11-05,74.79592895507812,83.0199966430664,83.22000122070312,82.37000274658203,82.61000061035156,27975600
2013-11-06,74.77790832519531,83.0,83.4000015258789,82.7300033569336,83.37000274658203,25576800
2013-11-07,73.37245178222656,81.44000244140625,83.12999725341797,81.37000274658203,83.01000213623047,52173200
2013-11-08,74.36347198486328,82.54000091552734,82.55999755859375,81.51000213623047,81.73999786376953,31470500
2013-11-11,74.2463607788086,82.41000366210938,82.63999938964844,82.13999938964844,82.41999816894531,24822900
2013-11-12,74.36347198486328,82.54000091552734,82.66000366210938,82.12000274658203,82.16000366210938,20108500
2013-11-13,75.264404296875,83.54000091552734,83.55000305175781,82.0,82.0,31345900
2013-11-14,75.49867248535156,83.80000305175781,83.86000061035156,83.13999938964844,83.31999969482422,31101200
2013-11-15,75.642822265625,83.95999908447266,83.95999908447266,83.61000061035156,83.81999969482422,20511300
2013-11-18,74.90403747558594,83.13999938964844,84.11000061035156,82.9800033569336,83.94000244140625,31679600
2013-11-19,74.68782806396484,82.9000015258789,83.48999786376953,82.76000213623047,83.08999633789062,25545300
2013-11-20,74.50759887695312,82.69999694824219,83.43000030517578,82.45999908447266,83.12000274658203,32177400
2013-11-21,75.264404296875,83.54000091552734,83.61000061035156,82.9800033569336,83.05000305175781,28125000
2013-11-22,75.66983032226562,83.98999786376953,84.0199966430664,83.62000274658203,83.68000030517578,25361300
2013-11-25,75.85003662109375,84.19000244140625,84.37999725341797,83.9800033569336,84.29000091552734,21695100
2013-11-26,76.24642181396484,84.62999725341797,84.83999633789062,84.02999877929688,84.20999908447266,26621000
2013-11-27,76.77796936035156,85.22000122070312,85.23999786376953,84.7300033569336,84.80000305175781,21638100
2013-11-29,77.23748016357422,85.7300033569336,85.83999633789062,85.47000122070312,85.55999755859375,16708900
2013-12-02,77.01225280761719,85.4800033569336,85.95999908447266,85.3499984741211,85.83000183105469,26354600
2013-12-03,76.94915008544922,85.41000366210938,85.63999938964844,85.08000183105469,85.41999816894531,37147000
2013-12-04,77.02124786376953,85.48999786376953,85.7699966430664,84.77999877929688,85.05000305175781,37193200
2013-12-05,76.9221420288086,85.37999725341797,85.66000366210938,85.16999816894531,85.55999755859375,39829300
2013-12-06,77.4807357788086,86.0,86.18000030517578,85.58999633789062,86.0999984741211,36842900
2013-12-09,77.7960433959961,86.3499984741211,86.52999877929688,86.19999694824219,86.3499984741211,22590000
2013-12-10,77.74201202392578,86.29000091552734,86.44999694824219,86.12000274658203,86.20999908447266,26965900
2013-12-11,76.7419662475586,85.18000030517578,86.4000015258789,85.05999755859375,86.27999877929688,36830600
2013-12-12,76.54371643066406,84.95999908447266,85.41999816894531,84.9000015258789,85.20999908447266,33662600
2013-12-13,76.44465637207031,84.8499984741211,85.4000015258789,84.70999908447266,85.36000061035156,34072000
2013-12-16,76.8680648803711,85.31999969482422,85.80999755859375,85.20999908447266,85.2699966430664,24902500
2013-12-17,76.71493530273438,85.1500015258789,85.52999877929688,84.98999786376953,85.31999969482422,24454900
2013-12-18,77.60684967041016,86.13999938964844,86.22000122070312,84.05000305175781,85.25,68387200
2013-12-19,77.39063262939453,85.9000015258789,86.01000213623047,85.5199966430664,86.0,44964100
2013-12-20,78.17872619628906,86.5,86.68000030517578,85.7300033569336,85.79000091552734,40475400
2013-12-23,79.00120544433594,87.41000366210938,87.41000366210938,86.94999694824219,87.20999908447266,28181800
2013-12-24,79.03736114501953,87.44999694824219,87.51000213623047,87.2699966430664,87.43000030517578,13852500
2013-12-26,79.2994613647461,87.73999786376953,87.80999755859375,87.44000244140625,87.61000061035156,15241100
2013-12-27,79.10064697265625,87.5199966430664,87.9000015258789,87.41000366210938,87.8499984741211,15827400
2013-12-30,78.98313903808594,87.38999938964844,87.51000213623047,87.13999938964844,87.38999938964844,18983700
2013-12-31,79.498291015625,87.95999908447266,87.95999908447266,87.5199966430664,87.55000305175781,24890500
2014-01-02,78.87468719482422,87.2699966430664,87.58000183105469,87.0199966430664,87.55000305175781,29177500
2014-01-03,78.3052749633789,86.63999938964844,87.3499984741211,86.62000274658203,87.2699966430664,35723700
2014-01-06,78.01603698730469,86.31999969482422,86.76000213623047,86.0,86.66000366210938,32073100
2014-01-07,78.73909759521484,87.12000274658203,87.25,86.55999755859375,86.72000122070312,25860600
2014-01-08,78.91081237792969,87.30999755859375,87.55000305175781,86.94999694824219,87.13999938964844,27197400
2014-01-09,78.6487045288086,87.0199966430664,87.63999938964844,86.72000122070312,87.62999725341797,23674700
2014-01-10,78.90180206298828,87.30000305175781,87.4000015258789,86.58000183105469,87.2300033569336,38008900
2014-01-13,77.73592376708984,86.01000213623047,87.4800033569336,85.68000030517578,87.18000030517578,48842300
2014-01-14,79.21813201904297,87.6500015258789,87.72000122070312,86.30000305175781,86.30000305175781,37178900
2014-01-15,79.8688735961914,88.37000274658203,88.54000091552734,87.94000244140625,88.02999877929688,39835600
2014-01-16,79.8779067993164,88.37999725341797,88.51000213623047,88.16000366210938,88.30000305175781,31630100
2014-01-17,79.42597961425781,87.87999725341797,88.37000274658203,87.66999816894531,88.11000061035156,36895800
2014-01-21,80.03153228759766,88.55000305175781,88.58999633789062,87.80999755859375,88.44000244140625,26412700
2014-01-22,80.2394027709961,88.77999877929688,89.0,88.5199966430664,88.77999877929688,29376900
2014-01-23,79.96827697753906,88.4800033569336,88.5199966430664,87.86000061035156,88.51000213623047,35011900
2014-01-24,78.39566040039062,86.73999786376953,88.18000030517578,86.70999908447266,88.05000305175781,63974600
2014-01-27,77.63646697998047,85.9000015258789,86.88999938964844,85.25,86.73999786376953,63519300
2014-01-28,77.59126281738281,85.8499984741211,85.94000244140625,85.30999755859375,85.5,44378800
2014-01-29,76.759765625,84.93000030517578,85.73999786376953,84.76000213623047,85.11000061035156,51939300
2014-01-30,78.17872619628906,86.5,86.80000305175781,85.87999725341797,85.97000122070312,65833600
2014-01-31,77.97086334228516,86.2699966430664,86.68000030517578,85.44999694824219,85.54000091552734,45187000
2014-02-03,76.18135833740234,84.29000091552734,86.5,84.06999969482422,86.11000061035156,65596900
2014-02-04,76.7417221069336,84.91000366210938,85.25,84.45999908447266,84.72000122070312,37675500
2014-02-05,76.54285430908203,84.69000244140625,84.98999786376953,83.73999786376953,84.62999725341797,41721800
2014-02-06,77.51897430419922,85.7699966430664,85.87999725341797,84.91999816894531,84.94000244140625,32308600
2014-02-07,78.90180206298828,87.30000305175781,87.36000061035156,86.0,86.25,38359400
2014-02-10,79.35368347167969,87.80000305175781,87.83999633789062,87.20999908447266,87.2699966430664,30205400
2014-02-11,80.25747680664062,88.80000305175781,88.97000122070312,87.88999938964844,87.98999786376953,38635500
2014-02-12,80.41114044189453,88.97000122070312,89.16999816894531,88.69999694824219,88.9800033569336,32507200
2014-02-13,81.00765228271484,89.62999725341797,89.69999694824219,88.30000305175781,88.31999969482422,40454500
2014-02-14,81.17034149169922,89.80999755859375,90.01000213623047,89.33000183105469,89.5999984741211,33212400
2014-02-18,81.5680160522461,90.25,90.41999816894531,89.73999786376953,89.95999908447266,29546600
2014-02-19,81.00765228271484,89.62999725341797,90.29000091552734,89.44999694824219,90.08000183105469,41749900
2014-02-20,81.38723754882812,90.05000305175781,90.22000122070312,89.30999755859375,89.69000244140625,41814800
2014-02-21,81.27877807617188,89.93000030517578,90.47000122070312,89.81999969482422,90.33999633789062,31192200
2014-02-24,81.71263122558594,90.41000366210938,90.81999969482422,90.04000091552734,90.13999938964844,31500400
2014-02-25,81.62220764160156,90.30999755859375,90.72000122070312,90.0199966430664,90.54000091552734,26771700
2014-02-26,81.5499267578125,90.2300033569336,90.83999633789062,89.87000274658203,90.55000305175781,42953700
2014-02-27,82.07907104492188,90.44000244140625,90.52999877929688,89.7300033569336,89.87000274658203,28742400
2014-02-28,81.98824310302734,90.33999633789062,90.95999908447266,89.54000091552734,90.41999816894531,48609800
2014-03-03,81.38020324707031,89.66999816894531,89.91000366210938,88.87000274658203,89.48999786376953,38885700
2014-03-04,82.41481018066406,90.80999755859375,90.9800033569336,90.55999755859375,90.6500015258789,33189000
2014-03-05,82.6417236328125,91.05999755859375,91.22000122070312,90.7699966430664,90.95999908447266,27203300
2014-03-06,82.56912231445312,90.9800033569336,91.33999633789062,90.6500015258789,91.2699966430664,24063900
2014-03-07,82.16071319580078,90.52999877929688,91.36000061035156,90.06999969482422,91.2699966430664,31167800
2014-03-10,82.23331451416016,90.61000061035156,90.66000366210938,90.02999877929688,90.4800033569336,18131700
2014-03-11,81.87935638427734,90.22000122070312,91.05999755859375,89.94999694824219,90.83000183105469,27484300
2014-03-12,82.18794250488281,90.55999755859375,90.61000061035156,89.4800033569336,89.80999755859375,27977200
2014-03-13,81.02626037597656,89.27999877929688,90.93000030517578,88.87000274658203,90.9000015258789,48542000
2014-03-14,80.4726333618164,88.66999816894531,89.37999725341797,88.62999725341797,88.98999786376953,38732300
2014-03-17,81.18055725097656,89.44999694824219,89.91000366210938,89.19000244140625,89.23999786376953,28467200
2014-03-18,82.16071319580078,90.52999877929688,90.63999938964844,89.52999877929688,89.55999755859375,31250200
2014-03-19,81.71598052978516,90.04000091552734,90.66000366210938,89.44999694824219,90.55999755859375,40869400
2014-03-20,81.94288635253906,90.29000091552734,90.55999755859375,89.58000183105469,89.76000213623047,31634500
2014-03-21,80.95684051513672,89.0,90.6500015258789,88.83000183105469,90.5999984741211,62754000
2014-03-24,80.24734497070312,88.22000122070312,89.38999938964844,87.41000366210938,89.31999969482422,77735300
2014-03-25,80.5111312866211,88.51000213623047,89.25,87.7699966430664,88.68000030517578,41723300
2014-03-26,79.47416687011719,87.37000274658203,89.1500015258789,87.36000061035156,88.94999694824219,40930400
2014-03-27,79.02842712402344,86.87999725341797,87.63999938964844,86.4000015258789,87.25,64784500
2014-03-28,79.18310546875,87.05000305175781,88.01000213623047,86.80999755859375,87.16000366210938,39895100
2014-03-31,79.74706268310547,87.66999816894531,88.26000213623047,87.62000274658203,87.7300033569336,33924300
2014-04-01,81.14788055419922,89.20999908447266,89.2699966430664,87.70999908447266,88.0999984741211,38683800
2014-04-02,81.35710906982422,89.44000244140625,89.68000030517578,89.04000091552734,89.58999633789062,34631600
2014-04-03,80.71126556396484,88.7300033569336,89.68000030517578,88.22000122070312,89.52999877929688,30319100
2014-04-04,78.56450653076172,86.37000274658203,89.41000366210938,86.13999938964844,89.31999969482422,131213200
2014-04-07,77.81865692138672,85.55000305175781,86.62999725341797,84.94999694824219,85.83000183105469,83995800
2014-04-08,78.53723907470703,86.33999633789062,86.45999908447266,85.3499984741211,85.6500015258789,51495700
2014-04-09,79.88353729248047,87.81999969482422,87.87000274658203,86.43000030517578,86.66000366210938,45685200
2014-04-10,77.40928649902344,85.0999984741211,87.87999725341797,84.86000061035156,87.87999725341797,73659600
2014-04-11,76.50877380371094,84.11000061035156,85.44000244140625,83.91000366210938,84.33999633789062,93657400
2014-04-14,77.10912322998047,84.7699966430664,85.22000122070312,83.98999786376953,84.8499984741211,46500700
2014-04-15,77.36381530761719,85.05000305175781,85.54000091552734,83.27999877929688,85.08000183105469,84631500
2014-04-16,78.3917236328125,86.18000030517578,86.18000030517578,85.08999633789062,85.79000091552734,46970900
2014-04-17,78.4098892211914,86.19999694824219,86.62999725341797,85.62999725341797,85.8499984741211,53719500
2014-04-21,78.99205780029297,86.83999633789062,86.83999633789062,86.0,86.4000015258789,25947900
2014-04-22,79.61971282958984,87.52999877929688,87.75,86.98999786376953,87.13999938964844,38593400
2014-04-23,78.91928100585938,86.76000213623047,87.55999755859375,86.70999908447266,87.52999877929688,34376700
2014-04-24,79.67428588867188,87.58999633789062,88.20999908447266,86.6500015258789,88.19000244140625,48926300
2014-04-25,78.40080261230469,86.19000244140625,87.16999816894531,85.9800033569336,87.06999969482422,44334000
2014-04-28,78.6554946899414,86.47000122070312,87.11000061035156,85.11000061035156,86.5999984741211,58623800
2014-04-29,79.28315734863281,87.16000366210938,87.31999969482422,86.30999755859375,86.7300033569336,36742700
2014-04-30,79.49237060546875,87.38999938964844,87.4800033569336,86.54000091552734,86.76000213623047,38689400
2014-05-01,79.72886657714844,87.6500015258789,88.1500015258789,87.30999755859375,87.52999877929688,37127200
2014-05-02,79.58330535888672,87.48999786376953,88.11000061035156,87.27999877929688,87.94999694824219,40074200
2014-05-05,80.00173950195312,87.94999694824219,87.97000122070312,86.76000213623047,86.97000122070312,27924400
2014-05-06,78.96477508544922,86.80999755859375,87.86000061035156,86.7699966430664,87.80999755859375,33698500
2014-05-07,78.73738098144531,86.55999755859375,87.08000183105469,85.52999877929688,86.98999786376953,67489100
2014-05-08,78.66461181640625,86.4800033569336,87.52999877929688,86.05000305175781,86.25,46556900
2014-05-09,78.95570373535156,86.80000305175781,86.86000061035156,85.8499984741211,86.43000030517578,35081500
2014-05-12,80.25645446777344,88.2300033569336,88.26000213623047,87.23999786376953,87.31999969482422,38951100
2014-05-13,80.31100463867188,88.29000091552734,88.61000061035156,88.12000274658203,88.30999755859375,30311900
2014-05-14,79.89259338378906,87.83000183105469,88.3499984741211,87.62000274658203,88.0199966430664,26483600
2014-05-15,79.26494598388672,87.13999938964844,87.95999908447266,86.58000183105469,87.80999755859375,59680300
2014-05-16,79.78341674804688,87.70999908447266,87.76000213623047,86.63999938964844,87.23999786376953,66804100
2014-05-19,80.33831024169922,88.31999969482422,88.45999908447266,87.30000305175781,87.44999694824219,32017000
2014-05-20,80.0472412109375,88.0,88.5999984741211,87.63999938964844,88.27999877929688,33716000
2014-05-21,80.81131744384766,88.83999633789062,88.88999938964844,88.11000061035156,88.16000366210938,36837700
2014-05-22,81.16606140136719,89.2300033569336,89.4800033569336,88.80000305175781,88.94000244140625,30617100
2014-05-23,81.75733184814453,89.87999725341797,89.9000015258789,89.12000274658203,89.31999969482422,22687300
2014-05-27,82.776123046875,91.0,91.0199966430664,90.19999694824219,90.27999877929688,29725200
2014-05-28,82.52143096923828,90.72000122070312,91.0999984741211,90.6500015258789,90.97000122070312,30468100
2014-05-29,83.04899597167969,91.30000305175781,91.30999755859375,90.86000061035156,91.04000091552734,33036100
2014-05-30,83.05806732177734,91.30999755859375,91.44999694824219,90.83000183105469,91.31999969482422,29906400
2014-06-02,82.9762191772461,91.22000122070312,91.44000244140625,90.63999938964844,91.41999816894531,30409900
2014-06-03,82.93982696533203,91.18000030517578,91.33000183105469,90.80000305175781,90.91999816894531,21774500
2014-06-04,83.24911499023438,91.5199966430664,91.66999816894531,90.80999755859375,90.94999694824219,20118300
2014-06-05,83.94953155517578,92.29000091552734,92.45999908447266,91.29000091552734,91.5999984741211,35583100
2014-06-06,84.43160247802734,92.81999969482422,92.81999969482422,92.44999694824219,92.62999725341797,22680600
2014-06-09,84.36797332763672,92.75,92.9800033569336,92.5,92.83999633789062,23399500
2014-06-10,84.51348876953125,92.91000366210938,92.95999908447266,92.55999755859375,92.66999816894531,20626000
2014-06-11,84.49533081054688,92.88999938964844,93.0199966430664,92.5,92.58999633789062,22878200
2014-06-12,83.73123168945312,92.05000305175781,92.79000091552734,91.7300033569336,92.69000244140625,35275900
2014-06-13,83.97683715820312,92.31999969482422,92.55000305175781,91.91999816894531,92.44999694824219,39447100
2014-06-16,84.04955291748047,92.4000015258789,92.66999816894531,91.95999908447266,92.16000366210938,25212300
2014-06-17,84.09506225585938,92.44999694824219,92.69999694824219,92.18000030517578,92.33000183105469,19977900
2014-06-18,84.568115234375,92.97000122070312,93.0999984741211,91.9800033569336,92.54000091552734,34514000
2014-06-19,84.51348876953125,92.91000366210938,93.16999816894531,92.48999786376953,93.11000061035156,38422200
2014-06-20,84.61290740966797,92.7699966430664,92.87000274658203,92.52999877929688,92.69999694824219,25897500
2014-06-23,84.63114166259766,92.79000091552734,92.81999969482422,92.51000213623047,92.76000213623047,20837900
2014-06-24,84.54905700683594,92.69999694824219,93.56999969482422,92.43000030517578,92.77999877929688,31945800
2014-06-25,85.08719635009766,93.29000091552734,93.44999694824219,92.4800033569336,92.48999786376953,32818600
2014-06-26,85.1328125,93.33999633789062,93.36000061035156,92.62000274658203,93.3499984741211,22563900
2014-06-27,85.50679779052734,93.75,93.7699966430664,93.19000244140625,93.22000122070312,22877800
2014-06-30,85.65267944335938,93.91000366210938,94.13999938964844,93.66999816894531,93.7300033569336,19751900
2014-07-01,86.59210968017578,94.94000244140625,95.19000244140625,94.19999694824219,94.23999786376953,31862500
2014-07-02,86.7380142211914,95.0999984741211,95.23999786376953,94.91000366210938,95.0,18777300
2014-07-03,87.2852783203125,95.69999694824219,95.69999694824219,95.1500015258789,95.41000366210938,15291700
2014-07-07,87.02080535888672,95.41000366210938,95.70999908447266,95.2300033569336,95.58999633789062,23266400
2014-07-08,85.97191619873047,94.26000213623047,95.30000305175781,93.87000274658203,95.2300033569336,40612400
2014-07-09,86.6103286743164,94.95999908447266,95.06999969482422,94.23999786376953,94.51000213623047,29919000
2014-07-10,86.33674621582031,94.66000366210938,95.05000305175781,93.62999725341797,93.73999786376953,44245300
2014-07-11,86.89308166503906,95.2699966430664,95.2699966430664,94.61000061035156,94.9000015258789,19566300
2014-07-14,87.41300201416016,95.83999633789062,96.05999755859375,95.54000091552734,95.69999694824219,19579000
2014-07-15,87.11199951171875,95.51000213623047,96.12999725341797,94.83000183105469,95.98999786376953,39467500
2014-07-16,87.45855712890625,95.88999938964844,96.30000305175781,95.79000091552734,96.19999694824219,22052600
2014-07-17,86.30028533935547,94.62000274658203,95.97000122070312,94.31999969482422,95.62999725341797,43111500
2014-07-18,87.6683349609375,96.12000274658203,96.16999816894531,95.0,95.11000061035156,36682200
2014-07-21,87.55892181396484,96.0,96.16000366210938,95.55000305175781,95.91999816894531,29750700
2014-07-22,88.11527252197266,96.61000061035156,96.76000213623047,96.3499984741211,96.44999694824219,25770400
2014-07-23,88.68077087402344,97.2300033569336,97.33999633789062,96.7699966430664,96.94999694824219,28947500
2014-07-24,88.58043670654297,97.12000274658203,97.51000213623047,96.9800033569336,97.4000015258789,24707200
2014-07-25,88.23384857177734,96.73999786376953,96.87000274658203,96.2300033569336,96.62000274658203,29898900
2014-07-28,88.26121520996094,96.7699966430664,97.0199966430664,96.0199966430664,96.83999633789062,25603400
2014-07-29,88.10615539550781,96.5999984741211,97.19999694824219,96.5199966430664,96.9800033569336,27022200
2014-07-30,88.45272827148438,96.9800033569336,97.31999969482422,96.5999984741211,97.13999938964844,35348500
2014-07-31,86.66510772705078,95.0199966430664,96.33999633789062,94.87999725341797,96.18000030517578,50047900
2014-08-01,86.34587860107422,94.66999816894531,95.33999633789062,94.04000091552734,94.81999969482422,60708000
2014-08-04,86.93869018554688,95.31999969482422,95.69000244140625,94.5199966430664,94.87000274658203,33230500
2014-08-05,86.27291107177734,94.58999633789062,95.20999908447266,94.1500015258789,94.94000244140625,50331100
2014-08-06,86.20903778076172,94.5199966430664,95.11000061035156,93.91999816894531,94.0,34431900
2014-08-07,85.9354019165039,94.22000122070312,95.13999938964844,93.88999938964844,94.95999908447266,33274700
2014-08-08,86.55562591552734,94.9000015258789,95.01000213623047,93.97000122070312,94.37000274658203,40236900
2014-08-11,87.06639099121094,95.45999908447266,95.76000213623047,95.19999694824219,95.2699966430664,28277500
2014-08-12,87.02989959716797,95.41999816894531,95.66999816894531,94.93000030517578,95.36000061035156,28152300
2014-08-13,87.95109558105469,96.43000030517578,96.47000122070312,95.76000213623047,95.80999755859375,27996500
2014-08-14,88.40714263916016,96.93000030517578,96.94999694824219,96.43000030517578,96.55999755859375,25006600
2014-08-15,88.83580017089844,97.4000015258789,97.62999725341797,96.4800033569336,97.48999786376953,55205500
2014-08-18,89.51988220214844,98.1500015258789,98.23999786376953,97.7699966430664,97.91000366210938,38938300
2014-08-19,90.02147674560547,98.69999694824219,98.76000213623047,98.31999969482422,98.37999725341797,21363400
2014-08-20,90.02147674560547,98.69999694824219,98.9000015258789,98.52999877929688,98.62000274658203,23435600
2014-08-21,90.20391082763672,98.9000015258789,98.94999694824219,98.5999984741211,98.75,19339500
2014-08-22,90.34070587158203,99.05000305175781,99.25,98.72000122070312,98.94000244140625,24692000
2014-08-25,90.65995025634766,99.4000015258789,99.68000030517578,99.16000366210938,99.5199966430664,24124700
2014-08-26,90.75114440917969,99.5,99.61000061035156,99.2699966430664,99.55000305175781,20100400
2014-08-27,90.76940155029297,99.5199966430664,99.63999938964844,99.30999755859375,99.52999877929688,15589100
2014-08-28,90.6690673828125,99.41000366210938,99.52999877929688,99.08000183105469,99.18000030517578,23563900
2014-08-29,91.00654602050781,99.77999877929688,99.91000366210938,99.2699966430664,99.62999725341797,17906300
2014-09-02,91.27104949951172,100.06999969482422,100.0999984741211,99.66000366210938,100.0199966430664,18326800
2014-09-03,90.73289489746094,99.4800033569336,100.33999633789062,99.30000305175781,100.33999633789062,25950700
2014-09-04,90.65082550048828,99.38999938964844,100.22000122070312,99.13999938964844,99.70999908447266,24663500
2014-09-05,91.10685729980469,99.88999938964844,99.94999694824219,99.02999877929688,99.54000091552734,30798200
2014-09-08,91.28016662597656,100.08000183105469,100.33000183105469,99.62000274658203,99.91999816894531,25571300
2014-09-09,90.52311706542969,99.25,100.45999908447266,99.05999755859375,100.08999633789062,36449200
2014-09-10,91.27104949951172,100.06999969482422,100.11000061035156,99.0999984741211,99.37999725341797,31080100
2014-09-11,91.19808197021484,99.98999786376953,100.04000091552734,99.23999786376953,99.63999938964844,28691900
2014-09-12,90.73289489746094,99.4800033569336,99.93000030517578,99.16999816894531,99.9000015258789,30444400
2014-09-15,89.85733032226562,98.5199966430664,99.5999984741211,98.22000122070312,99.58999633789062,32972200
2014-09-16,90.64169311523438,99.37999725341797,99.56999969482422,98.05000305175781,98.1500015258789,38166900
2014-09-17,90.77851104736328,99.52999877929688,100.0,98.93000030517578,99.36000061035156,37196500
2014-09-18,91.46259307861328,100.27999877929688,100.29000091552734,99.7300033569336,99.83999633789062,30196700
2014-09-19,91.40591430664062,99.9800033569336,100.55999755859375,99.58000183105469,100.45999908447266,46918000
2014-09-22,90.55564880371094,99.05000305175781,99.75,98.62000274658203,99.73999786376953,48658000
2014-09-23,90.3088150024414,98.77999877929688,99.22000122070312,98.58000183105469,98.6500015258789,33989600
2014-09-24,91.27790069580078,99.83999633789062,99.88999938964844,98.54000091552734,98.87999725341797,35959000
2014-09-25,89.35799407958984,97.73999786376953,99.6500015258789,97.69999694824219,99.5199966430664,68642500
2014-09-26,90.3088150024414,98.77999877929688,98.95999908447266,97.88999938964844,98.05999755859375,56106200
2014-09-29,90.1899642944336,98.6500015258789,98.91999816894531,97.75,97.80000305175781,33342700
2014-09-30,90.3179702758789,98.79000091552734,99.30000305175781,98.31999969482422,98.91999816894531,41834300
2014-10-01,88.87345123291016,97.20999908447266,98.61000061035156,96.9000015258789,98.51000213623047,58164900
2014-10-02,88.87345123291016,97.20999908447266,97.51000213623047,95.97000122070312,97.16999816894531,54501300
2014-10-03,89.75111389160156,98.16999816894531,98.56999969482422,97.44000244140625,97.77999877929688,41627800
2014-10-06,89.55911254882812,97.95999908447266,98.72000122070312,97.66000366210938,98.4800033569336,36038700
2014-10-07,88.288330078125,96.56999969482422,97.77999877929688,96.55999755859375,97.5,45154000
2014-10-08,90.00711059570312,98.44999694824219,98.76000213623047,96.05999755859375,96.62000274658203,64931600
2014-10-09,88.553466796875,96.86000061035156,98.56999969482422,96.70999908447266,98.31999969482422,62497100
2014-10-10,86.34101104736328,94.44000244140625,96.83000183105469,94.41999816894531,96.29000091552734,77579400
2014-10-13,84.98790740966797,92.95999908447266,94.98999786376953,92.87999725341797,94.2699966430664,80835900
2014-10-14,84.99706268310547,92.97000122070312,94.16999816894531,92.70999908447266,93.54000091552734,71814500
2014-10-15,84.4485092163086,92.37000274658203,92.76000213623047,90.23999786376953,91.56999969482422,108847800
2014-10-16,83.91825103759766,91.79000091552734,92.58000183105469,90.38999938964844,90.41999816894531,93165800
2014-10-17,85.02450561523438,93.0,93.88999938964844,92.45999908447266,93.0,69546700
2014-10-20,86.2952651977539,94.38999938964844,94.47000122070312,92.80000305175781,92.98999786376953,41479300
2014-10-21,88.56261444091797,96.87000274658203,96.87000274658203,95.31999969482422,95.55999755859375,53609800
2014-10-22,88.10547637939453,96.37000274658203,97.30000305175781,96.30999755859375,97.16999816894531,39178000
2014-10-23,89.43110656738281,97.81999969482422,98.36000061035156,97.16999816894531,97.33999633789062,48123800
2014-10-24,90.16252136230469,98.62000274658203,98.69000244140625,97.63999938964844,98.02999877929688,43157600
2014-10-27,90.22653198242188,98.69000244140625,98.87000274658203,98.0199966430664,98.43000030517578,29545700
2014-10-28,91.58870697021484,100.18000030517578,100.19999694824219,99.08000183105469,99.1500015258789,34495100
2014-10-29,91.25047302246094,99.80999755859375,100.12000274658203,99.0999984741211,99.8499984741211,40552800
2014-10-30,91.44248962402344,100.0199966430664,100.26000213623047,99.13999938964844,99.36000061035156,35935800
2014-10-31,92.70411682128906,101.4000015258789,101.75,101.06999969482422,101.68000030517578,54254100
2014-11-03,92.9783935546875,101.69999694824219,101.97000122070312,101.43000030517578,101.58000183105469,33481000
2014-11-04,92.66756439208984,101.36000061035156,101.62000274658203,100.66999816894531,101.37999725341797,22773300
2014-11-05,92.67666625976562,101.37000274658203,102.02999877929688,101.0199966430664,102.02999877929688,25818600
2014-11-06,92.9692611694336,101.69000244140625,101.72000122070312,100.91999816894531,101.36000061035156,24671900
2014-11-07,92.88694763183594,101.5999984741211,101.91000366210938,101.06999969482422,101.87000274658203,20931700
2014-11-10,93.21610260009766,101.95999908447266,102.08999633789062,101.37999725341797,101.6500015258789,20360000
2014-11-11,93.50865173339844,102.27999877929688,102.27999877929688,101.69999694824219,101.9800033569336,15454000
2014-11-12,93.6732177734375,102.45999908447266,102.56999969482422,101.87000274658203,101.87000274658203,22050300
2014-11-13,94.07549285888672,102.9000015258789,103.27999877929688,102.41999816894531,102.6500015258789,28027800
2014-11-14,94.3680419921875,103.22000122070312,103.22000122070312,102.52999877929688,102.87000274658203,19251300
2014-11-17,94.08462524414062,102.91000366210938,103.20999908447266,102.41999816894531,102.9800033569336,23361600
2014-11-18,94.78858184814453,103.68000030517578,103.81999969482422,102.98999786376953,103.0,26336800
2014-11-19,94.35887145996094,103.20999908447266,103.56999969482422,102.7300033569336,103.56999969482422,23760200
2014-11-20,94.77945709228516,103.66999816894531,103.76000213623047,102.69000244140625,102.7699966430664,22874000
2014-11-21,94.9623031616211,103.87000274658203,104.69000244140625,103.54000091552734,104.58999633789062,34049100
2014-11-24,95.70283508300781,104.68000030517578,104.7300033569336,104.05999755859375,104.1500015258789,17928300
2014-11-25,95.84911346435547,104.83999633789062,105.1500015258789,104.56999969482422,104.83999633789062,17526000
2014-11-26,96.47079467773438,105.5199966430664,105.58000183105469,104.83000183105469,104.94000244140625,18973800
2014-11-28,96.91875457763672,106.01000213623047,106.25,105.7300033569336,105.80000305175781,17360400
2014-12-01,95.8216781616211,104.80999755859375,105.91999816894531,104.41999816894531,105.72000122070312,35969500
2014-12-02,96.2056884765625,105.2300033569336,105.41999816894531,104.69999694824219,104.91999816894531,26031300
2014-12-03,96.37936401367188,105.41999816894531,105.56999969482422,104.76000213623047,105.38999938964844,32974300
2014-12-04,96.33367156982422,105.37000274658203,105.77999877929688,104.93000030517578,105.31999969482422,31008800
2014-12-05,96.34281158447266,105.37999725341797,105.69999694824219,105.1500015258789,105.54000091552734,25622200
2014-12-08,95.65711212158203,104.62999725341797,105.56999969482422,104.08000183105469,105.11000061035156,32685800
2014-12-09,95.95880889892578,104.95999908447266,105.04000091552734,103.04000091552734,103.41000366210938,46035100
2014-12-10,94.4502944946289,103.30999755859375,105.02999877929688,103.12000274658203,104.7699966430664,39330100
2014-12-11,94.89830017089844,103.80000305175781,105.04000091552734,103.58999633789062,103.61000061035156,47576000
2014-12-12,93.8652114868164,102.66999816894531,103.98999786376953,102.66000366210938,102.80999755859375,46889400
2014-12-15,92.89612579345703,101.61000061035156,103.58000183105469,101.31999969482422,103.19999694824219,52968400
2014-12-16,91.40591430664062,99.9800033569336,102.47000122070312,99.95999908447266,100.97000122070312,65348600
2014-12-17,93.06980895996094,101.80000305175781,102.08999633789062,99.91999816894531,100.05000305175781,79715300
2014-12-18,95.3096923828125,104.25,104.26000213623047,102.9800033569336,103.26000213623047,49840900
2014-12-19,95.72908020019531,104.31999969482422,104.73999786376953,103.70999908447266,103.97000122070312,51419900
2014-12-22,95.96766662597656,104.58000183105469,104.61000061035156,104.0999984741211,104.1500015258789,33869200
2014-12-23,95.62811279296875,104.20999908447266,104.97000122070312,104.08999633789062,104.95999908447266,30156900
2014-12-24,95.71072387695312,104.30000305175781,104.69999694824219,104.2699966430664,104.33999633789062,14291300
2014-12-26,96.38975524902344,105.04000091552734,105.26000213623047,104.56999969482422,104.5999984741211,13924300
2014-12-29,96.37139892578125,105.0199966430664,105.25,104.87999725341797,104.94000244140625,17073800
2014-12-30,95.72908020019531,104.31999969482422,104.95999908447266,104.18000030517578,104.72000122070312,18604000
2014-12-31,94.74718475341797,103.25,104.91000366210938,103.0999984741211,104.5,24367100
2015-01-02,94.46272277832031,102.94000244140625,104.19999694824219,102.44000244140625,103.76000213623047,31314600
2015-01-05,93.07708740234375,101.43000030517578,102.61000061035156,101.13999938964844,102.48999786376953,36521300
2015-01-06,91.82905578613281,100.06999969482422,101.75,99.62000274658203,101.58000183105469,66205500
2015-01-07,93.01284790039062,101.36000061035156,101.5999984741211,100.48999786376953,100.7300033569336,37577400
2015-01-08,94.7930908203125,103.30000305175781,103.5,102.11000061035156,102.22000122070312,40212600
2015-01-09,94.1690673828125,102.62000274658203,103.6500015258789,102.0199966430664,103.62000274658203,41410100
2015-01-12,93.18718719482422,101.55000305175781,102.93000030517578,101.29000091552734,102.81999969482422,34129800
2015-01-13,93.15966796875,101.5199966430664,103.62000274658203,100.69999694824219,102.54000091552734,56162300
2015-01-14,92.64579772949219,100.95999908447266,101.4800033569336,100.06999969482422,100.5,51354200
2015-01-15,91.44367218017578,99.6500015258789,101.58999633789062,99.52999877929688,101.43000030517578,51005400
2015-01-16,92.5173110961914,100.81999969482422,100.94999694824219,99.36000061035156,99.5199966430664,35362200
2015-01-20,93.25141143798828,101.62000274658203,101.87999725341797,100.29000091552734,101.43000030517578,30964100
2015-01-21,93.72858428955078,102.13999938964844,102.62000274658203,100.95999908447266,101.31999969482422,40128800
2015-01-22,95.46293640136719,104.02999877929688,104.13999938964844,101.63999938964844,102.54000091552734,40887200
2015-01-23,95.67401123046875,104.26000213623047,104.58000183105469,103.72000122070312,104.0199966430664,34783000
2015-01-26,95.5638656616211,104.13999938964844,104.33000183105469,103.61000061035156,104.13999938964844,19960900
2015-01-27,93.08623504638672,101.44000244140625,102.55999755859375,101.0999984741211,102.5,45253200
2015-01-28,92.60906219482422,100.91999816894531,103.18000030517578,100.9000015258789,103.06999969482422,43591700
2015-01-29,93.49917602539062,101.88999938964844,102.08000183105469,99.95999908447266,100.83999633789062,46539700
2015-01-30,92.77423858642578,101.0999984741211,102.58000183105469,100.95999908447266,101.80000305175781,42927600
2015-02-02,93.58174133300781,101.9800033569336,102.06999969482422,99.75,101.33000183105469,43624700
2015-02-03,94.48107147216797,102.95999908447266,103.02999877929688,101.68000030517578,102.3499984741211,30750400
2015-02-04,94.39845275878906,102.87000274658203,103.55000305175781,102.30999755859375,102.54000091552734,34073200
2015-02-05,95.21519470214844,103.76000213623047,103.83000183105469,102.87000274658203,103.12999725341797,23605500
2015-02-06,94.6370620727539,103.12999725341797,104.16999816894531,102.76000213623047,103.91999816894531,34169300
2015-02-09,94.33425903320312,102.80000305175781,103.29000091552734,102.55000305175781,102.7300033569336,22604700
2015-02-10,95.80250549316406,104.4000015258789,104.54000091552734,103.20999908447266,103.37000274658203,23686500
2015-02-11,96.15119171142578,104.77999877929688,105.0199966430664,104.31999969482422,104.5199966430664,20303600
2015-02-12,97.27069854736328,106.0,106.04000091552734,105.30000305175781,105.45999908447266,22520300
2015-02-13,98.1058120727539,106.91000366210938,106.93000030517578,106.0999984741211,106.30000305175781,29030200
2015-02-17,98.19754791259766,107.01000213623047,107.08000183105469,106.63999938964844,106.91000366210938,17675300
2015-02-18,98.33518981933594,107.16000366210938,107.22000122070312,106.73999786376953,106.87999725341797,15149600
2015-02-19,98.82156372070312,107.69000244140625,107.76000213623047,107.05999755859375,107.08999633789062,19828100
2015-02-20,99.48223876953125,108.41000366210938,108.47000122070312,107.27999877929688,107.62000274658203,28336700
2015-02-23,99.58319091796875,108.5199966430664,108.55000305175781,108.11000061035156,108.3499984741211,17868000
2015-02-24,99.6565933227539,108.5999984741211,108.7300033569336,108.05000305175781,108.37999725341797,19745000
2015-02-25,99.4088363647461,108.33000183105469,108.86000061035156,108.08999633789062,108.44000244140625,19472300
2015-02-26,99.91353607177734,108.87999725341797,108.94000244140625,108.13999938964844,108.44000244140625,22255500
2015-02-27,99.47307586669922,108.4000015258789,108.91000366210938,108.2300033569336,108.83999633789062,27757600
2015-03-02,100.37236022949219,109.37999725341797,109.41999816894531,108.58999633789062,108.61000061035156,22988600
2015-03-03,99.90435028076172,108.87000274658203,109.16000366210938,108.18000030517578,109.05000305175781,20788900
2015-03-04,99.51896667480469,108.44999694824219,108.66999816894531,107.86000061035156,108.51000213623047,21007400
2015-03-05,99.69329071044922,108.63999938964844,108.97000122070312,108.19000244140625,108.7300033569336,15381000
2015-03-06,98.56460571289062,107.41000366210938,108.70999908447266,107.13999938964844,108.5,30990400
2015-03-09,98.84908294677734,107.72000122070312,107.98999786376953,107.19000244140625,107.62999725341797,26237100
2015-03-10,97.01375579833984,105.72000122070312,106.9800033569336,105.72000122070312,106.94999694824219,34234500
2015-03-11,96.45401000976562,105.11000061035156,106.01000213623047,105.06999969482422,105.87999725341797,25459700
2015-03-12,97.0871810913086,105.80000305175781,105.91999816894531,104.95999908447266,105.02999877929688,21473200
2015-03-13,96.66507720947266,105.33999633789062,106.12000274658203,104.68000030517578,105.69999694824219,42021100
2015-03-16,97.91305541992188,106.69999694824219,106.73999786376953,105.62000274658203,105.7300033569336,25674100
2015-03-17,98.06907653808594,106.87000274658203,107.04000091552734,106.16000366210938,106.41000366210938,19603800
2015-03-18,99.0325927734375,107.91999816894531,108.41000366210938,106.02999877929688,106.58000183105469,40622200
2015-03-19,99.17941284179688,108.08000183105469,108.37999725341797,107.87000274658203,108.02999877929688,31314000
2015-03-20,99.82141876220703,108.52999877929688,109.06999969482422,108.51000213623047,108.72000122070312,31761400
2015-03-23,99.62825775146484,108.31999969482422,108.7699966430664,108.27999877929688,108.47000122070312,17268500
2015-03-24,99.26959228515625,107.93000030517578,108.80999755859375,107.91000366210938,108.30999755859375,22445300
2015-03-25,96.99776458740234,105.45999908447266,108.19999694824219,105.41999816894531,108.0999984741211,41581400
2015-03-26,96.66667175292969,105.0999984741211,105.69999694824219,104.23999786376953,104.58999633789062,47846300
2015-03-27,97.0529556274414,105.5199966430664,105.7699966430664,104.91999816894531,105.08000183105469,33878400
2015-03-30,98.16586303710938,106.7300033569336,106.81999969482422,106.16000366210938,106.16000366210938,30570200
2015-03-31,97.12653350830078,105.5999984741211,106.6500015258789,105.56999969482422,106.43000030517578,30488100
2015-04-01,96.62065887451172,105.05000305175781,105.62000274658203,104.37000274658203,105.5999984741211,32970500
2015-04-02,96.68504333496094,105.12000274658203,105.45999908447266,104.77999877929688,105.1500015258789,19164200
2015-04-06,97.47602844238281,105.9800033569336,106.2699966430664,104.33999633789062,104.5,24451100
2015-04-07,97.31048583984375,105.80000305175781,106.69999694824219,105.80000305175781,105.91999816894531,19379400
2015-04-08,98.08307647705078,106.63999938964844,106.79000091552734,105.83000183105469,105.83999633789062,25866900
2015-04-09,98.69931030273438,107.30999755859375,107.3499984741211,106.2300033569336,106.58999633789062,23114700
2015-04-10,99.10401153564453,107.75,107.76000213623047,107.02999877929688,107.2699966430664,17164300
2015-04-13,98.85565948486328,107.4800033569336,108.37999725341797,107.36000061035156,107.83000183105469,17783500
2015-04-14,98.57056427001953,107.16999816894531,107.68000030517578,106.55999755859375,107.37000274658203,23755700
2015-04-15,99.18678283691406,107.83999633789062,108.06999969482422,107.31999969482422,107.44999694824219,21128600
2015-04-16,99.04882049560547,107.69000244140625,107.87999725341797,107.4000015258789,107.55000305175781,16195300
2015-04-17,97.50361633300781,106.01000213623047,106.94999694824219,105.55000305175781,106.66000366210938,46514000
2015-04-20,98.96604919433594,107.5999984741211,107.79000091552734,106.5,106.54000091552734,28945900
2015-04-21,99.38915252685547,108.05999755859375,108.41000366210938,107.93000030517578,108.22000122070312,22759800
2015-04-22,99.93181610107422,108.6500015258789,108.83000183105469,107.63999938964844,108.33999633789062,21429200
2015-04-23,100.30886840820312,109.05999755859375,109.55000305175781,108.26000213623047,108.27999877929688,29473200
2015-04-24,101.67013549804688,110.54000091552734,110.69000244140625,110.02999877929688,110.20999908447266,32508100
2015-04-27,101.41259765625,110.26000213623047,111.16000366210938,110.0199966430664,110.94999694824219,31121300
2015-04-28,101.21024322509766,110.04000091552734,110.55000305175781,109.11000061035156,110.33999633789062,36849200
2015-04-29,100.57564544677734,109.3499984741211,110.06999969482422,108.75,109.43000030517578,34043900
2015-04-30,98.99363708496094,107.62999725341797,109.16999816894531,107.05999755859375,108.7300033569336,44080500
2015-05-01,100.29967498779297,109.05000305175781,109.12000274658203,108.02999877929688,108.05000305175781,32874300
2015-05-04,100.46526336669922,109.2300033569336,109.91000366210938,109.16999816894531,109.4000015258789,23507300
2015-05-05,98.82805633544922,107.44999694824219,109.0,107.4000015258789,108.80000305175781,47843300
2015-05-06,98.14746856689453,106.70999908447266,107.94999694824219,106.0,107.63999938964844,42687200
2015-05-07,98.73609924316406,107.3499984741211,107.6500015258789,106.5999984741211,106.68000030517578,29335800
2015-05-08,99.96858215332031,108.69000244140625,108.91999816894531,108.30000305175781,108.45999908447266,33023300
2015-05-11,99.582275390625,108.2699966430664,108.9800033569336,108.19000244140625,108.76000213623047,19679300
2015-05-12,99.13160705566406,107.77999877929688,108.33000183105469,106.80000305175781,107.62999725341797,33665000
2015-05-13,99.33393859863281,108.0,108.80999755859375,107.83999633789062,108.25,20738400
2015-05-14,100.78715515136719,109.58000183105469,109.66999816894531,108.4800033569336,108.87999725341797,23904200
2015-05-15,100.78715515136719,109.58000183105469,110.01000213623047,109.30999755859375,109.86000061035156,23937400
2015-05-18,101.2286376953125,110.05999755859375,110.27999877929688,109.31999969482422,109.4000015258789,17631100
2015-05-19,101.11829376220703,109.94000244140625,110.3499984741211,109.76000213623047,110.18000030517578,14212900
2015-05-20,101.18265533447266,110.01000213623047,110.66999816894531,109.43000030517578,110.0199966430664,21131900
2015-05-21,101.7069320678711,110.58000183105469,110.7300033569336,109.66000366210938,109.81999969482422,16771800
2015-05-22,101.60575866699219,110.47000122070312,110.87000274658203,110.37999725341797,110.44999694824219,13543800
2015-05-26,100.43766784667969,109.19999694824219,110.37999725341797,108.76000213623047,110.2300033569336,25488400
2015-05-27,102.05644989013672,110.95999908447266,111.08000183105469,109.29000091552734,109.52999877929688,30572700
2015-05-28,101.82650756835938,110.70999908447266,111.01000213623047,110.37000274658203,110.75,17302400
2015-05-29,101.21946716308594,110.05000305175781,110.79000091552734,109.79000091552734,110.63999938964844,30383000
2015-06-01,101.55976104736328,110.41999816894531,110.72000122070312,109.5199966430664,110.63999938964844,24570200
2015-06-02,101.23784637451172,110.06999969482422,110.61000061035156,109.47000122070312,110.01000213623047,19449600
2015-06-03,101.54136657714844,110.4000015258789,110.80999755859375,110.12999725341797,110.56999969482422,20507200
2015-06-04,100.76876831054688,109.55999755859375,110.4800033569336,109.20999908447266,109.77999877929688,31374600
2015-06-05,100.52964782714844,109.30000305175781,109.69000244140625,108.62999725341797,109.43000030517578,22641700
2015-06-08,99.50870513916016,108.19000244140625,109.33000183105469,107.97000122070312,109.25,24549200
2015-06-09,99.3431625366211,108.01000213623047,108.4000015258789,107.19999694824219,107.93000030517578,27554600
2015-06-10,100.70439147949219,109.48999786376953,109.80999755859375,108.26000213623047,108.37999725341797,30297900
2015-06-11,100.8515625,109.6500015258789,110.1500015258789,109.45999908447266,109.86000061035156,17593500
2015-06-12,100.02376556396484,108.75,109.30000305175781,108.5999984741211,109.06999969482422,27201800
2015-06-15,99.52709197998047,108.20999908447266,108.37999725341797,107.30999755859375,107.94000244140625,31238800
2015-06-16,100.06978607177734,108.80000305175781,108.9800033569336,108.05000305175781,108.0999984741211,16456900
2015-06-17,100.34569549560547,109.0999984741211,109.44999694824219,108.43000030517578,108.9800033569336,23296700
2015-06-18,101.80814361572266,110.69000244140625,110.87999725341797,109.44000244140625,109.5,43032400
2015-06-19,101.30474853515625,109.88999938964844,110.58000183105469,109.80999755859375,110.48999786376953,27877600
2015-06-22,102.05147552490234,110.69999694824219,111.02999877929688,110.44999694824219,110.69999694824219,19120900
2015-06-23,102.13444519042969,110.79000091552734,110.88999938964844,110.33000183105469,110.81999969482422,18127900
2015-06-24,101.6089859008789,110.22000122070312,111.12999725341797,110.19000244140625,110.66000366210938,15815900
2015-06-25,101.40617370605469,110.0,110.76000213623047,109.81999969482422,110.6500015258789,18326700
2015-06-26,100.73320007324219,109.2699966430664,110.2300033569336,108.86000061035156,109.9800033569336,32311700
2015-06-29,98.35472869873047,106.69000244140625,108.66000366210938,106.63999938964844,108.05999755859375,50874900
2015-06-30,98.7051010131836,107.06999969482422,107.72000122070312,106.73999786376953,107.48999786376953,34809900
2015-07-01,99.48867797851562,107.91999816894531,108.3499984741211,107.41999816894531,108.12999725341797,21293000
2015-07-02,99.51628875732422,107.94999694824219,108.31999969482422,107.62000274658203,108.2300033569336,20499400
2015-07-06,99.28585815429688,107.69999694824219,108.31999969482422,107.04000091552734,107.2699966430664,24311000
2015-07-07,99.5347671508789,107.97000122070312,108.06999969482422,105.83000183105469,107.81999969482422,44230800
2015-07-08,97.80162811279297,106.08999633789062,107.33000183105469,105.88999938964844,107.19999694824219,39691500
2015-07-09,97.7463150024414,106.02999877929688,107.5999984741211,106.0199966430664,107.5,28381000
2015-07-10,99.23976135253906,107.6500015258789,108.05000305175781,107.05000305175781,107.44000244140625,26415800
2015-07-13,100.98209381103516,109.54000091552734,109.62999725341797,108.56999969482422,108.58000183105469,25780700
2015-07-14,101.6458740234375,110.26000213623047,110.55999755859375,109.62999725341797,109.69000244140625,21977200
2015-07-15,101.75647735595703,110.37999725341797,110.80999755859375,110.06999969482422,110.47000122070312,28631500
2015-07-16,103.19459533691406,111.94000244140625,111.95999908447266,111.06999969482422,111.29000091552734,29838900
2015-07-17,104.71570587158203,113.58999633789062,113.58999633789062,112.6500015258789,112.83999633789062,35926800
2015-07-20,105.07523345947266,113.9800033569336,114.38999938964844,113.4800033569336,113.83000183105469,26539000
2015-07-21,105.01068878173828,113.91000366210938,114.19999694824219,113.58000183105469,114.0199966430664,35468900
2015-07-22,103.82147216796875,112.62000274658203,113.16999816894531,112.16999816894531,112.16999816894531,35575000
2015-07-23,103.43426513671875,112.19999694824219,113.0999984741211,111.91000366210938,112.7300033569336,25698300
2015-07-24,102.42023468017578,111.0999984741211,113.0,110.93000030517578,112.80000305175781,30844700
2015-07-27,101.5721206665039,110.18000030517578,110.94999694824219,109.94000244140625,110.47000122070312,35994800
2015-07-28,102.4478530883789,111.12999725341797,111.3499984741211,109.79000091552734,110.66999816894531,33553500
2015-07-29,102.83507537841797,111.55000305175781,111.79000091552734,110.94000244140625,111.37000274658203,26714100
2015-07-30,103.32365417480469,112.08000183105469,112.2699966430664,110.62000274658203,111.29000091552734,25438100
2015-07-31,103.20382690429688,111.94999694824219,112.48999786376953,111.72000122070312,112.43000030517578,22081700
2015-08-03,102.88114166259766,111.5999984741211,112.27999877929688,110.86000061035156,111.97000122070312,25001800
2015-08-04,102.68756103515625,111.38999938964844,111.75,110.93000030517578,111.55000305175781,22132300
2015-08-05,103.4803695678711,112.25,113.0,111.87999725341797,112.01000213623047,28989900
2015-08-06,101.82101440429688,110.44999694824219,112.5,109.94999694824219,112.3499984741211,42125400
2015-08-07,101.69194030761719,110.30999755859375,110.56999969482422,109.4000015258789,110.18000030517578,30006800
2015-08-10,102.85350799560547,111.56999969482422,111.80999755859375,111.0,111.01000213623047,21500800
2015-08-11,101.53521728515625,110.13999938964844,111.41000366210938,109.52999877929688,110.9800033569336,36123300
2015-08-12,101.8855209350586,110.5199966430664,110.73999786376953,108.22000122070312,109.37999725341797,41889000
2015-08-13,101.71958923339844,110.33999633789062,111.16000366210938,110.0999984741211,110.62999725341797,22510500
2015-08-14,101.87630462646484,110.51000213623047,110.66999816894531,109.86000061035156,110.08000183105469,17924900
2015-08-17,102.72443389892578,111.43000030517578,111.45999908447266,109.95999908447266,110.23999786376953,21224900
2015-08-18,102.19895935058594,110.86000061035156,111.37000274658203,110.70999908447266,111.27999877929688,13984400
2015-08-19,101.5260238647461,110.12999725341797,111.11000061035156,109.48999786376953,110.5199966430664,42511400
2015-08-20,98.71429443359375,107.08000183105469,109.45999908447266,107.06999969482422,109.11000061035156,57747300
2015-08-21,94.39993286132812,102.4000015258789,106.47000122070312,102.4000015258789,105.56999969482422,97763400
2015-08-24,90.76775360107422,98.45999908447266,102.52999877929688,84.73999786376953,94.2300033569336,150829900
2015-08-25,90.4266586303711,98.08999633789062,102.73999786376953,98.01000213623047,102.06999969482422,75088300
2015-08-26,94.98069763183594,103.02999877929688,103.2300033569336,98.93000030517578,100.95999908447266,104103800
2015-08-27,97.38677978515625,105.63999938964844,105.70999908447266,103.27999877929688,104.5199966430664,69377700
2015-08-28,97.36837005615234,105.62000274658203,106.0,104.8499984741211,105.08000183105469,49919600
2015-08-31,96.16069030761719,104.30999755859375,105.61000061035156,104.05000305175781,105.02999877929688,39549400
2015-09-01,93.15538787841797,101.05000305175781,103.29000091552734,100.62999725341797,101.70999908447266,73155500
2015-09-02,95.78271484375,103.9000015258789,103.91999816894531,101.69999694824219,102.87999725341797,43963600
2015-09-03,95.31259155273438,103.38999938964844,105.0199966430664,103.0999984741211,104.30999755859375,45131800
2015-09-04,94.17869567871094,102.16000366210938,102.8499984741211,101.58999633789062,101.97000122070312,49379600
2015-09-08,96.83364868164062,105.04000091552734,105.16999816894531,103.69000244140625,104.12000274658203,37343500
2015-09-09,95.74585723876953,103.86000061035156,106.30999755859375,103.58999633789062,106.27999877929688,47146700
2015-09-10,96.78755950927734,104.98999786376953,105.68000030517578,103.62000274658203,103.73999786376953,47686700
2015-09-11,97.322265625,105.56999969482422,105.56999969482422,104.20999908447266,104.51000213623047,29106100
2015-09-14,97.02726745605469,105.25,105.9800033569336,104.8499984741211,105.95999908447266,19718800
2015-09-15,98.1703872680664,106.48999786376953,106.81999969482422,105.11000061035156,105.5,30020200
2015-09-16,98.72350311279297,107.08999633789062,107.19000244140625,106.13999938964844,106.51000213623047,31329100
2015-09-17,98.76039123535156,107.12999725341797,108.7300033569336,106.63999938964844,106.9800033569336,56139800
2015-09-18,97.35572052001953,105.3499984741211,106.5999984741211,105.16999816894531,105.2300033569336,48384000
2015-09-21,97.66067504882812,105.68000030517578,106.55000305175781,104.7300033569336,105.93000030517578,35772600
2015-09-22,96.20057678222656,104.0999984741211,104.41999816894531,103.12999725341797,104.05999755859375,47359700
2015-09-23,96.2745132446289,104.18000030517578,104.66000366210938,103.63999938964844,104.37999725341797,21775100
2015-09-24,95.9233627319336,103.80000305175781,104.19000244140625,102.2699966430664,103.16999816894531,38284300
2015-09-25,95.1101303100586,102.91999816894531,105.01000213623047,102.27999877929688,104.91000366210938,44700000
2015-09-28,92.40245056152344,99.98999786376953,102.55000305175781,99.69000244140625,102.4800033569336,44077500
2015-09-29,91.92195892333984,99.47000122070312,101.26000213623047,98.75,100.23999786376953,49315500
2015-09-30,94.03812408447266,101.76000213623047,101.87000274658203,100.5,100.88999938964844,41411400
2015-10-01,94.46324920654297,102.22000122070312,102.2300033569336,100.58999633789062,101.94000244140625,39339100
2015-10-02,96.11742401123047,104.01000213623047,104.01000213623047,100.4800033569336,100.80000305175781,59370900
2015-10-05,97.4943618774414,105.5,105.77999877929688,104.55000305175781,104.77999877929688,32853500
2015-10-06,97.03227996826172,105.0,105.5999984741211,104.18000030517578,105.25,33051500
2015-10-07,97.61448669433594,105.62999725341797,105.86000061035156,104.29000091552734,105.66000366210938,37389300
2015-10-08,98.00261688232422,106.05000305175781,106.2300033569336,104.20999908447266,105.2300033569336,50188900
2015-10-09,98.44617462158203,106.52999877929688,106.7300033569336,105.80999755859375,106.0999984741211,23916200
2015-10-12,98.68646240234375,106.79000091552734,106.98999786376953,106.3499984741211,106.7300033569336,16162000
2015-10-13,98.048828125,106.0999984741211,107.26000213623047,106.0,106.18000030517578,26999600
2015-10-14,97.8917236328125,105.93000030517578,106.62999725341797,105.48999786376953,106.0999984741211,30902600
2015-10-15,99.49968719482422,107.66999816894531,107.68000030517578,106.18000030517578,106.31999969482422,38393800
2015-10-16,99.91552734375,108.12000274658203,108.18000030517578,107.37999725341797,107.9000015258789,27091100
2015-10-19,100.48846435546875,108.73999786376953,108.80999755859375,107.73999786376953,107.9800033569336,23776300
2015-10-20,99.9709701538086,108.18000030517578,108.77999877929688,107.80999755859375,108.55000305175781,23404700
2015-10-21,99.36105346679688,107.5199966430664,108.83999633789062,107.4800033569336,108.7300033569336,30195200
2015-10-22,101.38487243652344,109.70999908447266,109.80000305175781,108.16999816894531,108.4800033569336,42778700
2015-10-23,104.22190856933594,112.77999877929688,113.23999786376953,112.06999969482422,112.66000366210938,53170900
2015-10-26,104.28659057617188,112.8499984741211,113.06999969482422,112.2699966430664,112.69999694824219,25918000
2015-10-27,104.4991455078125,113.08000183105469,113.23999786376953,112.5199966430664,112.55000305175781,31390500
2015-10-28,105.36782836914062,114.0199966430664,114.0199966430664,112.33999633789062,113.25,42221900
2015-10-29,105.20148468017578,113.83999633789062,114.02999877929688,113.37999725341797,113.5,24913300
2015-10-30,104.73021697998047,113.33000183105469,114.08000183105469,113.30000305175781,113.88999938964844,27199200
2015-11-02,105.9130630493164,114.61000061035156,114.75,113.38999938964844,113.62999725341797,22176900
2015-11-03,106.28270721435547,115.01000213623047,115.41999816894531,114.20999908447266,114.37999725341797,20418400
2015-11-04,106.29194641113281,115.0199966430664,115.47000122070312,114.54000091552734,115.38999938964844,28633000
2015-11-05,106.00547790527344,114.70999908447266,115.4000015258789,114.11000061035156,115.12000274658203,25004100
2015-11-06,106.07939910888672,114.79000091552734,114.91999816894531,113.76000213623047,114.48999786376953,29924900
2015-11-09,104.95198822021484,113.56999969482422,114.51000213623047,112.87000274658203,114.36000061035156,33479800
2015-11-10,104.68400573730469,113.27999877929688,113.38999938964844,112.62999725341797,112.97000122070312,35452100
2015-11-11,104.55461120605469,113.13999938964844,114.13999938964844,112.94999694824219,113.58999633789062,22748800
2015-11-12,103.53807067871094,112.04000091552734,113.2300033569336,111.95999908447266,112.68000030517578,31196900
2015-11-13,101.5050048828125,109.83999633789062,111.69000244140625,109.77999877929688,111.56999969482422,52836000
2015-11-16,102.96512603759766,111.41999816894531,111.44000244140625,109.4800033569336,109.7300033569336,33980600
2015-11-17,103.02979278564453,111.48999786376953,112.29000091552734,111.20999908447266,111.61000061035156,30579500
2015-11-18,105.00741577148438,113.62999725341797,113.73999786376953,111.83000183105469,111.94000244140625,32966500
2015-11-19,105.08133697509766,113.70999908447266,114.2300033569336,113.48999786376953,113.69000244140625,26188100
2015-11-20,105.79292297363281,114.4800033569336,114.56999969482422,114.13999938964844,114.25,22727600
2015-11-23,105.48795318603516,114.1500015258789,114.94000244140625,113.66000366210938,114.5199966430664,20696200
2015-11-24,105.3955307006836,114.05000305175781,114.31999969482422,112.83999633789062,113.41000366210938,26374400
2015-11-25,105.48795318603516,114.1500015258789,114.36000061035156,113.91000366210938,114.22000122070312,14159900
2015-11-27,105.63581848144531,114.30999755859375,114.54000091552734,113.91999816894531,114.4000015258789,8828000
2015-11-30,105.36782836914062,114.0199966430664,114.6500015258789,113.6500015258789,114.6500015258789,25041600
2015-12-01,106.42132568359375,115.16000366210938,115.16000366210938,114.33999633789062,114.4800033569336,28639400
2015-12-02,105.76519012451172,114.44999694824219,115.75,114.27999877929688,115.25,22395500
2015-12-03,103.97241973876953,112.51000213623047,114.95999908447266,111.83999633789062,114.76000213623047,42754300
2015-12-04,106.40283203125,115.13999938964844,115.33000183105469,112.62000274658203,112.8499984741211,40037300
2015-12-07,105.92231750488281,114.62000274658203,115.29000091552734,114.06999969482422,115.22000122070312,25892100
2015-12-08,105.93152618408203,114.62999725341797,115.0,113.37999725341797,113.41999816894531,30792600
2015-12-09,104.32357788085938,112.88999938964844,114.76000213623047,112.19999694824219,114.12999725341797,48509200
2015-12-10,104.79484558105469,113.4000015258789,114.16000366210938,112.80999755859375,113.1500015258789,30154600
2015-12-11,102.38292694091797,110.79000091552734,112.38999938964844,110.72000122070312,112.08999633789062,56022200
2015-12-14,103.15918731689453,111.62999725341797,111.68000030517578,109.37999725341797,110.94000244140625,53098500
2015-12-15,103.7875747680664,112.30999755859375,113.27999877929688,112.16999816894531,112.66000366210938,48428000
2015-12-16,105.33087158203125,113.9800033569336,114.16999816894531,111.88999938964844,113.06999969482422,44944100
2015-12-17,103.79681396484375,112.31999969482422,114.4800033569336,112.30000305175781,114.4800033569336,45668800
2015-12-18,101.80575561523438,109.83000183105469,111.87999725341797,109.83000183105469,111.62999725341797,53746100
2015-12-21,102.9366226196289,111.05000305175781,111.06999969482422,110.05000305175781,110.87000274658203,26432800
2015-12-22,103.61329650878906,111.77999877929688,111.94000244140625,111.05000305175781,111.63999938964844,26540300
2015-12-23,104.38265991210938,112.61000061035156,112.69000244140625,112.16000366210938,112.36000061035156,25656900
2015-12-24,104.36409759521484,112.58999633789062,112.9000015258789,112.54000091552734,112.61000061035156,11468600
2015-12-28,104.30848693847656,112.52999877929688,112.55000305175781,111.51000213623047,112.31999969482422,19183600
2015-12-29,105.94920349121094,114.30000305175781,114.55000305175781,113.12999725341797,113.19999694824219,27725700
2015-12-30,104.99443817138672,113.2699966430664,114.23999786376953,113.25,114.19999694824219,19520100
2015-12-31,103.68744659423828,111.86000061035156,113.08000183105469,111.83999633789062,112.87000274658203,29886800
2016-01-04,101.49986267089844,109.5,109.5999984741211,108.12000274658203,109.44999694824219,50807600
2016-01-05,101.3237533569336,109.30999755859375,110.18000030517578,108.80000305175781,110.04000091552734,38795200
2016-01-06,100.3504638671875,108.26000213623047,108.88999938964844,107.41000366210938,107.41000366210938,41891100
2016-01-07,97.20814514160156,104.87000274658203,107.29000091552734,104.80999755859375,105.94999694824219,61386300
2016-01-08,96.41096496582031,104.01000213623047,106.29000091552734,103.9000015258789,105.62999725341797,69344000
2016-01-11,96.70759582519531,104.33000183105469,105.05999755859375,102.7300033569336,104.75,50024100
2016-01-12,97.82918548583984,105.54000091552734,106.08000183105469,104.08000183105469,105.33000183105469,46734200
2016-01-13,94.45512390136719,101.9000015258789,106.2300033569336,101.73999786376953,105.97000122070312,69870700
2016-01-14,96.46659088134766,104.06999969482422,104.9800033569336,100.66999816894531,102.30000305175781,78445700
2016-01-15,93.47258758544922,100.83999633789062,101.94000244140625,99.51000213623047,100.62000274658203,91443900
2016-01-19,93.67649841308594,101.05999755859375,102.37000274658203,99.87999725341797,102.20999908447266,56563800
2016-01-20,93.3891372680664,100.75,101.83000183105469,97.25,99.47000122070312,86675000
2016-01-21,93.48182678222656,100.8499984741211,102.3499984741211,99.81999969482422,101.18000030517578,61660100
2016-01-22,96.18852233886719,103.7699966430664,103.80999755859375,102.52999877929688,102.87999725341797,42229800
2016-01-25,94.76101684570312,102.2300033569336,103.98999786376953,102.13999938964844,103.4000015258789,38881500
2016-01-26,95.61380767822266,103.1500015258789,103.58999633789062,101.76000213623047,102.66000366210938,36143900
2016-01-27,93.2315673828125,100.58000183105469,102.98999786376953,100.1500015258789,102.55000305175781,54524700
2016-01-28,94.54780578613281,102.0,102.29000091552734,100.26000213623047,102.25,47641500
2016-01-29,96.5221939086914,104.12999725341797,104.16999816894531,101.94000244140625,101.97000122070312,54245100
2016-02-01,96.78175354003906,104.41000366210938,104.80000305175781,103.2300033569336,103.62999725341797,32750300
2016-02-02,94.6868667602539,102.1500015258789,103.97000122070312,101.83999633789062,103.93000030517578,44928100
2016-02-03,94.23267364501953,101.66000366210938,102.83000183105469,99.87999725341797,102.83000183105469,61572900
2016-02-04,94.22338104248047,101.6500015258789,102.45999908447266,100.44000244140625,101.38999938964844,49321600
2016-02-05,90.95128631591797,98.12000274658203,101.33000183105469,97.72000122070312,101.29000091552734,70749900
2016-02-08,89.56088256835938,96.62000274658203,97.05000305175781,94.83999633789062,96.29000091552734,91673100
2016-02-09,89.28280639648438,96.31999969482422,97.77999877929688,95.18000030517578,95.33000183105469,73778400
2016-02-10,89.62576293945312,96.69000244140625,98.69000244140625,96.62000274658203,97.43000030517578,59421700
2016-02-11,89.49598693847656,96.55000305175781,97.31999969482422,95.19000244140625,95.45999908447266,76839200
2016-02-12,90.85858154296875,98.0199966430664,98.12000274658203,96.7300033569336,97.63999938964844,49186500
2016-02-16,92.90714263916016,100.2300033569336,100.2300033569336,98.8499984741211,99.47000122070312,40565900
2016-02-17,95.01129150390625,102.5,102.63999938964844,100.69999694824219,100.95999908447266,41766500
2016-02-18,93.9267807006836,101.33000183105469,102.83999633789062,101.19999694824219,102.81999969482422,38991500
2016-02-19,94.20487213134766,101.62999725341797,101.94000244140625,100.62000274658203,100.83999633789062,28257900
2016-02-22,95.7342758178711,103.27999877929688,103.37999725341797,102.4800033569336,102.58000183105469,23979100
2016-02-23,94.15849304199219,101.58000183105469,102.95999908447266,101.51000213623047,102.68000030517578,29869700
2016-02-24,95.05767059326172,102.55000305175781,102.68000030517578,99.7699966430664,100.38999938964844,40739100
2016-02-25,95.99383544921875,103.55999755859375,103.55999755859375,101.83999633789062,102.76000213623047,29389300
2016-02-26,95.87335205078125,103.43000030517578,104.37000274658203,103.18000030517578,104.3499984741211,30925000
2016-02-29,95.01129150390625,102.5,104.0999984741211,102.5,103.33000183105469,27553900
2016-03-01,98.06094360351562,105.79000091552734,105.79000091552734,103.16000366210938,103.4800033569336,37699800
2016-03-02,98.09797668457031,105.83000183105469,105.8499984741211,105.01000213623047,105.66000366210938,29209800
2016-03-03,97.91261291503906,105.62999725341797,105.75,104.87000274658203,105.72000122070312,25474600
2016-03-04,97.94966888427734,105.66999816894531,106.3499984741211,104.97000122070312,105.75,31655400
2016-03-07,97.34718322753906,105.0199966430664,105.73999786376953,104.2699966430664,105.12999725341797,25861200
2016-03-08,96.54074096679688,104.1500015258789,105.20999908447266,103.97000122070312,104.30000305175781,28898500
2016-03-09,97.16181182861328,104.81999969482422,104.83999633789062,103.95999908447266,104.54000091552734,31047400
2016-03-10,97.01345825195312,104.66000366210938,105.86000061035156,103.30999755859375,105.26000213623047,44236100
2016-03-11,98.70977783203125,106.48999786376953,106.48999786376953,105.45999908447266,105.79000091552734,31454000
2016-03-14,98.87661743164062,106.66999816894531,106.91999816894531,106.05999755859375,106.08999633789062,25374900
2016-03-15,98.83953857421875,106.62999725341797,106.75,105.94999694824219,106.29000091552734,26524600
2016-03-16,99.72012329101562,107.58000183105469,107.86000061035156,106.33999633789062,106.37000274658203,31693100
2016-03-17,99.66453552246094,107.5199966430664,107.7699966430664,106.87000274658203,107.2699966430664,29623700
2016-03-18,99.82069396972656,107.37000274658203,107.63999938964844,106.80000305175781,107.45999908447266,37682300
2016-03-21,100.2111587524414,107.79000091552734,107.88999938964844,107.12000274658203,107.18000030517578,17288600
2016-03-22,100.51799011230469,108.12000274658203,108.37000274658203,107.16000366210938,107.18000030517578,18840300
2016-03-23,99.69055938720703,107.2300033569336,107.98999786376953,106.98999786376953,107.91000366210938,20912900
2016-03-24,99.71846771240234,107.26000213623047,107.29000091552734,106.52999877929688,106.70999908447266,19017300
2016-03-28,99.57899475097656,107.11000061035156,107.58000183105469,106.91999816894531,107.55999755859375,13892300
2016-03-29,101.17805480957031,108.83000183105469,108.9000015258789,106.7300033569336,106.91000366210938,29963900
2016-03-30,101.67080688476562,109.36000061035156,110.04000091552734,109.12999725341797,109.4800033569336,23807200
2016-03-31,101.52203369140625,109.19999694824219,109.69000244140625,109.02999877929688,109.27999877929688,21447200
2016-04-01,102.6004867553711,110.36000061035156,110.4000015258789,108.38999938964844,108.54000091552734,26389000
2016-04-04,102.21002960205078,109.94000244140625,110.44000244140625,109.68000030517578,110.36000061035156,17163000
2016-04-05,101.22454833984375,108.87999725341797,109.5,108.73999786376953,109.08999633789062,20107900
2016-04-06,102.88870239257812,110.66999816894531,110.70999908447266,108.98999786376953,108.98999786376953,25056000
2016-04-07,101.41048431396484,109.08000183105469,110.2300033569336,108.61000061035156,110.02999877929688,28567200
2016-04-08,101.33612060546875,109.0,110.0199966430664,108.62000274658203,109.76000213623047,22898000
2016-04-11,100.96424102783203,108.5999984741211,110.0199966430664,108.58999633789062,109.47000122070312,25772100
2016-04-12,101.81025695800781,109.51000213623047,109.72000122070312,108.0199966430664,108.68000030517578,28564100
2016-04-13,103.11184692382812,110.91000366210938,111.08000183105469,110.20999908447266,110.3499984741211,25356700
2016-04-14,103.1211166381836,110.91999816894531,111.33000183105469,110.0,110.93000030517578,17199700
2016-04-15,102.86079406738281,110.63999938964844,111.05999755859375,110.36000061035156,110.83000183105469,21353300
2016-04-18,103.40933227539062,111.2300033569336,111.2699966430664,110.25,110.31999969482422,17126100
2016-04-19,102.7771224975586,110.55000305175781,111.44000244140625,109.87999725341797,111.44000244140625,42481400
2016-04-20,102.86079406738281,110.63999938964844,111.1500015258789,110.16999816894531,110.55000305175781,18078300
2016-04-21,102.87010955810547,110.6500015258789,111.05000305175781,110.1500015258789,110.58000183105469,20216000
2016-04-22,101.3175048828125,108.9800033569336,109.72000122070312,108.12000274658203,109.20999908447266,39074000
2016-04-25,101.3175048828125,108.9800033569336,108.98999786376953,108.44999694824219,108.6500015258789,14351900
2016-04-26,100.82477569580078,108.44999694824219,109.38999938964844,108.12000274658203,109.20999908447266,19118300
2016-04-27,100.01593780517578,107.58000183105469,107.83000183105469,106.69000244140625,107.33999633789062,33059800
2016-04-28,98.80735778808594,106.27999877929688,108.33000183105469,106.06999969482422,107.69999694824219,29818200
2016-04-29,98.28671264648438,105.72000122070312,106.5,104.87999725341797,106.27999877929688,67502800
2016-05-02,99.2164077758789,106.72000122070312,106.87000274658203,105.55000305175781,105.98999786376953,24813800
2016-05-03,98.29600524902344,105.7300033569336,106.44000244140625,105.44999694824219,105.95999908447266,38569400
2016-05-04,97.6638412475586,105.05000305175781,105.4800033569336,104.79000091552734,105.08999633789062,27474500
2016-05-05,97.63592529296875,105.0199966430664,105.66000366210938,104.80999755859375,105.43000030517578,20788100
2016-05-06,98.15657806396484,105.58000183105469,105.5999984741211,104.4000015258789,104.5,30758500
2016-05-09,98.43547821044922,105.87999725341797,106.37000274658203,105.54000091552734,105.58999633789062,19289600
2016-05-10,99.78353881835938,107.33000183105469,107.37999725341797,106.06999969482422,106.26000213623047,21178900
2016-05-11,98.88172149658203,106.36000061035156,107.48999786376953,106.33000183105469,107.16999816894531,20966300
2016-05-12,98.44477844238281,105.88999938964844,106.73999786376953,105.13999938964844,106.61000061035156,29196300
2016-05-13,98.08222198486328,105.5,106.44999694824219,105.29000091552734,105.80000305175781,21059300
2016-05-16,99.30937194824219,106.81999969482422,107.20999908447266,105.55999755859375,105.66000366210938,18311900
2016-05-17,98.06360626220703,105.4800033569336,107.04000091552734,105.19999694824219,106.7300033569336,29932700
2016-05-18,98.41688537597656,105.86000061035156,106.43000030517578,105.04000091552734,105.23999786376953,27524400
2016-05-19,97.90553283691406,105.30999755859375,105.70999908447266,104.54000091552734,105.44999694824219,27334600
2016-05-20,98.98402404785156,106.47000122070312,106.9000015258789,105.66999816894531,105.7300033569336,29549600
2016-05-23,98.8538589477539,106.33000183105469,106.97000122070312,106.2300033569336,106.58999633789062,15729800
2016-05-24,100.83405303955078,108.45999908447266,108.58999633789062,106.88999938964844,106.91999816894531,29931300
2016-05-25,101.55923461914062,109.23999786376953,109.56999969482422,108.68000030517578,108.87000274658203,37951700
2016-05-26,101.85672760009766,109.55999755859375,109.69999694824219,109.08999633789062,109.3499984741211,21885900
2016-05-27,102.38668060302734,110.12999725341797,110.13999938964844,109.61000061035156,109.62999725341797,19870000
2016-05-31,102.58187103271484,110.33999633789062,110.51000213623047,109.77999877929688,110.27999877929688,24366100
2016-06-01,102.59117889404297,110.3499984741211,110.5999984741211,109.91000366210938,110.0,19571500
2016-06-02,102.80501556396484,110.58000183105469,110.58999633789062,109.52999877929688,110.12999725341797,15696600
2016-06-03,102.3215560913086,110.05999755859375,110.41999816894531,109.33999633789062,110.37000274658203,20269900
2016-06-06,102.69343566894531,110.45999908447266,110.75,110.06999969482422,110.26000213623047,12502400
2016-06-07,102.43314361572266,110.18000030517578,110.62999725341797,110.12999725341797,110.5199966430664,12184300
2016-06-08,102.6097640991211,110.37000274658203,110.5999984741211,109.95999908447266,110.37000274658203,14568700
2016-06-09,102.44243621826172,110.19000244140625,110.30999755859375,109.70999908447266,109.91999816894531,17571600
2016-06-10,101.28032684326172,108.94000244140625,109.4000015258789,108.55999755859375,109.19000244140625,32965000
2016-06-13,100.43431091308594,108.02999877929688,108.93000030517578,107.88999938964844,108.31999969482422,25154700
2016-06-14,100.43431091308594,108.02999877929688,108.41999816894531,107.23999786376953,107.73999786376953,24588500
2016-06-15,100.14610290527344,107.72000122070312,108.44000244140625,107.54000091552734,108.29000091552734,24605700
2016-06-16,100.443603515625,108.04000091552734,108.13999938964844,106.5,107.19000244140625,32079900
2016-06-17,99.26628112792969,106.48999786376953,107.68000030517578,106.23999786376953,107.52999877929688,29208800
2016-06-20,99.89083099365234,107.16000366210938,108.23999786376953,107.08000183105469,107.7300033569336,20562800
2016-06-21,100.20775604248047,107.5,107.72000122070312,107.0999984741211,107.30000305175781,22804100
2016-06-22,99.96539306640625,107.23999786376953,108.19000244140625,107.1500015258789,107.55999755859375,22724200
2016-06-23,101.3916015625,108.7699966430664,108.79000091552734,107.62000274658203,108.06999969482422,18714200
2016-06-24,97.21553039550781,104.29000091552734,106.5,104.05999755859375,104.9000015258789,68012700
2016-06-27,95.28593444824219,102.22000122070312,103.5999984741211,101.75,103.5999984741211,48222600
2016-06-28,97.37396240234375,104.45999908447266,104.51000213623047,103.30000305175781,103.3499984741211,28260600
2016-06-29,99.0984878540039,106.30999755859375,106.52999877929688,105.2300033569336,105.27999877929688,31356700
2016-06-30,100.24506378173828,107.54000091552734,107.61000061035156,106.12999725341797,106.48999786376953,36300800
2016-07-01,100.7484130859375,108.08000183105469,108.4800033569336,107.44999694824219,107.48999786376953,19902800
2016-07-05,100.13318634033203,107.41999816894531,107.66000366210938,106.83999633789062,107.51000213623047,21167900
2016-07-06,100.95350646972656,108.30000305175781,108.3499984741211,106.56999969482422,106.91000366210938,24579300
2016-07-07,101.25178527832031,108.62000274658203,108.86000061035156,108.11000061035156,108.4000015258789,19161700
2016-07-08,102.81784057617188,110.30000305175781,110.36000061035156,109.0199966430664,109.19999694824219,29457900
2016-07-11,103.40508270263672,110.93000030517578,111.33999633789062,110.66000366210938,110.66999816894531,20218500
2016-07-12,103.92711639404297,111.48999786376953,111.79000091552734,111.33999633789062,111.61000061035156,21906100
2016-07-13,103.6754150390625,111.22000122070312,111.81999969482422,111.20999908447266,111.75,21107800
2016-07-14,104.3838882446289,111.9800033569336,112.19000244140625,111.69999694824219,111.95999908447266,20871000
2016-07-15,104.21607208251953,111.80000305175781,112.30000305175781,111.55000305175781,112.23999786376953,17999300
2016-07-18,104.9058837890625,112.54000091552734,112.73999786376953,111.8499984741211,111.87000274658203,20713900
2016-07-19,104.52367401123047,112.12999725341797,112.4800033569336,111.93000030517578,112.1500015258789,18936700
2016-07-20,105.74484252929688,113.44000244140625,113.6500015258789,112.5999984741211,112.73999786376953,24997900
2016-07-21,105.50247192382812,113.18000030517578,113.73999786376953,112.87000274658203,113.5199966430664,18885400
2016-07-22,105.94058227539062,113.6500015258789,113.77999877929688,112.91000366210938,113.26000213623047,20003400
2016-07-25,105.94990539550781,113.66000366210938,113.69000244140625,113.27999877929688,113.55999755859375,12968100
2016-07-26,106.0710678100586,113.79000091552734,114.19999694824219,113.22000122070312,113.62000274658203,21223800
2016-07-27,106.80751037597656,114.58000183105469,114.87999725341797,114.0999984741211,114.75,27646100
2016-07-28,107.18036651611328,114.9800033569336,115.11000061035156,114.4000015258789,114.76000213623047,16939700
2016-07-29,107.41339874267578,115.2300033569336,115.54000091552734,114.87000274658203,115.23999786376953,22385300
2016-08-01,107.98200988769531,115.83999633789062,116.12999725341797,115.16999816894531,115.30999755859375,13990100
2016-08-02,107.1617202758789,114.95999908447266,115.7699966430664,114.22000122070312,115.66999816894531,21278400
2016-08-03,107.51592254638672,115.33999633789062,115.3499984741211,114.80000305175781,114.87000274658203,15011300
2016-08-04,107.82356262207031,115.66999816894531,115.77999877929688,115.02999877929688,115.30000305175781,12835300
2016-08-05,108.85823822021484,116.77999877929688,117.04000091552734,116.12999725341797,116.26000213623047,23196600
2016-08-08,108.73707580566406,116.6500015258789,116.87000274658203,116.27999877929688,116.83999633789062,12358200
2016-08-09,108.98876190185547,116.91999816894531,117.29000091552734,116.66999816894531,116.73999786376953,13276500
2016-08-10,108.7091064453125,116.62000274658203,117.0199966430664,116.30999755859375,116.98999786376953,14688400
2016-08-11,109.17518615722656,117.12000274658203,117.37000274658203,116.77999877929688,117.0199966430664,12969800
2016-08-12,109.249755859375,117.19999694824219,117.20999908447266,116.79000091552734,116.91999816894531,19379000
2016-08-15,109.71586608886719,117.69999694824219,117.97000122070312,117.30999755859375,117.3499984741211,11777800
2016-08-16,109.1099624633789,117.05000305175781,117.48999786376953,117.02999877929688,117.4800033569336,14161400
2016-08-17,109.30570983886719,117.26000213623047,117.30000305175781,116.43000030517578,117.08000183105469,15980300
2016-08-18,109.33367156982422,117.29000091552734,117.45999908447266,116.94999694824219,117.1500015258789,10036300
2016-08-19,109.30570983886719,117.26000213623047,117.5199966430664,116.76000213623047,117.08000183105469,18743000
2016-08-22,109.38957977294922,117.3499984741211,117.55000305175781,116.87000274658203,117.08999633789062,14500600
2016-08-23,109.5853042602539,117.55999755859375,118.01000213623047,117.51000213623047,117.80999755859375,11997900
2016-08-24,108.87689208984375,116.80000305175781,117.63999938964844,116.41000366210938,117.4800033569336,17728700
2016-08-25,108.69979858398438,116.61000061035156,116.97000122070312,116.36000061035156,116.5,24266300
2016-08-26,108.85823822021484,116.77999877929688,117.54000091552734,116.08000183105469,116.6500015258789,23896000
2016-08-29,109.00740051269531,116.94000244140625,117.25,116.79000091552734,116.80999755859375,11184900
2016-08-30,108.65320587158203,116.55999755859375,117.08999633789062,116.16000366210938,116.75,19843300
2016-08-31,108.54132080078125,116.44000244140625,116.55999755859375,115.94999694824219,116.37999725341797,16169800
2016-09-01,108.82096862792969,116.73999786376953,116.87999725341797,115.91000366210938,116.4800033569336,20944700
2016-09-02,109.17518615722656,117.12000274658203,117.55999755859375,116.68000030517578,117.31999969482422,18088200
2016-09-06,109.85567474365234,117.8499984741211,117.8499984741211,117.05999755859375,117.31999969482422,18525200
2016-09-07,109.92093658447266,117.91999816894531,118.12000274658203,117.47000122070312,117.95999908447266,17546900
2016-09-08,109.27774047851562,117.2300033569336,117.5999984741211,116.91999816894531,117.56999969482422,20125300
2016-09-09,106.52783203125,114.27999877929688,116.51000213623047,114.26000213623047,116.25,50813300
2016-09-12,108.43878173828125,116.33000183105469,116.48999786376953,113.62999725341797,113.63999938964844,39646000
2016-09-13,107.46932983398438,115.29000091552734,116.08999633789062,114.7300033569336,115.75,45863900
2016-09-14,107.98200988769531,115.83999633789062,116.47000122070312,115.37999725341797,115.41000366210938,28221800
2016-09-15,109.65990447998047,117.63999938964844,117.81999969482422,115.86000061035156,115.87000274658203,38521400
2016-09-16,109.60759735107422,117.29000091552734,117.41000366210938,116.70999908447266,117.22000122070312,27596500
2016-09-19,109.13097381591797,116.77999877929688,117.94999694824219,116.55000305175781,117.58999633789062,16222900
2016-09-20,109.33656311035156,117.0,117.4800033569336,116.80000305175781,117.19999694824219,18078600
2016-09-21,110.41124725341797,118.1500015258789,118.31999969482422,116.80999755859375,117.5,31546800
2016-09-22,111.28968811035156,119.08999633789062,119.22000122070312,118.72000122070312,118.83999633789062,22614400
2016-09-23,110.57945251464844,118.33000183105469,119.0,118.16000366210938,119.0,22213400
2016-09-26,109.65433502197266,117.33999633789062,117.80000305175781,117.16999816894531,117.66000366210938,16403900
2016-09-27,110.73834991455078,118.5,118.55999755859375,117.1500015258789,117.26000213623047,20238400
2016-09-28,110.92525482177734,118.69999694824219,118.7699966430664,118.08999633789062,118.6500015258789,14794300
2016-09-29,110.12155151367188,117.83999633789062,118.72000122070312,117.33000183105469,118.5,27207500
2016-09-30,110.94390869140625,118.72000122070312,119.06999969482422,118.02999877929688,118.1500015258789,25543200
2016-10-03,110.78507995605469,118.55000305175781,118.69999694824219,118.08999633789062,118.56999969482422,19216400
2016-10-04,110.61685180664062,118.37000274658203,119.16000366210938,117.91999816894531,118.9000015258789,21239700
2016-10-05,111.00934600830078,118.79000091552734,119.16999816894531,118.66999816894531,118.72000122070312,14481300
2016-10-06,110.95330047607422,118.7300033569336,118.9800033569336,118.1500015258789,118.63999938964844,11987100
2016-10-07,110.71028900146484,118.47000122070312,119.01000213623047,117.88999938964844,118.83999633789062,19984200
2016-10-10,111.41117858886719,119.22000122070312,119.4800033569336,119.02999877929688,119.08000183105469,19687300
2016-10-11,109.82252502441406,117.5199966430664,119.13999938964844,117.0,119.12000274658203,27774400
2016-10-12,109.72905731201172,117.41999816894531,117.81999969482422,117.05999755859375,117.62999725341797,14267800
2016-10-13,109.33656311035156,117.0,117.31999969482422,115.94000244140625,116.62000274658203,22821000
2016-10-14,109.46742248535156,117.13999938964844,118.05000305175781,117.06999969482422,117.58000183105469,21313300
2016-10-17,109.1683578491211,116.81999969482422,117.30000305175781,116.66999816894531,117.04000091552734,14182700
2016-10-18,110.14026641845703,117.86000061035156,118.41000366210938,117.80000305175781,118.20999908447266,19276700
2016-10-19,110.13090515136719,117.8499984741211,118.0199966430664,117.63999938964844,117.7699966430664,13702900
2016-10-20,110.00005340576172,117.70999908447266,117.97000122070312,117.02999877929688,117.7300033569336,18132200
2016-10-21,110.41124725341797,118.1500015258789,118.22000122070312,117.41000366210938,117.80000305175781,15707800
2016-10-24,111.7382583618164,119.56999969482422,119.6500015258789,118.88999938964844,118.91000366210938,19143000
2016-10-25,111.38318634033203,119.19000244140625,119.66000366210938,119.01000213623047,119.63999938964844,20341800
2016-10-26,110.62616729736328,118.37999725341797,119.02999877929688,118.02999877929688,118.41999816894531,20463700
2016-10-27,110.12155151367188,117.83999633789062,118.98999786376953,117.66999816894531,118.88999938964844,19099800
2016-10-28,109.43002319335938,117.0999984741211,118.11000061035156,116.73999786376953,117.5,35369300
2016-10-31,109.32723999023438,116.98999786376953,117.52999877929688,116.93000030517578,117.52999877929688,18749400
2016-11-01,108.50486755371094,116.11000061035156,117.20999908447266,115.0999984741211,117.19000244140625,23498700
2016-11-02,107.63579559326172,115.18000030517578,116.30000305175781,114.88999938964844,116.02999877929688,26960100
2016-11-03,106.57980346679688,114.05000305175781,115.37000274658203,113.91999816894531,114.98999786376953,36205200
2016-11-04,106.20600891113281,113.6500015258789,114.54000091552734,113.44999694824219,113.7699966430664,26997500
2016-11-07,108.72914123535156,116.3499984741211,116.47000122070312,115.30000305175781,115.48999786376953,26591200
2016-11-08,109.43936920166016,117.11000061035156,117.63999938964844,115.95999908447266,116.2300033569336,20777900
2016-11-09,109.94400787353516,117.6500015258789,117.83999633789062,115.5999984741211,115.73999786376953,70234400
2016-11-10,108.16844177246094,115.75,118.37999725341797,114.19999694824219,118.22000122070312,72825400
2016-11-11,108.21515655517578,115.80000305175781,116.05000305175781,114.83999633789062,115.25,41115200
2016-11-14,107.1218032836914,114.62999725341797,115.94000244140625,114.02999877929688,115.83000183105469,35906000
2016-11-15,108.60767364501953,116.22000122070312,116.62000274658203,115.33000183105469,115.5,31796600
2016-11-16,109.25245666503906,116.91000366210938,116.98999786376953,115.66999816894531,115.66999816894531,16538100
2016-11-17,110.04679870605469,117.76000213623047,117.77999877929688,116.61000061035156,116.8499984741211,20598600
2016-11-18,109.63563537597656,117.31999969482422,118.0999984741211,117.20999908447266,117.9000015258789,16428700
2016-11-21,110.77571868896484,118.54000091552734,118.6500015258789,117.56999969482422,117.61000061035156,20268500
2016-11-22,111.11214447021484,118.9000015258789,119.19000244140625,118.61000061035156,119.01000213623047,18850600
2016-11-23,110.66356658935547,118.41999816894531,118.63999938964844,117.9000015258789,118.51000213623047,22926000
2016-11-25,111.0186767578125,118.80000305175781,118.8499984741211,118.41999816894531,118.55999755859375,7162800
2016-11-28,110.76636505126953,118.52999877929688,119.08000183105469,118.41000366210938,118.6500015258789,13479000
2016-11-29,111.14952850341797,118.94000244140625,119.51000213623047,118.30000305175781,118.63999938964844,18553000
2016-11-30,109.80382537841797,117.5,119.12999725341797,117.45999908447266,119.08999633789062,30405300
2016-12-01,107.90678405761719,115.47000122070312,117.47000122070312,115.29000091552734,117.45999908447266,39796600
2016-12-02,108.12173461914062,115.69999694824219,116.16000366210938,115.22000122070312,115.54000091552734,32876800
2016-12-05,108.96277618408203,116.5999984741211,117.05999755859375,115.7699966430664,116.30000305175781,21419700
2016-12-06,109.22444152832031,116.87999725341797,117.08000183105469,116.38999938964844,116.93000030517578,27293300
2016-12-07,110.60749053955078,118.36000061035156,118.51000213623047,116.29000091552734,116.63999938964844,26622400
2016-12-08,110.80375671386719,118.56999969482422,118.87000274658203,118.18000030517578,118.41000366210938,18578400
2016-12-09,111.67283630371094,119.5,119.54000091552734,119.0,119.01000213623047,21863100
2016-12-12,111.16819763183594,118.95999908447266,119.20999908447266,118.47000122070312,118.97000122070312,23259300
2016-12-13,112.56995391845703,120.45999908447266,121.11000061035156,119.31999969482422,119.31999969482422,54477900
2016-12-14,112.33635711669922,120.20999908447266,121.0,119.86000061035156,120.61000061035156,28746000
2016-12-15,112.51387786865234,120.4000015258789,121.11000061035156,120.08000183105469,120.37000274658203,22762300
2016-12-16,112.09678649902344,119.5999984741211,120.58000183105469,119.36000061035156,120.33999633789062,26283900
2016-12-19,112.55604553222656,120.08999633789062,120.83000183105469,119.55000305175781,119.72000122070312,21138700
2016-12-20,112.98719787597656,120.55000305175781,120.7699966430664,120.33000183105469,120.47000122070312,11461800
2016-12-21,112.90287780761719,120.45999908447266,120.68000030517578,120.19000244140625,120.5999984741211,7079300
2016-12-22,112.58416748046875,120.12000274658203,120.5,119.6500015258789,120.47000122070312,16645000
2016-12-23,112.65916442871094,120.19999694824219,120.25,119.80999755859375,119.91999816894531,9007500
2016-12-27,113.24029541015625,120.81999969482422,121.5199966430664,120.41000366210938,120.45999908447266,16110600
2016-12-28,112.3592300415039,119.87999725341797,121.19000244140625,119.80000305175781,121.08000183105469,17975200
2016-12-29,112.19989013671875,119.70999908447266,120.12999725341797,119.33000183105469,119.8499984741211,13267500
2016-12-30,111.04705810546875,118.4800033569336,119.94999694824219,118.13999938964844,119.94000244140625,41749000
2017-01-03,112.04056549072266,119.54000091552734,119.98999786376953,118.88999938964844,119.2699966430664,22307600
2017-01-04,112.64978790283203,120.19000244140625,120.41000366210938,119.66000366210938,119.66999816894531,19749100
2017-01-05,113.28715515136719,120.87000274658203,120.94999694824219,120.0999984741211,120.0999984741211,20644300
2017-01-06,114.28060150146484,121.93000030517578,122.25,120.69000244140625,121.0,24074300
2017-01-09,114.65556335449219,122.33000183105469,122.55000305175781,121.94999694824219,122.02999877929688,18909200
2017-01-10,114.90862274169922,122.5999984741211,122.97000122070312,122.0999984741211,122.37999725341797,16176600
2017-01-11,115.21788787841797,122.93000030517578,122.93000030517578,122.0199966430664,122.6500015258789,20686000
2017-01-12,115.03980255126953,122.73999786376953,122.81999969482422,121.5999984741211,122.48999786376953,19622500
2017-01-13,115.43346405029297,123.16000366210938,123.37000274658203,122.80000305175781,122.80000305175781,16930800
2017-01-17,115.08667755126953,122.79000091552734,123.02999877929688,122.43000030517578,122.83999633789062,14538500
2017-01-18,115.32098388671875,123.04000091552734,123.16000366210938,122.66000366210938,122.97000122070312,12499700
2017-01-19,115.26476287841797,122.9800033569336,123.6500015258789,122.72000122070312,123.22000122070312,12710700
2017-01-20,115.517822265625,123.25,123.83000183105469,122.91999816894531,123.5199966430664,22091000
2017-01-23,115.611572265625,123.3499984741211,123.52999877929688,122.56999969482422,123.16999816894531,17434200
2017-01-24,116.38947296142578,124.18000030517578,124.37000274658203,123.37999725341797,123.58999633789062,17640900
2017-01-25,117.56104278564453,125.43000030517578,125.45999908447266,124.8499984741211,124.95999908447266,15036200
2017-01-26,117.68289184570312,125.55999755859375,125.81999969482422,125.33999633789062,125.5999984741211,16052200
2017-01-27,117.9078598022461,125.80000305175781,125.91999816894531,125.38999938964844,125.83000183105469,15053000
2017-01-30,116.98932647705078,124.81999969482422,125.37999725341797,124.12999725341797,125.37999725341797,25006700
2017-01-31,116.75498962402344,124.56999969482422,124.5999984741211,123.8499984741211,124.37999725341797,19091100
2017-02-01,117.56104278564453,125.43000030517578,125.68000030517578,124.86000061035156,125.44999694824219,22861900
2017-02-02,117.45795440673828,125.31999969482422,125.69999694824219,124.86000061035156,125.20999908447266,15101400
2017-02-03,117.79536437988281,125.68000030517578,125.80999755859375,125.33000183105469,125.44999694824219,16957200
2017-02-06,117.93595886230469,125.83000183105469,125.8499984741211,125.3499984741211,125.47000122070312,11630100
2017-02-07,118.36711120605469,126.29000091552734,126.55000305175781,125.97000122070312,126.08999633789062,17541100
2017-02-08,118.56392669677734,126.5,126.68000030517578,125.87999725341797,126.12000274658203,12569100
2017-02-09,118.99507904052734,126.95999908447266,127.23999786376953,126.55999755859375,126.62999725341797,17542700
2017-02-10,119.38874053955078,127.37999725341797,127.55999755859375,127.0199966430664,127.23999786376953,13915700
2017-02-13,120.0635757446289,128.10000610351562,128.25999450683594,127.72000122070312,127.7699966430664,19120200
2017-02-14,120.46659851074219,128.52999877929688,128.5399932861328,127.73999786376953,128.14999389648438,16333500
2017-02-15,121.17888641357422,129.2899932861328,129.35000610351562,128.3699951171875,128.44000244140625,17891400
2017-02-16,121.14141082763672,129.25,129.6300048828125,128.9199981689453,129.3699951171875,15098300
2017-02-17,121.66626739501953,129.80999755859375,129.82000732421875,129.0399932861328,129.05999755859375,15563700
2017-02-21,122.26612091064453,130.4499969482422,130.52999877929688,129.99000549316406,130.05999755859375,18479600
2017-02-22,122.31298828125,130.5,130.58999633789062,130.11000061035156,130.3300018310547,12110900
2017-02-23,121.85370635986328,130.00999450683594,130.6999969482422,129.49000549316406,130.6999969482422,17489000
2017-02-24,122.08805847167969,130.25999450683594,130.25999450683594,129.3800048828125,129.4199981689453,18624500
2017-02-27,122.23800659179688,130.4199981689453,130.42999267578125,129.8000030517578,130.02000427246094,12008700
2017-02-28,121.86309814453125,130.02000427246094,130.4499969482422,129.66000366210938,130.38999938964844,16598600
2017-03-01,123.19398498535156,131.44000244140625,131.67999267578125,130.60000610351562,130.85000610351562,25813800
2017-03-02,122.57540893554688,130.77999877929688,131.42999267578125,130.6199951171875,131.41000366210938,19951400
2017-03-03,122.80035400390625,131.02000427246094,131.05999755859375,130.33999633789062,130.69000244140625,13722700
2017-03-06,122.52857971191406,130.72999572753906,130.9499969482422,130.2100067138672,130.58999633789062,12026200
2017-03-07,122.32235717773438,130.50999450683594,131.0800018310547,130.27999877929688,130.47000122070312,15500900
2017-03-08,122.53795623779297,130.74000549316406,131.14999389648438,130.4600067138672,130.58999633789062,15776000
2017-03-09,122.63165283203125,130.83999633789062,131.02000427246094,130.13999938964844,130.7100067138672,20855300
2017-03-10,123.14717102050781,131.38999938964844,131.60000610351562,130.82000732421875,131.44000244140625,21922600
2017-03-13,123.35334014892578,131.61000061035156,131.63999938964844,131.27000427246094,131.33999633789062,10731600
2017-03-14,123.05345153808594,131.2899932861328,131.36000061035156,130.75999450683594,131.30999755859375,14019700
2017-03-15,123.81263732910156,132.10000610351562,132.41000366210938,131.13999938964844,131.55999755859375,22709100
2017-03-16,123.72827911376953,132.00999450683594,132.35000610351562,131.7100067138672,132.35000610351562,18457300
2017-03-17,123.68507385253906,131.69000244140625,132.0399932861328,131.6199951171875,131.89999389648438,21234500
2017-03-20,123.79777526855469,131.80999755859375,132.11000061035156,131.4600067138672,131.64999389648438,10105200
2017-03-21,121.91932678222656,129.80999755859375,132.42999267578125,129.72999572753906,132.30999755859375,35841900
2017-03-22,122.74585723876953,130.69000244140625,130.82000732421875,129.67999267578125,129.85000610351562,29177900
2017-03-23,122.43592071533203,130.36000061035156,130.8800048828125,130.13999938964844,130.52000427246094,20311700
2017-03-24,122.68948364257812,130.6300048828125,131.2899932861328,130.1300048828125,130.77999877929688,22967600
2017-03-27,122.8867416381836,130.83999633789062,131.07000732421875,129.39999389648438,129.6999969482422,18472400
2017-03-28,123.63810729980469,131.63999938964844,132.02999877929688,130.5500030517578,130.83999633789062,23721900
2017-03-29,124.21099853515625,132.25,132.3000030517578,131.58999633789062,131.72999572753906,13710000
2017-03-30,124.41764831542969,132.47000122070312,132.61000061035156,132.0800018310547,132.1999969482422,16092400
2017-03-31,124.33311462402344,132.3800048828125,132.74000549316406,132.1300048828125,132.27999877929688,19841400
2017-04-03,124.25800323486328,132.3000030517578,132.80999755859375,131.55999755859375,132.49000549316406,23700300
2017-04-04,124.45519256591797,132.50999450683594,132.52999877929688,131.8699951171875,131.9199981689453,13400000
2017-04-05,123.94805908203125,131.97000122070312,133.47999572753906,131.72000122070312,132.6999969482422,32011200
2017-04-06,124.01380157470703,132.0399932861328,132.38999938964844,131.6999969482422,132.10000610351562,18832200
2017-04-07,123.94805908203125,131.97000122070312,132.3699951171875,131.5,132.0,16743100
2017-04-10,123.99502563476562,132.02000427246094,132.57000732421875,131.66000366210938,132.10000610351562,15619300
2017-04-11,123.45966339111328,131.4499969482422,132.10000610351562,130.5,131.89999389648438,33778400
2017-04-12,122.96186828613281,130.9199981689453,131.5399932861328,130.77999877929688,131.42999267578125,15955200
2017-04-13,122.47344970703125,130.39999389648438,131.50999450683594,130.3800048828125,130.74000549316406,23683000
2017-04-17,123.48783111572266,131.47999572753906,131.5,130.72000122070312,130.77000427246094,13325500
2017-04-18,123.29998016357422,131.27999877929688,131.66000366210938,130.9499969482422,131.0399932861328,12841100
2017-04-19,123.4971923828125,131.49000549316406,132.2899932861328,131.30999755859375,131.85000610351562,17764800
2017-04-20,124.53033447265625,132.58999633789062,132.8800048828125,131.82000732421875,132.02000427246094,21977900
2017-04-21,124.5021743774414,132.55999755859375,132.75999450683594,132.22000122070312,132.7100067138672,22454900
2017-04-24,126.00486755371094,134.16000366210938,134.2899932861328,133.8000030517578,134.02999877929688,22469900
2017-04-25,126.91590118408203,135.1300048828125,135.3699951171875,134.47999572753906,134.60000610351562,19384400
2017-04-26,126.73751068115234,134.94000244140625,135.50999450683594,134.86000061035156,135.17999267578125,25398500
2017-04-27,127.49823760986328,135.75,135.75,135.19000244140625,135.27000427246094,16136500
2017-04-28,127.72367858886719,135.99000549316406,136.33999633789062,135.77000427246094,136.2899932861328,22771900
2017-05-01,128.860107421875,137.1999969482422,137.3800048828125,136.3800048828125,136.44000244140625,24815500
2017-05-02,129.07611083984375,137.42999267578125,137.49000549316406,137.02000427246094,137.3699951171875,18345100
2017-05-03,128.66287231445312,136.99000549316406,137.1699981689453,136.6199951171875,137.1199951171875,23827600
2017-05-04,128.7098388671875,137.0399932861328,137.42999267578125,136.55999755859375,136.97000122070312,14630100
2017-05-05,129.17942810058594,137.5399932861328,137.5399932861328,136.8800048828125,137.38999938964844,19330700
2017-05-08,129.46119689941406,137.83999633789062,137.83999633789062,137.3300018310547,137.61000061035156,13279900
2017-05-09,129.91207885742188,138.32000732421875,138.6300048828125,137.92999267578125,138.0500030517578,28426100
2017-05-10,129.98712158203125,138.39999389648438,138.4499969482422,137.91000366210938,138.39999389648438,20499400
2017-05-11,129.8838653564453,138.2899932861328,138.3300018310547,137.3800048828125,138.02000427246094,27232100
2017-05-12,130.1750030517578,138.60000610351562,138.6300048828125,138.22999572753906,138.35000610351562,19738600
2017-05-15,130.5883026123047,139.0399932861328,139.1199951171875,138.52999877929688,138.66000366210938,20481300
2017-05-16,131.1330108642578,139.6199951171875,139.63999938964844,138.99000549316406,139.39999389648438,21786000
2017-05-17,127.79882049560547,136.07000732421875,138.77000427246094,136.0500030517578,138.50999450683594,55642200
2017-05-18,128.9164276123047,137.25999450683594,137.72000122070312,135.8699951171875,136.02000427246094,41319900
2017-05-19,129.46119689941406,137.83999633789062,138.4199981689453,137.66000366210938,137.75,36730100
2017-05-22,130.5507049560547,139.0,139.07000732421875,138.10000610351562,138.14999389648438,19509700
2017-05-23,130.6822052001953,139.13999938964844,139.4199981689453,138.77999877929688,139.41000366210938,19687500
2017-05-24,131.28329467773438,139.77999877929688,139.85000610351562,139.1699981689453,139.55999755859375,15891900
2017-05-25,132.40097045898438,140.97000122070312,141.3300018310547,140.00999450683594,140.30999755859375,23928600
2017-05-26,132.63580322265625,141.22000122070312,141.27999877929688,140.80999755859375,141.0,13851600
2017-05-30,132.7484893798828,141.33999633789062,141.50999450683594,141.05999755859375,141.14999389648438,20306400
2017-05-31,132.7015380859375,141.2899932861328,141.83999633789062,140.57000732421875,141.83999633789062,33229400
2017-06-01,133.2180633544922,141.83999633789062,141.89999389648438,140.97999572753906,141.5800018310547,20120700
2017-06-02,134.73960876464844,143.4600067138672,143.49000549316406,142.11000061035156,142.33999633789062,37222900
2017-06-05,134.71139526367188,143.42999267578125,143.67999267578125,143.22999572753906,143.4499969482422,15727500
2017-06-06,134.17608642578125,142.86000061035156,143.72999572753906,142.64999389648438,143.25999450683594,22393000
2017-06-07,134.70204162597656,143.4199981689453,143.5399932861328,142.60000610351562,143.25999450683594,18842400
2017-06-08,134.84292602539062,143.57000732421875,143.8000030517578,142.7899932861328,143.74000549316406,25417400
2017-06-09,131.4711151123047,139.97999572753906,143.89999389648438,138.11000061035156,143.74000549316406,109783700
2017-06-12,130.76669311523438,139.22999572753906,139.47999572753906,137.47000122070312,138.8000030517578,104454000
2017-06-13,131.82803344726562,140.36000061035156,140.55999755859375,139.27999877929688,140.00999450683594,51193000
2017-06-14,131.25511169433594,139.75,140.92999267578125,138.6199951171875,140.92999267578125,60093800
2017-06-15,130.67279052734375,139.1300048828125,139.27999877929688,137.49000549316406,138.33999633789062,55145200
2017-06-16,130.1058349609375,138.14999389648438,138.77999877929688,137.63999938964844,138.67999267578125,48087400
2017-06-19,132.28135681152344,140.4600067138672,140.58999633789062,139.27999877929688,139.49000549316406,39626500
2017-06-20,131.2454071044922,139.36000061035156,140.5,139.30999755859375,140.32000732421875,40935100
2017-06-21,132.54502868652344,140.74000549316406,140.80999755859375,139.58999633789062,139.67999267578125,35743400
2017-06-22,132.50735473632812,140.6999969482422,141.22000122070312,140.33999633789062,140.9600067138672,24099100
2017-06-23,133.01596069335938,141.24000549316406,141.4199981689453,140.14999389648438,140.5399932861328,21654300
2017-06-26,132.3943634033203,140.5800018310547,142.2899932861328,140.27000427246094,142.0500030517578,34411100
2017-06-27,129.99288940429688,138.02999877929688,140.22000122070312,138.02000427246094,140.0500030517578,65957800
2017-06-28,131.86695861816406,140.02000427246094,140.13999938964844,137.74000549316406,138.5399932861328,57427200
2017-06-29,129.57846069335938,137.58999633789062,139.44000244140625,136.25,139.44000244140625,88769400
2017-06-30,129.6255340576172,137.63999938964844,138.6699981689453,137.19000244140625,137.97999572753906,68898300
2017-07-03,128.26002502441406,136.19000244140625,138.42999267578125,136.10000610351562,138.27000427246094,32797000
2017-07-05,129.52194213867188,137.52999877929688,137.89999389648438,136.16000366210938,136.6199951171875,42116600
2017-07-06,128.35414123535156,136.2899932861328,137.05999755859375,135.8000030517578,136.47999572753906,48430500
2017-07-07,129.7385711669922,137.75999450683594,138.1300048828125,136.74000549316406,136.75,36970400
2017-07-10,130.586181640625,138.66000366210938,138.99000549316406,137.5,137.85000610351562,24853500
2017-07-11,130.95347595214844,139.0500030517578,139.22000122070312,137.94000244140625,138.4600067138672,31517700
2017-07-12,132.50735473632812,140.6999969482422,140.86000061035156,139.9600067138672,140.24000549316406,36045800
2017-07-13,132.79933166503906,141.00999450683594,141.35000610351562,140.60000610351562,140.8699951171875,31073600
2017-07-14,133.8446807861328,142.1199951171875,142.3000030517578,141.19000244140625,141.63999938964844,34544800
2017-07-17,133.91064453125,142.19000244140625,142.69000244140625,141.9199981689453,142.27000427246094,25343200
2017-07-18,134.80532836914062,143.13999938964844,143.1699981689453,141.63999938964844,142.08999633789062,25748500
2017-07-19,135.59640502929688,143.97999572753906,144.19000244140625,143.5,143.55999755859375,33752300
2017-07-20,135.77528381347656,144.1699981689453,144.44000244140625,143.52000427246094,144.35000610351562,36139400
2017-07-21,135.71878051757812,144.11000061035156,144.11000061035156,143.35000610351562,143.63999938964844,39697100
2017-07-24,136.3403778076172,144.77000427246094,144.8699951171875,143.9199981689453,144.08999633789062,26712700
2017-07-25,135.991943359375,144.39999389648438,144.74000549316406,144.00999450683594,144.2899932861328,28120900
2017-07-26,136.43450927734375,144.8699951171875,144.9499969482422,144.52999877929688,144.75999450683594,18610600
2017-07-27,135.57752990722656,143.9600067138672,145.9600067138672,142.3000030517578,145.82000732421875,80665900
2017-07-28,135.46461486816406,143.83999633789062,144.0800018310547,142.8699951171875,143.10000610351562,38013200
2017-07-31,134.8900604248047,143.22999572753906,144.42999267578125,142.9199981689453,144.25,33848600
2017-08-01,135.20089721679688,143.55999755859375,143.75999450683594,143.1199951171875,143.72000122070312,20149400
2017-08-02,135.56814575195312,143.9499969482422,144.52000427246094,142.61000061035156,144.49000549316406,41769700
2017-08-03,135.0407257080078,143.38999938964844,144.1699981689453,143.1300048828125,144.08999633789062,27112800
2017-08-04,135.28564453125,143.64999389648438,143.97000122070312,143.05999755859375,143.7100067138672,29472900
2017-08-07,136.14260864257812,144.55999755859375,144.55999755859375,143.7100067138672,143.91000366210938,17933900
2017-08-08,135.90721130371094,144.30999755859375,145.47000122070312,143.89999389648438,144.27999877929688,30810400
2017-08-09,135.72824096679688,144.1199951171875,144.19000244140625,142.7899932861328,143.1199951171875,36169500
2017-08-10,132.81817626953125,141.02999877929688,143.39999389648438,140.88999938964844,143.3000030517578,63331700
2017-08-11,133.82589721679688,142.10000610351562,142.41000366210938,140.89999389648438,141.22000122070312,45862500
2017-08-14,135.54930114746094,143.92999267578125,144.14999389648438,143.19000244140625,143.22999572753906,34161000
2017-08-15,135.64344787597656,144.02999877929688,144.3000030517578,143.63999938964844,144.2899932861328,25509200
2017-08-16,135.87896728515625,144.27999877929688,144.9600067138672,143.8000030517578,144.38999938964844,31913000
2017-08-17,133.10072326660156,141.3300018310547,143.94000244140625,141.3300018310547,143.72000122070312,70191000
2017-08-18,133.00650024414062,141.22999572753906,142.1999969482422,140.64999389648438,141.41000366210938,60751900
2017-08-21,132.8370361328125,141.0500030517578,141.52999877929688,140.17999267578125,141.22000122070312,37111500
2017-08-22,134.86184692382812,143.1999969482422,143.35000610351562,141.75999450683594,141.80999755859375,36294200
2017-08-23,134.3815155029297,142.69000244140625,143.00999450683594,142.3800048828125,142.47999572753906,25702300
2017-08-24,133.98594665527344,142.27000427246094,143.1699981689453,141.47000122070312,143.00999450683594,38160800
2017-08-25,133.7034454345703,141.97000122070312,143.17999267578125,141.77999877929688,142.82000732421875,26380400
2017-08-28,134.1177978515625,142.41000366210938,142.74000549316406,141.9499969482422,142.39999389648438,15362100
2017-08-29,134.6452178955078,142.97000122070312,143.2100067138672,141.05999755859375,141.19000244140625,24498300
2017-08-30,136.22738647460938,144.64999389648438,144.88999938964844,143.0,143.08999633789062,33642700
2017-08-31,137.6871337890625,146.1999969482422,146.2100067138672,144.97999572753906,145.05999755859375,38480700
2017-09-01,137.49876403808594,146.0,146.58999633789062,145.61000061035156,146.38999938964844,22293600
2017-09-05,136.26512145996094,144.69000244140625,145.8800048828125,143.60000610351562,145.57000732421875,44794300
2017-09-06,136.67947387695312,145.1300048828125,145.4600067138672,144.0800018310547,145.05999755859375,30722700
2017-09-07,136.99961853027344,145.47000122070312,145.83999633789062,144.94000244140625,145.39999389648438,22721100
2017-09-08,135.81300354003906,144.2100067138672,145.35000610351562,144.05999755859375,145.27999877929688,27890100
2017-09-11,137.3763427734375,145.8699951171875,146.1199951171875,145.3000030517578,145.33999633789062,27126300
2017-09-12,137.70596313476562,146.22000122070312,146.41000366210938,145.52999877929688,146.27999877929688,30256700
2017-09-13,137.89427185058594,146.4199981689453,146.44000244140625,145.72999572753906,145.97000122070312,28450900
2017-09-14,137.08438110351562,145.55999755859375,146.2899932861328,145.47000122070312,145.85000610351562,35296400
2017-09-15,137.55526733398438,146.05999755859375,146.58999633789062,145.2899932861328,145.52999877929688,46422400
2017-09-18,137.37503051757812,145.5500030517578,146.3699951171875,145.11000061035156,145.91000366210938,24858200
2017-09-19,137.6109619140625,145.8000030517578,146.00999450683594,145.30999755859375,145.80999755859375,20871200
2017-09-20,137.186279296875,145.35000610351562,145.91000366210938,144.22999572753906,145.75,34236200
2017-09-21,136.3462371826172,144.4600067138672,145.25999450683594,143.9499969482422,145.25,28841800
2017-09-22,136.214111328125,144.32000732421875,144.52999877929688,143.85000610351562,144.0,21702400
2017-09-25,134.7794189453125,142.8000030517578,143.8300018310547,142.10000610351562,143.75,54947700
2017-09-26,135.12864685058594,143.1699981689453,143.8000030517578,142.6699981689453,143.52999877929688,29628800
2017-09-27,136.3462371826172,144.4600067138672,145.0,143.57000732421875,143.92999267578125,33249400
2017-09-28,136.29904174804688,144.41000366210938,144.55999755859375,143.77999877929688,144.11000061035156,24149400
2017-09-29,137.28057861328125,145.4499969482422,145.55999755859375,144.32000732421875,144.6999969482422,43102400
2017-10-02,137.40330505371094,145.5800018310547,146.1699981689453,144.92999267578125,145.6699981689453,27351300
2017-10-03,137.69590759277344,145.88999938964844,146.05999755859375,145.4499969482422,145.77000427246094,19715200
2017-10-04,137.8280487060547,146.02999877929688,146.33999633789062,145.47000122070312,145.61000061035156,26381100
2017-10-05,139.17771911621094,147.4600067138672,147.5399932861328,146.41000366210938,146.55999755859375,31562400
2017-10-06,139.36647033691406,147.66000366210938,147.66000366210938,146.9600067138672,146.9600067138672,23561100
2017-10-09,139.20603942871094,147.49000549316406,148.00999450683594,147.3000030517578,147.85000610351562,13704800
2017-10-10,139.30987548828125,147.60000610351562,148.13999938964844,146.9499969482422,147.99000549316406,19223100
2017-10-11,139.72509765625,148.0399932861328,148.07000732421875,147.33999633789062,147.52999877929688,12439100
2017-10-12,139.47030639648438,147.77000427246094,148.35000610351562,147.6199951171875,147.82000732421875,14513500
2017-10-13,140.00836181640625,148.33999633789062,148.50999450683594,147.77999877929688,148.3699951171875,18409900
2017-10-16,140.48960876464844,148.85000610351562,148.88999938964844,148.38999938964844,148.7100067138672,21809400
2017-10-17,140.6689910888672,149.0399932861328,149.05999755859375,148.57000732421875,148.8000030517578,13138200
2017-10-18,140.4990692138672,148.86000061035156,149.2100067138672,148.63999938964844,149.19000244140625,17218200
2017-10-19,139.97999572753906,148.30999755859375,148.3300018310547,147.27000427246094,147.99000549316406,27680300
2017-10-20,140.35751342773438,148.7100067138672,149.0399932861328,148.52999877929688,148.91000366210938,30173300
2017-10-23,139.4420166015625,147.74000549316406,149.02999877929688,147.52999877929688,149.02000427246094,29297100
2017-10-24,139.67794799804688,147.99000549316406,148.3000030517578,147.44000244140625,148.02999877929688,20289500
2017-10-25,139.14939880371094,147.42999267578125,148.17999267578125,146.3300018310547,147.6999969482422,36179100
2017-10-26,138.70582580566406,146.9600067138672,147.7100067138672,146.9199981689453,147.33999633789062,28230200
2017-10-27,142.7454071044922,151.24000549316406,151.52000427246094,149.1999969482422,149.42999267578125,60165100
2017-10-30,143.06631469726562,151.5800018310547,152.19000244140625,150.99000549316406,151.1300048828125,31733400
2017-10-31,143.60430908203125,152.14999389648438,152.3699951171875,151.6300048828125,152.07000732421875,26319300
2017-11-01,143.55712890625,152.10000610351562,152.8300018310547,151.5,152.75999450683594,29481600
2017-11-02,143.2834014892578,151.80999755859375,151.99000549316406,150.77000427246094,151.92999267578125,31017400
2017-11-03,144.6614227294922,153.27000427246094,153.2899932861328,151.83999633789062,152.36000061035156,26199200
2017-11-06,145.15216064453125,153.7899932861328,153.85000610351562,153.10000610351562,153.14999389648438,28693900
2017-11-07,145.2371063232422,153.8800048828125,154.0800018310547,153.33999633789062,153.6699981689453,21333100
2017-11-08,145.8223114013672,154.5,154.5399932861328,153.6199951171875,153.8000030517578,17373500
2017-11-09,145.05780029296875,153.69000244140625,153.77000427246094,152.11000061035156,153.22999572753906,40594500
2017-11-10,145.04835510253906,153.67999267578125,153.8000030517578,153.05999755859375,153.3300018310547,20150800
2017-11-13,145.22769165039062,153.8699951171875,154.07000732421875,153.10000610351562,153.10000610351562,12522400
2017-11-14,144.69915771484375,153.30999755859375,153.5,152.57000732421875,153.3300018310547,25173800
2017-11-15,144.01959228515625,152.58999633789062,153.0,151.77999877929688,152.64999389648438,24808000
2017-11-16,145.86007690429688,154.5399932861328,154.88999938964844,153.3300018310547,153.36000061035156,34790600
2017-11-17,145.30319213867188,153.9499969482422,154.69000244140625,153.8000030517578,154.5800018310547,28725800
2017-11-20,145.1899871826172,153.8300018310547,154.1999969482422,153.61000061035156,154.05999755859375,21143900
2017-11-21,146.76617431640625,155.5,155.57000732421875,154.49000549316406,154.55999755859375,20147800
2017-11-22,146.94544982910156,155.69000244140625,155.83999633789062,155.33999633789062,155.63999938964844,17299000
2017-11-24,147.48348999023438,156.25999450683594,156.30999755859375,155.75999450683594,155.85000610351562,8280600
2017-11-27,147.41741943359375,156.19000244140625,156.55999755859375,155.8300018310547,156.2100067138672,22653400
2017-11-28,147.794921875,156.58999633789062,156.69000244140625,155.6999969482422,156.5399932861328,25227300
2017-11-29,145.21827697753906,153.86000061035156,156.4499969482422,153.1199951171875,156.41000366210938,71986300
2017-11-30,146.43577575683594,155.14999389648438,155.4499969482422,154.14999389648438,154.50999450683594,56595500
2017-12-01,145.81289672851562,154.49000549316406,155.24000549316406,152.25999450683594,154.1999969482422,59015800
2017-12-04,144.13282775878906,152.7100067138672,155.6300048828125,152.55999755859375,155.4600067138672,51319100
2017-12-05,144.2272491455078,152.80999755859375,154.5500030517578,152.10000610351562,152.67999267578125,40604200
2017-12-06,144.8784942626953,153.5,153.74000549316406,152.05999755859375,152.24000549316406,28647800
2017-12-07,145.3692626953125,154.02000427246094,154.4600067138672,153.3300018310547,153.49000549316406,32666200
2017-12-08,146.0110626220703,154.6999969482422,155.52999877929688,154.4600067138672,155.14999389648438,28081700
2017-12-11,147.14369201660156,155.89999389648438,155.9499969482422,154.75999450683594,154.77000427246094,20821500
2017-12-12,146.94544982910156,155.69000244140625,156.14999389648438,155.36000061035156,155.8300018310547,20310300
2017-12-13,147.22860717773438,155.99000549316406,156.49000549316406,155.75999450683594,156.32000732421875,24418500
2017-12-14,147.12478637695312,155.8800048828125,156.66000366210938,155.7100067138672,156.25999450683594,24594700
2017-12-15,148.79541015625,157.64999389648438,157.82000732421875,156.22999572753906,156.49000549316406,49816200
2017-12-18,150.04287719726562,158.63999938964844,158.77000427246094,158.07000732421875,158.36000061035156,26844500
2017-12-19,149.1538543701172,157.6999969482422,158.5,157.25999450683594,158.33999633789062,31415000
2017-12-20,148.99310302734375,157.52999877929688,158.27999877929688,156.91000366210938,158.25,38972600
2017-12-21,149.011962890625,157.5500030517578,158.25,157.3699951171875,157.75,18638700
2017-12-22,148.8417510986328,157.3699951171875,157.42999267578125,156.9499969482422,157.30999755859375,23330400
2017-12-26,148.03782653808594,156.52000427246094,156.72000122070312,155.9499969482422,156.49000549316406,21918700
2017-12-27,148.05667114257812,156.5399932861328,156.9600067138672,156.38999938964844,156.52999877929688,22388200
2017-12-28,148.23643493652344,156.72999572753906,157.07000732421875,156.5399932861328,157.0399932861328,25393800
2017-12-29,147.3190155029297,155.75999450683594,156.89999389648438,155.6999969482422,156.8699951171875,33186000
2018-01-02,149.9010467529297,158.49000549316406,158.52999877929688,156.1699981689453,156.55999755859375,32573300
2018-01-03,151.3576202392578,160.02999877929688,160.1699981689453,158.61000061035156,158.63999938964844,29383600
2018-01-04,151.62240600585938,160.30999755859375,160.7899932861328,160.0800018310547,160.5800018310547,24776100
2018-01-05,153.14523315429688,161.9199981689453,162.02999877929688,160.77000427246094,161.07000732421875,26992300
2018-01-08,153.74102783203125,162.5500030517578,162.6300048828125,161.86000061035156,161.9199981689453,23159100
2018-01-09,153.7504425048828,162.55999755859375,163.0399932861328,162.07000732421875,162.8699951171875,24782400
2018-01-10,153.3910675048828,162.17999267578125,162.2100067138672,161.1199951171875,161.83999633789062,34004000
2018-01-11,154.44093322753906,163.2899932861328,163.3000030517578,162.2100067138672,162.4600067138672,20473500
2018-01-12,155.5758819580078,164.49000549316406,164.66000366210938,162.94000244140625,163.14999389648438,37762700
2018-01-16,155.13134765625,164.02000427246094,166.4199981689453,163.52999877929688,165.5800018310547,41231800
2018-01-17,156.80545043945312,165.7899932861328,166.0399932861328,164.0,164.8000030517578,33849900
2018-01-18,156.8338165283203,165.82000732421875,166.1999969482422,165.13999938964844,165.52999877929688,26432200
2018-01-19,157.3256378173828,166.33999633789062,166.61000061035156,165.5399932861328,166.30999755859375,38937600
2018-01-22,159.00917053222656,168.1199951171875,168.1199951171875,166.08999633789062,166.27999877929688,26081400
2018-01-23,160.32382202148438,169.50999450683594,169.66000366210938,168.55999755859375,168.63999938964844,37989700
2018-01-24,159.28347778320312,168.41000366210938,170.24000549316406,167.44000244140625,169.8699951171875,54287400
2018-01-25,159.2266845703125,168.35000610351562,169.6300048828125,167.80999755859375,169.57000732421875,28925000
2018-01-26,161.66690063476562,170.92999267578125,170.9499969482422,168.9600067138672,169.2899932861328,32038200
2018-01-29,160.8818817138672,170.10000610351562,170.91000366210938,169.74000549316406,170.57000732421875,37277800
2018-01-30,159.55775451660156,168.6999969482422,169.4199981689453,167.82000732421875,168.5500030517578,44987700
2018-01-31,160.21983337402344,169.39999389648438,169.99000549316406,168.33999633789062,169.64999389648438,42449200
2018-02-01,158.85784912109375,167.9600067138672,169.72999572753906,167.4199981689453,168.10000610351562,38037900
2018-02-02,155.6893768310547,164.61000061035156,167.6999969482422,164.47000122070312,167.3000030517578,68478100
2018-02-05,149.5510711669922,158.1199951171875,165.75,158.0,163.07000732421875,105372200
2018-02-06,153.5139923095703,162.30999755859375,162.50999450683594,155.10000610351562,155.80999755859375,118537900
2018-02-07,151.52784729003906,160.2100067138672,163.5500030517578,160.1999969482422,161.7899932861328,91028300
2018-02-08,145.1341552734375,153.4499969482422,160.8000030517578,153.4499969482422,160.6199951171875,94184800
2018-02-09,147.6405792236328,156.10000610351562,157.24000549316406,150.1300048828125,155.6199951171875,113836600
2018-02-12,150.26043701171875,158.8699951171875,159.9499969482422,156.4600067138672,157.6999969482422,63050600
2018-02-13,151.03602600097656,159.69000244140625,160.00999450683594,157.72000122070312,157.9600067138672,31785600
2018-02-14,153.86398315429688,162.67999267578125,162.92999267578125,158.0,158.75,52107400
2018-02-15,156.72032165527344,165.6999969482422,165.6999969482422,162.44000244140625,164.13999938964844,51633900
2018-02-16,156.0204620361328,164.9600067138672,166.75999450683594,164.67999267578125,165.16000366210938,62256300
2018-02-20,156.3325653076172,165.2899932861328,166.67999267578125,164.30999755859375,164.3800048828125,36785600
2018-02-21,155.88804626464844,164.82000732421875,167.72000122070312,164.72000122070312,166.10000610351562,41161800
2018-02-22,155.86904907226562,164.8000030517578,166.4199981689453,164.3800048828125,165.5399932861328,37074400
2018-02-23,159.05648803710938,168.1699981689453,168.1699981689453,165.4499969482422,166.1300048828125,50096900
2018-02-26,161.1656036376953,170.39999389648438,170.39999389648438,168.82000732421875,168.9600067138672,39266700
2018-02-27,159.169921875,168.2899932861328,170.72999572753906,168.2100067138672,170.4499969482422,42209900
2018-02-28,158.14846801757812,167.2100067138672,169.8000030517578,167.10000610351562,169.25,42936300
2018-03-01,155.56643676757812,164.47999572753906,168.07000732421875,163.0,167.3000030517578,76809900
2018-03-02,156.99461364746094,165.99000549316406,166.27999877929688,161.9600067138672,162.5,57445100
2018-03-05,158.73486328125,167.8300018310547,168.25999450683594,164.58999633789062,165.2100067138672,38540200
2018-03-06,159.4063720703125,168.5399932861328,169.11000061035156,167.47999572753906,168.64999389648438,29480900
2018-03-07,159.77525329589844,168.92999267578125,169.07000732421875,166.9600067138672,167.25,34609400
2018-03-08,160.65481567382812,169.86000061035156,169.97999572753906,168.9499969482422,169.6300048828125,25828400
2018-03-09,163.7760009765625,173.16000366210938,173.16000366210938,170.82000732421875,171.07000732421875,38310500
2018-03-12,164.6461639404297,174.0800018310547,174.47999572753906,173.27999877929688,173.6699981689453,37635000
2018-03-13,162.4046173095703,171.7100067138672,175.2100067138672,171.27000427246094,174.47999572753906,55638900
2018-03-14,162.37625122070312,171.67999267578125,172.74000549316406,170.92999267578125,172.61000061035156,40536400
2018-03-15,162.23435974121094,171.52999877929688,172.52999877929688,170.89999389648438,171.8000030517578,28810400
2018-03-16,161.75201416015625,171.02000427246094,172.1999969482422,170.94000244140625,171.82000732421875,31176700
2018-03-19,158.3008270263672,167.10000610351562,169.22000122070312,165.63999938964844,169.10000610351562,71395100
2018-03-20,158.82188415527344,167.64999389648438,168.0399932861328,166.61000061035156,167.1699981689453,34075700
2018-03-21,158.13031005859375,166.9199981689453,168.75999450683594,166.19000244140625,167.2100067138672,43863500
2018-03-22,154.22727966308594,162.8000030517578,165.77000427246094,162.58999633789062,164.61000061035156,66607300
2018-03-23,150.16314697265625,158.50999450683594,163.3000030517578,158.42999267578125,162.61000061035156,80110400
2018-03-26,155.74307250976562,164.39999389648438,164.60000610351562,159.16000366210938,161.72000122070312,57481500
2018-03-27,150.7031707763672,159.0800018310547,165.6199951171875,157.67999267578125,165.6199951171875,78889100
2018-03-28,148.96951293945312,157.25,159.77999877929688,156.0399932861328,158.1699981689453,89369700
2018-03-29,151.6978759765625,160.1300048828125,161.7100067138672,156.6300048828125,158.10000610351562,68692600
2018-04-02,147.3211212158203,155.50999450683594,159.74000549316406,153.8800048828125,158.99000549316406,85549400
2018-04-03,148.97898864746094,157.25999450683594,157.9199981689453,154.44000244140625,156.8699951171875,64090000
2018-04-04,151.3284149169922,159.74000549316406,160.22999572753906,154.0399932861328,154.22000122070312,65768700
2018-04-05,152.1904754638672,160.64999389648438,161.5800018310547,159.47999572753906,161.3300018310547,43054900
2018-04-06,148.3821563720703,156.6300048828125,160.4600067138672,155.8800048828125,158.8800048828125,59870900
2018-04-09,149.4242706298828,157.72999572753906,160.8800048828125,157.4600067138672,157.97999572753906,41810400
2018-04-10,152.72097778320312,161.2100067138672,161.72999572753906,159.07000732421875,160.2100067138672,48296800
2018-04-11,151.83993530273438,160.27999877929688,162.0,160.10000610351562,160.1999969482422,41622100
2018-04-12,153.66830444335938,162.2100067138672,162.77000427246094,161.16000366210938,161.25,30467900
2018-04-13,152.87255859375,161.3699951171875,163.25999450683594,160.6699981689453,163.02000427246094,44604900
2018-04-16,154.03785705566406,162.60000610351562,163.19000244140625,161.47999572753906,162.5,28180800
2018-04-17,157.35350036621094,166.10000610351562,166.4600067138672,163.91000366210938,164.24000549316406,35536100
2018-04-18,157.67559814453125,166.44000244140625,167.0,165.30999755859375,166.10000610351562,29573900
2018-04-19,156.22616577148438,164.91000366210938,165.99000549316406,164.33999633789062,165.60000610351562,34705700
2018-04-20,153.7536163330078,162.3000030517578,164.61000061035156,161.72999572753906,164.49000549316406,49197100
2018-04-23,153.36517333984375,161.88999938964844,163.72999572753906,161.02000427246094,163.08999633789062,33040600
2018-04-24,150.11581420898438,158.4600067138672,162.91000366210938,157.38999938964844,162.66000366210938,70256800
2018-04-25,150.29583740234375,158.64999389648438,159.30999755859375,156.47000122070312,158.74000549316406,52089300
2018-04-26,153.45993041992188,161.99000549316406,162.52999877929688,160.17999267578125,160.6999969482422,43005500
2018-04-27,153.55465698242188,162.08999633789062,164.41000366210938,161.1699981689453,164.3699951171875,51043400
2018-04-30,152.4652099609375,160.94000244140625,163.47999572753906,160.5399932861328,162.47000122070312,35615300
2018-05-01,154.20834350585938,162.77999877929688,162.8000030517578,160.13999938964844,160.52000427246094,36513500
2018-05-02,153.29888916015625,161.82000732421875,163.57000732421875,161.6300048828125,163.05999755859375,38646800
2018-05-03,153.27993774414062,161.8000030517578,162.39999389648438,159.22000122070312,161.0,60337100
2018-05-04,156.18826293945312,164.8699951171875,165.25,160.97999572753906,161.10000610351562,41543200
2018-05-07,157.48609924316406,166.24000549316406,166.77999877929688,165.50999450683594,165.63999938964844,32500200
2018-05-08,157.32510375976562,166.07000732421875,166.42999267578125,164.86000061035156,165.88999938964844,26040200
2018-05-09,159.03981018066406,167.8800048828125,168.0,165.77999877929688,166.3699951171875,29122700
2018-05-10,160.68820190429688,169.6199951171875,169.74000549316406,168.2899932861328,168.4199981689453,27067600
2018-05-11,160.53652954101562,169.4600067138672,169.86000061035156,168.72000122070312,169.4199981689453,24688800
2018-05-14,160.81130981445312,169.75,170.82000732421875,169.47000122070312,169.85000610351562,21821700
2018-05-15,159.0303192138672,167.8699951171875,168.5,166.97999572753906,168.41000366210938,49361600
2018-05-16,160.08184814453125,168.97999572753906,169.3699951171875,168.00999450683594,168.08999633789062,22941200
2018-05-17,159.46609497070312,168.3300018310547,169.61000061035156,167.50999450683594,168.38999938964844,27480200
2018-05-18,158.64190673828125,167.4600067138672,168.25999450683594,167.2100067138672,167.67999267578125,26217900
2018-05-21,159.53236389160156,168.39999389648438,169.5,167.67999267578125,168.75999450683594,22954600
2018-05-22,159.323974609375,168.17999267578125,169.4499969482422,167.8800048828125,169.1699981689453,19477700
2018-05-23,160.669189453125,169.60000610351562,169.6199951171875,166.8800048828125,166.89999389648438,26557800
2018-05-24,160.62184143066406,169.5500030517578,169.85000610351562,167.83999633789062,169.5500030517578,27696500
2018-05-25,160.78289794921875,169.72000122070312,170.3300018310547,169.2100067138672,169.52999877929688,27460500
2018-05-29,160.0723876953125,168.97000122070312,169.9199981689453,167.9600067138672,168.9499969482422,41220500
2018-05-30,161.21864318847656,170.17999267578125,170.47999572753906,169.22000122070312,169.5800018310547,22665800
2018-05-31,161.1144256591797,170.07000732421875,171.1999969482422,169.6300048828125,170.17999267578125,35670900
2018-06-01,163.6438446044922,172.74000549316406,172.83999633789062,170.8699951171875,170.9199981689453,45543300
2018-06-04,165.1217041015625,174.3000030517578,174.33999633789062,173.07000732421875,173.17999267578125,20459600
2018-06-05,165.63328552246094,174.83999633789062,175.1300048828125,174.07000732421875,174.7100067138672,24779300
2018-06-06,166.59957885742188,175.86000061035156,175.88999938964844,174.13999938964844,175.02000427246094,25036600
2018-06-07,165.24485778808594,174.42999267578125,175.92999267578125,173.5500030517578,175.88999938964844,39600300
2018-06-08,165.2543182373047,174.44000244140625,174.8800048828125,173.17999267578125,173.61000061035156,31780300
2018-06-11,165.69960021972656,174.91000366210938,175.33999633789062,174.27999877929688,174.30999755859375,22319700
2018-06-12,166.57113647460938,175.8300018310547,176.0,174.9600067138672,175.14999389648438,22511800
2018-06-13,166.5616455078125,175.82000732421875,177.13999938964844,175.42999267578125,176.10000610351562,37858600
2018-06-14,168.24795532226562,177.60000610351562,177.88999938964844,176.5,176.6300048828125,35916000
2018-06-15,167.66058349609375,176.97999572753906,177.3300018310547,176.11000061035156,176.92999267578125,49615700
2018-06-18,167.563720703125,176.5,176.64999389648438,174.94000244140625,175.49000549316406,31633200
2018-06-19,167.0890350341797,176.0,176.0399932861328,173.7100067138672,174.27000427246094,38236000
2018-06-20,168.27578735351562,177.25,177.97999572753906,176.64999389648438,176.80999755859375,33038000
2018-06-21,166.81373596191406,175.7100067138672,177.8800048828125,175.3699951171875,177.6999969482422,43469400
2018-06-22,166.44346618652344,175.32000732421875,176.3699951171875,174.69000244140625,176.3000030517578,30073200
2018-06-25,162.69349670410156,171.3699951171875,173.99000549316406,169.80999755859375,173.72999572753906,77799700
2018-06-26,163.35806274414062,172.07000732421875,173.05999755859375,171.3699951171875,172.0,39008100
2018-06-27,161.13650512695312,169.72999572753906,173.5800018310547,169.61000061035156,172.8000030517578,52843500
2018-06-28,162.52259826660156,171.19000244140625,171.77000427246094,169.1699981689453,169.52000427246094,46407700
2018-06-29,162.9593048095703,171.64999389648438,172.9199981689453,171.39999389648438,172.00999450683594,36408500
2018-07-02,164.0510711669922,172.8000030517578,172.85000610351562,169.6699981689453,170.0399932861328,31770000
2018-07-03,162.15228271484375,170.8000030517578,173.4499969482422,170.6300048828125,173.4499969482422,25512700
2018-07-05,164.16502380371094,172.9199981689453,173.05999755859375,171.02999877929688,171.91000366210938,31626200
2018-07-06,166.7188262939453,175.61000061035156,175.74000549316406,173.0,173.32000732421875,37005600
2018-07-09,168.21876525878906,177.19000244140625,177.22999572753906,175.82000732421875,176.52000427246094,27362100
2018-07-10,168.34219360351562,177.32000732421875,177.72000122070312,176.7100067138672,177.52000427246094,23902500
2018-07-11,167.48779296875,176.4199981689453,177.07000732421875,175.8000030517578,175.92999267578125,30280600
2018-07-12,170.37387084960938,179.4600067138672,179.4600067138672,177.0800018310547,177.1999969482422,27930100
2018-07-13,170.5163116455078,179.61000061035156,179.89999389648438,178.9499969482422,179.4499969482422,28049800
2018-07-16,170.1080322265625,179.17999267578125,179.9499969482422,178.8800048828125,179.64999389648438,21405300
2018-07-17,171.14291381835938,180.27000427246094,180.64999389648438,177.27999877929688,177.27999877929688,31034100
2018-07-18,170.82008361816406,179.92999267578125,180.44000244140625,179.3800048828125,180.2899932861328,23220800
2018-07-19,169.96566772460938,179.02999877929688,179.8800048828125,178.82000732421875,179.27999877929688,31094100
2018-07-20,169.92764282226562,178.99000549316406,180.1699981689453,178.7899932861328,179.57000732421875,35897300
2018-07-23,170.46878051757812,179.55999755859375,179.63999938964844,177.74000549316406,178.4600067138672,22184700
2018-07-24,171.1713104248047,180.3000030517578,182.0500030517578,179.55999755859375,181.41000366210938,36900300
2018-07-25,173.56375122070312,182.82000732421875,182.92999267578125,180.2899932861328,180.3800048828125,35026600
2018-07-26,170.93399047851562,180.0500030517578,180.9199981689453,179.80999755859375,180.33999633789062,40873500
2018-07-27,168.6270294189453,177.6199951171875,181.30999755859375,176.60000610351562,181.19000244140625,59456100
2018-07-30,166.24411010742188,175.11000061035156,177.72999572753906,174.27000427246094,177.6300048828125,60193000
2018-07-31,167.51625061035156,176.4499969482422,177.1300048828125,174.82000732421875,175.8000030517578,47285100
2018-08-01,168.15231323242188,177.1199951171875,177.64999389648438,176.10000610351562,176.86000061035156,37101900
2018-08-02,170.44033813476562,179.52999877929688,179.74000549316406,175.7899932861328,175.8699951171875,47178200
2018-08-03,170.9625244140625,180.0800018310547,180.08999633789062,179.0800018310547,179.8699951171875,28934400
2018-08-06,171.96881103515625,181.13999938964844,181.19000244140625,179.74000549316406,179.9600067138672,24808800
2018-08-07,172.59539794921875,181.8000030517578,182.13999938964844,181.25999450683594,181.64999389648438,29895700
2018-08-08,172.80429077148438,182.02000427246094,182.35000610351562,181.05999755859375,181.5500030517578,22680700
2018-08-09,172.6998748779297,181.91000366210938,182.6300048828125,181.63999938964844,181.91000366210938,18852900
2018-08-10,171.38027954101562,180.52000427246094,181.22000122070312,179.83999633789062,180.67999267578125,33818500
2018-08-13,171.19036865234375,180.32000732421875,182.00999450683594,180.24000549316406,180.85000610351562,26089200
2018-08-14,172.2631378173828,181.4499969482422,181.66000366210938,180.0399932861328,181.00999450683594,20913000
2018-08-15,170.15548706054688,179.22999572753906,180.5800018310547,178.1199951171875,180.00999450683594,58528000
2018-08-16,170.71563720703125,179.82000732421875,180.99000549316406,179.47000122070312,180.61000061035156,27711800
2018-08-17,170.75360107421875,179.86000061035156,180.30999755859375,178.27000427246094,179.35000610351562,36092600
2018-08-20,170.60169982910156,179.6999969482422,180.3300018310547,179.0,180.25999450683594,24939000
2018-08-21,171.228271484375,180.36000061035156,181.44000244140625,180.1300048828125,180.24000549316406,26258700
2018-08-22,171.89288330078125,181.05999755859375,181.27000427246094,179.75,179.97999572753906,18042400
2018-08-23,171.64605712890625,180.8000030517578,182.0500030517578,180.5,180.74000549316406,25776200
2018-08-24,173.24098205566406,182.47999572753906,182.6300048828125,181.36000061035156,181.39999389648438,23136100
2018-08-27,175.00680541992188,184.33999633789062,184.33999633789062,183.11000061035156,183.39999389648438,29343600
2018-08-28,175.26309204101562,184.61000061035156,185.02000427246094,184.22000122070312,184.8300018310547,20277000
2018-08-29,177.2852783203125,186.74000549316406,186.83999633789062,184.86000061035156,184.92999267578125,29175600
2018-08-30,176.97195434570312,186.41000366210938,187.52000427246094,185.7899932861328,186.3800048828125,29315500
2018-08-31,177.1998291015625,186.64999389648438,187.17999267578125,185.97999572753906,186.17999267578125,28653200
2018-09-04,176.4403533935547,185.85000610351562,186.39999389648438,184.85000610351562,186.0800018310547,29063500
2018-09-05,174.1618194580078,183.4499969482422,185.5500030517578,182.82000732421875,185.52000427246094,42623300
2018-09-06,172.6049041748047,181.80999755859375,183.75,180.5800018310547,183.52999877929688,46091400
2018-09-07,171.94032287597656,181.11000061035156,182.6699981689453,180.44000244140625,180.5,46629500
2018-09-10,172.51947021484375,181.72000122070312,182.25,180.72999572753906,182.14999389648438,26132000
2018-09-11,173.84854125976562,183.1199951171875,183.4199981689453,180.52000427246094,180.99000549316406,30116500
2018-09-12,173.33595275878906,182.5800018310547,182.97999572753906,181.00999450683594,182.85000610351562,36204000
2018-09-13,175.1871795654297,184.52999877929688,184.8800048828125,183.63999938964844,183.72000122070312,31133200
2018-09-14,174.67453002929688,183.99000549316406,184.9499969482422,183.25999450683594,184.66000366210938,31224100
2018-09-17,172.1586456298828,181.33999633789062,183.80999755859375,181.1699981689453,183.67999267578125,33071200
2018-09-18,173.58274841308594,182.83999633789062,183.72999572753906,181.39999389648438,181.49000549316406,31877300
2018-09-19,173.44981384277344,182.6999969482422,183.3000030517578,181.50999450683594,182.8699951171875,31843400
2018-09-20,175.3675537109375,184.72000122070312,184.97000122070312,183.52000427246094,183.9600067138672,33295800
2018-09-21,174.40869140625,183.7100067138672,185.47999572753906,183.47999572753906,185.22000122070312,38605400
2018-09-24,174.8937530517578,183.88999938964844,183.9600067138672,181.3000030517578,182.0500030517578,34945600
2018-09-25,175.13157653808594,184.13999938964844,184.27999877929688,183.17999267578125,183.80999755859375,25277500
2018-09-26,175.25515747070312,184.27000427246094,185.99000549316406,183.91000366210938,184.3000030517578,36210600
2018-09-27,176.73878479003906,185.8300018310547,186.49000549316406,184.9199981689453,185.02000427246094,33113300
2018-09-28,176.70079040527344,185.7899932861328,186.27999877929688,184.97000122070312,185.30999755859375,28076800
2018-10-01,177.06219482421875,186.1699981689453,187.52999877929688,185.6999969482422,186.8699951171875,27371300
2018-10-02,176.66275024414062,185.75,187.17999267578125,185.32000732421875,186.00999450683594,25618600
2018-10-03,176.85296630859375,185.9499969482422,186.97000122070312,185.66000366210938,186.52999877929688,29128700
2018-10-04,173.4576416015625,182.3800048828125,185.32000732421875,181.05999755859375,185.1999969482422,80557300
2018-10-05,171.3367156982422,180.14999389648438,182.97000122070312,178.42999267578125,182.36000061035156,83325600
2018-10-08,170.29054260253906,179.0500030517578,180.63999938964844,176.92999267578125,179.52000427246094,66864500
2018-10-09,170.84214782714844,179.6300048828125,181.02000427246094,178.75,179.17999267578125,49097900
2018-10-10,163.3286590576172,171.72999572753906,178.6199951171875,171.5,178.50999450683594,114471100
2018-10-11,161.30284118652344,169.60000610351562,173.39999389648438,167.80999755859375,171.02000427246094,143084500
2018-10-12,165.7919158935547,174.32000732421875,174.86000061035156,170.92999267578125,174.1699981689453,102078400
2018-10-15,163.78515625,172.2100067138672,174.0399932861328,171.55999755859375,173.7100067138672,64885300
2018-10-16,168.55006408691406,177.22000122070312,177.64999389648438,173.6999969482422,174.02000427246094,71979700
2018-10-17,168.6166534423828,177.2899932861328,178.25999450683594,175.47000122070312,178.0800018310547,66987600
2018-10-18,164.70770263671875,173.17999267578125,176.67999267578125,172.44000244140625,176.6199951171875,82486200
2018-10-19,164.55552673339844,173.02000427246094,176.07000732421875,172.38999938964844,174.5800018310547,82923700
2018-10-22,165.40199279785156,173.91000366210938,175.25,172.58999633789062,174.05999755859375,52909300
2018-10-23,164.79331970214844,173.27000427246094,174.1300048828125,168.82000732421875,170.63999938964844,77567000
2018-10-24,157.251220703125,165.33999633789062,173.36000061035156,165.0399932861328,173.07000732421875,102997400
2018-10-25,162.69143676757812,171.05999755859375,172.0800018310547,167.16000366210938,167.91000366210938,83481100
2018-10-26,158.5066680908203,166.66000366210938,169.9600067138672,164.22999572753906,165.1999969482422,130970900
2018-10-29,155.24447631835938,163.22999572753906,169.86000061035156,160.08999633789062,169.2100067138672,111871900
2018-10-30,157.80287170410156,165.9199981689453,166.0399932861328,162.00999450683594,162.75,92584000
2018-10-31,161.5121307373047,169.82000732421875,171.25,168.5399932861328,168.6199951171875,73828600
2018-11-01,163.6424560546875,172.05999755859375,172.24000549316406,168.77999877929688,170.07000732421875,52706800
2018-11-02,161.0936279296875,169.3800048828125,172.5500030517578,168.22000122070312,171.52999877929688,75966800
2018-11-05,160.69415283203125,168.9600067138672,169.66000366210938,167.0800018310547,169.60000610351562,39573500
2018-11-06,161.91151428222656,170.24000549316406,171.19000244140625,168.72000122070312,168.97000122070312,34410400
2018-11-07,166.99029541015625,175.5800018310547,175.5800018310547,171.8699951171875,172.27999877929688,51169600
2018-11-08,165.92510986328125,174.4600067138672,175.3000030517578,173.6300048828125,174.75999450683594,40296500
2018-11-09,163.12892150878906,171.52000427246094,173.25,170.16000366210938,172.8300018310547,50602700
2018-11-12,158.19285583496094,166.3300018310547,170.63999938964844,166.17999267578125,170.32000732421875,62578400
2018-11-13,158.3259735107422,166.47000122070312,169.47999572753906,166.0,167.11000061035156,64128100
2018-11-14,157.11807250976562,165.1999969482422,168.6999969482422,164.25,168.1199951171875,75270700
2018-11-15,159.86671447753906,168.08999633789062,168.5399932861328,163.4600067138672,164.89999389648438,73254300
2018-11-16,159.3055419921875,167.5,168.30999755859375,165.77999877929688,166.4499969482422,65390700
2018-11-19,154.1317596435547,162.05999755859375,166.89999389648438,161.5399932861328,166.6999969482422,67280500
2018-11-20,151.37359619140625,159.16000366210938,161.3800048828125,157.1300048828125,158.3699951171875,102652800
2018-11-21,152.52435302734375,160.3699951171875,161.97000122070312,159.22999572753906,161.35000610351562,42965800
2018-11-23,151.421142578125,159.2100067138672,160.83999633789062,159.08999633789062,159.08999633789062,23503700
2018-11-26,154.9210968017578,162.88999938964844,162.97000122070312,160.75999450683594,161.44000244140625,42012600
2018-11-27,155.4442138671875,163.44000244140625,163.85000610351562,161.17999267578125,162.0,36608100
2018-11-28,160.4468536376953,168.6999969482422,168.6999969482422,163.47000122070312,164.6199951171875,70141000
2018-11-29,159.9237823486328,168.14999389648438,169.25999450683594,166.82000732421875,167.99000549316406,44885700
2018-11-30,161.08407592773438,169.3699951171875,169.47000122070312,167.5399932861328,168.3800048828125,36722800
2018-12-03,163.89930725097656,172.3300018310547,173.30999755859375,169.50999450683594,173.11000061035156,50771700
2018-12-04,157.61265563964844,165.72000122070312,171.91000366210938,165.52000427246094,171.42999267578125,70594700
2018-12-06,158.72547912597656,166.88999938964844,166.91000366210938,161.77000427246094,162.3800048828125,71715500
2018-12-07,153.48501586914062,161.3800048828125,167.1199951171875,160.86000061035156,166.16000366210938,80432200
2018-12-10,155.09230041503906,163.07000732421875,163.77999877929688,159.41000366210938,161.0800018310547,73960800
2018-12-11,155.60589599609375,163.61000061035156,165.77000427246094,162.22999572753906,165.72999572753906,59058300
2018-12-12,156.9754638671875,165.0500030517578,167.60000610351562,164.9600067138672,166.0,53780000
2018-12-13,157.02296447753906,165.10000610351562,166.82000732421875,164.02999877929688,166.1300048828125,46378500
2018-12-14,153.19967651367188,161.0800018310547,163.80999755859375,160.6999969482422,163.2100067138672,56547400
2018-12-17,149.72821044921875,157.42999267578125,161.6699981689453,156.1699981689453,160.38999938964844,74834100
2018-12-18,150.6697540283203,158.4199981689453,159.9499969482422,157.0399932861328,158.64999389648438,63642100
2018-12-19,146.97010803222656,154.52999877929688,160.72000122070312,153.33999633789062,158.17999267578125,81856500
2018-12-20,144.8396453857422,152.2899932861328,155.8699951171875,150.38999938964844,154.14999389648438,99002100
2018-12-21,140.35060119628906,147.57000732421875,154.08999633789062,146.72000122070312,153.0500030517578,141129400
2018-12-24,136.87014770507812,143.5,147.97999572753906,143.4600067138672,146.0800018310547,56163300
2018-12-26,145.41622924804688,152.4600067138672,152.5399932861328,144.08999633789062,145.0800018310547,98982100
2018-12-27,145.97894287109375,153.0500030517578,153.17999267578125,147.0800018310547,150.3699951171875,85824300
2018-12-28,145.90264892578125,152.97000122070312,155.58999633789062,151.72000122070312,154.14999389648438,77856600
2018-12-31,147.13304138183594,154.25999450683594,154.97999572753906,152.7100067138672,154.47000122070312,53015300
2019-01-02,147.724365234375,154.8800048828125,155.75,150.8800048828125,150.99000549316406,58576700
2019-01-03,142.89820861816406,149.82000732421875,153.25999450683594,149.49000549316406,152.60000610351562,74820200
2019-01-04,149.01205444335938,156.22999572753906,157.0,151.74000549316406,152.33999633789062,74709300
2019-01-07,150.78611755371094,158.08999633789062,158.86000061035156,156.11000061035156,156.6199951171875,52059300
2019-01-08,152.15000915527344,159.52000427246094,160.11000061035156,157.1999969482422,159.5399932861328,49388700
2019-01-09,153.3899688720703,160.82000732421875,161.52000427246094,159.47000122070312,160.13999938964844,46491700
2019-01-10,153.82870483398438,161.27999877929688,161.3699951171875,158.6999969482422,159.60000610351562,38943400
2019-01-11,153.26600646972656,160.69000244140625,160.86000061035156,159.7899932861328,160.3300018310547,30176600
2019-01-14,151.91163635253906,159.27000427246094,159.9600067138672,158.58999633789062,159.3300018310547,30710200
2019-01-15,154.87791442871094,162.3800048828125,162.60000610351562,159.91000366210938,160.0,40874200
2019-01-16,154.84927368164062,162.35000610351562,163.77999877929688,162.2899932861328,162.64999389648438,33812200
2019-01-17,156.07015991210938,163.6300048828125,164.36000061035156,161.57000732421875,161.8300018310547,39329000
2019-01-18,157.6153106689453,165.25,166.02000427246094,163.82000732421875,164.77999877929688,57183200
2019-01-22,154.45822143554688,161.94000244140625,164.13999938964844,160.75999450683594,164.05999755859375,56711700
2019-01-23,154.6585693359375,162.14999389648438,163.50999450683594,160.32000732421875,162.77000427246094,38106100
2019-01-24,155.66001892089844,163.1999969482422,163.44000244140625,162.05999755859375,162.67999267578125,32417800
2019-01-25,157.5198974609375,165.14999389648438,165.64999389648438,163.9499969482422,164.50999450683594,36515900
2019-01-28,155.57418823242188,163.11000061035156,163.1199951171875,161.75,163.02000427246094,33491200
2019-01-29,154.10531616210938,161.57000732421875,163.24000549316406,160.99000549316406,163.1999969482422,30784200
2019-01-30,158.02545166015625,165.67999267578125,166.27999877929688,162.88999938964844,163.39999389648438,41346500
2019-01-31,160.390869140625,168.16000366210938,168.99000549316406,166.47000122070312,166.6999969482422,37258400
2019-02-01,159.71365356445312,167.4499969482422,168.60000610351562,166.99000549316406,167.3300018310547,32143700
2019-02-04,161.69754028320312,169.52999877929688,169.52999877929688,167.3300018310547,167.47999572753906,26718800
2019-02-05,163.12828063964844,171.02999877929688,171.22999572753906,169.69000244140625,169.75999450683594,28156400
2019-02-06,162.641845703125,170.52000427246094,171.3699951171875,169.75,171.07000732421875,27970000
2019-02-07,160.45765686035156,168.22999572753906,169.4499969482422,166.9499969482422,169.02999877929688,42036200
2019-02-08,160.77236938476562,168.55999755859375,168.58999633789062,166.57000732421875,166.75999450683594,29020700
2019-02-11,160.61972045898438,168.39999389648438,169.5800018310547,167.97999572753906,169.1699981689453,21434100
2019-02-12,162.9947509765625,170.88999938964844,171.13999938964844,169.3300018310547,169.6300048828125,29722100
2019-02-13,163.1091766357422,171.00999450683594,172.16000366210938,170.82000732421875,171.64999389648438,26094100
2019-02-14,163.3094940185547,171.22000122070312,171.8300018310547,169.8300018310547,170.39999389648438,30326800
2019-02-15,163.99623107910156,171.94000244140625,172.55999755859375,171.13999938964844,172.52000427246094,32521700
2019-02-19,164.32052612304688,172.27999877929688,172.8000030517578,171.3800048828125,171.41000366210938,19487700
2019-02-20,164.2919158935547,172.25,173.0800018310547,171.32000732421875,172.39999389648438,32593000
2019-02-21,163.69097900390625,171.6199951171875,172.25999450683594,170.7100067138672,171.7899932861328,25207400
2019-02-22,164.90234375,172.88999938964844,173.00999450683594,171.89999389648438,171.99000549316406,27735400
2019-02-25,165.5032501220703,173.52000427246094,174.66000366210938,173.39999389648438,174.2100067138672,32608800
2019-02-26,165.6749267578125,173.6999969482422,174.25,172.80999755859375,173.10000610351562,21939700
2019-02-27,165.56997680664062,173.58999633789062,173.8000030517578,171.75999450683594,172.89999389648438,25162000
2019-02-28,165.18844604492188,173.19000244140625,173.80999755859375,172.6999969482422,173.0500030517578,25085500
2019-03-01,166.33299255371094,174.38999938964844,174.64999389648438,173.17999267578125,174.44000244140625,31431200
2019-03-04,166.36163330078125,174.4199981689453,175.7899932861328,172.47000122070312,175.5399932861328,38063500
2019-03-05,166.485595703125,174.5500030517578,175.08999633789062,173.69000244140625,174.5500030517578,22319900
2019-03-06,165.5413360595703,173.55999755859375,174.75,173.27999877929688,174.72000122070312,27194600
2019-03-07,163.50973510742188,171.42999267578125,173.17999267578125,170.7899932861328,173.1199951171875,39407400
2019-03-08,163.26181030273438,171.1699981689453,171.25999450683594,169.33999633789062,169.50999450683594,39303200
2019-03-11,166.65733337402344,174.72999572753906,174.85000610351562,171.85000610351562,171.8800048828125,30518400
2019-03-12,167.57298278808594,175.69000244140625,176.13999938964844,174.77000427246094,175.19000244140625,33953500
2019-03-13,168.83200073242188,177.00999450683594,177.92999267578125,176.35000610351562,176.60000610351562,42426100
2019-03-14,168.5458221435547,176.7100067138672,177.33999633789062,176.66000366210938,177.1300048828125,23751500
2019-03-15,170.11007690429688,178.35000610351562,178.8800048828125,177.27999877929688,177.39999389648438,38192000
2019-03-18,170.51519775390625,178.4499969482422,178.99000549316406,177.58999633789062,177.9499969482422,32935100
2019-03-19,171.0885772705078,179.0500030517578,180.0,178.2899932861328,179.17999267578125,36893300
2019-03-20,171.7669677734375,179.75999450683594,180.86000061035156,178.24000549316406,179.05999755859375,50105000
2019-03-21,174.4520263671875,182.57000732421875,182.8300018310547,179.1999969482422,179.22000122070312,42428500
2019-03-22,170.62033081054688,178.55999755859375,182.27000427246094,178.3699951171875,181.77999877929688,70794500
2019-03-25,170.2954864501953,178.22000122070312,178.83999633789062,176.92999267578125,177.91000366210938,46336500
2019-03-26,171.0885772705078,179.0500030517578,180.69000244140625,178.13999938964844,179.60000610351562,33248100
2019-03-27,169.98965454101562,177.89999389648438,179.72000122070312,176.60000610351562,179.32000732421875,37096700
2019-03-28,170.3814697265625,178.30999755859375,178.97999572753906,177.24000549316406,178.36000061035156,30368200
2019-03-29,171.67144775390625,179.66000366210938,179.8300018310547,178.58999633789062,179.69000244140625,35205500
2019-04-01,173.94557189941406,182.0399932861328,182.25999450683594,180.77000427246094,181.50999450683594,30969500
2019-04-02,174.60488891601562,182.72999572753906,182.91000366210938,181.77999877929688,182.24000549316406,22645200
2019-04-03,175.6082000732422,183.77999877929688,184.9199981689453,183.2100067138672,183.75999450683594,31633500
2019-04-04,175.54132080078125,183.7100067138672,184.5,182.64999389648438,183.8300018310547,28530800
2019-04-05,176.44908142089844,184.66000366210938,184.77000427246094,184.02000427246094,184.24000549316406,25674700
2019-04-08,176.89820861816406,185.1300048828125,185.27999877929688,183.6300048828125,184.36000061035156,22697500
2019-04-09,176.277099609375,184.47999572753906,185.11000061035156,184.08999633789062,184.5,25631900
2019-04-10,177.2230682373047,185.47000122070312,185.52999877929688,184.52000427246094,184.72000122070312,24563000
2019-04-11,176.8026580810547,185.02999877929688,185.77999877929688,184.69000244140625,185.77999877929688,20654100
2019-04-12,177.56707763671875,185.8300018310547,185.9499969482422,185.05999755859375,185.85000610351562,24989100
2019-04-15,177.595703125,185.86000061035156,186.07000732421875,184.6199951171875,185.83999633789062,21073000
2019-04-16,178.207275390625,186.5,186.91000366210938,185.92999267578125,186.5399932861328,27195700
2019-04-17,178.8283233642578,187.14999389648438,187.92999267578125,186.60000610351562,187.75,29651600
2019-04-18,179.05770874023438,187.38999938964844,187.7899932861328,186.2899932861328,187.4600067138672,28580900
2019-04-22,179.5641632080078,187.9199981689453,187.99000549316406,186.42999267578125,186.57000732421875,17936000
2019-04-23,181.8478546142578,190.30999755859375,190.5399932861328,188.1300048828125,188.39999389648438,33665600
2019-04-24,181.27455139160156,189.7100067138672,190.7100067138672,189.64999389648438,190.47000122070312,24977100
2019-04-25,182.01026916503906,190.47999572753906,191.22000122070312,189.4499969482422,191.1300048828125,29517500
2019-04-26,182.17274475097656,190.64999389648438,190.69000244140625,188.58999633789062,190.17999267578125,26359500
2019-04-29,182.52630615234375,191.02000427246094,191.32000732421875,190.33999633789062,190.64999389648438,21716200
2019-04-30,181.112060546875,189.5399932861328,189.85000610351562,188.2100067138672,189.47999572753906,31495300
2019-05-01,180.5292205810547,188.92999267578125,191.32000732421875,188.8000030517578,190.77999877929688,34797100
2019-05-02,179.7456512451172,188.11000061035156,189.85000610351562,186.8699951171875,188.8699951171875,44110100
2019-05-03,182.6123046875,191.11000061035156,191.25,189.3300018310547,189.6699981689453,30386200
2019-05-06,181.49432373046875,189.94000244140625,190.1999969482422,186.75999450683594,187.0500030517578,38371800
2019-05-07,177.9588165283203,186.24000549316406,188.6699981689453,184.50999450683594,187.8699951171875,58818100
2019-05-08,177.50975036621094,185.77000427246094,187.1699981689453,184.9600067138672,185.6300048828125,37165300
2019-05-09,176.55421447753906,184.77000427246094,185.41000366210938,182.08999633789062,183.6999969482422,55351700
2019-05-10,176.77398681640625,185.0,185.88999938964844,181.02999877929688,184.11000061035156,58526400
2019-05-13,170.63943481445312,178.5800018310547,181.25999450683594,178.05999755859375,180.2899932861328,67185800
2019-05-14,172.51231384277344,180.5399932861328,181.6300048828125,178.86000061035156,179.52000427246094,43360600
2019-05-15,174.9488983154297,183.08999633789062,183.5500030517578,179.30999755859375,179.35000610351562,40944500
2019-05-16,176.70706176757812,184.92999267578125,186.07000732421875,182.9499969482422,183.1699981689453,39281200
2019-05-17,174.90118408203125,183.0399932861328,185.5800018310547,182.8800048828125,183.10000610351562,44702300
2019-05-20,171.94850158691406,179.9499969482422,181.17999267578125,179.33999633789062,180.49000549316406,38608300
2019-05-21,173.74496459960938,181.8300018310547,182.3300018310547,180.9199981689453,181.5,31613800
2019-05-22,172.970947265625,181.02000427246094,182.07000732421875,180.75,180.82000732421875,24332600
2019-05-23,170.32406616210938,178.25,179.02000427246094,177.13999938964844,178.94000244140625,45351300
2019-05-24,170.2381134033203,178.16000366210938,179.85000610351562,177.94000244140625,179.2100067138672,25903300
2019-05-28,169.59786987304688,177.49000549316406,179.66000366210938,177.47000122070312,178.66000366210938,24763800
2019-05-29,168.2028350830078,176.02999877929688,177.0,175.08999633789062,176.38999938964844,42178800
2019-05-30,168.90988159179688,176.77000427246094,177.27000427246094,175.77000427246094,176.5,30354800
2019-05-31,166.21531677246094,173.9499969482422,175.2899932861328,173.8699951171875,174.69000244140625,45446200
2019-06-03,162.5556182861328,170.1199951171875,173.9499969482422,169.27000427246094,173.47999572753906,75842300
2019-06-04,167.1326446533203,174.91000366210938,174.97000122070312,171.3699951171875,172.02999877929688,47797800
2019-06-05,168.37484741210938,176.2100067138672,176.61000061035156,174.3800048828125,176.5800018310547,34412700
2019-06-06,169.7125701904297,177.61000061035156,178.0399932861328,175.72999572753906,176.50999450683594,29913200
2019-06-07,172.99002075195312,181.0399932861328,181.77000427246094,178.3300018310547,178.55999755859375,45888300
2019-06-10,175.00621032714844,183.14999389648438,184.85000610351562,182.2100067138672,182.25,41385300
2019-06-11,175.24514770507812,183.39999389648438,185.39999389648438,182.77999877929688,185.05999755859375,41260300
2019-06-12,174.23226928710938,182.33999633789062,183.27999877929688,182.0,182.89999389648438,27758100
2019-06-13,175.26422119140625,183.4199981689453,183.8699951171875,182.74000549316406,183.10000610351562,23715800
2019-06-14,174.51889038085938,182.63999938964844,183.11000061035156,181.94000244140625,182.47999572753906,22844100
2019-06-17,175.5699920654297,183.74000549316406,184.25,182.83999633789062,183.0399932861328,20379500
2019-06-18,178.1212615966797,186.41000366210938,187.72000122070312,185.42999267578125,185.91000366210938,48177300
2019-06-19,178.7901611328125,187.11000061035156,187.52999877929688,185.57000732421875,186.66000366210938,31672900
2019-06-20,180.45277404785156,188.85000610351562,189.75999450683594,187.16000366210938,189.72000122070312,40922000
2019-06-21,180.18524169921875,188.57000732421875,189.77000427246094,188.1699981689453,188.6300048828125,39980400
2019-06-24,180.19097900390625,188.16000366210938,188.72000122070312,188.05999755859375,188.52999877929688,19375200
2019-06-25,177.09779357910156,184.92999267578125,188.13999938964844,184.64999389648438,188.02999877929688,33921100
2019-06-26,177.92137145996094,185.7899932861328,187.3300018310547,185.49000549316406,186.16000366210938,22595700
2019-06-27,178.60128784179688,186.5,186.94000244140625,185.99000549316406,186.4600067138672,19709200
2019-06-28,178.83111572265625,186.74000549316406,187.14999389648438,186.07000732421875,186.9499969482422,21179200
2019-07-01,181.24436950683594,189.25999450683594,190.57000732421875,188.3800048828125,190.32000732421875,31025600
2019-07-02,181.96263122558594,190.00999450683594,190.02999877929688,188.66000366210938,189.1999969482422,18035800
2019-07-03,183.33206176757812,191.44000244140625,191.44000244140625,190.2899932861328,190.49000549316406,15792100
2019-07-05,182.95858764648438,191.0500030517578,191.39999389648438,189.38999938964844,190.1300048828125,21415600
2019-07-08,181.6753387451172,189.7100067138672,189.8699951171875,188.92999267578125,189.80999755859375,17598800
2019-07-09,182.58514404296875,190.66000366210938,190.89999389648438,188.64999389648438,188.80999755859375,19193500
2019-07-10,184.40463256835938,192.55999755859375,193.08999633789062,191.47000122070312,191.82000732421875,28374500
2019-07-11,184.2705841064453,192.4199981689453,193.33999633789062,191.80999755859375,192.85000610351562,23736100
2019-07-12,185.33355712890625,193.52999877929688,193.5399932861328,192.4499969482422,192.6300048828125,20211900
2019-07-15,185.92726135253906,194.14999389648438,194.19000244140625,193.44000244140625,193.97999572753906,15606100
2019-07-16,184.96961975097656,193.14999389648438,194.08999633789062,192.55999755859375,193.91000366210938,20190900
2019-07-17,184.0598602294922,192.1999969482422,193.49000549316406,192.17999267578125,193.14999389648438,16765100
2019-07-18,184.2705841064453,192.4199981689453,192.7899932861328,190.69000244140625,191.2899932861328,28877000
2019-07-19,182.9202423095703,191.00999450683594,193.8300018310547,190.80999755859375,193.74000549316406,29387900
2019-07-22,184.37588500976562,192.52999877929688,192.94000244140625,191.44000244140625,191.44000244140625,18954900
2019-07-23,185.58250427246094,193.7899932861328,193.80999755859375,192.2899932861328,193.5800018310547,23786700
2019-07-24,186.8848876953125,195.14999389648438,195.16000366210938,193.02999877929688,193.0500030517578,20422900
2019-07-25,185.11328125,193.3000030517578,194.52000427246094,192.92999267578125,194.49000549316406,23434700
2019-07-26,187.01901245117188,195.2899932861328,195.5500030517578,194.42999267578125,194.52999877929688,20431200
2019-07-29,186.37738037109375,194.6199951171875,195.17999267578125,193.38999938964844,195.11000061035156,20451700
2019-07-30,185.57298278808594,193.77999877929688,194.5399932861328,192.99000549316406,193.1300048828125,18705000
2019-07-31,183.00648498535156,191.10000610351562,194.42999267578125,189.32000732421875,194.3000030517578,41627500
2019-08-01,182.09669494628906,190.14999389648438,194.97999572753906,189.22999572753906,191.42999267578125,63251600
2019-08-02,179.41525268554688,187.35000610351562,188.99000549316406,186.2100067138672,188.72000122070312,55214000
2019-08-05,173.0756378173828,180.72999572753906,183.50999450683594,179.1999969482422,183.42999267578125,75040000
2019-08-06,175.4984588623047,183.25999450683594,183.8000030517578,181.07000732421875,182.39999389648438,41897200
2019-08-07,176.4466094970703,184.25,184.50999450683594,179.88999938964844,181.27000427246094,49990600
2019-08-08,180.2866973876953,188.25999450683594,188.32000732421875,184.57000732421875,185.0800018310547,38418100
2019-08-09,178.59173583984375,186.49000549316406,188.0,185.02999877929688,187.36000061035156,33608900
2019-08-12,176.5423583984375,184.35000610351562,185.89999389648438,183.5,185.33999633789062,24642900
2019-08-13,180.4112548828125,188.38999938964844,189.67999267578125,184.02000427246094,184.19000244140625,40241900
2019-08-14,175.01966857910156,182.75999450683594,185.9499969482422,182.4199981689453,185.36000061035156,51000500
2019-08-15,174.8185577392578,182.5500030517578,183.58999633789062,181.16000366210938,183.0,36685000
2019-08-16,177.6244659423828,185.47999572753906,185.9499969482422,184.10000610351562,184.2100067138672,32781400
2019-08-19,180.44961547851562,188.42999267578125,188.8300018310547,187.5,188.16000366210938,22494100
2019-08-20,179.05142211914062,186.97000122070312,188.63999938964844,186.9199981689453,187.9600067138672,19902900
2019-08-21,180.64112854003906,188.6300048828125,189.22999572753906,187.9600067138672,188.61000061035156,20418500
2019-08-22,180.056884765625,188.02000427246094,189.4600067138672,186.5399932861328,188.97999572753906,24243700
2019-08-23,174.35887145996094,182.07000732421875,188.4499969482422,181.55999755859375,186.74000549316406,55372400
2019-08-26,176.99244689941406,184.82000732421875,184.8699951171875,183.0800018310547,184.13999938964844,27598900
2019-08-27,176.61898803710938,184.42999267578125,186.4199981689453,183.7100067138672,186.11000061035156,28012800
2019-08-28,177.2509765625,185.08999633789062,185.39999389648438,182.91000366210938,183.8300018310547,21792400
2019-08-29,179.961181640625,187.9199981689453,188.4600067138672,186.67999267578125,187.38999938964844,25358900
2019-08-30,179.5302276611328,187.47000122070312,188.97000122070312,186.41000366210938,188.92999267578125,26319800
2019-09-03,177.7872772216797,185.64999389648438,187.17999267578125,185.02999877929688,186.22000122070312,27964200
2019-09-04,180.3538360595703,188.3300018310547,188.49000549316406,186.89999389648438,187.44000244140625,21592100
2019-09-05,183.65762329101562,191.77999877929688,192.3300018310547,190.33999633789062,190.41000366210938,33932600
2019-09-06,183.47564697265625,191.58999633789062,192.1699981689453,191.1699981689453,192.10000610351562,19487800
2019-09-09,183.0926513671875,191.19000244140625,192.27000427246094,190.22000122070312,192.19000244140625,24407600
2019-09-10,182.56597900390625,190.63999938964844,190.74000549316406,188.91000366210938,190.16000366210938,23744700
2019-09-11,184.28013610839844,192.42999267578125,192.52999877929688,190.55999755859375,191.0,25063600
2019-09-12,185.04629516601562,193.22999572753906,194.7100067138672,192.97000122070312,193.61000061035156,28689900
2019-09-13,184.38543701171875,192.5399932861328,193.39999389648438,192.2899932861328,192.9499969482422,27669800
2019-09-16,183.5618438720703,191.67999267578125,192.0800018310547,191.11000061035156,191.3000030517578,20319000
2019-09-17,184.44293212890625,192.60000610351562,192.60000610351562,191.2899932861328,191.6999969482422,20953400
2019-09-18,184.3663787841797,192.52000427246094,192.60000610351562,190.11000061035156,192.1999969482422,29781300
2019-09-19,184.67274475097656,192.83999633789062,194.0399932861328,192.47000122070312,192.86000061035156,26039400
2019-09-20,182.71917724609375,190.8000030517578,193.30999755859375,190.16000366210938,193.11000061035156,29086100
2019-09-23,182.79978942871094,190.5,191.07000732421875,189.72000122070312,190.36000061035156,22485900
2019-09-24,180.37196350097656,187.97000122070312,191.7899932861328,187.14999389648438,191.3699951171875,40820700
2019-09-25,182.39675903320312,190.0800018310547,190.5800018310547,186.2100067138672,187.77999877929688,34704900
2019-09-26,181.7250213623047,189.3800048828125,190.0,187.97999572753906,189.8300018310547,26826000
2019-09-27,179.47003173828125,187.02999877929688,189.8300018310547,185.75,189.72999572753906,40773500
2019-09-30,181.17807006835938,188.80999755859375,189.11000061035156,187.39999389648438,187.7899932861328,26307700
2019-10-01,179.70034790039062,187.27000427246094,190.58999633789062,186.9600067138672,189.5,32367600
2019-10-02,176.6105194091797,184.0500030517578,186.02999877929688,183.02000427246094,186.0,48544300
2019-10-03,178.54884338378906,186.07000732421875,186.2100067138672,181.82000732421875,184.02999877929688,39392500
2019-10-04,181.17807006835938,188.80999755859375,189.0800018310547,186.8800048828125,187.0800018310547,31887600
2019-10-07,180.63107299804688,188.24000549316406,189.74000549316406,187.91000366210938,188.27000427246094,21216000
2019-10-08,177.92510986328125,185.4199981689453,187.86000061035156,185.27000427246094,187.05999755859375,32379300
2019-10-09,179.6619110107422,187.22999572753906,188.0800018310547,186.42999267578125,186.99000549316406,20147400
2019-10-10,181.05331420898438,188.67999267578125,189.42999267578125,187.1199951171875,187.27999877929688,25177700
2019-10-11,183.3850860595703,191.11000061035156,192.6300048828125,190.72000122070312,190.8300018310547,40976700
2019-10-14,183.3658905029297,191.08999633789062,191.6999969482422,190.64999389648438,190.83999633789062,14975000
2019-10-15,185.69773864746094,193.52000427246094,193.97000122070312,191.55999755859375,191.67999267578125,23234200
2019-10-16,185.2371063232422,193.0399932861328,193.52999877929688,192.42999267578125,192.86000061035156,20457100
2019-10-17,185.7264862060547,193.5500030517578,194.5,192.80999755859375,194.1999969482422,19045200
2019-10-18,183.94168090820312,191.69000244140625,193.6699981689453,190.7100067138672,193.1999969482422,27700800
2019-10-21,185.57298278808594,193.38999938964844,193.52000427246094,192.13999938964844,192.7100067138672,15801200
2019-10-22,184.0951690673828,191.85000610351562,194.4199981689453,191.7899932861328,194.14999389648438,22392300
2019-10-23,184.4502716064453,192.22000122070312,192.25999450683594,191.14999389648438,191.4600067138672,14828400
2019-10-24,186.24464416503906,194.08999633789062,194.2100067138672,192.74000549316406,193.58999633789062,18998500
2019-10-25,187.7319793701172,195.63999938964844,195.74000549316406,193.0500030517578,193.08999633789062,21507100
2019-10-28,189.58399963378906,197.57000732421875,197.8300018310547,196.5500030517578,196.5500030517578,18818700
2019-10-29,188.1158447265625,196.0399932861328,197.5399932861328,196.00999450683594,197.24000549316406,18569700
2019-10-30,189.02743530273438,196.99000549316406,197.32000732421875,195.2899932861328,196.4199981689453,21764300
2019-10-31,189.1138153076172,197.0800018310547,197.64999389648438,195.94000244140625,197.55999755859375,26801800
2019-11-01,190.8314208984375,198.8699951171875,198.8800048828125,197.6300048828125,197.92999267578125,22131900
2019-11-04,192.01170349121094,200.10000610351562,200.52999877929688,198.8699951171875,200.19000244140625,19015900
2019-11-05,192.11727905273438,200.2100067138672,200.5500030517578,199.5500030517578,200.35000610351562,15048900
2019-11-06,191.6854705810547,199.75999450683594,200.0,198.7899932861328,199.97999572753906,19725500
2019-11-07,192.328369140625,200.42999267578125,201.72000122070312,199.85000610351562,200.75999450683594,17832400
2019-11-08,193.09605407714844,201.22999572753906,201.25,199.5399932861328,200.07000732421875,15258800
2019-11-11,192.8369598388672,200.9600067138672,201.0399932861328,199.94000244140625,200.2100067138672,10147600
2019-11-12,193.3935089111328,201.5399932861328,202.2100067138672,200.82000732421875,201.1300048828125,14778300
2019-11-13,193.4414825439453,201.58999633789062,201.77999877929688,200.7100067138672,200.83999633789062,15774600
2019-11-14,193.2879638671875,201.42999267578125,201.55999755859375,200.22000122070312,200.8300018310547,16945400
2019-11-15,194.70816040039062,202.91000366210938,202.91000366210938,202.0,202.64999389648438,18427900
2019-11-18,194.86167907714844,203.07000732421875,203.38999938964844,201.77000427246094,202.58999633789062,18365900
2019-11-19,195.14952087402344,203.3699951171875,203.83999633789062,202.58999633789062,203.83999633789062,16923300
2019-11-20,193.97891235351562,202.14999389648438,203.4499969482422,200.6199951171875,202.83999633789062,36629000
2019-11-21,193.5469970703125,201.6999969482422,202.07000732421875,201.07000732421875,201.92999267578125,17883600
2019-11-22,193.67178344726562,201.8300018310547,202.32000732421875,200.74000549316406,202.1999969482422,17189600
2019-11-25,195.9651641845703,204.22000122070312,204.25999450683594,202.6699981689453,202.6999969482422,17752800
2019-11-26,196.33946228027344,204.61000061035156,204.8699951171875,204.0500030517578,204.35000610351562,14780600
2019-11-27,197.7115936279297,206.0399932861328,206.0500030517578,204.88999938964844,205.13999938964844,16963100
2019-11-29,196.8096466064453,205.10000610351562,205.8300018310547,205.0,205.52000427246094,9854600
2019-12-02,194.79449462890625,203.0,205.17999267578125,201.77999877929688,205.11000061035156,28007000
2019-12-03,193.2688446044922,201.41000366210938,201.49000549316406,199.22999572753906,200.2100067138672,31104100
2019-12-04,194.24754333496094,202.42999267578125,202.91000366210938,202.13999938964844,202.44000244140625,15300100
2019-12-05,194.63136291503906,202.8300018310547,203.14999389648438,201.83999633789062,203.14999389648438,14962300
2019-12-06,196.71365356445312,205.0,205.14999389648438,204.14999389648438,204.30999755859375,16555300
2019-12-09,195.8212127685547,204.07000732421875,205.58999633789062,203.97999572753906,204.6300048828125,13984100
2019-12-10,195.6581268310547,203.89999389648438,204.8800048828125,203.44000244140625,204.1699981689453,21799800
2019-12-11,196.6944580078125,204.97999572753906,205.19000244140625,204.0399932861328,204.36000061035156,18780800
2019-12-12,198.16261291503906,206.50999450683594,207.32000732421875,204.49000549316406,204.77000427246094,32612000
2019-12-13,198.8151092529297,207.19000244140625,207.91000366210938,205.9600067138672,206.39999389648438,32519400
2019-12-16,200.81106567382812,209.27000427246094,209.52999877929688,208.47999572753906,208.5500030517578,21296600
2019-12-17,200.92620849609375,209.38999938964844,209.7100067138672,209.0399932861328,209.5399932861328,15996100
2019-12-18,201.0797576904297,209.5500030517578,210.1300048828125,209.3300018310547,209.57000732421875,15443300
2019-12-19,202.3368377685547,210.86000061035156,210.92999267578125,209.6199951171875,209.63999938964844,17865900
2019-12-20,203.15243530273438,211.7100067138672,212.52000427246094,211.27000427246094,211.86000061035156,27672600
2019-12-23,203.68902587890625,211.80999755859375,212.14999389648438,211.6300048828125,212.0,23774700
2019-12-24,203.7947998046875,211.9199981689453,212.08999633789062,211.44000244140625,212.0,7089000
2019-12-26,205.5931396484375,213.7899932861328,213.80999755859375,212.22999572753906,212.25999450683594,17067500
2019-12-27,205.4200439453125,213.61000061035156,214.55999755859375,213.0399932861328,214.5399932861328,18134100
2019-12-30,204.07371520996094,212.2100067138672,213.6300048828125,211.16000366210938,213.5,21815500
2019-12-31,204.45843505859375,212.61000061035156,212.75999450683594,211.1999969482422,211.52999877929688,18170900
2020-01-02,207.87225341796875,216.16000366210938,216.16000366210938,213.97999572753906,214.39999389648438,30969400
2020-01-03,205.9681396484375,214.17999267578125,215.47000122070312,213.27999877929688,213.3000030517578,27518900
2020-01-06,207.29527282714844,215.55999755859375,215.58999633789062,212.24000549316406,212.5,21655300
2020-01-07,207.2664337158203,215.52999877929688,216.13999938964844,214.85000610351562,215.63999938964844,22139300
2020-01-08,208.8242950439453,217.14999389648438,218.13999938964844,215.16000366210938,215.5,26397300
2020-01-09,210.59376525878906,218.99000549316406,219.41000366210938,217.7100067138672,218.94000244140625,23547000
2020-01-10,210.05523681640625,218.42999267578125,219.8699951171875,218.0399932861328,219.85000610351562,21898500
2020-01-13,212.47860717773438,220.9499969482422,220.97999572753906,218.97999572753906,219.3300018310547,22756900
2020-01-14,211.64195251464844,220.0800018310547,221.2100067138672,219.74000549316406,220.83999633789062,24418100
2020-01-15,211.728515625,220.1699981689453,221.1999969482422,219.4499969482422,220.1999969482422,25742100
2020-01-16,213.75759887695312,222.27999877929688,222.32000732421875,220.8000030517578,221.27000427246094,18805000
2020-01-17,214.81541442871094,223.3800048828125,223.55999755859375,222.1199951171875,223.27999877929688,24325200
2020-01-21,214.71926879882812,223.27999877929688,223.83999633789062,222.66000366210938,222.75999450683594,21146300
2020-01-22,215.2866668701172,223.8699951171875,225.14999389648438,223.58999633789062,224.41000366210938,20736400
2020-01-23,215.9790496826172,224.58999633789062,224.69000244140625,222.6999969482422,223.74000549316406,26496100
2020-01-24,214.1615447998047,222.6999969482422,225.8800048828125,221.6699981689453,225.63999938964844,37436500
2020-01-27,209.7379150390625,218.10000610351562,219.27999877929688,217.17999267578125,217.6699981689453,42264400
2020-01-28,212.95944213867188,221.4499969482422,221.9600067138672,219.05999755859375,219.63999938964844,26731900
2020-01-29,213.3056182861328,221.80999755859375,222.92999267578125,220.8300018310547,222.67999267578125,28924500
2020-01-30,214.0653533935547,222.60000610351562,222.6999969482422,219.69000244140625,220.3800048828125,39568100
2020-01-31,210.67068481445312,219.07000732421875,223.55999755859375,218.2899932861328,223.52999877929688,52015800
2020-02-03,213.85374450683594,222.3800048828125,222.88999938964844,219.99000549316406,220.13999938964844,25408600
2020-02-04,218.7486114501953,227.47000122070312,227.86000061035156,224.64999389648438,225.4199981689453,30691200
2020-02-05,219.46990966796875,228.22000122070312,230.25,226.85000610351562,230.2100067138672,38534800
2020-02-06,221.36436462402344,230.19000244140625,230.25,227.97999572753906,228.7899932861328,22467100
2020-02-07,220.41226196289062,229.1999969482422,230.44000244140625,228.5399932861328,229.16000366210938,25884900
2020-02-10,223.0760955810547,231.97000122070312,231.97999572753906,228.3800048828125,228.44000244140625,21478900
2020-02-11,223.1145477294922,232.00999450683594,234.02000427246094,231.39999389648438,233.25,30198000
2020-02-12,225.28790283203125,234.27000427246094,234.3800048828125,232.8000030517578,233.3800048828125,24471300
2020-02-13,224.99945068359375,233.97000122070312,234.92999267578125,232.36000061035156,232.63999938964844,22773200
2020-02-14,225.64370727539062,234.63999938964844,234.86000061035156,233.5500030517578,234.33999633789062,23438500
2020-02-18,225.7302703857422,234.72999572753906,235.1699981689453,233.25,233.5,24394500
2020-02-19,227.89402770996094,236.97999572753906,237.47000122070312,235.85000610351562,236.1300048828125,22230500
2020-02-20,225.7783203125,234.77999877929688,236.9499969482422,231.8800048828125,236.4600067138672,42604000
2020-02-21,221.44125366210938,230.27000427246094,234.00999450683594,229.32000732421875,233.61000061035156,66017200
2020-02-24,212.90170288085938,221.38999938964844,224.25,220.25999450683594,221.67999267578125,84522600
2020-02-25,207.11251831054688,215.3699951171875,223.99000549316406,214.74000549316406,223.25,97743000
2020-02-26,208.1800079345703,216.47999572753906,220.27999877929688,214.89999389648438,216.7100067138672,79537700
2020-02-27,197.75564575195312,205.63999938964844,216.4199981689453,205.5,210.89999389648438,121822600
2020-02-28,197.9094696044922,205.8000030517578,207.1699981689453,198.1699981689453,198.63999938964844,148173700
2020-03-02,208.12229919433594,216.4199981689453,216.57000732421875,205.94000244140625,208.8800048828125,112933900
2020-03-03,201.44837951660156,209.47999572753906,219.61000061035156,207.6199951171875,217.11000061035156,131953500
2020-03-04,209.85325622558594,218.22000122070312,218.3300018310547,211.3699951171875,213.32000732421875,73086200
2020-03-05,203.4774627685547,211.58999633789062,216.36000061035156,210.10000610351562,212.69000244140625,78705500
2020-03-06,200.04432678222656,208.02000427246094,209.14999389648438,202.91000366210938,204.6699981689453,89828400
2020-03-09,186.1483917236328,193.57000732421875,201.16000366210938,192.11000061035156,193.47999572753906,116424000
2020-03-10,196.2842559814453,204.11000061035156,204.3000030517578,193.67999267578125,201.11000061035156,100599200
2020-03-11,187.73513793945312,195.22000122070312,200.75,192.72999572753906,199.35000610351562,89168800
2020-03-12,170.5214080810547,177.32000732421875,190.77999877929688,176.94000244140625,182.08999633789062,137820700
2020-03-13,184.96556091308594,192.33999633789062,194.47999572753906,178.1300048828125,187.07000732421875,134882000
2020-03-16,162.8088836669922,169.3000030517578,184.67999267578125,169.16000366210938,174.14999389648438,92054400
2020-03-17,175.1566162109375,182.13999938964844,184.38999938964844,169.77999877929688,175.47000122070312,121257100
2020-03-18,169.8290557861328,176.60000610351562,179.22000122070312,166.8000030517578,171.61000061035156,114156300
2020-03-19,170.84837341308594,177.66000366210938,183.49000549316406,171.6300048828125,175.69000244140625,120896500
2020-03-20,164.1552276611328,170.6999969482422,182.8699951171875,170.10000610351562,181.74000549316406,118983900
2020-03-23,164.27377319335938,170.4600067138672,174.2100067138672,164.92999267578125,170.9199981689453,124639800
2020-03-24,176.99473571777344,183.66000366210938,183.8300018310547,177.9499969482422,179.91000366210938,94881800
2020-03-25,175.6840362548828,182.3000030517578,189.50999450683594,179.97999572753906,184.4199981689453,88754900
2020-03-26,184.93569946289062,191.89999389648438,192.72000122070312,183.61000061035156,183.8699951171875,79887600
2020-03-27,178.5752410888672,185.3000030517578,190.50999450683594,184.66000366210938,186.92999267578125,58845000
2020-03-30,185.07058715820312,192.0399932861328,192.49000549316406,186.33999633789062,187.05999755859375,49356900
2020-03-31,183.4901123046875,190.39999389648438,195.25,189.1999969482422,191.72000122070312,62659300
2020-04-01,175.69374084472656,182.30999755859375,187.66000366210938,180.86000061035156,184.77000427246094,53715400
2020-04-02,179.25946044921875,186.00999450683594,190.10000610351562,180.97000122070312,181.24000549316406,56465300
2020-04-03,176.7152862548828,183.3699951171875,187.07000732421875,181.2899932861328,185.5500030517578,47487600
2020-04-06,189.34945678710938,196.47999572753906,197.64999389648438,189.19000244140625,190.47999572753906,64763500
2020-04-07,189.2723388671875,196.39999389648438,202.66000366210938,196.0,202.3699951171875,69904500
2020-04-08,193.29104614257812,200.57000732421875,201.1699981689453,196.1699981689453,198.14999389648438,45940400
2020-04-09,193.5704803466797,200.86000061035156,203.22000122070312,199.02999877929688,202.35000610351562,68252600
2020-04-13,195.66175842285156,203.02999877929688,203.4199981689453,198.75,200.0,42853900
2020-04-14,204.1713104248047,211.86000061035156,212.5,206.4199981689453,207.22999572753906,63959600
2020-04-15,201.82949829101562,209.42999267578125,211.8300018310547,207.1199951171875,208.47999572753906,47036000
2020-04-16,205.51083374023438,213.25,214.3699951171875,209.69000244140625,211.69000244140625,64657400
2020-04-17,207.47679138183594,215.2899932861328,216.50999450683594,212.0800018310547,216.1699981689453,62863200
2020-04-20,205.0193634033203,212.74000549316406,215.8800048828125,212.57000732421875,213.36000061035156,38249100
2020-04-21,197.4542236328125,204.88999938964844,211.16000366210938,203.6300048828125,210.60000610351562,72932800
2020-04-22,203.3135986328125,210.97000122070312,212.35000610351562,208.3300018310547,209.10000610351562,40089100
2020-04-23,202.87991333007812,210.52000427246094,214.44000244140625,210.10000610351562,211.7899932861328,43278500
2020-04-24,206.07943725585938,213.83999633789062,214.3000030517578,209.5,210.97000122070312,34231900
2020-04-27,207.7369842529297,215.55999755859375,216.6300048828125,214.5,216.19000244140625,36451700
2020-04-28,203.82437133789062,211.5,217.32000732421875,211.2100067138672,217.32000732421875,46862800
2020-04-29,211.05218505859375,219.0,219.97000122070312,215.13999938964844,216.19000244140625,48716400
2020-04-30,210.96543884277344,218.91000366210938,220.0399932861328,217.35000610351562,219.9499969482422,43359500
2020-05-01,205.0193634033203,212.74000549316406,216.6699981689453,211.67999267578125,214.5,48795000
2020-05-04,207.40936279296875,215.22000122070312,215.4499969482422,211.1199951171875,211.4600067138672,32841000
2020-05-05,209.7608184814453,217.66000366210938,220.13999938964844,216.85000610351562,217.44000244140625,37783100
2020-05-06,211.05218505859375,219.0,221.0399932861328,218.11000061035156,219.39999389648438,36455200
2020-05-07,213.76983642578125,221.82000732421875,222.72999572753906,220.4199981689453,221.82000732421875,38624800
2020-05-08,216.69952392578125,224.86000061035156,225.0,222.47999572753906,223.5500030517578,31852300
2020-05-11,218.63658142089844,226.8699951171875,227.92999267578125,223.25,223.49000549316406,35714100
2020-05-12,214.05892944335938,222.1199951171875,228.10000610351562,222.08999633789062,227.49000549316406,41054100
2020-05-13,211.3798065185547,219.33999633789062,224.61000061035156,216.7100067138672,222.66000366210938,65521200
2020-05-14,213.77947998046875,221.8300018310547,221.8699951171875,215.99000549316406,217.97000122070312,51549300
2020-05-15,215.16720581054688,223.27000427246094,223.3300018310547,218.3300018310547,218.77999877929688,55747200
2020-05-18,219.17623901367188,227.42999267578125,228.67999267578125,225.47000122070312,226.27999877929688,42398100
2020-05-19,218.62696838378906,226.86000061035156,229.85000610351562,226.7100067138672,227.6999969482422,36237300
2020-05-20,222.99252319335938,231.38999938964844,231.75999450683594,229.47999572753906,229.5,37417000
2020-05-21,220.56399536132812,228.8699951171875,232.13999938964844,228.33999633789062,231.44000244140625,43642900
2020-05-22,221.32528686523438,229.66000366210938,229.8699951171875,227.5,228.4499969482422,28762400
2020-05-26,220.72784423828125,229.0399932861328,233.57000732421875,228.7899932861328,233.36000061035156,33055300
2020-05-27,221.93243408203125,230.2899932861328,230.41000366210938,223.94000244140625,228.69000244140625,55665600
2020-05-28,221.6433563232422,229.99000549316406,233.47000122070312,229.0500030517578,229.11000061035156,42784300
2020-05-29,224.8910675048828,233.36000061035156,233.60000610351562,228.75999450683594,230.3800048828125,50691800
2020-06-01,225.5656280517578,234.05999755859375,234.4499969482422,232.0,232.4600067138672,25776000
2020-06-02,227.07867431640625,235.6300048828125,235.69000244140625,232.00999450683594,234.5,33383400
2020-06-03,228.10018920898438,236.69000244140625,237.47000122070312,235.35000610351562,236.25999450683594,37228700
2020-06-04,226.50045776367188,235.02999877929688,237.7899932861328,233.67999267578125,236.3300018310547,38716100
2020-06-05,230.99130249023438,239.69000244140625,240.3000030517578,235.6300048828125,236.22000122070312,47365600
2020-06-08,232.78382873535156,241.5500030517578,241.67999267578125,237.91000366210938,239.5399932861328,32937300
2020-06-09,234.47032165527344,243.3000030517578,244.17999267578125,240.47000122070312,240.66000366210938,35046300
2020-06-10,237.28428649902344,246.22000122070312,247.82000732421875,244.50999450683594,245.0500030517578,58084400
2020-06-11,225.5270538330078,234.02000427246094,243.58999633789062,233.9600067138672,242.16000366210938,72919400
2020-06-12,227.31959533691406,235.8800048828125,240.39999389648438,231.74000549316406,239.08999633789062,72034800
2020-06-15,230.08541870117188,238.75,239.4499969482422,231.47000122070312,232.44000244140625,45307400
2020-06-16,234.03662109375,242.85000610351562,244.38999938964844,239.10000610351562,243.77999877929688,48890100
2020-06-17,234.77874755859375,243.6199951171875,245.5,242.72999572753906,244.39999389648438,34749300
2020-06-18,235.4147491455078,244.27999877929688,244.52999877929688,242.49000549316406,243.2899932861328,30578600
2020-06-19,235.37619018554688,244.24000549316406,247.0,242.4499969482422,246.72999572753906,49422100
2020-06-22,238.19898986816406,246.74000549316406,246.8699951171875,243.3800048828125,243.67999267578125,24068700
2020-06-23,240.2262725830078,248.83999633789062,251.14999389648438,247.82000732421875,248.38999938964844,32767400
2020-06-24,235.2738800048828,243.7100067138672,249.3300018310547,242.16000366210938,248.05999755859375,46032400
2020-06-25,237.51356506347656,246.02999877929688,246.33999633789062,241.13999938964844,243.8000030517578,36940800
2020-06-26,231.9046630859375,240.22000122070312,245.9600067138672,239.67999267578125,245.77999877929688,52824600
2020-06-29,234.4339599609375,242.83999633789062,242.85000610351562,237.35000610351562,239.97000122070312,34377800
2020-06-30,239.0291748046875,247.60000610351562,248.16000366210938,242.5800018310547,242.77000427246094,38909200
2020-07-01,241.81918334960938,250.49000549316406,251.52000427246094,247.0800018310547,247.63999938964844,34689200
2020-07-02,243.46031188964844,252.19000244140625,254.27000427246094,251.7100067138672,253.02000427246094,31956500
2020-07-06,249.4457244873047,258.3900146484375,258.92999267578125,255.42999267578125,255.4499969482422,34589000
2020-07-07,247.727294921875,256.6099853515625,260.8800048828125,256.29998779296875,258.1300048828125,36578200
2020-07-08,250.9902801513672,259.989990234375,260.0199890136719,256.5,257.9800109863281,30426300
2020-07-09,253.1045379638672,262.17999267578125,262.8699951171875,257.6300048828125,261.9700012207031,40312900
2020-07-10,254.83253479003906,263.9700012207031,264.2300109863281,259.260009765625,262.0299987792969,32885300
2020-07-13,249.5904998779297,258.5400085449219,269.7900085449219,257.69000244140625,266.9100036621094,64108100
2020-07-14,251.3571319580078,260.3699951171875,260.7900085449219,252.75999450683594,255.92999267578125,72230500
2020-07-15,251.8688201904297,260.8999938964844,262.69000244140625,257.489990234375,261.8299865722656,54523900
2020-07-16,250.15040588378906,259.1199951171875,259.7799987792969,255.6199951171875,258.0199890136719,47594100
2020-07-17,250.4400634765625,259.4200134277344,260.30999755859375,257.1700134277344,259.5899963378906,35137900
2020-07-20,257.54522705078125,266.7799987792969,267.42999267578125,258.7900085449219,260.0799865722656,40610100
2020-07-21,254.86158752441406,264.0,268.4100036621094,263.1300048828125,268.3999938964844,43243800
2020-07-22,255.75930786132812,264.92999267578125,265.8900146484375,262.54998779296875,264.510009765625,29865500
2020-07-23,249.078857421875,258.010009765625,265.239990234375,256.54998779296875,264.510009765625,51363500
2020-07-24,246.71365356445312,255.55999755859375,256.92999267578125,251.32000732421875,254.0399932861328,54054500
2020-07-27,251.1157989501953,260.1199951171875,260.5199890136719,256.45001220703125,257.260009765625,36445700
2020-07-28,247.92037963867188,256.80999755859375,259.8500061035156,256.510009765625,259.30999755859375,31302400
2020-07-29,250.77789306640625,259.7699890136719,260.6600036621094,257.9100036621094,258.3999938964844,27556900
2020-07-30,252.09085083007812,261.1300048828125,261.7099914550781,256.54998779296875,257.739990234375,41774500
2020-07-31,256.5894470214844,265.7900085449219,265.95001220703125,260.8500061035156,265.9100036621094,53686300
2020-08-03,260.05523681640625,269.3800048828125,270.1499938964844,267.8699951171875,268.0,32081600
2020-08-04,261.02069091796875,270.3800048828125,270.4800109863281,268.0899963378906,268.8599853515625,24911300
2020-08-05,261.66741943359375,271.04998779296875,271.5199890136719,269.9599914550781,270.8800048828125,21612100
2020-08-06,265.1331481933594,274.6400146484375,274.9800109863281,270.19000244140625,270.8500061035156,28048200
2020-08-07,262.072998046875,271.4700012207031,274.8800048828125,269.25,274.0799865722656,44969400
2020-08-10,260.9530334472656,270.30999755859375,271.9800109863281,266.6700134277344,271.7699890136719,35088400
2020-08-11,256.0102844238281,265.19000244140625,270.44000244140625,264.6300048828125,269.1099853515625,43104300
2020-08-12,262.4494323730469,271.8599853515625,272.8399963378906,267.3699951171875,267.4200134277344,38773400
2020-08-13,263.0480041503906,272.4800109863281,274.8299865722656,271.510009765625,272.6600036621094,31895700
2020-08-14,262.7389831542969,272.1600036621094,273.3999938964844,270.7200012207031,273.1199951171875,30799500
2020-08-17,265.7897033691406,275.32000732421875,275.8399963378906,272.20001220703125,273.92999267578125,24803000
2020-08-18,268.347900390625,277.9700012207031,278.4599914550781,274.9100036621094,276.4200134277344,23529500
2020-08-19,266.54266357421875,276.1000061035156,279.0199890136719,275.57000732421875,277.92999267578125,31999400
2020-08-20,270.2401123046875,279.92999267578125,280.42999267578125,274.8599853515625,275.2799987792969,27723400
2020-08-21,272.1129150390625,281.8699951171875,282.3399963378906,279.4599914550781,280.1300048828125,34748900
2020-08-24,273.81195068359375,283.6300048828125,286.0,281.2699890136719,285.25,36418500
2020-08-25,275.9648742675781,285.8599853515625,286.05999755859375,282.3699951171875,282.8299865722656,34866600
2020-08-26,281.8536682128906,291.9599914550781,292.2200012207031,285.8299865722656,287.1499938964844,42216700
2020-08-27,280.97515869140625,291.04998779296875,293.8500061035156,288.7099914550781,292.9700012207031,49482700
2020-08-28,282.4039611816406,292.5299987792969,293.17999267578125,290.92999267578125,292.3299865722656,28021000
2020-08-31,284.672607421875,294.8800048828125,296.75,292.6199951171875,293.07000732421875,36321000
2020-09-01,289.53814697265625,299.9200134277344,300.0400085449219,295.7900085449219,297.6199951171875,36216200
2020-09-02,292.2797546386719,302.760009765625,303.5,296.8900146484375,303.2799987792969,50836800
2020-09-03,277.4611511230469,287.4100036621094,298.6199951171875,284.4100036621094,298.1000061035156,110083300
2020-09-04,273.76361083984375,283.5799865722656,288.92999267578125,271.79998779296875,285.55999755859375,123959000
2020-09-08,260.6055603027344,269.95001220703125,278.2200012207031,269.6600036621094,272.2200012207031,99568600
2020-09-09,268.26104736328125,277.8800048828125,280.04998779296875,273.0,275.6400146484375,64837900
2020-09-10,262.9128723144531,272.3399963378906,282.20001220703125,270.55999755859375,280.94000244140625,69667500
2020-09-11,261.08831787109375,270.45001220703125,275.2200012207031,266.8999938964844,274.1499938964844,71809000
2020-09-14,265.63519287109375,275.1600036621094,277.2200012207031,272.9599914550781,274.3599853515625,38525200
2020-09-15,269.4001770019531,279.05999755859375,280.45001220703125,275.1300048828125,279.0299987792969,41849900
2020-09-16,265.104248046875,274.6099853515625,280.3599853515625,274.25,279.8800048828125,42321000
2020-09-17,260.9627380371094,270.32000732421875,274.3999938964844,266.67999267578125,267.54998779296875,81570800
2020-09-18,257.6322021484375,266.8699951171875,272.0899963378906,262.6300048828125,271.7900085449219,86251100
2020-09-21,258.2500305175781,267.510009765625,267.6499938964844,260.1099853515625,262.4700012207031,57168600
2020-09-22,263.0480041503906,272.4800109863281,273.0799865722656,266.5400085449219,269.989990234375,41128900
2020-09-23,255.0159454345703,264.1600036621094,272.3399963378906,263.25,272.1499938964844,48837300
2020-09-24,256.203369140625,265.3900146484375,268.70001220703125,261.2200012207031,261.3900146484375,70631700
2020-09-25,262.1598205566406,271.55999755859375,272.3999938964844,264.29998779296875,265.9100036621094,55242400
2020-09-28,267.6046142578125,277.20001220703125,277.20001220703125,271.6700134277344,276.5799865722656,58438300
2020-09-29,266.3978576660156,275.95001220703125,277.7099914550781,275.3699951171875,276.6199951171875,27050000
2020-09-30,268.2223815917969,277.8399963378906,281.0899963378906,275.8699951171875,276.1499938964844,49380800
2020-10-01,272.4797668457031,282.25,282.8800048828125,279.8399963378906,281.7900085449219,50020200
2020-10-02,264.8146667480469,274.30999755859375,282.239990234375,273.44000244140625,276.0199890136719,75497400
2020-10-05,270.4620666503906,280.1600036621094,280.489990234375,276.2300109863281,276.3399963378906,28184600
2020-10-06,265.63519287109375,275.1600036621094,281.19000244140625,274.25,279.45001220703125,49704200
2020-10-07,270.23040771484375,279.9200134277344,280.739990234375,277.2799987792969,277.8900146484375,27539700
2020-10-08,271.6688232421875,281.4100036621094,282.4700012207031,280.30999755859375,282.3999938964844,25443300
2020-10-09,275.8199157714844,285.7099914550781,285.7900085449219,282.7099914550781,283.1099853515625,30201100
2020-10-12,284.334716796875,294.5299987792969,297.4599914550781,289.4700012207031,290.54998779296875,79370700
2020-10-13,284.32501220703125,294.5199890136719,297.04998779296875,293.1099853515625,296.3900146484375,64240000
2020-10-14,281.9501953125,292.05999755859375,296.3500061035156,290.260009765625,295.3500061035156,36949100
2020-10-15,280.0579833984375,290.1000061035156,290.7099914550781,286.5400085449219,287.20001220703125,42514200
2020-10-16,278.5230712890625,288.510009765625,293.2699890136719,288.1499938964844,291.79998779296875,40570700
2020-10-19,273.9761047363281,283.79998779296875,291.4800109863281,282.7900085449219,290.489990234375,36756800
2020-10-20,274.56500244140625,284.4100036621094,287.6199951171875,282.95001220703125,284.55999755859375,32195400
2020-10-21,274.35260009765625,284.19000244140625,287.32000732421875,283.69000244140625,284.6700134277344,29306100
2020-10-22,274.34295654296875,284.17999267578125,285.9800109863281,280.82000732421875,285.04998779296875,32196200
2020-10-23,274.8836364746094,284.739990234375,284.9100036621094,281.7799987792969,284.7699890136719,24658500
2020-10-26,270.7613830566406,280.4700012207031,285.29998779296875,276.760009765625,282.3800048828125,38421100
2020-10-27,272.8756103515625,282.6600036621094,283.510009765625,280.20001220703125,281.5,30559100
2020-10-28,262.2370910644531,271.6400146484375,278.6400146484375,271.3800048828125,278.010009765625,53413500
2020-10-29,266.8226013183594,276.3900146484375,279.489990234375,272.5199890136719,273.0,43246300
2020-10-30,260.05523681640625,269.3800048828125,275.239990234375,267.07000732421875,274.3399963378906,65838300
2020-11-02,260.634521484375,269.9800109863281,273.5199890136719,266.9700012207031,271.8500061035156,39987400
2020-11-03,265.14288330078125,274.6499938964844,276.82000732421875,270.8399963378906,271.9599914550781,43604100
2020-11-04,276.97845458984375,286.9100036621094,288.7699890136719,281.8699951171875,283.5899963378906,75728200
2020-11-05,284.1995849609375,294.3900146484375,295.3900146484375,292.0,293.5299987792969,52054200
2020-11-06,284.41192626953125,294.6099853515625,295.3599853515625,289.8299865722656,293.7099914550781,40959800
2020-11-09,278.6003112792969,288.5899963378906,299.1400146484375,288.1199951171875,297.6499938964844,86537100
2020-11-10,273.609375,283.4200134277344,286.6600036621094,280.6199951171875,285.1700134277344,69024900
2020-11-11,279.72979736328125,289.760009765625,290.25,283.3800048828125,286.0299987792969,36102900
2020-11-12,278.4169006347656,288.3999938964844,292.07000732421875,287.25,290.760009765625,34414600
2020-11-13,280.8592224121094,290.92999267578125,291.57000732421875,287.8699951171875,290.1700134277344,24806900
2020-11-16,283.05072021484375,293.20001220703125,293.510009765625,289.989990234375,290.6199951171875,30168400
2020-11-17,282.15289306640625,292.2699890136719,293.739990234375,291.6099853515625,293.3999938964844,21843500
2020-11-18,280.0677490234375,290.1099853515625,293.3699951171875,290.0199890136719,291.70001220703125,28069600
2020-11-19,282.2590637207031,292.3800048828125,292.70001220703125,288.8500061035156,289.5400085449219,22718400
2020-11-20,280.328369140625,290.3800048828125,293.07000732421875,290.2900085449219,292.29998779296875,25907300
2020-11-23,280.3380432128906,290.3900146484375,292.75,288.07000732421875,291.4100036621094,26875600
2020-11-24,284.27679443359375,294.4700012207031,294.9800109863281,289.6300048828125,291.489990234375,24516800
2020-11-25,286.0240783691406,296.2799987792969,296.94000244140625,294.5899963378906,295.57000732421875,23326800
2020-11-27,288.6596374511719,299.010009765625,300.1700134277344,297.8999938964844,298.30999755859375,17163100
2020-11-30,289.2485046386719,299.6199951171875,299.9700012207031,294.7799987792969,299.3399963378906,27836200
2020-12-01,292.95550537109375,303.4599914550781,305.1400146484375,300.8299865722656,301.9700012207031,27521300
2020-12-02,293.3321533203125,303.8500061035156,304.20001220703125,300.3500061035156,302.25,23620000
2020-12-03,293.7470397949219,304.2799987792969,305.8800048828125,303.5299987792969,304.1700134277344,22828700
2020-12-04,294.9442443847656,305.5199890136719,305.6700134277344,303.6300048828125,304.3299865722656,19332100
2020-12-07,296.6144104003906,307.25,307.6300048828125,305.5199890136719,305.7099914550781,20851000
2020-12-08,297.61834716796875,308.2900085449219,308.6000061035156,304.95001220703125,306.760009765625,18341500
2020-12-09,290.87994384765625,301.30999755859375,308.3599853515625,300.2099914550781,308.07000732421875,48839300
2020-12-10,292.048095703125,302.5199890136719,303.67999267578125,298.0899963378906,299.2099914550781,27519500
2020-12-11,291.4013366699219,301.8500061035156,301.9800109863281,298.4700012207031,300.80999755859375,26760400
2020-12-14,293.5155334472656,304.0400085449219,306.04998779296875,303.010009765625,303.0799865722656,28804800
2020-12-15,296.6529846191406,307.2900085449219,307.2900085449219,304.1099853515625,306.3699951171875,25709000
2020-12-16,298.28448486328125,308.9800109863281,309.7900085449219,306.6199951171875,307.70001220703125,25461900
2020-12-17,300.2345886230469,311.0,311.239990234375,309.3900146484375,310.6300048828125,23730500
2020-12-18,299.3271484375,310.05999755859375,311.9800109863281,307.6099853515625,311.6600036621094,41173400
2020-12-21,298.7671203613281,308.9200134277344,309.4700012207031,303.6000061035156,306.4599914550781,37095500
2020-12-22,299.57952880859375,309.760009765625,310.7099914550781,306.8500061035156,309.8500061035156,26176300
2020-12-23,298.07080078125,308.20001220703125,310.17999267578125,308.0400085449219,309.80999755859375,21201300
2020-12-24,299.3861083984375,309.55999755859375,310.0199890136719,308.3900146484375,308.4700012207031,16785000
2020-12-28,302.40350341796875,312.67999267578125,313.1700134277344,310.3599853515625,312.25,22497700
2020-12-29,302.6742858886719,312.9599914550781,314.69000244140625,312.0299987792969,314.04998779296875,25871900
2020-12-30,302.6839904785156,312.9700012207031,314.489990234375,312.3299865722656,314.1600036621094,18138100
2020-12-31,303.4286804199219,313.739990234375,314.239990234375,311.760009765625,312.8699951171875,21611400
2021-01-04,299.14434814453125,309.30999755859375,315.2900085449219,305.17999267578125,315.1099853515625,45305900
2021-01-05,301.61053466796875,311.8599853515625,312.1400146484375,308.2900085449219,308.2900085449219,29323400
2021-01-06,297.4325866699219,307.5400085449219,311.8800048828125,305.9800109863281,307.0,52809600
2021-01-07,304.6279602050781,314.9800109863281,315.8399963378906,310.25,310.2799987792969,30394800
2021-01-08,308.5448303222656,319.0299987792969,319.3900146484375,315.0799865722656,317.3399963378906,33955800
2021-01-11,304.08642578125,314.4200134277344,317.19000244140625,313.75,315.9800109863281,32746400
2021-01-12,303.6028137207031,313.9200134277344,315.5799865722656,311.20001220703125,314.4599914550781,29266800
2021-01-13,305.6531677246094,316.0400085449219,316.8599853515625,313.57000732421875,314.19000244140625,22898400
2021-01-14,304.0187072753906,314.3500061035156,317.5299987792969,313.8599853515625,316.5,23500100
2021-01-15,301.61053466796875,311.8599853515625,315.1199951171875,310.5799865722656,314.1300048828125,35118700
2021-01-19,306.0109558105469,316.4100036621094,316.92999267578125,313.1199951171875,314.25,24537000
2021-01-20,313.1290588378906,323.7699890136719,324.739990234375,316.510009765625,320.1400146484375,30728100
2021-01-21,315.6338806152344,326.3599853515625,327.1300048828125,323.7300109863281,325.1499938964844,25130600
2021-01-22,314.7248840332031,325.4200134277344,326.4599914550781,324.7099914550781,325.2900085449219,21609400
2021-01-25,317.326416015625,328.1099853515625,330.32000732421875,321.4100036621094,328.9100036621094,39080600
2021-01-26,317.790771484375,328.5899963378906,329.760009765625,327.2200012207031,328.8500061035156,25498100
2021-01-27,308.9317321777344,319.42999267578125,326.2699890136719,317.3599853515625,326.260009765625,55264000
2021-01-28,310.7596130371094,321.32000732421875,326.4200134277344,320.0299987792969,320.6700134277344,42836300
2021-01-29,304.2218017578125,314.55999755859375,320.7200012207031,312.760009765625,319.5799865722656,55259000
2021-02-01,311.823486328125,322.4200134277344,323.5400085449219,316.0199890136719,318.1099853515625,35646000
2021-02-02,316.9106140136719,327.67999267578125,328.8699951171875,325.30999755859375,325.4800109863281,33930800
2021-02-03,315.6532287597656,326.3800048828125,330.20001220703125,326.32000732421875,329.82000732421875,24824500
2021-02-04,319.38641357421875,330.239990234375,330.3299865722656,326.4599914550781,327.82000732421875,22350900
2021-02-05,320.4695739746094,331.3599853515625,332.3999938964844,329.5299987792969,331.2200012207031,22732000
2021-02-08,322.6166076660156,333.5799865722656,333.739990234375,331.4100036621094,333.1000061035156,20462800
2021-02-09,322.5489501953125,333.510009765625,334.80999755859375,332.6099853515625,332.6199951171875,17597500
2021-02-10,321.81390380859375,332.75,335.4599914550781,329.5,334.989990234375,28068700
2021-02-11,323.5837097167969,334.5799865722656,335.0,332.1199951171875,334.3299865722656,22046100
2021-02-12,325.39239501953125,336.45001220703125,336.6199951171875,332.6300048828125,333.7099914550781,20346800
2021-02-16,324.51220703125,335.5400085449219,338.19000244140625,334.3399963378906,337.2699890136719,27080800
2021-02-17,322.95526123046875,333.92999267578125,335.6600036621094,330.1700134277344,332.4700012207031,31360300
2021-02-18,321.54315185546875,332.4700012207031,333.8699951171875,328.3599853515625,330.2300109863281,32236200
2021-02-19,320.1407775878906,331.0199890136719,333.989990234375,329.9700012207031,333.8599853515625,39157700
2021-02-22,311.84283447265625,322.44000244140625,327.79998779296875,322.2300109863281,326.5,47256900
2021-02-23,310.91436767578125,321.4800109863281,323.20001220703125,311.0,317.0,97241900
2021-02-24,313.4772644042969,324.1300048828125,324.45001220703125,315.9599914550781,318.739990234375,58206300
2021-02-25,302.5486145019531,312.8299865722656,324.0299987792969,311.239990234375,321.3900146484375,110182600
2021-02-26,303.8155822753906,314.1400146484375,319.1099853515625,310.8800048828125,315.8500061035156,104739800
2021-03-01,312.95501708984375,323.5899963378906,323.94000244140625,317.94000244140625,319.2699890136719,49164500
2021-03-02,307.9355163574219,318.3999938964844,324.3299865722656,318.1400146484375,324.25,48370000
2021-03-03,298.99920654296875,309.1600036621094,318.239990234375,309.1000061035156,317.2699890136719,86301100
2021-03-04,294.1055908203125,304.1000061035156,312.0400085449219,300.1099853515625,308.7799987792969,139131600
2021-03-05,298.5349426269531,308.67999267578125,309.6099853515625,297.45001220703125,306.79998779296875,121523700
2021-03-08,290.08221435546875,299.94000244140625,310.05999755859375,299.510009765625,308.1199951171875,88409800
2021-03-09,301.5234069824219,311.7699890136719,313.7300109863281,306.9200134277344,307.4700012207031,80391100
2021-03-10,300.6627502441406,310.8800048828125,316.4700012207031,310.1700134277344,316.1600036621094,76798100
2021-03-11,307.58740234375,318.0400085449219,319.8599853515625,314.8500061035156,315.7699890136719,53484800
2021-03-12,305.0921630859375,315.4599914550781,318.2300109863281,311.3900146484375,313.8599853515625,69315600
2021-03-15,308.3513488769531,318.8299865722656,319.0,314.1000061035156,315.7900085449219,42955700
2021-03-16,310.0439147949219,320.5799865722656,324.20001220703125,319.1000061035156,321.0899963378906,54925900
2021-03-17,311.320556640625,321.8999938964844,323.8500061035156,315.67999267578125,317.45001220703125,78258700
2021-03-18,301.78460693359375,312.0400085449219,317.8800048828125,311.57000732421875,316.8699951171875,82718100
2021-03-19,302.8484191894531,313.1400146484375,314.7300109863281,309.6600036621094,311.8699951171875,78446200
2021-03-22,308.52789306640625,318.6099853515625,320.739990234375,315.2099914550781,315.2099914550781,56194800
2021-03-23,307.18182373046875,317.2200012207031,321.0899963378906,316.3800048828125,319.7300109863281,53455400
2021-03-24,302.0011291503906,311.8699951171875,318.6700134277344,311.7200012207031,318.6300048828125,64803700
2021-03-25,301.4781799316406,311.3299865722656,312.8900146484375,307.3900146484375,309.9700012207031,78729000
2021-03-26,306.00048828125,316.0,316.3299865722656,309.6700134277344,311.1099853515625,63519600
2021-03-29,305.9132995605469,315.9100036621094,316.989990234375,312.4700012207031,315.45001220703125,54608000
2021-03-30,304.3735656738281,314.32000732421875,314.9100036621094,311.5400085449219,313.8900146484375,44635700
2021-03-31,309.03143310546875,319.1300048828125,320.739990234375,315.80999755859375,316.1600036621094,55032500
2021-04-01,314.2991943359375,324.57000732421875,324.7099914550781,322.80999755859375,323.07000732421875,55685600
2021-04-05,320.57421875,331.04998779296875,331.8399963378906,326.8800048828125,327.1300048828125,42172500
2021-04-06,320.35150146484375,330.82000732421875,332.8299865722656,330.0199890136719,330.7300109863281,33537200
2021-04-07,321.1261901855469,331.6199951171875,332.4800109863281,329.3699951171875,330.3299865722656,32046400
2021-04-08,324.4766845703125,335.0799865722656,335.2699890136719,333.739990234375,334.55999755859375,29940800
2021-04-09,326.4424133300781,337.1099853515625,337.32000732421875,332.9200134277344,333.67999267578125,36664900
2021-04-12,326.0162658691406,336.6700134277344,337.1000061035156,334.7300109863281,336.0400085449219,25833000
2021-04-13,329.8219299316406,340.6000061035156,341.0799865722656,338.0199890136719,338.239990234375,30374000
2021-04-14,325.8614501953125,336.510009765625,340.9800109863281,335.6700134277344,340.8500061035156,42564300
2021-04-15,330.8000183105469,341.6099853515625,342.010009765625,336.2200012207031,339.4700012207031,36342800
2021-04-16,331.18743896484375,342.010009765625,342.2300109863281,340.0799865722656,342.1499938964844,40860100
2021-04-19,328.15643310546875,338.8800048828125,341.5799865722656,336.8999938964844,340.3900146484375,34533100
2021-04-20,325.76458740234375,336.4100036621094,339.5199890136719,334.3800048828125,338.20001220703125,38081800
2021-04-21,328.553466796875,339.2900085449219,339.4800109863281,333.9700012207031,335.0899963378906,36598100
2021-04-22,324.5928649902344,335.20001220703125,339.8999938964844,334.010009765625,338.8900146484375,45936100
2021-04-23,328.6793518066406,339.4200134277344,340.7699890136719,335.8500061035156,335.8500061035156,36381900
2021-04-26,330.81939697265625,341.6300048828125,341.9200134277344,338.8999938964844,339.6700134277344,30812000
2021-04-27,329.38616943359375,340.1499938964844,342.1499938964844,339.1700134277344,341.92999267578125,33187200
2021-04-28,328.2726135253906,339.0,340.8500061035156,338.3299865722656,339.80999755859375,33615700
2021-04-29,329.4541015625,340.2200012207031,342.79998779296875,336.8999938964844,342.3699951171875,37708900
2021-04-30,327.2945556640625,337.989990234375,340.260009765625,337.04998779296875,337.70001220703125,38263400
2021-05-03,325.5515441894531,336.19000244140625,340.0,335.7300109863281,339.2300109863281,29729700
2021-05-04,319.6930236816406,330.1400146484375,333.8900146484375,326.2099914550781,333.55999755859375,65147000
2021-05-05,318.6181335449219,329.0299987792969,333.1400146484375,328.2300109863281,332.25,46219300
2021-05-06,321.0196228027344,331.510009765625,331.6700134277344,326.45001220703125,328.760009765625,46814300
2021-05-07,323.6244812011719,334.20001220703125,336.6499938964844,331.69000244140625,334.3699951171875,53324500
2021-05-10,315.4515380859375,325.760009765625,332.9599914550781,325.54998779296875,332.7799987792969,60700500
2021-05-11,315.0157470703125,325.30999755859375,326.1300048828125,319.0199890136719,319.70001220703125,71963600
2021-05-12,306.86224365234375,316.8900146484375,322.6199951171875,316.0,320.2300109863281,91164900
2021-05-13,309.2347717285156,319.3399963378906,322.3999938964844,316.8999938964844,319.9200134277344,69877800
2021-05-14,316.0616760253906,326.3900146484375,327.3299865722656,322.0799865722656,322.6000061035156,44370000
2021-05-17,314.144287109375,324.4100036621094,326.3699951171875,321.45001220703125,324.6300048828125,39395000
2021-05-18,312.02362060546875,322.2200012207031,326.6499938964844,321.94000244140625,325.3900146484375,36528500
2021-05-19,312.3818359375,322.5899963378906,322.8999938964844,316.29998779296875,316.6600036621094,66319100
2021-05-20,318.42437744140625,328.8299865722656,329.7099914550781,323.8900146484375,324.1199951171875,46466100
2021-05-21,316.66204833984375,327.010009765625,330.8599853515625,326.6400146484375,330.42999267578125,50330400
2021-05-24,321.9879455566406,332.510009765625,333.6700134277344,326.8999938964844,329.3699951171875,32475800
2021-05-25,322.43341064453125,332.9700012207031,334.80999755859375,331.760009765625,334.07000732421875,31280300
2021-05-26,323.55682373046875,334.1300048828125,334.6099853515625,332.95001220703125,333.6600036621094,25444900
2021-05-27,322.3463439941406,332.8800048828125,334.5400085449219,332.6700134277344,333.6700134277344,27931700
2021-05-28,323.3631286621094,333.92999267578125,335.57000732421875,333.6000061035156,334.1199951171875,29927400
2021-06-01,322.2881164550781,332.82000732421875,335.7900085449219,331.42999267578125,335.29998779296875,31145400
2021-06-02,322.9175720214844,333.4700012207031,334.3399963378906,331.70001220703125,333.25,22047900
2021-06-03,319.5574951171875,330.0,331.8599853515625,328.2799987792969,330.54998779296875,37057800
2021-06-04,324.980224609375,335.6000061035156,336.05999755859375,331.7799987792969,331.8500061035156,38736500
2021-06-07,325.94854736328125,336.6000061035156,336.6600036621094,334.3399963378906,335.04998779296875,32611900
2021-06-08,326.1034851074219,336.760009765625,339.2900085449219,335.0299987792969,338.3999938964844,27282800
2021-06-09,326.1809387207031,336.8399963378906,338.9700012207031,336.6499938964844,338.1700134277344,21485300
2021-06-10,329.579833984375,340.3500061035156,340.4599914550781,336.7300109863281,337.19000244140625,33702100
2021-06-11,330.4418029785156,341.239990234375,341.25,339.69000244140625,340.3599853515625,21222800
2021-06-14,333.60821533203125,344.510009765625,344.5199890136719,340.4599914550781,341.67999267578125,27827700
2021-06-15,331.4294128417969,342.260009765625,344.4700012207031,341.5199890136719,344.1499938964844,35963800
2021-06-16,330.2190246582031,341.010009765625,343.8399963378906,337.45001220703125,342.739990234375,55399500
2021-06-17,334.4119873046875,345.3399963378906,346.3800048828125,339.9200134277344,339.9700012207031,59722700
2021-06-18,331.78778076171875,342.6300048828125,344.80999755859375,341.8599853515625,343.6300048828125,55414900
2021-06-21,333.8498229980469,344.3599853515625,344.69000244140625,340.1499938964844,342.42999267578125,32992600
2021-06-22,336.9618225097656,347.57000732421875,348.0299987792969,343.8399963378906,344.1499938964844,28941600
2021-06-23,337.12664794921875,347.739990234375,348.9200134277344,346.8800048828125,347.510009765625,27188500
2021-06-24,339.2110595703125,349.8900146484375,351.4599914550781,349.1700134277344,349.7300109863281,32581600
2021-06-25,338.7942199707031,349.4599914550781,350.7200012207031,348.8399963378906,350.4700012207031,28682800
2021-06-28,342.91448974609375,353.7099914550781,353.8500061035156,350.7200012207031,350.7799987792969,39130300
2021-06-29,344.1553649902344,354.989990234375,355.0199890136719,352.6700134277344,353.5299987792969,29426000
2021-06-30,343.6125183105469,354.42999267578125,355.2300109863281,353.8299865722656,354.8299865722656,32724000
2021-07-01,343.7481689453125,354.57000732421875,355.0899963378906,352.67999267578125,354.07000732421875,29290000
2021-07-02,347.6939697265625,358.6400146484375,358.9700012207031,356.2799987792969,356.5199890136719,32727200
2021-07-06,349.1966857910156,360.19000244140625,360.4800109863281,356.489990234375,359.260009765625,38842400
2021-07-07,349.9334716796875,360.95001220703125,362.760009765625,358.94000244140625,362.45001220703125,35265200
2021-07-08,347.8200378417969,358.7699890136719,359.6499938964844,354.4200134277344,355.739990234375,50890000
2021-07-09,349.99163818359375,361.010009765625,361.5,357.57000732421875,358.1700134277344,35184500
2021-07-12,351.358642578125,362.4200134277344,362.8900146484375,360.8299865722656,362.45001220703125,25717700
2021-07-13,351.358642578125,362.4200134277344,365.4700012207031,361.5400085449219,362.0299987792969,39723000
2021-07-14,351.98876953125,363.07000732421875,365.489990234375,362.2200012207031,364.8299865722656,35336400
2021-07-15,349.5165710449219,360.5199890136719,363.19000244140625,358.4599914550781,362.9800109863281,53391600
2021-07-16,346.68572998046875,357.6000061035156,362.4100036621094,357.239990234375,361.3999938964844,47262000
2021-07-19,343.8451232910156,354.6700134277344,355.17999267578125,352.0400085449219,354.04998779296875,64404600
2021-07-20,347.8393249511719,358.7900085449219,360.2799987792969,353.79998779296875,355.6300048828125,42183700
2021-07-21,350.5249328613281,361.55999755859375,361.55999755859375,358.1199951171875,358.3500061035156,30259900
2021-07-22,352.8419189453125,363.95001220703125,363.9599914550781,361.7699890136719,361.7699890136719,30252200
2021-07-23,356.962158203125,368.20001220703125,368.489990234375,363.9200134277344,365.30999755859375,31960800
2021-07-26,357.243408203125,368.489990234375,368.8900146484375,366.6000061035156,367.489990234375,28438100
2021-07-27,353.30731201171875,364.42999267578125,368.2200012207031,360.1600036621094,368.2200012207031,57933100
2021-07-28,354.66455078125,365.8299865722656,367.45001220703125,363.239990234375,365.6000061035156,42066200
2021-07-29,355.29473876953125,366.4800109863281,367.67999267578125,365.25,365.25,25672500
2021-07-30,353.4429931640625,364.57000732421875,365.1700134277344,362.4100036621094,362.44000244140625,36484600
2021-08-02,353.4720153808594,364.6000061035156,366.8800048828125,363.8699951171875,366.2799987792969,27334100
2021-08-03,355.61468505859375,366.80999755859375,366.92999267578125,362.0,365.2799987792969,35558500
2021-08-04,356.1284484863281,367.3399963378906,368.32000732421875,365.6300048828125,366.7699890136719,29602200
2021-08-05,358.3874206542969,369.6700134277344,369.9100036621094,367.45001220703125,368.17999267578125,21443900
2021-08-06,356.8167724609375,368.04998779296875,369.3699951171875,366.9100036621094,368.3699951171875,33332100
2021-08-09,357.4760437011719,368.7300109863281,369.2699890136719,367.3900146484375,368.5199890136719,25960200
2021-08-10,355.64373779296875,366.8399963378906,369.55999755859375,365.6199951171875,369.260009765625,35130800
2021-08-11,355.03289794921875,366.2099914550781,368.6499938964844,364.8399963378906,368.1400146484375,34249800
2021-08-12,356.31268310546875,367.5299987792969,367.8999938964844,364.29998779296875,365.69000244140625,25969200
2021-08-13,357.5633239746094,368.82000732421875,369.1600036621094,367.3800048828125,367.8900146484375,19336200
2021-08-16,357.7183532714844,368.9800109863281,369.0199890136719,363.70001220703125,367.6700134277344,34856900
2021-08-17,354.56768798828125,365.7300109863281,367.1499938964844,363.2300109863281,366.1499938964844,44793900
2021-08-18,351.155029296875,362.2099914550781,366.6199951171875,361.8699951171875,365.17999267578125,38541900
2021-08-19,352.85162353515625,363.9599914550781,365.67999267578125,359.9599914550781,360.2200012207031,48499400
2021-08-20,356.50653076171875,367.7300109863281,368.1400146484375,364.739990234375,365.05999755859375,39486000
2021-08-23,361.83868408203125,373.2300109863281,373.94000244140625,368.7900085449219,368.79998779296875,34034700
2021-08-24,362.9439392089844,374.3699951171875,374.989990234375,373.3599853515625,373.8399963378906,21732900
2021-08-25,363.36083984375,374.79998779296875,375.3900146484375,373.8599853515625,374.6300048828125,20441900
2021-08-26,361.0534362792969,372.4200134277344,374.6199951171875,371.9700012207031,373.9200134277344,29133300
2021-08-27,364.5628967285156,376.0400085449219,376.55999755859375,372.57000732421875,373.07000732421875,27104700
2021-08-30,368.6540832519531,380.260009765625,380.760009765625,376.8299865722656,376.8500061035156,27295700
2021-08-31,368.3536376953125,379.95001220703125,380.5799865722656,378.3599853515625,380.510009765625,29628200
2021-09-01,368.96435546875,380.5799865722656,382.7099914550781,380.3699951171875,381.0400085449219,28138300
2021-09-02,368.7898254394531,380.3999938964844,382.30999755859375,379.1499938964844,381.9700012207031,25453400
2021-09-03,369.9241638183594,381.57000732421875,381.9800109863281,379.20001220703125,379.2200012207031,24605400
2021-09-07,370.4476623535156,382.1099853515625,382.7799987792969,380.489990234375,381.67999267578125,23970200
2021-09-08,369.1582336425781,380.7799987792969,381.92999267578125,378.45001220703125,381.92999267578125,32949200
2021-09-09,367.88818359375,379.4700012207031,382.1499938964844,379.2200012207031,381.010009765625,29399000
2021-09-10,365.09613037109375,376.5899963378906,381.9700012207031,376.25,381.2300109863281,40249400
2021-09-13,364.84405517578125,376.3299865722656,379.42999267578125,374.2200012207031,378.989990234375,48741800
2021-09-14,363.8067626953125,375.260009765625,378.6099853515625,374.2799987792969,377.8599853515625,41826600
2021-09-15,366.5115966796875,378.04998779296875,378.4100036621094,373.3699951171875,375.7300109863281,34097900
2021-09-16,366.76361083984375,378.30999755859375,378.8999938964844,374.70001220703125,376.67999267578125,35193100
2021-09-17,362.4203186035156,373.8299865722656,377.8699951171875,372.760009765625,377.82000732421875,60912300
2021-09-20,354.9315490722656,365.70001220703125,369.25,360.92999267578125,367.4599914550781,76203200
2021-09-21,355.3683166503906,366.1499938964844,368.80999755859375,364.989990234375,367.5799865722656,41927500
2021-09-22,358.6875915527344,369.57000732421875,371.07000732421875,365.9599914550781,367.0899963378906,46972900
2021-09-23,361.9972229003906,372.9800109863281,374.0400085449219,370.1000061035156,370.760009765625,44652000
2021-09-24,362.3368835449219,373.3299865722656,373.760009765625,370.2699890136719,370.6499938964844,36056800
2021-09-27,359.4446105957031,370.3500061035156,371.25,367.7300109863281,370.20001220703125,43338100
2021-09-28,349.2732238769531,359.8699951171875,370.29998779296875,359.3500061035156,365.6700134277344,97701600
2021-09-29,348.7005920410156,359.2799987792969,363.3699951171875,358.6400146484375,361.1700134277344,58076600
2021-09-30,347.4194641113281,357.9599914550781,362.67999267578125,357.1000061035156,360.9700012207031,61384600
2021-10-01,349.57415771484375,360.17999267578125,361.25,354.3800048828125,358.6000061035156,56375500
2021-10-04,342.2367248535156,352.6199951171875,358.8599853515625,350.32000732421875,358.5199890136719,76766000
2021-10-05,346.8565673828125,357.3800048828125,359.69000244140625,353.4800109863281,353.7099914550781,47232900
2021-10-06,349.0791320800781,359.6700134277344,359.95001220703125,353.1499938964844,354.0799865722656,56806500
2021-10-07,352.281982421875,362.9700012207031,365.69000244140625,362.25,362.79998779296875,39411200
2021-10-08,350.52532958984375,361.1600036621094,364.32000732421875,360.6099853515625,364.0799865722656,41822300
2021-10-11,347.8367919921875,358.3900146484375,363.20001220703125,358.29998779296875,359.5799865722656,34847200
2021-10-12,346.6236877441406,357.1400146484375,360.3299865722656,356.4800109863281,359.8800048828125,43905100
2021-10-13,349.3994140625,360.0,360.69000244140625,357.42999267578125,359.510009765625,40120800
2021-10-14,355.83416748046875,366.6300048828125,366.8500061035156,363.010009765625,363.69000244140625,43433900
2021-10-15,358.076171875,368.94000244140625,369.05999755859375,366.82000732421875,367.8800048828125,40419900
2021-10-18,361.6769104003906,372.6499938964844,372.8699951171875,366.989990234375,367.6099853515625,34513500
2021-10-19,364.4138488769531,375.4700012207031,375.5199890136719,372.70001220703125,373.75,29091000
2021-10-20,363.93829345703125,374.9800109863281,376.57000732421875,373.4599914550781,375.94000244140625,31390300
2021-10-21,366.1608581542969,377.2699890136719,377.4700012207031,373.8500061035156,374.1600036621094,25469300
2021-10-22,363.084228515625,374.1000061035156,376.9700012207031,372.3900146484375,375.9800109863281,36275800
2021-10-25,366.8014831542969,377.92999267578125,378.8699951171875,373.55999755859375,375.55999755859375,32597800
2021-10-26,367.95635986328125,379.1199951171875,382.7099914550781,377.9100036621094,380.2300109863281,47191300
2021-10-27,368.81048583984375,380.0,383.1499938964844,379.30999755859375,379.5799865722656,45760500
2021-10-28,372.9062194824219,384.2200012207031,384.4800109863281,381.1600036621094,381.95001220703125,38007000
2021-10-29,374.7405700683594,386.1099853515625,386.2799987792969,380.70001220703125,381.05999755859375,37310100
2021-11-01,376.021728515625,387.42999267578125,387.55999755859375,384.4200134277344,386.55999755859375,30765300
2021-11-02,377.59405517578125,389.04998779296875,389.5400085449219,386.75,386.79998779296875,25135300
2021-11-03,381.6024169921875,393.17999267578125,393.6099853515625,388.4800109863281,389.54998779296875,33748900
2021-11-04,386.4940490722656,398.2200012207031,399.20001220703125,393.9200134277344,394.4800109863281,40265300
2021-11-05,386.8626708984375,398.6000061035156,400.989990234375,397.1600036621094,400.0400085449219,43383800
2021-11-08,386.3386535644531,398.05999755859375,399.6199951171875,397.3999938964844,398.57000732421875,29256300
2021-11-09,383.67938232421875,395.32000732421875,399.57000732421875,393.9200134277344,399.1600036621094,50490700
2021-11-10,378.0404052734375,389.510009765625,395.3599853515625,387.5299987792969,392.4700012207031,54937400
2021-11-11,379.088623046875,390.5899963378906,392.75,390.239990234375,392.57000732421875,32243000
2021-11-12,383.07769775390625,394.70001220703125,395.25,390.1300048828125,391.7699890136719,34730600
2021-11-15,382.99029541015625,394.6099853515625,396.239990234375,392.1000061035156,395.9100036621094,33716900
2021-11-16,385.71759033203125,397.4200134277344,397.92999267578125,393.6600036621094,393.8599853515625,27872900
2021-11-17,385.9214172363281,397.6300048828125,399.7200012207031,396.6400146484375,397.75,28703300
2021-11-18,389.9200744628906,401.75,402.2699890136719,397.45001220703125,399.7300109863281,45721500
2021-11-19,392.0941162109375,403.989990234375,405.29998779296875,402.5799865722656,403.42999267578125,45191700
2021-11-22,387.54217529296875,399.29998779296875,408.7099914550781,399.19000244140625,405.57000732421875,61715400
2021-11-23,385.7757263183594,397.4800109863281,400.2300109863281,392.9200134277344,398.1099853515625,70098700
2021-11-24,387.0180358886719,398.760009765625,399.04998779296875,392.5400085449219,394.92999267578125,46954400
2021-11-26,379.6807861328125,391.20001220703125,397.5400085449219,389.7699890136719,396.1099853515625,51533300
2021-11-29,387.9206848144531,399.69000244140625,400.7300109863281,395.1400146484375,395.8900146484375,54447100
2021-11-30,382.2234802246094,393.82000732421875,401.19000244140625,391.75,398.7799987792969,81332700
2021-12-01,375.7208557128906,387.1199951171875,400.4800109863281,386.6400146484375,398.2799987792969,77766500
2021-12-02,378.4286804199219,389.9100036621094,391.739990234375,384.3399963378906,385.79998779296875,84416600
2021-12-03,371.8483581542969,383.1300048828125,392.3399963378906,378.8999938964844,391.30999755859375,105349100
2021-12-06,374.8279724121094,386.20001220703125,387.6000061035156,379.29998779296875,383.6300048828125,67588800
2021-12-07,386.1154479980469,397.8299865722656,398.4599914550781,392.989990234375,393.0299987792969,56005300
2021-12-08,387.8430480957031,399.6099853515625,399.82000732421875,396.2200012207031,398.1700134277344,39204000
2021-12-09,382.13616943359375,393.7300109863281,400.20001220703125,393.5299987792969,398.3500061035156,49973700
2021-12-10,386.29022216796875,398.010009765625,398.2799987792969,393.3599853515625,396.6199951171875,52545800
2021-12-13,380.70941162109375,392.260009765625,398.3299865722656,391.8800048828125,398.0,50166400
2021-12-14,376.76910400390625,388.20001220703125,390.0899963378906,383.6300048828125,387.29998779296875,75199200
2021-12-15,385.3584289550781,397.04998779296875,397.4200134277344,383.8800048828125,387.94000244140625,73858000
2021-12-16,375.44903564453125,386.8399963378906,398.4800109863281,385.2099914550781,398.0400085449219,82591400
2021-12-17,373.5759582519531,384.9100036621094,389.19000244140625,381.7699890136719,383.3299865722656,80492500
2021-12-20,369.9521179199219,380.69000244140625,381.5,377.4700012207031,379.57000732421875,65336800
2021-12-21,378.2317810058594,389.2099914550781,389.5299987792969,380.20001220703125,384.04998779296875,48899500
2021-12-22,382.8381042480469,393.95001220703125,394.1600036621094,388.2300109863281,388.9100036621094,37042200
2021-12-23,385.72430419921875,396.9200134277344,398.42999267578125,394.1400146484375,394.30999755859375,29595500
2021-12-27,392.0992736816406,403.4800109863281,403.4800109863281,398.2200012207031,398.25,32820700
2021-12-28,390.2820129394531,401.6099853515625,404.5799865722656,400.7099914550781,404.3999938964844,33113700
2021-12-29,390.2237548828125,401.54998779296875,403.04998779296875,399.1099853515625,401.75,32248500
2021-12-30,389.0575866699219,400.3500061035156,403.57000732421875,399.75,401.3299865722656,23850100
2021-12-31,386.62811279296875,397.8500061035156,401.05999755859375,397.3399963378906,399.6600036621094,34752900
2022-01-03,390.3499755859375,401.67999267578125,401.94000244140625,396.8800048828125,399.04998779296875,40575900
2022-01-04,385.2870178222656,396.4700012207031,402.2799987792969,393.2900085449219,402.239990234375,58027200
2022-01-05,373.45050048828125,384.2900085449219,395.8900146484375,384.0299987792969,394.739990234375,75739800
2022-01-06,373.1881408691406,384.0199890136719,387.3500061035156,380.1300048828125,382.4200134277344,70814300
2022-01-07,369.1454162597656,379.8599853515625,385.760009765625,378.0400085449219,384.0299987792969,72652300
2022-01-10,369.38848876953125,380.1099853515625,380.6400146484375,369.30999755859375,374.82000732421875,91770500
2022-01-11,374.9374084472656,385.82000732421875,385.989990234375,377.2200012207031,379.3599853515625,68295700
2022-01-12,376.4242858886719,387.3500061035156,390.20001220703125,385.010009765625,388.4599914550781,54576400
2022-01-13,367.0075988769531,377.6600036621094,389.4700012207031,376.70001220703125,388.7699890136719,77994000
2022-01-14,369.2912902832031,380.010009765625,380.3500061035156,374.8599853515625,375.07000732421875,80121200
2022-01-18,360.0981750488281,370.54998779296875,376.2200012207031,369.7699890136719,374.0400085449219,75450900
2022-01-19,356.1429443359375,366.4800109863281,374.69000244140625,366.2099914550781,372.1499938964844,81791500
2022-01-20,351.5172119140625,361.7200012207031,373.8699951171875,361.1700134277344,369.7900085449219,88610700
2022-01-21,341.77001953125,351.69000244140625,362.17999267578125,351.3999938964844,359.4700012207031,143388900
2022-01-24,343.3346862792969,353.29998779296875,353.9800109863281,334.1499938964844,345.9100036621094,198685800
2022-01-25,335.3757019042969,345.1099853515625,351.0299987792969,341.67999267578125,346.6700134277344,124398400
2022-01-26,334.8508605957031,344.57000732421875,356.8800048828125,340.7799987792969,352.9100036621094,146559500
2022-01-27,331.4787292480469,341.1000061035156,351.2699890136719,340.04998779296875,349.3999938964844,95255700
2022-01-28,341.8769226074219,351.79998779296875,352.0199890136719,337.95001220703125,343.0299987792969,108167900
2022-01-31,352.8096008300781,363.04998779296875,363.6499938964844,351.5199890136719,353.20001220703125,94326400
2022-02-01,355.2099914550781,365.5199890136719,366.19000244140625,359.1400146484375,364.42999267578125,74433000
2022-02-02,358.0962219238281,368.489990234375,370.1000061035156,364.2900085449219,369.760009765625,78777100
2022-02-03,343.57763671875,353.54998779296875,361.92999267578125,352.4599914550781,358.5299987792969,95384800
2022-02-04,347.911865234375,358.010009765625,361.3999938964844,351.9700012207031,354.0799865722656,86318300
2022-02-07,345.113037109375,355.1300048828125,361.04998779296875,353.8399963378906,358.6199951171875,58198100
2022-02-08,348.9905090332031,359.1199951171875,360.239990234375,352.79998779296875,353.9599914550781,64720900
2022-02-09,356.38592529296875,366.7300109863281,366.80999755859375,362.1199951171875,363.760009765625,55766400
2022-02-10,348.3199462890625,358.42999267578125,366.489990234375,356.5400085449219,359.5199890136719,112468500
2022-02-11,337.2706298828125,347.05999755859375,360.07000732421875,345.79998779296875,358.42999267578125,101569100
2022-02-14,337.68853759765625,347.489990234375,350.9800109863281,343.8900146484375,346.489990234375,80254400
2022-02-15,346.0848693847656,356.1300048828125,356.3699951171875,351.82000732421875,352.9100036621094,55128800
2022-02-16,345.9974060058594,356.0400085449219,357.0899963378906,350.7099914550781,353.82000732421875,58947100
2022-02-17,335.7060241699219,345.45001220703125,353.4599914550781,345.0199890136719,352.739990234375,61801400
2022-02-18,331.8772888183594,341.510009765625,346.80999755859375,339.1400146484375,346.4100036621094,80001500
2022-02-22,328.5439453125,338.0799865722656,344.0400085449219,334.3500061035156,338.489990234375,85967100
2022-02-23,320.12823486328125,329.4200134277344,342.17999267578125,329.1000061035156,341.32000732421875,86215400
2022-02-24,330.8859558105469,340.489990234375,341.0400085449219,318.260009765625,318.8399963378906,130614100
2022-02-25,336.0170593261719,345.7699890136719,345.9800109863281,337.3900146484375,341.30999755859375,78842100
2022-02-28,337.01800537109375,346.79998779296875,348.5400085449219,341.32000732421875,342.510009765625,77515500
2022-03-01,331.8578186035156,341.489990234375,348.0799865722656,338.8999938964844,345.75,67407000
2022-03-02,337.4261779785156,347.2200012207031,348.5899963378906,340.239990234375,343.0799865722656,70609000
2022-03-03,332.60601806640625,342.260009765625,350.0400085449219,340.3500061035156,349.92999267578125,71089400
2022-03-04,327.78594970703125,337.29998779296875,341.30999755859375,334.9200134277344,339.8399963378906,76936300
2022-03-07,315.69683837890625,324.8599853515625,338.4800109863281,324.6499938964844,337.2900085449219,89933800
2022-03-08,314.22943115234375,323.3500061035156,333.2099914550781,319.94000244140625,324.04998779296875,116153900
2022-03-09,325.5411682128906,334.989990234375,336.3800048828125,329.0899963378906,331.75,64723400
2022-03-10,321.9260559082031,331.2699890136719,332.510009765625,326.7099914550781,330.82000732421875,69362700
2022-03-11,315.2497863769531,324.3999938964844,334.6400146484375,323.8999938964844,334.32000732421875,66228400
2022-03-14,309.1955261230469,318.1700134277344,326.5899963378906,317.45001220703125,323.1300048828125,79802600
2022-03-15,318.89404296875,328.1499938964844,328.95001220703125,319.2300109863281,320.8800048828125,76471000
2022-03-16,330.72076416015625,340.32000732421875,340.44000244140625,328.3999938964844,332.1700134277344,105243000
2022-03-17,334.7245788574219,344.44000244140625,344.5,337.0400085449219,338.3699951171875,67810000
2022-03-18,341.57568359375,351.489990234375,351.7900085449219,341.54998779296875,342.739990234375,85446300
2022-03-21,340.62603759765625,350.0799865722656,352.4800109863281,345.5799865722656,350.20001220703125,73799100
2022-03-22,347.3202819824219,356.9599914550781,357.8500061035156,350.20001220703125,350.5899963378906,63345900
2022-03-23,342.328857421875,351.8299865722656,357.6600036621094,351.7699890136719,354.010009765625,70615500
2022-03-24,349.9376220703125,359.6499938964844,359.70001220703125,351.5899963378906,353.79998779296875,53555300
2022-03-25,349.64581298828125,359.3500061035156,360.6700134277344,354.94000244140625,359.5899963378906,57584200
2022-03-28,355.0555725097656,364.9100036621094,365.010009765625,358.07000732421875,359.3399963378906,56833900
2022-03-29,361.1660461425781,371.19000244140625,371.8299865722656,366.05999755859375,368.8999938964844,68073000
2022-03-30,357.1767578125,367.0899963378906,370.9800109863281,365.57000732421875,369.2799987792969,68757700
2022-03-31,352.7496337890625,362.5400085449219,367.6000061035156,361.67999267578125,367.239990234375,67011400
2022-04-01,352.0781555175781,361.8500061035156,363.6099853515625,358.5899963378906,362.80999755859375,54527800
2022-04-04,359.3270263671875,369.29998779296875,369.30999755859375,362.44000244140625,362.7099914550781,45950200
2022-04-05,351.3485412597656,361.1000061035156,368.5400085449219,359.92999267578125,367.80999755859375,62738700
2022-04-06,343.7202453613281,353.260009765625,356.7799987792969,350.55999755859375,355.6499938964844,90077100
2022-04-07,344.5375061035156,354.1000061035156,356.3500061035156,348.69000244140625,352.239990234375,63777400
2022-04-08,339.7211608886719,349.1499938964844,353.0899963378906,348.5,352.32000732421875,61956100
2022-04-11,331.684326171875,340.8900146484375,345.75,340.5400085449219,344.80999755859375,66107400
2022-04-12,330.28314208984375,339.45001220703125,347.69000244140625,338.0400085449219,345.760009765625,72790200
2022-04-13,336.996826171875,346.3500061035156,347.42999267578125,339.05999755859375,339.79998779296875,61367800
2022-04-14,329.2906494140625,338.42999267578125,346.9700012207031,338.2099914550781,346.44000244140625,73519400
2022-04-18,329.5436096191406,338.69000244140625,341.0400085449219,335.7900085449219,337.3500061035156,58560600
2022-04-19,336.9091796875,346.260009765625,346.8500061035156,336.9800109863281,338.0299987792969,56515700
2022-04-20,331.9955749511719,341.2099914550781,347.55999755859375,339.9599914550781,347.0899963378906,65500000
2022-04-21,325.1263122558594,334.1499938964844,347.8699951171875,333.20001220703125,345.19000244140625,75801000
2022-04-22,316.612548828125,325.3999938964844,335.55999755859375,324.9599914550781,334.30999755859375,82562100
2022-04-25,320.6796875,329.5799865722656,329.8999938964844,322.42999267578125,323.7300109863281,101755900
2022-04-26,308.57562255859375,317.1400146484375,327.6600036621094,316.8599853515625,327.4700012207031,105819600
2022-04-27,308.2058410644531,316.760009765625,322.8800048828125,315.0,317.239990234375,111204200
2022-04-28,319.152099609375,328.010009765625,329.8900146484375,317.5199890136719,321.8500061035156,99450000
2022-04-29,304.7906494140625,313.25,327.2300109863281,312.6000061035156,323.70001220703125,91977900
2022-05-02,309.87945556640625,318.4800109863281,318.7200012207031,309.6499938964844,312.8299865722656,115511800
2022-05-03,310.2102966308594,318.82000732421875,321.1700134277344,315.9800109863281,318.5,78185500
2022-05-04,320.6991271972656,329.6000061035156,330.2900085449219,313.8900146484375,319.30999755859375,116083400
2022-05-05,304.54742431640625,313.0,325.25,309.6199951171875,325.1700134277344,154607400
2022-05-06,300.89874267578125,309.25,315.0899963378906,305.1099853515625,310.95001220703125,139572800
2022-05-09,289.12542724609375,297.1499938964844,309.3500061035156,295.7200012207031,303.4800109863281,113387300
2022-05-10,292.6379699707031,300.760009765625,305.760009765625,296.57000732421875,304.510009765625,124124600
2022-05-11,283.9588317871094,291.8399963378906,304.0899963378906,290.95001220703125,298.44000244140625,140326100
2022-05-12,283.28741455078125,291.1499938964844,295.75,284.94000244140625,287.45001220703125,120910900
2022-05-13,293.7861022949219,301.94000244140625,303.0,294.0799865722656,295.7200012207031,83684900
2022-05-16,290.38067626953125,298.44000244140625,302.260009765625,297.1300048828125,300.1499938964844,59190400
2022-05-17,297.9018859863281,306.1700134277344,306.55999755859375,300.54998779296875,304.45001220703125,62715300
2022-05-18,283.2778625488281,291.1400146484375,302.25,289.8500061035156,301.5400085449219,79477100
2022-05-19,281.7597961425781,289.5799865722656,294.3900146484375,287.5799865722656,289.2900085449219,79920700
2022-05-20,280.8841552734375,288.67999267578125,293.79998779296875,280.2099914550781,293.1300048828125,91764200
2022-05-23,285.5545654296875,293.4800109863281,293.8699951171875,287.2900085449219,289.75,63648400
2022-05-24,279.48309326171875,287.239990234375,288.8599853515625,282.25,288.1300048828125,73491100
2022-05-25,283.3945617675781,291.260009765625,293.3900146484375,285.5,285.7099914550781,67144500
2022-05-26,291.2466125488281,299.3299865722656,300.9200134277344,290.1499938964844,290.44000244140625,59462200
2022-05-27,300.7527160644531,309.1000061035156,309.25,302.4200134277344,302.5400085449219,66985600
2022-05-31,299.9549255371094,308.2799987792969,311.3299865722656,304.3299865722656,309.07000732421875,60968300
2022-06-01,297.73651123046875,306.0,312.6499938964844,303.7300109863281,310.4700012207031,65341700
2022-06-02,305.8901672363281,314.3800048828125,314.55999755859375,303.3999938964844,304.8500061035156,59291300
2022-06-03,297.93115234375,306.20001220703125,310.4700012207031,304.9200134277344,309.0299987792969,60914700
2022-06-06,298.92352294921875,307.2200012207031,312.3500061035156,305.6199951171875,310.75,51785000
2022-06-07,301.5019836425781,309.8699951171875,310.6700134277344,302.69000244140625,303.80999755859375,44900300
2022-06-08,299.33221435546875,307.6400146484375,311.7200012207031,306.7699890136719,309.04998779296875,38342100
2022-06-09,291.314697265625,299.3999938964844,309.04998779296875,299.2300109863281,305.9100036621094,55900500
2022-06-10,281.03985595703125,288.8399963378906,294.8699951171875,288.3800048828125,293.6499938964844,85963500
2022-06-13,267.9725646972656,275.4100036621094,282.3399963378906,274.5299987792969,279.75,94442000
2022-06-14,268.4590148925781,275.9100036621094,278.6600036621094,273.3399963378906,277.6600036621094,64697500
2022-06-15,275.1629638671875,282.79998779296875,286.8299865722656,276.6099853515625,279.4200134277344,86051400
2022-06-16,264.0611267089844,271.3900146484375,276.05999755859375,269.2799987792969,275.5899963378906,81910300
2022-06-17,267.2720031738281,274.69000244140625,277.19000244140625,270.510009765625,272.17999267578125,82703400
2022-06-21,274.0151672363281,281.0799865722656,283.45001220703125,278.6400146484375,278.75,51633700
2022-06-22,273.6153869628906,280.6700134277344,285.17999267578125,277.9100036621094,278.5199890136719,67472900
2022-06-23,277.69036865234375,284.8500061035156,285.7200012207031,280.30999755859375,283.2099914550781,57457800
2022-06-24,287.20501708984375,294.6099853515625,295.0400085449219,287.5,287.739990234375,58422300
2022-06-27,285.099365234375,292.45001220703125,296.5799865722656,291.2900085449219,296.0,54151500
2022-06-28,276.413330078125,283.5400085449219,295.6499938964844,283.3500061035156,293.0,61609800
2022-06-29,276.66680908203125,283.79998779296875,285.3399963378906,280.8399963378906,283.3999938964844,57302700
2022-06-30,273.2352600097656,280.2799987792969,283.94000244140625,275.7799987792969,280.75,79313600
2022-07-01,275.0388488769531,282.1300048828125,282.5299987792969,277.0299987792969,278.95001220703125,56675100
2022-07-05,279.7472839355469,286.9599914550781,287.0799865722656,276.75,278.30999755859375,61829300
2022-07-06,281.5411071777344,288.79998779296875,290.95001220703125,285.5899963378906,287.3500061035156,63194700
2022-07-07,287.56573486328125,294.9800109863281,295.70001220703125,289.6300048828125,289.6300048828125,56620100
2022-07-08,287.92645263671875,295.3500061035156,296.75,291.1199951171875,292.0799865722656,59895500
2022-07-11,281.7750244140625,289.0400085449219,293.1099853515625,288.1400146484375,292.8800048828125,55273900
2022-07-12,279.0454406738281,286.239990234375,292.2799987792969,284.6099853515625,290.32000732421875,55797100
2022-07-13,278.47027587890625,285.6499938964844,288.04998779296875,280.0199890136719,280.6000061035156,73939400
2022-07-14,279.46466064453125,286.6700134277344,287.55999755859375,279.79998779296875,282.989990234375,63741800
2022-07-15,284.5339050292969,291.8699951171875,291.9800109863281,288.0799865722656,289.7300109863281,63818100
2022-07-18,282.12603759765625,289.3999938964844,296.1600036621094,288.20001220703125,294.7200012207031,59519600
2022-07-19,290.8023376464844,298.29998779296875,298.6000061035156,291.4700012207031,293.1099853515625,55172600
2022-07-20,295.4134521484375,303.0299987792969,304.239990234375,297.92999267578125,298.7300109863281,67769400
2022-07-21,299.6541442871094,307.3800048828125,307.44000244140625,300.7799987792969,303.5,55049400
2022-07-22,294.39959716796875,301.989990234375,308.54998779296875,300.1199951171875,306.42999267578125,57127700
2022-07-25,292.72283935546875,300.2699890136719,302.5,298.2200012207031,302.0199890136719,40582400
2022-07-26,286.9710388183594,294.3699951171875,298.7900085449219,293.5400085449219,298.5299987792969,50074100
2022-07-27,299.0984191894531,306.80999755859375,308.5400085449219,298.4599914550781,299.0400085449219,69304400
2022-07-28,302.0229797363281,309.80999755859375,310.3999938964844,302.75,306.5899963378906,55139900
2022-07-29,307.531005859375,315.4599914550781,316.3900146484375,309.92999267578125,311.3900146484375,57501000
2022-08-01,307.3456726074219,315.2699890136719,318.80999755859375,312.5299987792969,313.6499938964844,46358800
2022-08-02,306.429443359375,314.3299865722656,318.54998779296875,311.8399963378906,312.9200134277344,48676500
2022-08-03,314.7743225097656,322.8900146484375,323.7300109863281,315.989990234375,316.04998779296875,53735700
2022-08-04,316.2463073730469,324.3999938964844,324.7200012207031,320.7699890136719,322.9700012207031,38973700
2022-08-05,313.662841796875,321.75,323.8299865722656,318.3900146484375,319.19000244140625,53894000
2022-08-08,312.6490173339844,320.7099914550781,326.4700012207031,319.2099914550781,322.69000244140625,43878500
2022-08-09,309.1103820800781,317.0799865722656,319.0299987792969,315.4200134277344,318.7699890136719,39764200
2022-08-10,317.73785400390625,325.92999267578125,326.2300109863281,322.05999755859375,324.5899963378906,51459600
2022-08-11,315.9344177246094,324.0799865722656,330.3599853515625,323.3599853515625,328.30999755859375,45897700
2022-08-12,322.08575439453125,330.3900146484375,330.5899963378906,325.1000061035156,326.17999267578125,40928400
2022-08-15,324.6885986328125,333.05999755859375,333.57000732421875,329.3999938964844,329.4200134277344,38266600
2022-08-16,323.92828369140625,332.2799987792969,334.4200134277344,329.1600036621094,332.05999755859375,41186900
2022-08-17,320.23345947265625,328.489990234375,331.42999267578125,326.3599853515625,329.07000732421875,47842200
2022-08-18,321.00360107421875,329.2799987792969,330.489990234375,326.7900085449219,328.44000244140625,41937200
2022-08-19,314.7449951171875,322.8599853515625,326.8399963378906,322.0799865722656,326.1700134277344,51770600
2022-08-22,306.4585876464844,314.3599853515625,318.739990234375,313.5299987792969,318.5,51098900
2022-08-23,306.2052307128906,314.1000061035156,317.0,313.3299865722656,314.1199951171875,39497100
2022-08-24,307.0923767089844,315.010009765625,316.8699951171875,312.989990234375,313.6099853515625,38057100
2022-08-25,312.5223083496094,320.5799865722656,320.6000061035156,315.760009765625,316.8299865722656,38098300
2022-08-26,299.7125244140625,307.44000244140625,321.510009765625,307.3500061035156,320.2799987792969,69047700
2022-08-29,296.7587890625,304.4100036621094,307.2200012207031,303.2799987792969,304.6199951171875,48321900
2022-08-30,293.45391845703125,301.0199890136719,306.7300109863281,298.44000244140625,306.1000061035156,51184500
2022-08-31,291.7478942871094,299.2699890136719,304.9100036621094,299.1600036621094,303.989990234375,50044000
2022-09-01,291.8747253417969,299.3999938964844,299.7799987792969,292.95001220703125,296.7200012207031,57990700
2022-09-02,287.75103759765625,295.1700134277344,303.75,293.5199890136719,302.3399963378906,64666800
2022-09-06,285.68426513671875,293.04998779296875,296.6000061035156,290.8699951171875,295.6600036621094,57005400
2022-09-07,291.4554443359375,298.9700012207031,299.989990234375,293.2699890136719,293.5400085449219,49260400
2022-09-08,292.9665222167969,300.5199890136719,301.8699951171875,295.45001220703125,296.8500061035156,55649800
2022-09-09,299.3713073730469,307.0899963378906,307.6000061035156,300.5199890136719,302.8299865722656,56125200
2022-09-12,302.92962646484375,310.739990234375,311.0799865722656,308.17999267578125,308.5,45905700
2022-09-13,286.3179626464844,293.70001220703125,303.0199890136719,292.7900085449219,301.79998779296875,79562200
2022-09-14,288.5893249511719,296.0299987792969,296.92999267578125,293.05999755859375,294.8699951171875,54907200
2022-09-15,283.7833557128906,291.1000061035156,296.5299987792969,289.4599914550781,294.07000732421875,65299400
2022-09-16,282.0480651855469,289.32000732421875,289.7200012207031,285.6199951171875,287.7200012207031,79920400
2022-09-19,284.24444580078125,291.04998779296875,291.2099914550781,286.0400085449219,286.1000061035156,52613800
2022-09-20,281.9787292480469,288.7300109863281,291.07000732421875,286.3800048828125,288.489990234375,51271100
2022-09-21,276.9295349121094,283.55999755859375,293.95001220703125,283.4200134277344,289.5899963378906,82931000
2022-09-22,273.5211486816406,280.07000732421875,283.0299987792969,278.82000732421875,282.0,62757100
2022-09-23,269.0678405761719,275.510009765625,277.8500061035156,272.0199890136719,277.54998779296875,74815200
2022-09-26,267.9544982910156,274.3699951171875,279.489990234375,273.55999755859375,275.0299987792969,71176700
2022-09-27,268.06195068359375,274.4800109863281,280.2099914550781,272.1099853515625,277.80999755859375,69780100
2022-09-28,273.39422607421875,279.94000244140625,281.25,272.95001220703125,274.4599914550781,79652100
2022-09-29,265.5129089355469,271.8699951171875,276.25,268.8399963378906,275.8599853515625,81216000
2022-09-30,261.0107421875,267.260009765625,275.19000244140625,267.1000061035156,271.0299987792969,78482400
2022-10-03,267.13409423828125,273.5299987792969,275.1600036621094,267.5299987792969,269.07000732421875,61267400
2022-10-04,275.5330505371094,282.1300048828125,282.8500061035156,278.989990234375,278.989990234375,66696900
2022-10-05,275.3865051269531,281.9800109863281,283.80999755859375,275.4200134277344,278.2799987792969,55766300
2022-10-06,273.2184753417969,279.760009765625,284.17999267578125,279.42999267578125,280.9599914550781,53489400
2022-10-07,262.8077392578125,269.1000061035156,275.1499938964844,267.739990234375,275.0199890136719,71354700
2022-10-10,260.1806640625,266.4100036621094,269.70001220703125,263.6400146484375,269.29998779296875,60393000
2022-10-11,256.6061706542969,262.75,267.6300048828125,261.0299987792969,264.70001220703125,66522500
2022-10-12,256.51824951171875,262.6600036621094,265.3599853515625,261.95001220703125,263.3999938964844,50580200
2022-10-13,262.53424072265625,268.82000732421875,270.1700134277344,254.25999450683594,255.16000366210938,112894100
2022-10-14,254.6431427001953,260.739990234375,271.80999755859375,260.1400146484375,271.20001220703125,77244300
2022-10-17,263.05181884765625,269.3500061035156,270.239990234375,266.739990234375,266.8399963378906,64576500
2022-10-18,265.132080078125,271.4800109863281,277.2099914550781,268.739990234375,276.5299987792969,69781000
2022-10-19,264.1651306152344,270.489990234375,273.67999267578125,268.07000732421875,269.92999267578125,53115400
2022-10-20,262.8174133300781,269.1099853515625,274.8399963378906,267.9200134277344,269.5799865722656,60605500
2022-10-21,268.9799499511719,275.4200134277344,275.9700012207031,266.82000732421875,267.9800109863281,77897700
2022-10-24,271.9390869140625,278.45001220703125,279.3999938964844,271.9700012207031,275.69000244140625,63963600
2022-10-25,277.5643615722656,284.2099914550781,284.6000061035156,277.8999938964844,279.4100036621094,59014500
2022-10-26,271.4312744140625,277.92999267578125,283.9800109863281,277.42999267578125,278.4599914550781,63492400
2022-10-27,266.48956298828125,272.8699951171875,278.2799987792969,272.3399963378906,276.7900085449219,57760300
2022-10-28,274.6443786621094,281.2200012207031,281.70001220703125,272.05999755859375,272.2300109863281,62651300
2022-10-31,271.4508361816406,277.95001220703125,279.760009765625,275.989990234375,278.9200134277344,47742000
2022-11-01,268.6771545410156,275.1099853515625,282.07000732421875,274.739990234375,281.5,45895900
2022-11-02,259.4676208496094,265.67999267578125,278.2099914550781,265.6099853515625,275.0799865722656,79803100
2022-11-03,254.39901733398438,260.489990234375,264.5,260.1000061035156,263.010009765625,70038900
2022-11-04,258.49102783203125,264.67999267578125,266.6099853515625,259.0799865722656,265.5299987792969,78313200
2022-11-07,261.3329772949219,267.5899963378906,268.1400146484375,263.57000732421875,265.75,47333800
2022-11-08,263.23748779296875,269.5400085449219,272.8500061035156,265.5199890136719,269.1400146484375,63213800
2022-11-09,257.162841796875,263.32000732421875,268.55999755859375,263.0299987792969,267.760009765625,64862100
2022-11-10,276.1385803222656,282.75,283.04998779296875,273.8500061035156,276.010009765625,99256700
2022-11-11,281.2266845703125,287.9599914550781,288.6400146484375,281.19000244140625,282.55999755859375,66961800
2022-11-14,278.7656555175781,285.44000244140625,289.2099914550781,284.44000244140625,285.8599853515625,55290700
2022-11-15,282.623291015625,289.3900146484375,293.260009765625,285.9700012207031,292.2099914550781,73985400
2022-11-16,278.7656555175781,285.44000244140625,289.4800109863281,284.6000061035156,287.3900146484375,48859800
2022-11-17,278.1503601074219,284.80999755859375,286.32000732421875,280.7200012207031,280.8800048828125,55462100
2022-11-18,278.1600646972656,284.82000732421875,287.989990234375,282.32000732421875,287.8900146484375,53588600
2022-11-21,275.2986145019531,281.8900146484375,284.5799865722656,281.0400085449219,283.3999938964844,40083500
2022-11-22,279.263671875,285.95001220703125,286.1099853515625,280.4599914550781,282.6400146484375,41873400
2022-11-23,282.0665588378906,288.82000732421875,289.4599914550781,285.7900085449219,285.9700012207031,46390000
2022-11-25,280.2110900878906,286.9200134277344,287.9100036621094,286.4200134277344,287.19000244140625,15498800
2022-11-28,276.0994567871094,282.7099914550781,286.9599914550781,281.760009765625,284.8999938964844,38714200
2022-11-29,274.009521484375,280.57000732421875,283.3500061035156,279.1700134277344,282.94000244140625,35618900
2022-11-30,286.5004577636719,293.3599853515625,293.4700012207031,279.9700012207031,280.8399963378906,74718100
2022-12-01,286.8520202636719,293.7200012207031,295.75,290.8800048828125,293.69000244140625,51547300
2022-12-02,285.7093505859375,292.54998779296875,293.45001220703125,288.3599853515625,288.5400085449219,53583200
2022-12-05,280.9142150878906,287.6400146484375,291.67999267578125,286.1499938964844,290.3800048828125,41482100
2022-12-06,275.0935363769531,281.67999267578125,287.6199951171875,280.260009765625,287.4800109863281,53937600
2022-12-07,273.970458984375,280.5299987792969,282.57000732421875,278.7799987792969,280.4700012207031,45614300
2022-12-08,277.21282958984375,283.8500061035156,284.8399963378906,279.7900085449219,281.9100036621094,42594900
2022-12-09,275.44512939453125,282.0400085449219,285.6400146484375,281.5899963378906,282.80999755859375,47860500
2022-12-12,278.90228271484375,285.5799865722656,285.6400146484375,281.1600036621094,282.2200012207031,35732500
2022-12-13,281.9006042480469,288.6499938964844,296.8800048828125,285.9100036621094,296.6499938964844,80667700
2022-12-14,279.8106689453125,286.510009765625,291.4100036621094,283.19000244140625,288.04998779296875,64984400
2022-12-15,270.41552734375,276.8900146484375,283.010009765625,275.6700134277344,282.3299865722656,60554100
2022-12-16,267.8372802734375,274.25,277.7699890136719,272.6099853515625,276.20001220703125,68300400
2022-12-19,264.0732116699219,269.75,273.9599914550781,268.489990234375,273.8699951171875,44167900
2022-12-20,263.8676452636719,269.5400085449219,271.32000732421875,266.95001220703125,268.55999755859375,51064200
2022-12-21,267.6952819824219,273.45001220703125,274.7799987792969,269.739990234375,270.6000061035156,46394700
2022-12-22,261.14617919921875,266.760009765625,270.510009765625,262.4599914550781,270.3800048828125,60278400
2022-12-23,261.7334289550781,267.3599853515625,268.0400085449219,263.5299987792969,265.4700012207031,39373600
2022-12-27,258.0329895019531,263.5799865722656,266.8500061035156,263.0299987792969,266.739990234375,38009000
2022-12-28,254.62632751464844,260.1000061035156,265.4700012207031,259.7300109863281,263.1700134277344,47139000
2022-12-29,260.83282470703125,266.44000244140625,267.3999938964844,262.25,262.9599914550781,45893600
2022-12-30,260.6761779785156,266.2799987792969,266.4100036621094,262.2900085449219,263.6199951171875,37858300
2023-01-03,258.91412353515625,264.4800109863281,270.1499938964844,262.1300048828125,268.6499938964844,42335300
2023-01-04,260.1475830078125,265.739990234375,267.45001220703125,262.5299987792969,266.6400146484375,47754900
2023-01-05,256.07513427734375,261.5799865722656,264.2099914550781,261.260009765625,264.0400085449219,45396700
2023-01-06,263.1432189941406,268.79998779296875,269.94000244140625,260.3399963378906,263.3500061035156,54659700
2023-01-09,264.8465576171875,270.5400085449219,275.2900085449219,269.9200134277344,270.8299865722656,45568700
2023-01-10,267.08837890625,272.8299865722656,272.94000244140625,268.9700012207031,269.489990234375,35247800
2023-01-11,271.70904541015625,277.54998779296875,277.6600036621094,273.1199951171875,273.9200134277344,44077000
2023-01-12,273.1775207519531,279.04998779296875,280.1000061035156,273.739990234375,278.1199951171875,60600000
2023-01-13,275.0570373535156,280.9700012207031,281.2200012207031,276.1600036621094,276.5,44802900
2023-01-17,275.6151123046875,281.5400085449219,282.8500061035156,279.5799865722656,280.7699890136719,36269700
2023-01-18,272.0321044921875,277.8800048828125,284.69000244140625,277.6700134277344,283.1099853515625,47754500
2023-01-19,269.35955810546875,275.1499938964844,277.3800048828125,273.8900146484375,276.2200012207031,44150400
2023-01-20,276.7311096191406,282.67999267578125,283.0199890136719,275.7099914550781,276.7900085449219,60613600
2023-01-23,282.87890625,288.9599914550781,290.2099914550781,282.7300109863281,283.5400085449219,52799900
2023-01-24,282.3013000488281,288.3699951171875,289.54998779296875,286.7799987792969,287.30999755859375,44875100
2023-01-25,281.6748352050781,287.7300109863281,288.3599853515625,281.17999267578125,283.7699890136719,50872000
2023-01-26,287.1667175292969,293.3399963378906,293.5199890136719,288.5199890136719,291.2200012207031,51596300
2023-01-27,290.0252990722656,296.260009765625,298.260009765625,291.8800048828125,292.0,56441900
2023-01-30,284.161376953125,290.2699890136719,294.3800048828125,289.8900146484375,292.92999267578125,49405800
2023-01-31,288.4197998046875,294.6199951171875,294.7200012207031,290.20001220703125,290.30999755859375,46705100
2023-02-01,294.58721923828125,300.9200134277344,303.42999267578125,292.29998779296875,294.4100036621094,67562200
2023-02-02,305.1599426269531,311.7200012207031,313.67999267578125,306.7300109863281,307.57000732421875,83070600
2023-02-03,299.7365417480469,306.17999267578125,312.3900146484375,304.5400085449219,304.94000244140625,76170800
2023-02-06,297.20098876953125,303.5899963378906,305.9100036621094,302.2200012207031,303.510009765625,40802300
2023-02-07,303.35870361328125,309.8800048828125,311.0299987792969,302.32000732421875,303.4599914550781,67584000
2023-02-08,297.9645690917969,304.3699951171875,309.5,303.6700134277344,308.5400085449219,56720900
2023-02-09,295.331298828125,301.67999267578125,308.989990234375,300.20001220703125,308.8399963378906,49137800
2023-02-10,293.39288330078125,299.70001220703125,301.57000732421875,297.25,299.4800109863281,50050100
2023-02-13,298.09185791015625,304.5,305.1000061035156,299.92999267578125,301.1300048828125,39636700
2023-02-14,300.29461669921875,306.75,307.7200012207031,300.9100036621094,302.8900146484375,64079100
2023-02-15,302.59503173828125,309.1000061035156,309.2699890136719,304.20001220703125,304.8999938964844,43100600
2023-02-16,296.9171142578125,303.29998779296875,308.42999267578125,303.1499938964844,304.3800048828125,59498600
2023-02-17,294.82220458984375,301.1600036621094,301.92999267578125,298.1000061035156,301.07000732421875,58230700
2023-02-21,287.84228515625,294.0299987792969,298.7300109863281,293.8900146484375,297.260009765625,46526700
2023-02-22,288.05767822265625,294.25,296.3599853515625,292.55999755859375,294.6199951171875,51389200
2023-02-23,290.57354736328125,296.82000732421875,298.1300048828125,292.54998779296875,297.9700012207031,69294400
2023-02-24,285.70806884765625,291.8500061035156,292.9700012207031,290.04998779296875,291.760009765625,74332000
2023-02-27,287.754150390625,293.94000244140625,296.489990234375,293.3399963378906,295.07000732421875,48995000
2023-02-28,287.3821716308594,293.55999755859375,296.1199951171875,292.9599914550781,293.29998779296875,48243100
2023-03-01,285.07183837890625,291.20001220703125,293.92999267578125,290.20001220703125,293.260009765625,58287000
2023-03-02,287.4310302734375,293.6099853515625,294.42999267578125,288.3699951171875,288.6600036621094,53565900
2023-03-03,293.373291015625,299.67999267578125,299.9200134277344,294.8699951171875,295.3900146484375,60511500
2023-03-06,293.7061462402344,300.0199890136719,304.0,299.82000732421875,300.94000244140625,56736300
2023-03-07,290.1036376953125,296.3399963378906,301.010009765625,295.7200012207031,300.07000732421875,65955800
2023-03-08,291.552490234375,297.82000732421875,298.42999267578125,294.8800048828125,296.7699890136719,50876300
2023-03-09,286.50115966796875,292.6600036621094,300.9800109863281,291.8299865722656,298.3299865722656,71456700
2023-03-10,282.4775085449219,288.54998779296875,294.3500061035156,287.3800048828125,292.8299865722656,98593600
2023-03-13,284.57244873046875,290.69000244140625,294.4700012207031,285.19000244140625,286.7300109863281,97123600
2023-03-14,291.1119384765625,297.3699951171875,297.92999267578125,293.45001220703125,294.30999755859375,73602500
2023-03-15,292.6390686035156,298.92999267578125,299.2699890136719,293.239990234375,294.7099914550781,83631500
2023-03-16,300.35333251953125,306.80999755859375,307.17999267578125,297.19000244140625,298.0,98198100
2023-03-17,298.93377685546875,305.3599853515625,309.1499938964844,303.3699951171875,306.7200012207031,89923700
2023-03-20,299.9946594238281,305.9700012207031,306.29998779296875,302.010009765625,304.260009765625,56359500
2023-03-21,304.2793273925781,310.3399963378906,310.79998779296875,306.3999938964844,307.94000244140625,49757000
2023-03-22,300.1418151855469,306.1199951171875,315.25,305.95001220703125,310.2699890136719,75791900
2023-03-23,303.7008361816406,309.75,314.1499938964844,307.010009765625,309.9200134277344,74576000
2023-03-24,304.818603515625,310.8900146484375,310.989990234375,306.95001220703125,309.32000732421875,57195200
2023-03-27,302.7301940917969,308.760009765625,312.70001220703125,307.8900146484375,311.6000061035156,50287400
2023-03-28,301.1221923828125,307.1199951171875,308.20001220703125,304.7699890136719,308.1700134277344,48585900
2023-03-29,306.6128845214844,312.7200012207031,313.3500061035156,310.04998779296875,310.8800048828125,53274300
2023-03-30,309.5150451660156,315.67999267578125,316.32000732421875,312.80999755859375,315.239990234375,58354800
2023-03-31,314.66253662109375,320.92999267578125,321.1700134277344,315.6000061035156,315.9100036621094,62138100
2023-04-03,313.897705078125,320.1499938964844,320.4200134277344,317.4200134277344,318.7699890136719,47126800
2023-04-04,312.8388671875,319.07000732421875,321.6300048828125,317.8299865722656,320.6000061035156,45875400
2023-04-05,309.7503356933594,315.9200134277344,319.05999755859375,314.07000732421875,318.1000061035156,62795700
2023-04-06,311.8386535644531,318.04998779296875,318.54998779296875,312.82000732421875,314.239990234375,46916500
2023-04-10,311.6623229980469,317.8699951171875,317.9200134277344,313.25,315.07000732421875,45134700
2023-04-11,309.6620788574219,315.8299865722656,317.8900146484375,315.30999755859375,317.8299865722656,40113600
2023-04-12,306.9266357421875,313.0400085449219,318.4200134277344,312.57000732421875,317.82000732421875,62813300
2023-04-13,312.9369201660156,319.1700134277344,319.6499938964844,313.6300048828125,314.8299865722656,54613800
2023-04-14,312.3486328125,318.57000732421875,320.3599853515625,315.6099853515625,317.5899963378906,56278300
2023-04-17,312.6134033203125,318.8399963378906,319.20001220703125,316.0400085449219,318.1499938964844,43007000
2023-04-18,312.63299560546875,318.8599853515625,321.4200134277344,317.6400146484375,320.989990234375,46746900
2023-04-19,312.4858703613281,318.7099914550781,319.7900085449219,316.2799987792969,316.4100036621094,38960100
2023-04-20,310.1033630371094,316.2799987792969,319.2699890136719,314.9700012207031,315.69000244140625,62462100
2023-04-21,310.4269104003906,316.6099853515625,317.3999938964844,314.1000061035156,315.9100036621094,59002300
2023-04-24,309.7798156738281,315.95001220703125,317.739990234375,313.739990234375,316.3800048828125,44043100
2023-04-25,303.9361267089844,309.989990234375,314.9700012207031,309.8900146484375,314.2900085449219,57121600
2023-04-26,305.7794494628906,311.8699951171875,314.94000244140625,311.3399963378906,313.44000244140625,55400500
2023-04-27,314.0938415527344,320.3500061035156,320.8599853515625,315.04998779296875,315.70001220703125,65430400
2023-04-28,316.2606506347656,322.55999755859375,322.6499938964844,318.9599914550781,320.1099853515625,59712600
2023-05-01,315.89794921875,322.19000244140625,323.6300048828125,321.0899963378906,322.0899963378906,41013400
2023-05-02,313.1427917480469,319.3800048828125,322.45001220703125,317.6099853515625,322.1199951171875,56519400
2023-05-03,311.0936279296875,317.2900085449219,322.4700012207031,317.17999267578125,319.75,59882100
2023-05-04,309.9954833984375,316.1700134277344,318.2300109863281,315.1199951171875,317.05999755859375,50224500
2023-05-05,316.58428955078125,322.8900146484375,323.760009765625,316.2099914550781,318.4700012207031,51806100
2023-05-08,317.36865234375,323.69000244140625,324.0400085449219,321.32000732421875,322.4200134277344,36465800
2023-05-09,315.358642578125,321.6400146484375,322.8800048828125,321.32000732421875,322.0,31768800
2023-05-10,318.7902526855469,325.1400146484375,326.010009765625,321.6000061035156,324.1199951171875,60446600
2023-05-11,319.8296203613281,326.20001220703125,326.75,324.1199951171875,325.70001220703125,44278500
2023-05-12,318.6824645996094,325.0299987792969,327.1700134277344,322.94000244140625,326.739990234375,48432800
2023-05-15,320.4080810546875,326.7900085449219,327.0299987792969,323.9599914550781,325.510009765625,33375600
2023-05-16,320.7708740234375,327.1600036621094,328.8999938964844,326.0199890136719,326.05999755859375,40019200
2023-05-17,324.6535339355469,331.1199951171875,331.7099914550781,327.0400085449219,328.239990234375,47486100
2023-05-18,330.68341064453125,337.2699890136719,337.489990234375,331.5,331.5199890136719,64213500
2023-05-19,329.93817138671875,336.510009765625,338.2099914550781,335.42999267578125,337.489990234375,61554900
2023-05-22,331.04620361328125,337.6400146484375,338.6700134277344,336.239990234375,336.25,43015900
2023-05-23,326.8498229980469,333.3599853515625,337.05999755859375,333.0,335.8900146484375,48216700
2023-05-24,325.1731872558594,331.6499938964844,332.9100036621094,329.55999755859375,331.3699951171875,62891200
2023-05-25,333.0855712890625,339.7200012207031,341.010009765625,336.6700134277344,339.1400146484375,66862800
2023-05-26,341.5960693359375,348.3999938964844,349.25,340.6600036621094,340.760009765625,63007000
2023-05-30,343.14520263671875,349.9800109863281,353.92999267578125,348.5299987792969,352.7099914550781,72652200
2023-05-31,341.1940612792969,347.989990234375,350.6000061035156,346.510009765625,348.3699951171875,65105400
2023-06-01,345.13555908203125,352.010009765625,353.3599853515625,346.6600036621094,347.7300109863281,50488600
2023-06-02,347.7239990234375,354.6499938964844,355.8299865722656,352.010009765625,353.79998779296875,53372100
2023-06-05,347.9691162109375,354.8999938964844,357.5,353.8500061035156,354.42999267578125,47266200
2023-06-06,347.9102783203125,354.8399963378906,355.82000732421875,352.92999267578125,354.2799987792969,41390400
2023-06-07,342.0077819824219,348.82000732421875,357.1199951171875,348.17999267578125,355.1300048828125,69225900
2023-06-08,346.2532653808594,353.1499938964844,353.6199951171875,348.8900146484375,349.1199951171875,47153900
2023-06-09,347.57684326171875,354.5,357.6600036621094,353.0299987792969,354.6300048828125,53196900
2023-06-12,353.4499816894531,360.489990234375,360.5899963378906,355.20001220703125,356.19000244140625,44606500
2023-06-13,356.1658935546875,363.260009765625,364.1099853515625,360.0299987792969,363.2900085449219,57097800
2023-06-14,358.75433349609375,365.8999938964844,366.19000244140625,360.4200134277344,363.2699890136719,69525600
2023-06-15,363.0291442871094,370.260009765625,371.7699890136719,363.9800109863281,364.6099853515625,71138800
2023-06-16,360.74462890625,367.92999267578125,372.8500061035156,367.4800109863281,372.7200012207031,80932000
2023-06-20,360.22821044921875,366.8999938964844,368.32000732421875,363.8900146484375,365.95001220703125,49204700
2023-06-21,355.31915283203125,361.8999938964844,366.17999267578125,360.9599914550781,365.739990234375,53378300
2023-06-22,359.51153564453125,366.1700134277344,366.3299865722656,360.2200012207031,360.6300048828125,47603000
2023-06-23,355.94757080078125,362.5400085449219,364.8800048828125,360.82000732421875,362.2099914550781,48922900
2023-06-26,351.1758117675781,357.67999267578125,364.8399963378906,357.5899963378906,362.0,52685500
2023-06-27,357.2140197753906,363.8299865722656,364.57000732421875,358.510009765625,359.25,49428100
2023-06-28,357.9111328125,364.5400085449219,366.5199890136719,361.8999938964844,361.9800109863281,46498000
2023-06-29,357.1943664550781,363.80999755859375,364.8900146484375,362.1400146484375,364.239990234375,46151000
2023-06-30,362.7024230957031,369.4200134277344,370.489990234375,367.2300109863281,367.54998779296875,58712500
2023-07-03,363.5565185546875,370.2900085449219,370.92999267578125,368.9700012207031,370.07000732421875,19432900
2023-07-05,363.5468444824219,370.2799987792969,372.010009765625,368.6600036621094,368.70001220703125,34460900
2023-07-06,360.77801513671875,367.4599914550781,367.9100036621094,364.5199890136719,366.510009765625,49374700
2023-07-07,359.5802307128906,366.239990234375,370.4800109863281,366.010009765625,367.2300109863281,47133700
2023-07-10,359.6981201171875,366.3599853515625,367.04998779296875,363.4100036621094,365.9599914550781,48498800
2023-07-11,361.47515869140625,368.1700134277344,368.6300048828125,364.6199951171875,366.7900085449219,38214100
2023-07-12,366.04058837890625,372.82000732421875,374.19000244140625,370.29998779296875,372.3399963378906,61975400
2023-07-13,372.2554626464844,379.1499938964844,379.989990234375,375.4599914550781,376.04998779296875,46960000
2023-07-14,372.17694091796875,379.07000732421875,382.8599853515625,378.17999267578125,379.5899963378906,55148500
2023-07-17,375.6525573730469,382.6099853515625,383.5,379.30999755859375,379.79998779296875,40868900
2023-07-18,378.72564697265625,385.739990234375,387.1300048828125,380.0,381.9599914550781,55262000
2023-07-19,378.6372375488281,385.6499938964844,387.9800109863281,384.29998779296875,386.82000732421875,54093000
2023-07-20,369.9089660644531,376.760009765625,384.1000061035156,375.7200012207031,382.6099853515625,71941700
2023-07-21,368.7994689941406,375.6300048828125,379.9200134277344,375.19000244140625,379.17999267578125,60499600
2023-07-24,369.38861083984375,376.2300109863281,377.5799865722656,374.3399963378906,376.6199951171875,40380100
2023-07-25,371.8922424316406,378.7799987792969,380.4700012207031,376.92999267578125,376.95001220703125,38894400
2023-07-26,370.6551208496094,377.5199890136719,379.239990234375,375.17999267578125,377.7200012207031,47075700
2023-07-27,369.771484375,376.6199951171875,384.7099914550781,375.30999755859375,383.07000732421875,63940200
2023-07-28,376.5067443847656,383.4800109863281,384.5199890136719,380.2200012207031,380.739990234375,56902900
2023-07-31,376.7030944824219,383.67999267578125,384.8800048828125,382.3399963378906,383.7900085449219,44019900
2023-08-01,375.82928466796875,382.7900085449219,383.55999755859375,380.69000244140625,382.30999755859375,41060600
2023-08-02,367.58203125,374.3900146484375,379.260009765625,373.1300048828125,379.260009765625,72687100
2023-08-03,366.992919921875,373.7900085449219,375.95001220703125,371.7699890136719,371.94000244140625,47666400
2023-08-04,365.2747497558594,372.0400085449219,378.1000061035156,371.5299987792969,375.75,61702800
2023-08-07,368.3674621582031,375.19000244140625,375.2900085449219,371.510009765625,373.8800048828125,37230400
2023-08-08,365.2354431152344,372.0,372.6600036621094,368.82000732421875,372.6400146484375,44726500
2023-08-09,361.2198791503906,367.9100036621094,372.45001220703125,367.1400146484375,372.2900085449219,51150900
2023-08-10,361.887451171875,368.5899963378906,374.3599853515625,367.0400085449219,370.9700012207031,72035300
2023-08-11,359.5802307128906,366.239990234375,368.0,364.69000244140625,365.989990234375,48707200
2023-08-14,363.615478515625,370.3500061035156,370.4700012207031,364.70001220703125,365.42999267578125,42130800
2023-08-15,359.7569580078125,366.4200134277344,370.1700134277344,365.739990234375,369.3599853515625,45539900
2023-08-16,355.94757080078125,362.5400085449219,367.42999267578125,362.44000244140625,365.8699951171875,53190500
2023-08-17,352.0595397949219,358.5799865722656,364.30999755859375,358.1600036621094,363.9599914550781,62604300
2023-08-18,351.6177062988281,358.1300048828125,359.4100036621094,354.7099914550781,355.260009765625,61191400
2023-08-21,357.2828063964844,363.8999938964844,364.5899963378906,359.1499938964844,359.6199951171875,50696500
2023-08-22,356.7722473144531,363.3800048828125,366.55999755859375,362.67999267578125,366.54998779296875,44530200
2023-08-23,362.3979797363281,369.1099853515625,370.2200012207031,364.3599853515625,364.5799865722656,51770600
2023-08-24,354.65155029296875,361.2200012207031,372.739990234375,361.010009765625,372.6400146484375,66842500
2023-08-25,357.4005126953125,364.0199890136719,365.739990234375,358.5799865722656,362.07000732421875,69960500
2023-08-28,360.09075927734375,366.760009765625,367.7099914550781,364.25,366.989990234375,40910000
2023-08-29,367.9551086425781,374.7699890136719,375.1300048828125,366.2300109863281,366.55999755859375,58492400
2023-08-30,370.007080078125,376.8599853515625,377.45001220703125,373.8599853515625,374.8800048828125,41731500
2023-08-31,371.1165466308594,377.989990234375,379.7200012207031,376.8699951171875,376.94000244140625,35730700
2023-09-01,370.7237548828125,377.5899963378906,380.8299865722656,376.0799865722656,380.3999938964844,39801200
2023-09-05,371.195068359375,378.07000732421875,379.30999755859375,375.8299865722656,376.7699890136719,32344200
2023-09-06,367.9256591796875,374.739990234375,377.6300048828125,372.70001220703125,377.2799987792969,42998700
2023-09-07,365.2943420410156,372.05999755859375,372.8500061035156,369.1499938964844,370.2099914550781,52060700
2023-09-08,365.804931640625,372.5799865722656,374.8500061035156,371.6000061035156,372.010009765625,35800100
2023-09-11,370.1150817871094,376.9700012207031,377.489990234375,373.6600036621094,375.6600036621094,39936600
2023-09-12,366.01116943359375,372.7900085449219,376.95001220703125,372.5,375.2699890136719,41391000
2023-09-13,367.4052429199219,374.2099914550781,375.8399963378906,371.8800048828125,373.0299987792969,46300700
2023-09-14,370.4096984863281,377.2699890136719,378.2699890136719,373.8900146484375,375.989990234375,48039400
2023-09-15,364.067138671875,370.80999755859375,376.32000732421875,369.8599853515625,375.9100036621094,69811200
2023-09-18,364.4466247558594,370.6600036621094,371.7900085449219,369.0299987792969,369.32000732421875,36903500
2023-09-19,363.6698913574219,369.8699951171875,370.67999267578125,366.79998779296875,369.32000732421875,37621700
2023-09-20,358.4292297363281,364.5400085449219,371.30999755859375,364.4599914550781,370.95001220703125,45514200
2023-09-21,351.8612060546875,357.8599853515625,361.6000061035156,357.69000244140625,360.79998779296875,69734800
2023-09-22,351.91033935546875,357.9100036621094,361.79998779296875,357.5899963378906,359.6300048828125,51589700
2023-09-25,353.581787109375,359.6099853515625,359.70001220703125,355.92999267578125,356.92999267578125,39168000
2023-09-26,348.2724609375,354.2099914550781,357.5400085449219,353.2099914550781,356.989990234375,53657700
2023-09-27,349.0885009765625,355.0400085449219,356.9800109863281,351.3599853515625,355.3800048828125,56066000
2023-09-28,352.00872802734375,358.010009765625,360.1700134277344,353.239990234375,354.1099853515625,56453300
2023-09-29,352.2643737792969,358.2699890136719,362.95001220703125,357.0199890136719,361.5400085449219,64829600
2023-10-02,355.2042541503906,361.260009765625,362.67999267578125,357.9200134277344,358.5400085449219,51625100
2023-10-03,348.97052001953125,354.9200134277344,361.010009765625,353.2799987792969,358.7799987792969,60478500
2023-10-04,353.7195129394531,359.75,360.6099853515625,355.29998779296875,355.7699890136719,54786700
2023-10-05,352.67730712890625,358.69000244140625,360.1499938964844,355.1400146484375,359.739990234375,45897400
2023-10-06,358.5865783691406,364.70001220703125,365.9100036621094,354.8500061035156,355.6499938964844,75049100
2023-10-09,360.4153747558594,366.55999755859375,367.1099853515625,360.7799987792969,362.29998779296875,45304800
2023-10-10,362.4113464355469,368.5899963378906,371.2799987792969,366.3900146484375,366.8999938964844,46968800
2023-10-11,364.9972229003906,371.2200012207031,371.4100036621094,368.19000244140625,369.94000244140625,38215100
2023-10-12,363.72894287109375,369.92999267578125,373.739990234375,367.5,371.7300109863281,49587900
2023-10-13,359.1568603515625,365.2799987792969,371.1600036621094,363.8599853515625,370.57000732421875,52469900
2023-10-16,363.21759033203125,369.4100036621094,370.4800109863281,366.4700012207031,366.6199951171875,44201100
2023-10-17,362.0278625488281,368.20001220703125,369.9200134277344,363.6600036621094,365.80999755859375,50999100
2023-10-18,357.2788391113281,363.3699951171875,367.9100036621094,362.0199890136719,365.6700134277344,54280500
2023-10-19,353.93585205078125,359.9700012207031,366.0199890136719,359.1600036621094,364.80999755859375,72274200
2023-10-20,348.6558837890625,354.6000061035156,360.0400085449219,354.3699951171875,359.4599914550781,72559700
2023-10-23,349.7079162597656,355.6700134277344,359.260009765625,351.1199951171875,353.260009765625,60665200
2023-10-24,353.10986328125,359.1300048828125,359.9100036621094,355.7900085449219,357.510009765625,47082100
2023-10-25,344.46728515625,350.3399963378906,356.8800048828125,349.75,356.70001220703125,71190500
2023-10-26,337.8992614746094,343.6600036621094,350.07000732421875,342.3500061035156,349.1199951171875,78621400
2023-10-27,339.5215148925781,345.30999755859375,348.8399963378906,344.0799865722656,346.42999267578125,63476700
2023-10-30,343.346435546875,349.20001220703125,350.5400085449219,346.45001220703125,347.8299865722656,55298500
2023-10-31,344.9884033203125,350.8699951171875,351.25,346.6199951171875,349.2300109863281,47671900
2023-11-01,350.976318359375,356.9599914550781,357.5299987792969,351.6199951171875,351.7200012207031,58992700
2023-11-02,357.3476867675781,363.44000244140625,363.67999267578125,360.29998779296875,361.5400085449219,58162400
2023-11-03,361.5461120605469,367.7099914550781,369.0199890136719,364.5199890136719,364.75,53280500
2023-11-06,363.02093505859375,369.2099914550781,369.7799987792969,366.9100036621094,368.489990234375,38848700
2023-11-07,366.4524230957031,372.70001220703125,373.5799865722656,369.04998779296875,370.2699890136719,50777400
2023-11-08,366.6884460449219,372.94000244140625,373.7900085449219,370.6199951171875,373.0799865722656,35663400
2023-11-09,363.8665466308594,370.07000732421875,374.79998779296875,369.57000732421875,373.6400146484375,53859400
2023-11-10,372.04705810546875,378.3900146484375,378.5400085449219,371.2799987792969,371.82000732421875,58309800
2023-11-13,370.88690185546875,377.2099914550781,378.2799987792969,375.239990234375,376.7900085449219,40733500
2023-11-14,378.8707275390625,385.3299865722656,386.260009765625,383.17999267578125,383.7099914550781,67792600
2023-11-15,379.1558837890625,385.6199951171875,387.75,384.239990234375,387.25,54141400
2023-11-16,379.4803466796875,385.95001220703125,386.19000244140625,383.55999755859375,384.8399963378906,45343500
2023-11-17,379.5688171386719,386.0400085449219,387.07000732421875,384.2900085449219,385.2099914550781,46571900
2023-11-20,384.1900329589844,390.739990234375,391.4100036621094,386.04998779296875,386.04998779296875,44429600
2023-11-21,381.9580993652344,388.4700012207031,389.2300109863281,386.70001220703125,389.010009765625,43337000
2023-11-22,383.5214538574219,390.05999755859375,393.07000732421875,389.0400085449219,390.57000732421875,44121000
2023-11-24,382.9806213378906,389.510009765625,390.25,388.5,389.6499938964844,15718800
2023-11-27,382.6463317871094,389.1700134277344,391.1499938964844,388.2799987792969,389.010009765625,34139700
2023-11-28,383.6492919921875,390.19000244140625,390.7799987792969,388.04998779296875,388.4100036621094,35491100
2023-11-29,383.2756652832031,389.80999755859375,394.1400146484375,389.4599914550781,392.69000244140625,38811700
2023-11-30,382.31207275390625,388.8299865722656,390.54998779296875,385.82000732421875,390.0799865722656,52834400
2023-12-01,383.4034118652344,389.94000244140625,390.5400085449219,386.07000732421875,387.75,40490100
2023-12-04,379.84417724609375,386.32000732421875,386.6000061035156,382.6600036621094,386.0899963378906,51186900
2023-12-05,380.7978820800781,387.2900085449219,388.5,384.2099914550781,384.3900146484375,42933000
2023-12-06,378.59539794921875,385.04998779296875,390.3699951171875,384.70001220703125,390.2699890136719,41994100
2023-12-07,383.88525390625,390.42999267578125,391.2699890136719,386.9599914550781,388.07000732421875,49593500
2023-12-08,385.5960998535156,392.1700134277344,392.6199951171875,388.4800109863281,388.6700134277344,46687500
2023-12-11,388.8898620605469,395.5199890136719,395.7900085449219,391.5299987792969,391.739990234375,41198000
2023-12-12,391.987060546875,398.6700134277344,398.7900085449219,394.4100036621094,395.55999755859375,39221200
2023-12-13,396.9720153808594,403.739990234375,404.3599853515625,398.8399963378906,399.6199951171875,55408100
2023-12-14,396.6279602050781,403.3900146484375,406.29998779296875,400.3399963378906,404.9800109863281,55447800
2023-12-15,398.5452575683594,405.3399963378906,406.5400085449219,403.57000732421875,404.17999267578125,62896600
2023-12-18,401.05560302734375,407.0799865722656,407.989990234375,404.6000061035156,404.92999267578125,46610000
2023-12-19,403.1048278808594,409.1600036621094,409.2799987792969,407.3500061035156,407.5400085449219,35711900
2023-12-20,397.11474609375,403.0799865722656,410.4700012207031,402.8999938964844,408.3500061035156,54042400
2023-12-21,401.7354431152344,407.7699890136719,408.1400146484375,404.4700012207031,407.05999755859375,45568900
2023-12-22,402.33636474609375,408.3800048828125,409.9700012207031,406.4800109863281,409.0,34314000
2023-12-26,404.79931640625,410.8800048828125,411.55999755859375,409.1499938964844,409.25,22722500
2023-12-27,405.62347412109375,411.5,411.7900085449219,410.0799865722656,410.95001220703125,31980500
2023-12-28,405.42626953125,411.29998779296875,412.9200134277344,410.94000244140625,412.6700134277344,27029200
2023-12-29,403.6716613769531,409.5199890136719,411.6400146484375,407.5799865722656,411.2799987792969,42662100
2024-01-02,396.8406982421875,402.5899963378906,406.0899963378906,400.239990234375,405.8399963378906,58026900
2024-01-03,392.6414794921875,398.3299865722656,401.0,397.8900146484375,399.92999267578125,47002800
2024-01-04,390.6207580566406,396.2799987792969,399.5899963378906,396.05999755859375,396.44000244140625,39432800
2024-01-05,391.0841064453125,396.75,399.55999755859375,395.3399963378906,396.45001220703125,44922800
2024-01-08,399.1669616699219,404.95001220703125,405.239990234375,397.8399963378906,397.989990234375,42473800
2024-01-09,399.95556640625,405.75,406.69000244140625,401.7099914550781,401.9100036621094,39132900
2024-01-10,402.6662902832031,408.5,409.5199890136719,405.1700134277344,406.07000732421875,33962800
2024-01-11,403.504150390625,409.3500061035156,411.20001220703125,404.239990234375,409.7900085449219,54536200
2024-01-12,403.7110900878906,409.55999755859375,411.25,408.1499938964844,410.3999938964844,39595000
2024-01-16,403.6716613769531,409.5199890136719,411.1199951171875,406.8299865722656,408.30999755859375,43903000
2024-01-17,401.3946838378906,407.2099914550781,407.5899963378906,402.9200134277344,406.1700134277344,54386000
2024-01-18,407.0921630859375,412.989990234375,413.5799865722656,409.1600036621094,410.5199890136719,59562500
2024-01-19,415.1651611328125,421.17999267578125,421.3399963378906,414.6300048828125,415.2200012207031,70325100
2024-01-22,415.70733642578125,421.7300109863281,424.7300109863281,421.1199951171875,423.4100036621094,44880600
2024-01-23,417.432373046875,423.4800109863281,423.70001220703125,420.57000732421875,422.42999267578125,33003800
2024-01-24,419.7487487792969,425.8299865722656,429.8500061035156,425.3299865722656,427.44000244140625,46948000
2024-01-25,420.2613830566406,426.3500061035156,429.0400085449219,423.9800109863281,428.3599853515625,44367200
2024-01-26,417.7575988769531,423.80999755859375,426.2099914550781,423.1499938964844,424.44000244140625,37137000
2024-01-29,422.0356750488281,428.1499938964844,428.3500061035156,423.6099853515625,424.2699890136719,38694700
2024-01-30,419.226318359375,425.29998779296875,427.67999267578125,424.3800048828125,427.1000061035156,36739000
2024-01-31,411.0153503417969,416.9700012207031,422.8699951171875,416.7900085449219,420.8500061035156,64010600
2024-02-01,415.855224609375,421.8800048828125,422.3800048828125,417.80999755859375,418.7900085449219,51008600
2024-02-02,422.8833923339844,429.010009765625,430.239990234375,422.7900085449219,423.79998779296875,59602400
2024-02-05,422.33135986328125,428.45001220703125,429.6099853515625,425.0,429.07000732421875,39889200
2024-02-06,421.483642578125,427.5899963378906,430.2200012207031,425.2200012207031,429.6099853515625,35846100
2024-02-07,425.82080078125,431.989990234375,432.8299865722656,429.0899963378906,430.4100036621094,37712700
2024-02-08,426.609375,432.7900085449219,433.55999755859375,431.4200134277344,432.1099853515625,29889900
2024-02-09,430.80853271484375,437.04998779296875,437.8500061035156,433.1400146484375,433.94000244140625,36943900
2024-02-12,429.1229553222656,435.3399963378906,439.1400146484375,434.6499938964844,436.94000244140625,33203300
2024-02-13,422.4299011230469,428.54998779296875,431.2699890136719,425.3299865722656,427.2799987792969,64491700
2024-02-14,427.033203125,433.2200012207031,433.6499938964844,428.8800048828125,431.260009765625,45092700
2024-02-15,428.30487060546875,434.510009765625,434.9800109863281,431.3299865722656,433.9200134277344,38796100
2024-02-16,424.421142578125,430.57000732421875,434.989990234375,429.8500061035156,434.8900146484375,53716500
2024-02-20,421.217529296875,427.32000732421875,430.0799865722656,423.5,428.54998779296875,53999500
2024-02-21,419.5318908691406,425.6099853515625,425.70001220703125,421.6300048828125,424.54998779296875,49779000
2024-02-22,431.81396484375,438.07000732421875,439.1199951171875,433.7099914550781,434.489990234375,53887800
2024-02-23,430.5424499511719,436.7799987792969,440.5899963378906,435.7900085449219,439.6499938964844,39853900
2024-02-26,430.3156433105469,436.54998779296875,438.6000061035156,436.3599853515625,437.6000061035156,33043200
2024-02-27,431.3507080078125,437.6000061035156,437.989990234375,435.0299987792969,437.6700134277344,33713200
2024-02-28,429.053955078125,435.2699890136719,436.6700134277344,434.29998779296875,435.42999267578125,32938800
2024-02-29,432.730712890625,439.0,440.0899963378906,435.0199890136719,438.2300109863281,42495200
2024-03-01,439.2463073730469,445.6099853515625,446.5799865722656,439.8399963378906,439.8999938964844,43853000
2024-03-04,437.6789855957031,444.0199890136719,446.0400085449219,443.7699890136719,445.6099853515625,34325700
2024-03-05,429.82281494140625,436.04998779296875,440.95001220703125,433.6499938964844,440.94000244140625,57917100
2024-03-06,432.523681640625,438.7900085449219,441.989990234375,436.8900146484375,440.32000732421875,46234500
2024-03-07,439.0885925292969,445.45001220703125,446.7200012207031,440.8599853515625,442.4200134277344,44526700
2024-03-08,432.75042724609375,439.0199890136719,448.6400146484375,438.3399963378906,445.80999755859375,72096000
2024-03-11,431.1436767578125,437.3900146484375,438.6600036621094,435.44000244140625,437.510009765625,45860000
2024-03-12,437.32415771484375,443.6600036621094,444.0199890136719,436.4599914550781,439.7300109863281,55300900
2024-03-13,433.96282958984375,440.25,442.6700134277344,439.1199951171875,442.6499938964844,37928700
2024-03-14,432.8687438964844,439.1400146484375,442.0299987792969,436.3900146484375,441.5,52195200
2024-03-15,427.7232666015625,433.9200134277344,438.8699951171875,432.739990234375,436.07000732421875,73069800
2024-03-18,431.8026428222656,437.4800109863281,441.0400085449219,437.239990234375,438.7300109863281,47323800
2024-03-19,432.87847900390625,438.57000732421875,438.9800109863281,433.3299865722656,435.45001220703125,43004100
2024-03-20,438.010986328125,443.7699890136719,444.1099853515625,438.05999755859375,439.7799987792969,43653500
2024-03-21,440.0837707519531,445.8699951171875,449.3399963378906,445.6700134277344,448.8800048828125,39345700
2024-03-22,440.5871276855469,446.3800048828125,447.489990234375,444.489990234375,445.3500061035156,28253900
2024-03-25,438.9881896972656,444.760009765625,446.260009765625,442.5400085449219,443.54998779296875,27789200
2024-03-26,437.5668640136719,443.32000732421875,447.2300109863281,443.0899963378906,446.29998779296875,34142000
2024-03-27,439.0572509765625,444.8299865722656,446.5400085449219,441.92999267578125,446.44000244140625,41359200
2024-03-28,438.24786376953125,444.010009765625,445.6400146484375,443.6499938964844,444.7799987792969,36839600
2024-04-01,439.1756591796875,444.95001220703125,447.5299987792969,443.0199890136719,444.9700012207031,38729000
2024-04-02,435.3855285644531,441.1099853515625,441.42999267578125,438.0299987792969,440.0799865722656,44259700
2024-04-03,436.3627014160156,442.1000061035156,444.0,438.95001220703125,438.9599914550781,39949800
2024-04-04,429.6903991699219,435.3399963378906,446.95001220703125,435.1099853515625,446.3299865722656,57267700
2024-04-05,434.7538146972656,440.4700012207031,443.1700134277344,435.9599914550781,436.7799987792969,54744600
2024-04-08,434.8821105957031,440.6000061035156,442.5,439.20001220703125,441.4100036621094,28144900
2024-04-09,436.4909973144531,442.2300109863281,443.239990234375,437.44000244140625,442.9599914550781,39443600
2024-04-10,432.68109130859375,438.3699951171875,439.239990234375,436.2799987792969,437.0,61502200
2024-04-11,439.59027099609375,445.3699951171875,446.3299865722656,437.9599914550781,440.260009765625,45474600
2024-04-12,432.58233642578125,438.2699890136719,442.239990234375,436.8800048828125,441.1000061035156,53665000
2024-04-15,425.46600341796875,431.05999755859375,442.1499938964844,430.2099914550781,442.05999755859375,63453600
2024-04-16,425.50543212890625,431.1000061035156,433.760009765625,429.70001220703125,430.8999938964844,47619000
2024-04-17,420.31365966796875,425.8399963378906,433.1199951171875,424.8999938964844,433.1000061035156,56880500
2024-04-18,417.91522216796875,423.4100036621094,428.239990234375,422.8299865722656,426.489990234375,46549400
2024-04-19,409.2689208984375,414.6499938964844,422.75,413.07000732421875,422.2200012207031,75231000
2024-04-22,413.3847961425781,418.82000732421875,421.17999267578125,413.94000244140625,417.30999755859375,47807700
2024-04-23,419.55364990234375,425.07000732421875,426.2799987792969,418.8699951171875,420.7699890136719,44384700
2024-04-24,420.9749755859375,426.510009765625,429.7300109863281,424.20001220703125,428.20001220703125,48440300
2024-04-25,418.94171142578125,424.45001220703125,425.32000732421875,418.1400146484375,419.239990234375,57392200
2024-04-26,425.40673828125,431.0,432.54998779296875,426.9200134277344,427.6199951171875,41874900
2024-04-29,427.134033203125,432.75,433.760009765625,429.9800109863281,433.1300048828125,30022200
2024-04-30,419.0798645019531,424.5899963378906,432.55999755859375,424.510009765625,431.1499938964844,43665900
2024-05-01,416.04974365234375,421.5199890136719,430.1400146484375,420.6600036621094,423.1499938964844,52251700
2024-05-02,421.3598937988281,426.8999938964844,427.80999755859375,420.6300048828125,425.29998779296875,36559000
2024-05-03,429.82861328125,435.4800109863281,436.4800109863281,432.6199951171875,434.44000244140625,48515300
2024-05-06,434.53668212890625,440.25,440.3399963378906,436.5199890136719,437.29998779296875,30227200
2024-05-07,434.6058044433594,440.32000732421875,441.9700012207031,439.5799865722656,440.70001220703125,30996100
2024-05-08,434.34912109375,440.05999755859375,441.4800109863281,437.54998779296875,437.6700134277344,24896700
2024-05-09,435.29669189453125,441.0199890136719,441.6000061035156,438.4599914550781,440.3299865722656,24580100
2024-05-10,436.32318115234375,442.05999755859375,444.30999755859375,440.5,442.5400085449219,27116600
2024-05-13,437.3299255371094,443.0799865722656,444.0899963378906,441.6499938964844,443.989990234375,22994200
2024-05-14,440.14300537109375,445.92999267578125,446.4700012207031,442.4599914550781,442.6499938964844,34478300
2024-05-15,447.0225524902344,452.8999938964844,453.1499938964844,446.8999938964844,448.42999267578125,41464700
2024-05-16,446.11444091796875,451.9800109863281,454.69000244140625,451.80999755859375,452.7099914550781,34780400
2024-05-17,445.8973388671875,451.760009765625,452.7200012207031,449.5400085449219,452.1099853515625,35803700
2024-05-20,449.0064392089844,454.9100036621094,455.5799865722656,451.7900085449219,451.9800109863281,24474200
2024-05-21,449.8848571777344,455.79998779296875,455.989990234375,452.8399963378906,453.0400085449219,23167700
2024-05-22,449.7960510253906,455.7099914550781,456.82000732421875,453.0799865722656,456.05999755859375,25120000
2024-05-23,447.7726135253906,453.6600036621094,460.5799865722656,451.8500061035156,460.54998779296875,40899200
2024-05-24,452.0069885253906,457.95001220703125,459.2300109863281,453.57000732421875,455.2900085449219,29669500
2024-05-28,453.7145080566406,459.67999267578125,459.739990234375,456.69000244140625,459.17999267578125,26216800
2024-05-29,450.51654052734375,456.44000244140625,458.239990234375,455.3399963378906,455.4800109863281,29739200
2024-05-30,445.69000244140625,451.54998779296875,455.6400146484375,450.2099914550781,455.5,30536800
2024-05-31,444.8608703613281,450.7099914550781,452.4800109863281,443.05999755859375,451.7799987792969,55941300
2024-06-03,447.24951171875,453.1300048828125,455.5799865722656,447.8999938964844,454.57000732421875,32997500
2024-06-04,448.4734191894531,454.3699951171875,455.5799865722656,451.1300048828125,452.8699951171875,23767400
2024-06-05,457.51458740234375,463.5299987792969,463.6099853515625,454.4100036621094,457.9800109863281,33817400
2024-06-06,457.3566589355469,463.3699951171875,464.5400085449219,462.19000244140625,464.2200012207031,21966800
2024-06-07,456.95196533203125,462.9599914550781,465.739990234375,461.8399963378906,463.0,25829700
2024-06-10,458.7977294921875,464.8299865722656,465.19000244140625,461.5299987792969,461.82000732421875,20660800
2024-06-11,461.9463195800781,468.0199890136719,468.1400146484375,462.0299987792969,463.5400085449219,22053300
2024-06-12,467.9967346191406,474.1499938964844,476.5,471.2900085449219,471.989990234375,34532600
2024-06-13,470.5333557128906,476.7200012207031,478.3900146484375,474.4200134277344,477.7200012207031,25859000
2024-06-14,472.97137451171875,479.19000244140625,479.260009765625,476.04998779296875,476.5199890136719,23372600
2024-06-17,478.76513671875,485.05999755859375,486.8599853515625,478.1400146484375,479.4599914550781,37054500
2024-06-18,478.9132080078125,485.2099914550781,485.8999938964844,483.42999267578125,485.010009765625,24438600
2024-06-20,475.2217712402344,481.4700012207031,486.8399963378906,479.6199951171875,486.4200134277344,33918700
2024-06-21,473.948486328125,480.17999267578125,482.5400085449219,478.6700134277344,481.19000244140625,37456800
2024-06-24,468.552734375,473.9599914550781,479.92999267578125,473.82000732421875,478.17999267578125,37751000
2024-06-25,473.91094970703125,479.3800048828125,479.67999267578125,475.1199951171875,476.07000732421875,29014700
2024-06-26,474.8896179199219,480.3699951171875,480.9200134277344,478.1300048828125,478.54998779296875,22737100
2024-06-27,476.1154479980469,481.6099853515625,483.1000061035156,479.29998779296875,480.1199951171875,26222100
2024-06-28,473.64398193359375,479.1099853515625,487.20001220703125,478.4599914550781,482.4100036621094,34881600
2024-07-01,476.4219665527344,481.9200134277344,482.489990234375,476.260009765625,480.0400085449219,24898300
2024-07-02,481.4242248535156,486.9800109863281,487.0400085449219,480.2799987792969,480.4100036621094,26723600
2024-07-03,485.43792724609375,491.0400085449219,491.1700134277344,486.2200012207031,486.2200012207031,18064900
2024-07-05,490.49951171875,496.1600036621094,496.6000061035156,491.5899963378906,491.8900146484375,28495900
2024-07-08,491.66607666015625,497.3399963378906,497.8999938964844,495.5,496.5299987792969,22109400
2024-07-09,492.0910949707031,497.7699890136719,500.0,496.239990234375,498.8699951171875,25614500
2024-07-10,497.2218933105469,502.9599914550781,503.5199890136719,498.3900146484375,499.7099914550781,28046900
2024-07-11,486.3177185058594,491.92999267578125,503.2799987792969,490.7300109863281,503.07000732421875,49966600
2024-07-12,489.1748352050781,494.82000732421875,499.6199951171875,492.0400085449219,492.510009765625,37109400
2024-07-15,490.4895935058594,496.1499938964844,501.010009765625,494.0899963378906,496.6099853515625,31151400
2024-07-16,490.67742919921875,496.3399963378906,498.44000244140625,493.1499938964844,497.6199951171875,25950600
2024-07-17,476.2736511230469,481.7699890136719,488.79998779296875,481.70001220703125,488.2799987792969,56268800
2024-07-18,474.0196228027344,479.489990234375,485.7099914550781,476.2699890136719,485.5299987792969,49347400
2024-07-19,469.8181457519531,475.239990234375,481.69000244140625,473.94000244140625,479.1499938964844,42042900
2024-07-22,476.8173828125,482.32000732421875,483.3500061035156,477.7099914550781,481.1600036621094,40300000
2024-07-23,475.1367492675781,480.6199951171875,484.42999267578125,480.1400146484375,481.4100036621094,23282500
2024-07-24,458.093505859375,463.3800048828125,474.19000244140625,462.510009765625,473.82000732421875,58818600
2024-07-25,453.0417785644531,458.2699890136719,467.94000244140625,455.6300048828125,463.7200012207031,59256800
2024-07-26,457.68817138671875,462.9700012207031,465.92999267578125,459.7699890136719,462.6499938964844,39992100
2024-07-29,458.6075134277344,463.8999938964844,467.9100036621094,461.6199951171875,465.7099914550781,28218500
2024-07-30,452.3101806640625,457.5299987792969,466.55999755859375,454.1499938964844,465.8500061035156,41317200
2024-07-31,465.69573974609375,471.07000732421875,472.7900085449219,466.4100036621094,467.8699951171875,44552100
2024-08-01,454.4159240722656,459.6600036621094,475.54998779296875,455.9800109863281,471.760009765625,56653900
2024-08-02,443.6303405761719,448.75,453.57000732421875,444.4700012207031,450.8900146484375,66323200
2024-08-05,430.4030456542969,435.3699951171875,442.2900085449219,423.45001220703125,424.7099914550781,87483500
2024-08-06,434.51556396484375,439.5299987792969,447.07000732421875,434.55999755859375,437.2300109863281,63164400
2024-08-07,429.8098449707031,434.7699890136719,449.0,434.3699951171875,446.489990234375,54929200
2024-08-08,442.9581604003906,448.07000732421875,448.989990234375,437.1499938964844,441.05999755859375,47890100
2024-08-09,445.2713928222656,450.4100036621094,452.05999755859375,445.6099853515625,446.739990234375,33574000
2024-08-12,446.2303771972656,451.3800048828125,454.3699951171875,448.54998779296875,451.3900146484375,27795000
2024-08-13,457.3025817871094,462.5799865722656,462.8500061035156,455.67999267578125,455.82000732421875,40084500
2024-08-14,457.450927734375,462.7300109863281,465.1099853515625,458.3999938964844,463.510009765625,34733700
2024-08-15,469.0075378417969,474.4200134277344,474.82000732421875,468.3800048828125,468.760009765625,38280600
2024-08-16,469.61053466796875,475.0299987792969,476.4100036621094,471.6499938964844,472.6199951171875,38383600
2024-08-19,475.7793273925781,481.2699890136719,481.30999755859375,473.3699951171875,475.1700134277344,23737700
2024-08-20,474.7809143066406,480.260009765625,482.94000244140625,478.54998779296875,480.3500061035156,29209300
2024-08-21,476.9953308105469,482.5,484.3699951171875,479.32000732421875,481.04998779296875,25658800
2024-08-22,469.4326171875,474.8500061035156,485.5400085449219,473.80999755859375,484.8399963378906,37739600
2024-08-23,474.5238342285156,480.0,482.739990234375,475.2799987792969,479.239990234375,36061500
2024-08-26,469.9169921875,475.3399963378906,480.3800048828125,473.239990234375,479.45001220703125,27452600
2024-08-27,471.3208312988281,476.760009765625,477.8399963378906,471.7099914550781,473.69000244140625,27510000
2024-08-28,465.9725646972656,471.3500061035156,477.0199890136719,467.8900146484375,476.2900085449219,37372400
2024-08-29,465.29046630859375,470.6600036621094,477.92999267578125,469.3699951171875,473.2799987792969,41081500
2024-08-30,470.8363952636719,476.2699890136719,476.8999938964844,470.510009765625,475.0400085449219,33466500
2024-09-03,456.5413818359375,461.80999755859375,473.3299865722656,459.4100036621094,473.20001220703125,44985200
2024-09-04,455.3551025390625,460.6099853515625,464.45001220703125,457.7300109863281,458.6700134277344,32505100
2024-09-05,455.7801818847656,461.0400085449219,465.3599853515625,457.94000244140625,458.9700012207031,34452400
2024-09-06,443.571044921875,448.69000244140625,461.2200012207031,448.19000244140625,460.3299865722656,50624400
2024-09-09,449.2752990722656,454.4599914550781,455.4599914550781,449.82000732421875,453.05999755859375,32981200
2024-09-10,453.42730712890625,458.6600036621094,459.1700134277344,452.2300109863281,456.239990234375,29680300
2024-09-11,463.2737121582031,468.6199951171875,469.3699951171875,451.2799987792969,459.9100036621094,57843000
2024-09-12,467.8211669921875,473.2200012207031,474.0400085449219,466.8500061035156,468.6499938964844,40067800
2024-09-13,469.9169921875,475.3399963378906,476.5299987792969,472.25,472.4800109863281,29111800
2024-09-16,467.8409423828125,473.239990234375,473.8599853515625,469.8900146484375,473.19000244140625,22585600
2024-09-17,468.088134765625,473.489990234375,477.6000061035156,470.9700012207031,476.2900085449219,30084400
2024-09-18,466.0615234375,471.44000244140625,478.8299865722656,470.8299865722656,474.70001220703125,39909200
2024-09-19,477.84552001953125,483.3599853515625,486.2300109863281,480.489990234375,482.6099853515625,52782500
2024-09-20,476.93603515625,482.44000244140625,483.69000244140625,478.29998779296875,482.489990234375,34577700
2024-09-23,478.20025634765625,483.0400085449219,484.1400146484375,481.6000061035156,482.95001220703125,24843000
2024-09-24,480.50689697265625,485.3699951171875,486.3299865722656,480.1700134277344,484.4599914550781,25952600
2024-09-25,480.95233154296875,485.82000732421875,487.7900085449219,484.55999755859375,484.739990234375,26549900
2024-09-26,484.5657653808594,489.4700012207031,493.70001220703125,485.79998779296875,493.3699951171875,32020200
2024-09-27,481.873046875,486.75,490.6400146484375,485.55999755859375,490.5,22851100
2024-09-30,483.1798400878906,488.07000732421875,488.4100036621094,482.9200134277344,485.7799987792969,30281100
2024-10-01,476.4479675292969,481.2699890136719,488.0,477.3999938964844,487.70001220703125,42735400
2024-10-02,477.1211853027344,481.95001220703125,483.8800048828125,477.7200012207031,480.3599853515625,23744000
2024-10-03,476.76470947265625,481.5899963378906,484.54998779296875,478.989990234375,479.739990234375,25337200
2024-10-04,482.4373474121094,487.32000732421875,487.8800048828125,482.3900146484375,487.45001220703125,30686600
2024-10-07,477.2696533203125,482.1000061035156,486.57000732421875,480.8699951171875,485.3900146484375,24975100
2024-10-08,484.3974914550781,489.29998779296875,489.989990234375,483.8500061035156,484.6600036621094,28272000
2024-10-09,488.20892333984375,493.1499938964844,493.7300109863281,487.95001220703125,489.0,24995000
2024-10-10,487.6545715332031,492.5899963378906,494.4700012207031,489.5299987792969,490.8500061035156,25750400
2024-10-11,488.41680908203125,493.3599853515625,494.3900146484375,490.1700134277344,490.739990234375,20644500
2024-10-14,492.51531982421875,497.5,498.8299865722656,495.260009765625,495.7699890136719,26060100
2024-10-15,485.9319763183594,490.8500061035156,498.5,488.67999267578125,497.8299865722656,34784500
2024-10-16,485.9913635253906,490.9100036621094,491.69000244140625,487.57000732421875,491.17999267578125,22996800
2024-10-17,486.32794189453125,491.25,496.489990234375,491.19000244140625,496.44000244140625,27210700
2024-10-18,489.51568603515625,494.4700012207031,495.57000732421875,493.29998779296875,494.05999755859375,25335000
2024-10-21,490.4562072753906,495.4200134277344,496.2300109863281,491.30999755859375,493.25,30336500
2024-10-22,490.99078369140625,495.9599914550781,497.45001220703125,491.9700012207031,492.7300109863281,26685800
2024-10-23,483.4668884277344,488.3599853515625,494.25,485.04998779296875,493.5899963378906,39346600
2024-10-24,487.3872375488281,492.32000732421875,493.0,489.44000244140625,492.1099853515625,22024900
2024-10-25,490.3572082519531,495.32000732421875,500.2799987792969,494.42999267578125,495.1400146484375,38762100
2024-10-28,490.4363708496094,495.3999938964844,498.5199890136719,495.1000061035156,498.4599914550781,20477800
2024-10-29,495.148681640625,500.1600036621094,501.3500061035156,493.8500061035156,495.7200012207031,28014100
2024-10-30,491.40655517578125,496.3800048828125,500.3500061035156,495.8900146484375,499.3900146484375,29756000
2024-10-31,479.0021057128906,483.8500061035156,492.42999267578125,483.75,492.3800048828125,41245200
2024-11-01,482.5462341308594,487.42999267578125,490.75,485.20001220703125,485.5,33655800
2024-11-04,481.1405029296875,486.010009765625,489.3800048828125,484.25,486.82000732421875,23291600
2024-11-05,487.27838134765625,492.2099914550781,492.8800048828125,487.5199890136719,487.6099853515625,24353600
2024-11-06,500.5143737792969,505.5799865722656,506.4100036621094,499.6000061035156,500.55999755859375,43082200
2024-11-07,508.3945617675781,513.5399780273438,514.3300170898438,508.3399963378906,508.3999938964844,32853100
2024-11-08,508.9886474609375,514.1400146484375,514.9199829101562,512.4099731445312,513.0399780273438,22924500
2024-11-11,508.6916198730469,513.8400268554688,515.5800170898438,510.9200134277344,515.3699951171875,24167500
2024-11-12,507.7709655761719,512.9099731445312,514.6599731445312,509.8299865722656,513.77001953125,25835300
2024-11-13,507.1175537109375,512.25,514.97998046875,509.95001220703125,512.4000244140625,24567400
2024-11-14,503.5932312011719,508.69000244140625,512.7899780273438,507.7699890136719,511.9100036621094,28679500
2024-11-15,491.59466552734375,496.57000732421875,503.3299865722656,494.489990234375,502.94000244140625,51461100
2024-11-18,495.01007080078125,500.0199890136719,502.1400146484375,496.7300109863281,498.1300048828125,27080800
2024-11-19,498.4156188964844,503.4599914550781,503.95001220703125,497.0799865722656,497.4200134277344,24523000
2024-11-20,498.1285095214844,503.1700134277344,503.4800109863281,496.55999755859375,503.1600036621094,29565500
2024-11-21,499.92041015625,504.9800109863281,506.9599914550781,497.55999755859375,506.239990234375,34526700
2024-11-22,500.7222900390625,505.7900085449219,506.5299987792969,502.7799987792969,504.4200134277344,23826600
2024-11-25,501.5142822265625,506.5899963378906,511.45001220703125,504.260009765625,509.8999938964844,26375200
2024-11-26,504.20703125,509.30999755859375,510.1400146484375,507.2300109863281,508.0799865722656,26557100
2024-11-27,500.2372131347656,505.29998779296875,508.239990234375,501.92999267578125,508.1700134277344,24957400
2024-11-29,504.6326904296875,509.739990234375,510.3399963378906,505.30999755859375,505.92999267578125,15334000
2024-12-02,510.1271057128906,515.2899780273438,516.260009765625,510.6199951171875,511.010009765625,25147200
2024-12-03,511.6911926269531,516.8699951171875,517.1500244140625,513.3699951171875,513.9500122070312,18597900
2024-12-04,518.0172119140625,523.260009765625,523.52001953125,519.5999755859375,520.3200073242188,26086200
2024-12-05,516.581787109375,521.8099975585938,524.0399780273438,521.4199829101562,523.3099975585938,18169600
2024-12-06,521.2048950195312,526.47998046875,526.719970703125,522.3499755859375,522.47998046875,23762600
2024-12-09,517.1460571289062,522.3800048828125,526.3499755859375,521.219970703125,525.5499877929688,20674400
2024-12-10,515.3838500976562,520.5999755859375,525.3800048828125,519.1599731445312,523.6199951171875,24350000
2024-12-11,524.6104736328125,529.9199829101562,530.6099853515625,524.5900268554688,525.0,32168600
2024-12-12,521.2247924804688,526.5,528.9600219726562,526.02001953125,527.6799926757812,23577500
2024-12-13,525.2144165039062,530.530029296875,533.1699829101562,527.2999877929688,530.4600219726562,28780400
2024-12-16,532.7777709960938,538.1699829101562,539.1500244140625,533.0,533.0800170898438,31979900
2024-12-17,530.4315795898438,535.7999877929688,537.47998046875,534.1300048828125,536.3599853515625,28579100
2024-12-18,511.2952880859375,516.469970703125,536.8800048828125,515.010009765625,535.1500244140625,54703200
2024-12-19,509.0183410644531,514.1699829101562,521.760009765625,513.8300170898438,521.1900024414062,46441800
2024-12-20,513.4633178710938,518.6599731445312,524.8200073242188,509.2900085449219,510.44000244140625,60530000
2024-12-23,518.4658813476562,522.8699951171875,523.25,516.1300048828125,519.5499877929688,29672800
2024-12-24,525.4960327148438,529.9600219726562,530.0499877929688,524.1900024414062,524.8300170898438,17558200
2024-12-26,525.13916015625,529.5999755859375,531.239990234375,526.3099975585938,528.3200073242188,19090500
2024-12-27,518.158447265625,522.5599975585938,526.4500122070312,517.8599853515625,526.010009765625,33839600
2024-12-30,511.26690673828125,515.6099853515625,519.3599853515625,511.8299865722656,515.510009765625,34584000
2024-12-31,506.92388916015625,511.2300109863281,517.6599731445312,510.260009765625,516.9000244140625,29117000
2025-01-02,505.93231201171875,510.2300109863281,516.6400146484375,505.7099914550781,514.2999877929688,36389800
2025-01-03,514.2120361328125,518.5800170898438,519.6500244140625,512.530029296875,513.3499755859375,29059500
2025-01-06,520.1217041015625,524.5399780273438,527.9199829101562,522.030029296875,524.02001953125,36109700
2025-01-07,510.8406677246094,515.1799926757812,525.989990234375,513.280029296875,525.5900268554688,36690300
2025-01-08,510.9297790527344,515.27001953125,516.9199829101562,510.57000732421875,515.0800170898438,30777800
2025-01-10,502.91790771484375,507.19000244140625,511.5799865722656,503.9200134277344,511.4800109863281,40532500
2025-01-13,501.3016662597656,505.55999755859375,506.0199890136719,499.70001220703125,501.20001220703125,31694200
2025-01-14,500.8256530761719,505.0799865722656,510.1600036621094,501.5899963378906,508.739990234375,33737200
2025-01-15,512.3478393554688,516.7000122070312,517.8499755859375,511.4599914550781,513.030029296875,34957600
2025-01-16,508.75836181640625,513.0800170898438,519.0599975585938,512.9500122070312,518.97998046875,28229000
2025-01-17,517.3452758789062,521.739990234375,524.0700073242188,513.1099853515625,522.8499755859375,51837900
2025-01-21,520.3795166015625,524.7999877929688,525.969970703125,520.0599975585938,524.47998046875,23628000
2025-01-22,527.0330810546875,531.510009765625,533.8200073242188,529.260009765625,529.5700073242188,33593000
2025-01-23,528.1535034179688,532.6400146484375,532.760009765625,528.4500122070312,529.0399780273438,23096600
2025-01-24,525.1688232421875,529.6300048828125,533.7899780273438,528.1500244140625,533.02001953125,19878300
2025-01-27,509.8787841796875,514.2100219726562,517.989990234375,510.1499938964844,511.0,60771700
2025-01-28,517.414794921875,521.8099975585938,523.0,511.7799987792969,515.219970703125,33194200
2025-01-29,516.4430541992188,520.8300170898438,522.5900268554688,516.9000244140625,522.4600219726562,26649000
2025-01-30,518.644287109375,523.0499877929688,526.0999755859375,518.2100219726562,523.7100219726562,27431300
2025-01-31,517.8906860351562,522.2899780273438,531.52001953125,521.1900024414062,526.9199829101562,38755200
2025-02-03,513.7459106445312,518.1099853515625,520.8499755859375,511.04998779296875,513.469970703125,40580800
2025-02-04,520.0523071289062,524.469970703125,525.1099853515625,518.22998046875,518.6300048828125,26046800
2025-02-05,522.4122924804688,526.8499755859375,527.010009765625,520.6199951171875,521.8200073242188,21134100
2025-02-06,525.13916015625,529.5999755859375,529.8099975585938,525.739990234375,527.3599853515625,19434500
2025-02-07,518.5154418945312,522.9199829101562,532.0999755859375,522.1900024414062,530.1400146484375,29605500
2025-02-10,524.7920532226562,529.25,530.3599853515625,526.75,527.219970703125,20852800
2025-02-11,523.5426635742188,527.989990234375,529.9199829101562,525.8300170898438,525.9600219726562,19325500
2025-02-12,523.85009765625,528.2999877929688,529.1900024414062,521.9500122070312,522.2999877929688,25009400
2025-02-13,531.3861083984375,535.9000244140625,536.219970703125,529.1900024414062,529.97998046875,28714800
2025-02-14,533.6172485351562,538.1500244140625,538.8400268554688,535.6699829101562,536.010009765625,17862600
2025-02-18,534.8268432617188,539.3699951171875,540.0,536.0399780273438,539.72998046875,20565000
2025-02-19,534.9756469726562,539.52001953125,540.8099975585938,536.4600219726562,538.5700073242188,19666900
2025-02-20,532.7048950195312,537.22998046875,539.0999755859375,532.4600219726562,538.72998046875,26550800
2025-02-21,521.6488037109375,526.0800170898438,538.4000244140625,525.7100219726562,538.3800048828125,47093800
2025-02-24,515.4910888671875,519.8699951171875,529.0700073242188,519.530029296875,527.8800048828125,39268400
2025-02-25,508.9963073730469,513.3200073242188,519.3200073242188,509.44000244140625,519.239990234375,48940000
2025-02-26,510.225830078125,514.5599975585938,519.6599731445312,511.3699951171875,515.530029296875,34457600
2025-02-27,496.0561828613281,500.2699890136719,519.0700073242188,500.04998779296875,518.1300048828125,52448000
2025-02-28,503.88970947265625,508.1700134277344,508.7799987792969,496.92999267578125,500.1300048828125,47654000
2025-03-03,492.8633117675781,497.04998779296875,513.0399780273438,493.5799865722656,511.5199890136719,44587200
2025-03-04,491.3759460449219,495.54998779296875,503.739990234375,487.739990234375,494.17999267578125,67875400
2025-03-05,497.7815246582031,502.010009765625,503.6300048828125,491.260009765625,496.20001220703125,46323700
2025-03-06,484.087890625,488.20001220703125,498.5799865722656,486.20001220703125,493.69000244140625,57574300
2025-03-07,487.64764404296875,491.7900085449219,493.2799987792969,480.5299987792969,487.1600036621094,54714700
2025-03-10,468.74822998046875,472.7300109863281,483.9700012207031,468.6600036621094,483.45001220703125,76668000
2025-03-11,467.627685546875,471.6000061035156,478.80999755859375,467.010009765625,472.3500061035156,68760800
2025-03-12,472.9029235839844,476.9200134277344,481.05999755859375,471.7900085449219,479.1600036621094,46971100
2025-03-13,464.3951416015625,468.3399963378906,476.2799987792969,466.42999267578125,476.25,46563300
2025-03-14,475.61981201171875,479.6600036621094,480.55999755859375,473.1199951171875,473.7300109863281,43563000
2025-03-17,478.70361328125,482.7699890136719,485.8399963378906,477.79998779296875,479.6099853515625,41744400
2025-03-18,470.54290771484375,474.5400085449219,479.6099853515625,472.4100036621094,479.4100036621094,39072300
2025-03-19,476.8394775390625,480.8900146484375,485.3299865722656,474.8699951171875,476.80999755859375,40430300
2025-03-20,475.2231750488281,479.260009765625,484.54998779296875,476.17999267578125,476.8800048828125,36780500
2025-03-21,476.7898864746094,480.8399963378906,481.6099853515625,472.9100036621094,474.0799865722656,42234900
2025-03-24,487.252685546875,490.6600036621094,491.510009765625,484.3999938964844,487.739990234375,34567200
2025-03-25,490.03326416015625,493.4599914550781,493.6199951171875,490.4200134277344,491.3900146484375,26035200
2025-03-26,481.01629638671875,484.3800048828125,493.1600036621094,482.82000732421875,492.29998779296875,34627100
2025-03-27,478.2754821777344,481.6199951171875,486.5799865722656,480.25,482.4100036621094,33469800
2025-03-28,465.6835632324219,468.94000244140625,480.5199890136719,468.04998779296875,479.80999755859375,46363800
2025-03-31,465.6636657714844,468.9200134277344,469.8599853515625,457.3299865722656,461.9200134277344,53000300
2025-04-01,469.4174499511719,472.70001220703125,473.6300048828125,464.4200134277344,467.29998779296875,41156200
2025-04-02,472.84344482421875,476.1499938964844,479.55999755859375,465.8599853515625,466.1199951171875,49894500
2025-04-03,447.5304870605469,450.6600036621094,460.07000732421875,450.1400146484375,456.44000244140625,70456300
2025-04-04,419.7348327636719,422.6700134277344,440.3699951171875,422.6700134277344,438.1400146484375,117088400
2025-04-07,420.74774169921875,423.69000244140625,443.1400146484375,402.3900146484375,408.6600036621094,161557000
2025-04-08,413.1707458496094,416.05999755859375,443.1400146484375,409.7900085449219,438.1600036621094,101248100
2025-04-09,462.7639465332031,466.0,467.8299865722656,415.42999267578125,415.57000732421875,142876900
2025-04-10,443.0815734863281,446.17999267578125,455.5899963378906,432.6300048828125,453.55999755859375,108384100
2025-04-11,451.24444580078125,454.3999938964844,455.7900085449219,441.3299865722656,444.6499938964844,52483800
2025-04-14,454.3031005859375,457.4800109863281,465.04998779296875,452.6300048828125,464.4599914550781,43941200
2025-04-15,454.8095703125,457.989990234375,462.3800048828125,456.1499938964844,458.5400085449219,35404200
2025-04-16,441.0954284667969,444.17999267578125,452.6199951171875,437.760009765625,449.0299987792969,48980600
2025-04-17,441.0160217285156,444.1000061035156,447.75,441.3599853515625,447.1700134277344,44837000
2025-04-21,430.1023254394531,433.1099853515625,439.0799865722656,427.92999267578125,438.2300109863281,44149300
2025-04-22,441.39337158203125,444.4800109863281,447.5799865722656,437.6199951171875,438.82000732421875,52304400
2025-04-23,451.4033508300781,454.55999755859375,463.3800048828125,452.8800048828125,458.1700134277344,55801100
2025-04-24,464.10455322265625,467.3500061035156,467.6600036621094,455.8299865722656,456.4800109863281,45956100
2025-04-25,469.27838134765625,472.55999755859375,473.0899963378906,465.3900146484375,466.9700012207031,38697100
2025-04-28,469.12939453125,472.4100036621094,474.80999755859375,466.0299987792969,473.0299987792969,33550800
2025-04-29,472.22772216796875,475.5299987792969,476.4200134277344,469.5899963378906,470.1700134277344,30613100
2025-04-30,472.16815185546875,475.4700012207031,477.20001220703125,462.42999267578125,467.1300048828125,46810600
2025-05-01,478.3350524902344,481.67999267578125,487.17999267578125,480.739990234375,483.4100036621094,43316500
2025-05-02,485.4354248046875,488.8299865722656,490.9100036621094,484.8299865722656,486.5400085449219,39218100
2025-05-05,482.5555114746094,485.92999267578125,489.0299987792969,484.1000061035156,484.6000061035156,28309500
2025-05-06,478.0669250488281,481.4100036621094,485.04998779296875,478.19000244140625,479.55999755859375,32786300
2025-05-07,479.94378662109375,483.29998779296875,485.79998779296875,476.7799987792969,482.0799865722656,38006300
2025-05-08,484.8991394042969,488.2900085449219,492.70001220703125,484.1700134277344,488.5299987792969,39577600
2025-05-09,484.5813293457031,487.9700012207031,491.5400085449219,486.20001220703125,490.2099914550781,27767400
2025-05-12,504.3233337402344,507.8500061035156,507.8900146484375,501.4800109863281,506.989990234375,45090600
2025-05-13,512.0097045898438,515.5900268554688,517.3900146484375,508.4200134277344,509.1600036621094,53269600
2025-05-14,515.0780639648438,518.6799926757812,519.22998046875,515.75,516.77001953125,47014500
2025-05-15,515.6441040039062,519.25,521.9299926757812,515.1699829101562,516.52001953125,50153300
2025-05-16,517.8885498046875,521.510009765625,521.7000122070312,517.0999755859375,520.6599731445312,48394600
2025-05-19,518.385009765625,522.010009765625,522.530029296875,514.239990234375,514.239990234375,52536200
2025-05-20,516.6571044921875,520.27001953125,520.9299926757812,516.6599731445312,519.469970703125,42517600
2025-05-21,509.47723388671875,513.0399780273438,523.0,511.239990234375,516.27001953125,71292800
2025-05-22,510.4306335449219,514.0,517.7100219726562,512.2999877929688,513.6599731445312,55607200
2025-05-23,505.7036437988281,509.239990234375,511.8399963378906,505.5799865722656,506.17999267578125,58368100
2025-05-27,517.6004638671875,521.219970703125,521.7100219726562,514.5900268554688,516.1500244140625,47226300
2025-05-28,515.3064575195312,518.9099731445312,523.6799926757812,518.3900146484375,522.1799926757812,46637200
2025-05-29,516.3195190429688,519.9299926757812,526.47998046875,517.3200073242188,526.3300170898438,58513300
2025-05-30,515.505126953125,519.1099853515625,520.6799926757812,511.92999267578125,519.4400024414062,67662800
2025-06-02,519.57666015625,523.2100219726562,523.4500122070312,515.969970703125,517.239990234375,44762800
2025-06-03,523.63818359375,527.2999877929688,528.739990234375,522.6900024414062,523.5599975585938,44070300
2025-06-04,525.0980834960938,528.77001953125,529.8400268554688,525.969970703125,528.010009765625,41359300
2025-06-05,521.1456909179688,524.7899780273438,533.0499877929688,522.6599731445312,530.1799926757812,61031200
2025-06-06,526.2400512695312,529.9199829101562,531.7999877929688,528.2100219726562,530.0,42467000
2025-06-09,527.0146484375,530.7000122070312,532.3499755859375,529.010009765625,530.1400146484375,33688700
2025-06-10,530.5003051757812,534.2100219726562,534.9000244140625,528.8900146484375,531.1699829101562,40664800
2025-06-11,528.7127075195312,532.4099731445312,536.780029296875,530.1099853515625,535.6199951171875,53701000
2025-06-12,529.9540405273438,533.6599731445312,534.6400146484375,530.8400268554688,531.0900268554688,34104900
2025-06-13,523.3007202148438,526.9600219726562,531.8699951171875,525.72998046875,527.6799926757812,55814400
2025-06-16,530.5796508789062,534.2899780273438,535.3699951171875,530.4500122070312,530.5,37622100
2025-06-17,525.4059448242188,529.0800170898438,533.3300170898438,527.9099731445312,531.7100219726562,42180900
2025-06-18,525.31640625,528.989990234375,532.5499877929688,527.4000244140625,530.0999755859375,43983500
2025-06-20,523.1715087890625,526.8300170898438,533.5599975585938,524.8800048828125,532.260009765625,61643500
2025-06-23,528.551025390625,531.6500244140625,532.1699829101562,523.6500244140625,526.8099975585938,50666100
2025-06-24,536.633544921875,539.780029296875,540.7000122070312,536.27001953125,536.8900146484375,45442000
2025-06-25,538.0054931640625,541.1599731445312,543.3099975585938,539.3800048828125,542.0599975585938,44804200
2025-06-26,543.0360107421875,546.219970703125,546.6699829101562,541.52001953125,543.3499755859375,43811400
2025-06-27,544.8951416015625,548.0900268554688,549.989990234375,544.5399780273438,547.260009765625,57577100
2025-06-30,548.4244384765625,551.6400146484375,552.7999877929688,549.010009765625,551.260009765625,45548700
2025-07-01,543.8015747070312,546.989990234375,550.7100219726562,544.6599731445312,549.72998046875,56166700
2025-07-02,547.5892944335938,550.7999877929688,551.0,546.1199951171875,546.1599731445312,36538300
2025-07-03,552.9777221679688,556.219970703125,557.2000122070312,553.1799926757812,553.1799926757812,26443500
2025-07-07,548.8121948242188,552.030029296875,554.3400268554688,549.5800170898438,553.52001953125,45349300
2025-07-08,549.1204833984375,552.3400268554688,554.010009765625,551.0999755859375,553.3800048828125,36153300
2025-07-09,553.007568359375,556.25,557.6300048828125,553.0999755859375,554.47998046875,43045500
2025-07-10,552.2122192382812,555.4500122070312,557.2999877929688,552.75,556.8900146484375,34710900
2025-07-11,550.969482421875,554.2000122070312,555.7899780273438,552.0499877929688,553.2999877929688,39618600
2025-07-14,552.9678344726562,556.2100219726562,556.9500122070312,551.6300048828125,553.989990234375,36453300
2025-07-15,553.4747924804688,556.719970703125,560.7999877929688,556.6599731445312,560.25,43277700
2025-07-16,554.0415649414062,557.2899780273438,560.2100219726562,551.5599975585938,557.280029296875,52314700
2025-07-17,558.5252685546875,561.7999877929688,562.3099975585938,557.2100219726562,558.02001953125,40423800
2025-07-18,557.9884033203125,561.260009765625,564.72998046875,559.97998046875,563.1199951171875,50484700
2025-07-21,560.8814086914062,564.1699829101562,566.0599975585938,562.0599975585938,562.0900268554688,39595200
2025-07-22,557.9784545898438,561.25,564.3499755859375,558.6099853515625,564.2999877929688,43270600
2025-07-23,560.5234985351562,563.8099975585938,563.8499755859375,559.5800170898438,562.3400268554688,40215300
2025-07-24,561.7164916992188,565.010009765625,566.239990234375,563.2899780273438,565.1300048828125,42275500
2025-07-25,563.0685424804688,566.3699951171875,567.7000122070312,564.27001953125,564.9299926757812,30630800
2025-07-28,564.8283081054688,568.1400146484375,569.0399780273438,566.8699951171875,567.739990234375,31498700
2025-07-29,563.9534301757812,567.260009765625,572.1099853515625,566.530029296875,570.760009765625,45463300
2025-07-30,564.7089233398438,568.02001953125,570.6199951171875,565.0499877929688,568.1799926757812,43433800
2025-07-31,561.7164916992188,565.010009765625,574.6300048828125,563.8699951171875,574.5399780273438,64613600
2025-08-01,550.6514282226562,553.8800048828125,559.02001953125,551.6799926757812,558.8300170898438,69400800
2025-08-04,560.811767578125,564.0999755859375,564.3200073242188,558.9500122070312,559.0499877929688,47669800
2025-08-05,557.0042114257812,560.27001953125,566.5599975585938,559.72998046875,565.3900146484375,48666600
2025-08-06,564.0131225585938,567.3200073242188,567.760009765625,560.6300048828125,561.1099853515625,41823700
2025-08-07,565.921875,569.239990234375,573.3200073242188,565.1099853515625,571.6699829101562,44463000
2025-08-08,571.2008666992188,574.5499877929688,574.77001953125,570.1500244140625,570.4500122070312,35255500
2025-08-11,569.5108032226562,572.8499755859375,576.7999877929688,571.5700073242188,574.6900024414062,33112900
2025-08-12,576.6688232421875,580.0499877929688,580.3499755859375,572.489990234375,575.1599731445312,42143300
2025-08-13,576.9570922851562,580.3400268554688,583.3200073242188,578.9400024414062,582.760009765625,41209300
2025-08-14,576.509765625,579.8900146484375,581.8800048828125,577.9099731445312,578.280029296875,45425000
2025-08-15,573.9746704101562,577.3400268554688,579.8400268554688,575.5700073242188,579.7999877929688,49480200
2025-08-18,573.7459716796875,577.1099853515625,577.77001953125,575.239990234375,576.4400024414062,29831000
2025-08-19,565.9616088867188,569.280029296875,576.5599975585938,568.25,576.3900146484375,53752600
2025-08-20,562.601318359375,565.9000244140625,568.4500122070312,558.8400268554688,568.3300170898438,76781100
2025-08-21,559.9966430664062,563.280029296875,566.489990234375,560.97998046875,564.3499755859375,46436900
2025-08-22,568.635986328125,571.969970703125,573.989990234375,563.27001953125,564.6699829101562,51502100
2025-08-25,566.9955444335938,570.3200073242188,573.2899780273438,569.1599731445312,570.4000244140625,34044700
2025-08-26,569.2721557617188,572.6099853515625,572.9199829101562,568.7999877929688,569.8300170898438,34103000
2025-08-27,570.1470947265625,573.489990234375,574.4099731445312,570.3699951171875,571.5900268554688,36927100
2025-08-28,573.7161865234375,577.0800170898438,578.0,572.4600219726562,574.1099853515625,46787900
2025-08-29,567.0751342773438,570.4000244140625,575.030029296875,568.5399780273438,574.6599731445312,56030400
2025-09-02,562.3230590820312,565.6199951171875,565.969970703125,559.5399780273438,561.3099975585938,65876800
2025-09-03,566.7470703125,570.0700073242188,571.7000122070312,566.72998046875,569.22998046875,54230200
2025-09-04,571.876953125,575.22998046875,575.5999755859375,569.030029296875,570.739990234375,47526300
2025-09-05,572.7020874023438,576.0599975585938,581.1199951171875,571.530029296875,580.489990234375,68342500
2025-09-08,575.4957885742188,578.8699951171875,580.8400268554688,577.77001953125,578.3699951171875,46371400
2025-09-09,577.1261596679688,580.510009765625,580.9400024414062,577.0399780273438,579.6699829101562,44007600
2025-09-10,577.3150634765625,580.7000122070312,583.77001953125,578.5499877929688,583.739990234375,49308000
2025-09-11,580.6753540039062,584.0800170898438,584.8800048828125,581.6199951171875,583.239990234375,44745800
2025-09-12,583.2402954101562,586.6599731445312,587.8599853515625,584.0999755859375,585.0399780273438,50745900
2025-09-15,588.2310791015625,591.6799926757812,591.7899780273438,588.2899780273438,588.4400024414062,44360300
2025-09-16,587.7339477539062,591.1799926757812,592.8599853515625,590.489990234375,592.6099853515625,36942100
2025-09-17,586.5608520507812,590.0,591.75,584.3699951171875,591.0999755859375,69384800
2025-09-18,591.8499145507812,595.3200073242188,598.1400146484375,592.9600219726562,594.9099731445312,61069300
2025-09-19,595.8563232421875,599.3499755859375,600.0499877929688,595.8499755859375,597.3300170898438,58196100
2025-09-22,599.3837890625,602.2000122070312,602.8699951171875,597.719970703125,597.739990234375,57154800
2025-09-23,595.4025268554688,598.2000122070312,602.5700073242188,596.97998046875,602.3699951171875,64635500
2025-09-24,593.3123779296875,596.0999755859375,599.9000244140625,593.3599853515625,599.5800170898438,49850300
2025-09-25,590.7544555664062,593.530029296875,595.1199951171875,588.5,592.2000122070312,70920200
2025-09-26,593.182861328125,595.969970703125,596.2999877929688,591.0599975585938,594.3499755859375,54337400
2025-09-29,595.929931640625,598.72998046875,602.0499877929688,597.4099731445312,599.1099853515625,48332900
2025-09-30,597.5623779296875,600.3699951171875,600.7100219726562,596.0999755859375,598.4299926757812,46533800
2025-10-01,600.4288330078125,603.25,603.7899780273438,596.3400268554688,597.1699829101562,46899600
2025-10-02,602.897216796875,605.72998046875,607.1599731445312,602.9299926757812,607.0599975585938,43765400
2025-10-03,600.3592529296875,603.1799926757812,607.3300170898438,601.3900146484375,606.510009765625,46482100
2025-10-06,604.8680419921875,607.7100219726562,609.3599853515625,605.969970703125,608.4500122070312,41962100
2025-10-07,601.6829833984375,604.510009765625,609.7100219726562,603.030029296875,609.02001953125,58209500
2025-10-08,608.5805053710938,611.4400024414062,611.75,605.260009765625,605.4099731445312,50629800
2025-10-09,607.8441162109375,610.7000122070312,611.6099853515625,607.47998046875,611.47998046875,45551000
2025-10-10,586.7431640625,589.5,613.1799926757812,589.0499877929688,611.4000244140625,97614800
2025-10-13,599.1947021484375,602.010009765625,602.9500122070312,597.22998046875,599.6799926757812,65872600
2025-10-14,595.203369140625,598.0,602.6900024414062,590.1300048828125,595.3099975585938,69203200
2025-10-15,599.4036254882812,602.219970703125,606.7000122070312,595.9299926757812,604.010009765625,62805500
2025-10-16,597.18408203125,599.989990234375,608.3099975585938,595.5,605.1099853515625,70982000
2025-10-17,601.1056518554688,603.9299926757812,605.510009765625,596.3699951171875,597.9500122070312,72024900
2025-10-20,608.6800537109375,611.5399780273438,612.7999877929688,607.0700073242188,607.1400146484375,45761700
2025-10-21,608.5208740234375,611.3800048828125,612.719970703125,609.3200073242188,611.6400146484375,44538200
2025-10-22,602.6583862304688,605.489990234375,611.4099731445312,599.739990234375,610.8200073242188,61478800
2025-10-23,607.724609375,610.5800170898438,611.3699951171875,604.52001953125,604.9099731445312,42844300
2025-10-24,614.214111328125,617.0999755859375,618.4199829101562,615.1300048828125,615.989990234375,47632500
2025-10-27,625.1527709960938,628.0900268554688,628.5499877929688,624.030029296875,624.52001953125,54098600
2025-10-28,629.9601440429688,632.9199829101562,634.6799926757812,629.25,630.3599853515625,61195700
2025-10-29,632.7968139648438,635.77001953125,637.010009765625,630.25,635.5900268554688,67422800
2025-10-30,623.1221923828125,626.0499877929688,633.5,625.9400024414062,632.1699829101562,61628600
2025-10-31,626.1281127929688,629.0700073242188,634.2000122070312,626.6900024414062,634.1699829101562,66305100
2025-11-03,629.1240844726562,632.0800170898438,635.8200073242188,629.8499755859375,635.1099853515625,37154300
2025-11-04,616.35400390625,619.25,626.9500122070312,618.4600219726562,623.280029296875,63830800
2025-11-05,620.365234375,623.280029296875,626.5999755859375,617.2100219726562,618.489990234375,48688500
2025-11-06,608.8095092773438,611.6699829101562,622.0399780273438,610.2999877929688,621.7899780273438,72115100
2025-11-07,606.8884887695312,609.739990234375,609.9500122070312,598.6699829101562,608.3099975585938,81835400
2025-11-10,620.3154296875,623.22998046875,624.3099975585938,616.8900146484375,618.9199829101562,55919900
2025-11-11,618.6632690429688,621.5700073242188,622.719970703125,617.52001953125,620.5700073242188,44868800
2025-11-12,618.175537109375,621.0800170898438,624.8599853515625,617.8099975585938,624.8400268554688,47444400
2025-11-13,605.5548095703125,608.4000244140625,618.1199951171875,606.0800170898438,617.5399780273438,71333600
2025-11-14,606.0126953125,608.8599853515625,613.3499755859375,597.1699829101562,599.5499877929688,80087300
2025-11-17,600.8369750976562,603.6599731445312,612.47998046875,599.8699951171875,606.2999877929688,63850400
2025-11-18,593.5213012695312,596.3099975585938,602.3099975585938,591.3400268554688,599.6199951171875,83327300
2025-11-19,597.0646362304688,599.8699951171875,606.1599731445312,594.5900268554688,597.0700073242188,73111500
2025-11-20,582.93115234375,585.6699829101562,614.030029296875,584.75,611.6199951171875,117743200
2025-11-21,587.310546875,590.0700073242188,596.97998046875,580.739990234375,587.469970703125,103344200
2025-11-24,602.3298950195312,605.1599731445312,606.6799926757812,595.1599731445312,595.280029296875,60168100
2025-11-25,606.0425415039062,608.8900146484375,610.260009765625,597.3200073242188,603.510009765625,57560900
2025-11-26,611.3973999023438,614.27001953125,616.1900024414062,610.3900146484375,612.510009765625,42393600
2025-11-28,616.35400390625,619.25,619.3200073242188,615.4199829101562,616.1099853515625,23034400
2025-12-01,614.2837524414062,617.1699829101562,619.4400024414062,612.52001953125,613.6300048828125,40957600
2025-12-02,619.0911865234375,622.0,623.75,617.5900268554688,619.4600219726562,54541800
2025-12-03,620.6041259765625,623.52001953125,624.219970703125,618.030029296875,619.6199951171875,47841600
2025-12-04,620.0267944335938,622.9400024414062,624.9400024414062,619.5399780273438,624.9299926757812,47067800
2025-12-05,622.5548706054688,625.47998046875,628.9199829101562,623.7100219726562,624.3800048828125,53614200
2025-12-08,621.360595703125,624.280029296875,628.8400268554688,621.6900024414062,627.2100219726562,43462400
2025-12-09,622.1268920898438,625.0499877929688,625.8699951171875,621.0,623.010009765625,37156000
2025-12-10,624.6749267578125,627.6099853515625,629.2100219726562,620.989990234375,623.8499755859375,55031400
2025-12-11,622.6544799804688,625.5800170898438,625.780029296875,617.719970703125,623.8200073242188,58272800
2025-12-12,610.7503662109375,613.6199951171875,623.5399780273438,611.3599853515625,622.0800170898438,75158700
2025-12-15,607.6846923828125,610.5399780273438,618.4199829101562,609.3200073242188,618.3699951171875,49538200
2025-12-16,608.88916015625,611.75,613.510009765625,606.9099731445312,608.260009765625,55152800
2025-12-17,597.6021118164062,600.4099731445312,613.6500244140625,600.280029296875,613.0599975585938,70654300
2025-12-18,606.2614135742188,609.1099853515625,612.9299926757812,606.9199829101562,609.7999877929688,78875800
2025-12-19,614.164306640625,617.0499877929688,617.6199951171875,611.8699951171875,611.9500122070312,60369800
2025-12-22,617.1083374023438,619.2100219726562,621.6500244140625,617.77001953125,621.3499755859375,43703100
2025-12-23,619.9984130859375,622.1099853515625,622.4099731445312,617.780029296875,618.2000122070312,41120400
2025-12-24,621.812255859375,623.9299926757812,624.280029296875,621.719970703125,621.989990234375,18468700
2025-12-26,621.7724609375,623.8900146484375,625.52001953125,623.1400146484375,624.6599731445312,28959800
2025-12-29,618.7626342773438,620.8699951171875,622.780029296875,618.72998046875,620.0999755859375,32458300
2025-12-30,617.3275756835938,619.4299926757812,622.1799926757812,619.219970703125,619.8400268554688,31226800
2025-12-31,612.2249145507812,614.3099975585938,619.9600219726562,614.0499877929688,619.6500244140625,40746500
2026-01-02,611.0389404296875,613.1199951171875,622.8499755859375,610.1500244140625,620.0599975585938,61859200
2026-01-05,615.8923950195312,617.989990234375,620.8099975585938,616.719970703125,619.3200073242188,46828400
2026-01-06,621.303955078125,623.4199829101562,624.02001953125,618.5399780273438,619.22998046875,43137500
2026-01-07,621.9020385742188,624.02001953125,627.9400024414062,622.5599975585938,623.0399780273438,44880300
2026-01-08,618.3639526367188,620.469970703125,623.4199829101562,617.7999877929688,623.030029296875,50435900
2026-01-09,624.5230712890625,626.6500244140625,627.8900146484375,619.0599975585938,621.4099731445312,49688700
2026-01-12,625.041259765625,627.1699829101562,628.8499755859375,622.260009765625,622.3099975585938,37388700
2026-01-13,624.1144409179688,626.239990234375,629.469970703125,623.7000122070312,627.27001953125,44481400
2026-01-14,617.4471435546875,619.5499877929688,623.4500122070312,614.5599975585938,622.239990234375,72598700
2026-01-15,619.6696166992188,621.780029296875,630.0,620.75,626.5999755859375,53934900
2026-01-16,619.1513671875,621.260009765625,626.0800170898438,618.8800048828125,625.5,61058100
2026-01-20,605.9961547851562,608.0599975585938,615.0599975585938,607.0499877929688,610.530029296875,81988900
2026-01-21,614.1882934570312,616.280029296875,620.4199829101562,607.8599853515625,609.469970703125,79837900
2026-01-22,618.6530151367188,620.760009765625,622.4600219726562,617.780029296875,622.3499755859375,42254800
2026-01-23,620.6063842773438,622.719970703125,625.4000244140625,618.6500244140625,619.72998046875,43645800
2026-01-26,623.3370971679688,625.4600219726562,627.6099853515625,622.1199951171875,623.2100219726562,35983000
2026-01-27,628.9878540039062,631.1300048828125,632.0399780273438,627.3400268554688,628.9099731445312,38997200
2026-01-28,631.0706787109375,633.219970703125,636.5999755859375,631.8099975585938,635.4600219726562,50691700
2026-01-29,627.2936401367188,629.4299926757812,633.6699829101562,618.27001953125,632.6500244140625,79944000
2026-01-30,619.7592163085938,621.8699951171875,628.260009765625,619.2999877929688,625.7100219726562,65650700
2026-02-02,624.0147705078125,626.1400146484375,628.489990234375,618.6599731445312,618.7000122070312,49020300
2026-02-03,614.4274291992188,616.52001953125,629.97998046875,610.9600219726562,628.2999877929688,81234000
2026-02-04,603.6939697265625,605.75,615.0999755859375,600.469970703125,615.02001953125,81850700
2026-02-05,595.0036010742188,597.030029296875,604.8099975585938,594.760009765625,600.2100219726562,89354500
2026-02-06,607.5807495117188,609.6500244140625,611.4099731445312,598.77001953125,600.1900024414062,78019300
2026-02-09,612.2349243164062,614.3200073242188,616.4600219726562,605.0700073242188,607.5399780273438,56797600
2026-02-10,609.3945922851562,611.469970703125,617.02001953125,611.010009765625,615.3099975585938,53938900
2026-02-11,611.0289916992188,613.1099853515625,617.52001953125,607.6900024414062,616.3800048828125,58575100
2026-02-12,598.601318359375,600.6400146484375,615.8099975585938,599.5700073242188,614.7100219726562,81378900
2026-02-13,599.876953125,601.9199829101562,606.47998046875,596.4199829101562,600.4299926757812,69237500
2026-02-17,599.259033203125,601.2999877929688,603.9500122070312,593.3400268554688,598.3800048828125,69013800
2026-02-18,603.7338256835938,605.7899780273438,609.77001953125,600.719970703125,602.1099853515625,64250700
2026-02-19,601.4216918945312,603.469970703125,605.8200073242188,600.75,602.8099975585938,60960800
2026-02-20,606.74365234375,608.8099975585938,610.3499755859375,599.22998046875,600.1199951171875,74127300
2026-02-23,599.36865234375,601.4099731445312,608.010009765625,599.0499877929688,606.6099853515625,63859100
2026-02-24,605.8067626953125,607.8699951171875,608.989990234375,599.72998046875,602.4000244140625,55023700
2026-02-25,614.5868530273438,616.6799926757812,616.8300170898438,611.0,611.0700073242188,55710700
2026-02-26,607.1721801757812,609.239990234375,615.5900268554688,603.97998046875,615.5900268554688,96178900
2026-02-27,605.228759765625,607.2899780273438,608.3200073242188,602.1900024414062,602.97998046875,68125200
2026-03-02,606.0260009765625,608.0900268554688,609.9199829101562,597.989990234375,598.8599853515625,75264600
2026-03-03,599.5381469726562,601.5800170898438,603.9600219726562,591.8699951171875,596.3300170898438,97015500
2026-03-04,608.6770629882812,610.75,612.8800048828125,603.4299926757812,604.1599731445312,70943900
2026-03-05,606.84326171875,608.9099731445312,612.760009765625,602.260009765625,607.4000244140625,89602400
2026-03-06,597.7142944335938,599.75,606.0,598.3300170898438,600.3099975585938,86302300
2026-03-09,605.6971435546875,607.760009765625,609.27001953125,591.3300170898438,594.22998046875,93068200
2026-03-10,605.7071533203125,607.77001953125,613.2899780273438,605.4199829101562,607.780029296875,64078900
2026-03-11,605.62744140625,607.6900024414062,612.4299926757812,605.030029296875,608.9500122070312,60114800
2026-03-12,595.2328491210938,597.260009765625,604.1400146484375,597.0499877929688,602.760009765625,71836600
2026-03-13,591.7047729492188,593.719970703125,603.5999755859375,592.5700073242188,599.72998046875,63145500
2026-03-16,598.3422241210938,600.3800048828125,603.8599853515625,599.1099853515625,600.0399780273438,49077200
2026-03-17,601.2622680664062,603.3099975585938,605.9000244140625,601.8699951171875,603.1400146484375,47106600
2026-03-18,592.8807983398438,594.9000244140625,603.1599731445312,594.5599975585938,601.489990234375,56128000
2026-03-19,591.0072021484375,593.02001953125,595.7999877929688,587.0800170898438,589.510009765625,75597600
2026-03-20,580.0844116210938,582.0599975585938,591.1699829101562,578.5399780273438,591.0599975585938,91964700
2026-03-23,586.7431640625,588.0,595.0800170898438,585.9600219726562,590.52001953125,89936100
2026-03-24,582.731689453125,583.97998046875,587.9299926757812,581.9299926757812,584.8099975585938,57750900
2026-03-25,586.5635375976562,587.8200073242188,591.3699951171875,585.6900024414062,589.1400146484375,60475500
2026-03-26,572.5634765625,573.7899780273438,584.6300048828125,573.4299926757812,582.5999755859375,81492100
2026-03-27,561.37744140625,562.5800170898438,571.02001953125,561.5700073242188,570.8099975585938,82702200
2026-03-30,557.0867309570312,558.280029296875,568.0499877929688,555.5999755859375,567.3800048828125,70602600
2026-03-31,575.9462280273438,577.1799926757812,578.6400146484375,564.2100219726562,564.2899780273438,95878000
2026-04-01,583.06103515625,584.3099975585938,587.739990234375,580.4199829101562,581.47998046875,79435100
2026-04-02,583.7295532226562,584.97998046875,586.0499877929688,571.9199829101562,573.969970703125,50941700
2026-04-06,587.2420654296875,588.5,590.6099853515625,584.6900024414062,586.22998046875,35108500
2026-04-07,587.3319091796875,588.5900268554688,588.97998046875,578.4000244140625,585.6400146484375,49948200
2026-04-08,604.7944946289062,606.0900268554688,609.9000244140625,602.1199951171875,608.7100219726562,63086000
2026-04-09,608.8856811523438,610.1900024414062,610.5,603.030029296875,605.9299926757812,37837500
2026-04-10,609.7637939453125,611.0700073242188,613.6699829101562,609.5800170898438,611.8400268554688,34038500
2026-04-13,616.0703735351562,617.3900146484375,626.739990234375,608.1099853515625,609.47998046875,32972100
2026-04-14,627.2562866210938,628.5999755859375,628.5999755859375,620.0999755859375,620.219970703125,49921100
2026-04-15,636.0375366210938,637.4000244140625,637.8300170898438,628.2000122070312,629.0800170898438,50102400
2026-04-16,639.1009521484375,640.469970703125,642.1799926757812,635.260009765625,639.2100219726562,42320600
2026-04-17,647.4630126953125,648.8499755859375,650.0,644.0700073242188,645.5900268554688,53488900
2026-04-20,645.4074096679688,646.7899780273438,648.760009765625,642.52001953125,648.0399780273438,37138500
2026-04-21,642.9527587890625,644.3300170898438,650.2000122070312,642.2100219726562,648.4099731445312,39580500
2026-04-22,653.7096557617188,655.1099853515625,655.3300170898438,648.52001953125,650.1500244140625,37368400
2026-04-23,650.0275268554688,651.4199829101562,656.9199829101562,645.52001953125,653.5499877929688,40099800
2026-04-24,662.4609375,663.8800048828125,664.510009765625,656.530029296875,658.510009765625,45563100
2026-04-27,662.8101806640625,664.22998046875,664.4299926757812,660.6900024414062,663.4000244140625,32717000
2026-04-28,656.1444702148438,657.5499877929688,659.6400146484375,653.8099975585938,657.4099731445312,34147900
2026-04-29,660.1558837890625,661.5700073242188,661.719970703125,656.5900268554688,658.6300048828125,31724900
2026-04-30,666.3126831054688,667.739990234375,668.9000244140625,657.5599975585938,665.3499755859375,40622200
2026-05-01,672.7090454101562,674.1500244140625,675.969970703125,668.7999877929688,669.1599731445312,39172600
2026-05-04,671.4417114257812,672.8800048828125,676.72998046875,668.9000244140625,674.6599731445312,34542000
2026-05-05,680.1530151367188,681.6099853515625,682.77001953125,677.510009765625,677.9600219726562,37101100
2026-05-06,694.2827758789062,695.77001953125,695.9299926757812,686.47998046875,687.780029296875,38778500
2026-05-07,693.4545288085938,694.9400024414062,701.239990234375,691.77001953125,696.5800170898438,43779100
2026-05-08,709.709716796875,711.22998046875,711.22998046875,699.5,699.9199829101562,44320400
2026-05-11,711.7653198242188,713.2899780273438,714.5900268554688,708.9099731445312,710.3599853515625,36019100
2026-05-12,705.7282104492188,707.239990234375,710.1799926757812,696.6400146484375,708.219970703125,45873000
2026-05-13,713.1823120117188,714.7100219726562,716.6500244140625,704.8300170898438,709.9600219726562,40012500
2026-05-14,718.2514038085938,719.7899780273438,722.030029296875,714.219970703125,714.6199951171875,33327500
2026-05-15,707.4146118164062,708.9299926757812,715.1300048828125,705.5499877929688,710.1400146484375,51792700
2026-05-18,704.3711547851562,705.8800048828125,712.0700073242188,698.8499755859375,711.5399780273438,49834500
2026-05-19,700.030517578125,701.530029296875,706.489990234375,695.25,699.8099975585938,46827500
2026-05-20,711.6256103515625,713.1500244140625,713.1500244140625,703.7899780273438,705.2899780273438,36779200
2026-05-21,712.9827270507812,714.510009765625,717.1199951171875,706.77001953125,708.989990234375,36415400
2026-05-22,716.0062255859375,717.5399780273438,722.1199951171875,715.9500122070312,718.0700073242188,33118600
2026-05-26,728.718994140625,730.280029296875,731.1699829101562,724.1599731445312,725.9600219726562,34254700
2026-05-27,727.8907470703125,729.4500122070312,733.3200073242188,725.4400024414062,732.9600219726562,35148700
2026-05-28,734.0276489257812,735.5999755859375,736.5999755859375,726.4099731445312,729.72998046875,32840000
2026-05-29,736.7318115234375,738.3099975585938,741.6300048828125,735.25,737.8400268554688,37541700
2026-06-01,741.15234375,742.739990234375,745.6500244140625,735.989990234375,737.0399780273438,33890600
2026-06-02,744.5650024414062,746.1599731445312,746.4400024414062,739.22998046875,742.4000244140625,30085200
2026-06-03,742.6192626953125,744.2100219726562,748.6500244140625,741.010009765625,747.3099975585938,40270200
2026-06-04,739.0269165039062,740.6099853515625,743.5,732.6199951171875,735.47998046875,40782600
2026-06-05,703.5528564453125,705.0599975585938,731.6900024414062,704.3200073242188,730.0599975585938,99606600
2026-06-08,714.5394287109375,716.0700073242188,723.030029296875,713.0700073242188,717.8099975585938,47401500
2026-06-09,706.3170166015625,707.8300170898438,725.6599731445312,686.3699951171875,722.97998046875,91932200
2026-06-10,692.2072143554688,693.6900024414062,711.280029296875,692.9299926757812,701.6599731445312,65334300
2026-06-11,715.587158203125,717.1199951171875,718.3699951171875,695.0,699.2899780273438,71798900
2026-06-12,719.7981567382812,721.3400268554688,724.010009765625,711.280029296875,717.6099853515625,51168400
2026-06-15,742.40966796875,744.0,744.760009765625,737.3800048828125,738.0999755859375,46710200
2026-06-16,728.2998657226562,729.8599853515625,744.219970703125,729.6400146484375,742.25,45348700
2026-06-17,720.9656372070312,722.510009765625,735.6799926757812,720.8499755859375,735.1900024414062,51669300
2026-06-18,739.0369262695312,740.6199951171875,741.8200073242188,732.510009765625,737.2000122070312,50154600
2026-06-22,737.1818237304688,737.9500122070312,745.4500122070312,734.3900146484375,742.02001953125,43518600
2026-06-23,712.9071655273438,713.6500244140625,723.6099853515625,712.1099853515625,715.739990234375,53354200
2026-06-24,709.8803100585938,710.6199951171875,719.9299926757812,704.4500122070312,715.3699951171875,52480400
2026-06-25,715.63427734375,716.3800048828125,726.8300170898438,705.2999877929688,725.9000244140625,49668000
2026-06-26,705.7846069335938,706.52001953125,715.5599975585938,702.8099975585938,707.1300048828125,47081800
2026-06-29,723.3262939453125,724.0800170898438,724.5800170898438,705.1699829101562,713.989990234375,44939100
2026-06-30,735.6334838867188,736.4000244140625,737.6199951171875,723.9099731445312,724.1799926757812,42121800
2026-07-01,724.4151000976562,725.1699829101562,731.9199829101562,724.5999755859375,729.1900024414062,40803800
2026-07-02,711.8582153320312,712.5999755859375,730.8300170898438,707.5599975585938,725.5800170898438,50959800
2026-07-06,722.067626953125,722.8200073242188,726.0800170898438,718.4500122070312,719.9299926757812,30220400
2026-07-07,708.6915283203125,709.4299926757812,716.3499755859375,704.9000244140625,714.1699829101562,42483100
2026-07-08,710.699462890625,711.4400024414062,712.260009765625,700.9099731445312,704.9500122070312,35603200
2026-07-09,722.5271606445312,723.280029296875,724.22998046875,715.1300048828125,718.3300170898438,33654700
2026-07-10,724.7548217773438,725.510009765625,726.3900146484375,717.0,720.7000122070312,26415900
2026-07-13,710.9990844726562,711.739990234375,718.739990234375,710.0800170898438,717.719970703125,36552400
2026-07-14,718.9408569335938,719.6900024414062,722.2899780273438,714.3400268554688,720.219970703125,29448100
2026-07-15,716.9928588867188,717.739990234375,724.3599853515625,710.22998046875,723.8499755859375,32627600
2026-07-16,705.2051391601562,705.9400024414062,713.5999755859375,702.6099853515625,712.010009765625,39402000
2026-07-17,694.606201171875,695.3300170898438,702.2999877929688,686.760009765625,691.6500244140625,54109300
2026-07-20,695.33544921875,696.0599975585938,705.7999877929688,695.510009765625,702.1599731445312,29687600
2026-07-21,708.2319946289062,708.969970703125,710.0499877929688,702.7999877929688,706.5700073242188,33728300
2026-07-22,704.61572265625,705.3499755859375,709.6500244140625,703.6199951171875,703.6199951171875,23692200
2026-07-23,691.23974609375,691.9600219726562,698.6599731445312,687.7899780273438,694.6699829101562,44028600
2026-07-24,683.5177612304688,684.22998046875,692.6300048828125,682.47998046875,690.4099731445312,42876700
2026-07-27,681.4099731445312,682.1199951171875,692.2999877929688,675.9500122070312,691.6799926757812,42681500
2026-07-28,674.786865234375,675.489990234375,679.4000244140625,667.8800048828125,676.22998046875,51398700
2026-07-29,661.0411376953125,661.72998046875,680.0499877929688,661.1400146484375,675.510009765625,57233300
2026-07-30,682.8384399414062,683.5499877929688,685.1199951171875,673.2999877929688,674.760009765625,66753700
2026-07-31,687.2738647460938,687.989990234375,695.77001953125,680.0499877929688,692.1099853515625,50540500
2026-08-03,699.34130859375,700.0700073242188,701.5900268554688,685.8200073242188,688.2999877929688,44965100
2026-08-04,723.0964965820312,723.8499755859375,725.6599731445312,707.530029296875,708.1599731445312,59778600
2026-08-05,716.5533447265625,717.2999877929688,728.5399780273438,716.9199829101562,726.25,33540200
2026-08-06,713.9061279296875,714.6500244140625,719.3200073242188,708.5,710.8200073242188,33035900
2026-08-07,722.2774047851562,723.030029296875,723.6300048828125,716.510009765625,720.1500244140625,31070400
2026-08-10,720.11962890625,720.8699951171875,724.6699829101562,720.3300170898438,722.3900146484375,26243200
2026-08-11,717.7021484375,718.4500122070312,723.3499755859375,715.5,723.2899780273438,29286100
2026-08-12,722.9467163085938,723.7000122070312,727.25,722.9199829101562,727.0800170898438,29066000
2026-08-13,731.3079833984375,732.0700073242188,733.9600219726562,724.030029296875,725.1500244140625,31599700
2026-08-14,730.3090209960938,731.0700073242188,734.3900146484375,728.3200073242188,733.4099731445312,23790600
2026-08-17,729.1102294921875,729.8699951171875,734.5800170898438,729.27001953125,732.9500122070312,26452600
2026-08-18,716.7631225585938,717.510009765625,722.1300048828125,715.9199829101562,720.2100219726562,48997200
2026-08-19,715.3345947265625,716.0800170898438,721.5,712.6099853515625,720.3900146484375,35801700
2026-08-20,710.18994140625,710.9299926757812,714.9400024414062,708.52001953125,712.0900268554688,33396400
2026-08-21,712.6973876953125,713.4400024414062,715.6699829101562,709.2000122070312,715.22998046875,33399400
2026-08-24,705.5847778320312,706.3200073242188,709.7899780273438,702.7000122070312,709.6599731445312,37443100
2026-08-25,709.9801635742188,710.719970703125,714.0399780273438,707.4500122070312,711.219970703125,23869600
2026-08-26,710.6295166015625,711.3699951171875,713.02001953125,707.969970703125,708.4099731445312,20392400
2026-08-27,720.359375,721.1099853515625,721.3499755859375,714.530029296875,716.9299926757812,28723500
2026-08-28,715.6842651367188,716.4299926757812,724.1300048828125,715.0900268554688,719.739990234375,34105400
2026-08-31,716.013916015625,716.760009765625,717.5800170898438,713.1599731445312,715.1699829101562,32237200
2026-09-01,706.9033813476562,707.6400146484375,712.2999877929688,704.6599731445312,707.3900146484375,35236100
2026-09-02,708.501708984375,709.239990234375,709.7999877929688,705.0999755859375,707.0999755859375,23476200
2026-09-03,716.9229125976562,717.6699829101562,718.9199829101562,709.6900024414062,710.8499755859375,29449800
2026-09-04,718.2116088867188,718.9600219726562,721.8599853515625,716.5599975585938,719.3499755859375,32871100
2026-09-08,717.6122436523438,718.3599853515625,721.8900146484375,715.5700073242188,720.9099731445312,28341400
2026-09-09,715.5643920898438,716.3099975585938,719.7000122070312,714.02001953125,716.4000244140625,26763400
2026-09-10,707.9523315429688,708.6900024414062,712.0599975585938,706.8599853515625,707.5499877929688,31414400
2026-09-11,714.1358642578125,714.8800048828125,717.6300048828125,713.6300048828125,715.6799926757812,26649100
2026-09-14,708.4417724609375,709.1799926757812,712.9500122070312,702.739990234375,703.3300170898438,35219000
2026-09-15,703.8065795898438,704.5399780273438,709.530029296875,703.6400146484375,708.7999877929688,26631700
2026-09-16,703.9863891601562,704.719970703125,711.8800048828125,700.0,708.0,35688000
2026-09-17,716.1737060546875,716.9199829101562,718.0399780273438,713.3200073242188,715.9500122070312,37270300
2026-09-18,720.6990356445312,721.4500122070312,721.72998046875,715.0800170898438,718.8300170898438,48478700
2026-09-21,741.469970703125,741.469970703125,743.219970703125,727.8099975585938,727.8900146484375,46730600
2026-09-22,747.4600219726562,747.4600219726562,748.3499755859375,740.9299926757812,740.97998046875,40128800
2026-09-23,741.2100219726562,741.2100219726562,747.1300048828125,738.1900024414062,746.969970703125,33191800
2026-09-24,741.0999755859375,741.0999755859375,742.6599731445312,734.6199951171875,735.2899780273438,29000900
2026-09-25,744.5,744.5,745.9199829101562,739.6400146484375,742.8300170898438,30283800
2026-09-28,736.530029296875,736.530029296875,741.4199829101562,731.6300048828125,740.4600219726562,41775000
2026-09-29,737.9299926757812,737.9299926757812,740.5800170898438,735.3400268554688,740.1500244140625,27052300
2026-09-30,739.77001953125,739.77001953125,745.0999755859375,739.4600219726562,740.1900024414062,29820400
2026-10-01,742.030029296875,742.030029296875,744.6699829101562,736.25,742.510009765625,35728900
2026-10-02,749.5800170898438,749.5800170898438,754.5399780273438,747.530029296875,751.3099975585938,34498900
2026-10-05,756.2000122070312,756.2000122070312,756.9199829101562,749.0800170898438,749.3499755859375,25603200
2026-10-06,759.6599731445312,759.6599731445312,762.8599853515625,759.0999755859375,760.52001953125,26513600
2026-10-07,757.72998046875,757.72998046875,758.2999877929688,751.75,753.7899780273438,25467900
2026-10-08,747.5800170898438,747.5800170898438,757.1799926757812,743.22998046875,753.969970703125,49694800
2026-10-09,751.27001953125,751.27001953125,752.8699951171875,748.3699951171875,752.5499877929688,21122000
