Date,Adj Close,Close,High,Low,Open,Volume
2001-07-13,19.872106552124023,24.21666717529297,24.530000686645508,23.52666664123535,24.100000381469727,603300
2001-07-16,18.720529556274414,22.81333351135254,23.850000381469727,22.81333351135254,23.78333282470703,180000
2001-07-17,19.489160537719727,23.75,23.75,22.633333206176758,22.649999618530273,287100
2001-07-18,18.682239532470703,22.766666412353516,23.203332901000977,22.766666412353516,23.03333282470703,301800
2001-07-19,19.475486755371094,23.733333587646484,24.233333587646484,23.733333587646484,24.133333206176758,405000
2001-07-20,19.3797607421875,23.616666793823242,23.633333206176758,23.25,23.25,360000
2001-07-23,18.791645050048828,22.899999618530273,23.75,22.899999618530273,23.75,195300
2001-07-24,18.28561782836914,22.28333282470703,22.766666412353516,22.266666412353516,22.766666412353516,150300
2001-07-25,17.957378387451172,21.883333206176758,22.616666793823242,21.883333206176758,22.200000762939453,179100
2001-07-26,19.625938415527344,23.916667938232422,24.149999618530273,22.766666412353516,22.850000381469727,281700
2001-07-27,20.079994201660156,24.469999313354492,24.733333587646484,24.166667938232422,24.166667938232422,121500
2001-07-30,20.214021682739258,24.633333206176758,24.84666633605957,24.43000030517578,24.59666633605957,7800
2001-07-31,20.214021682739258,24.633333206176758,25.133333206176758,24.633333206176758,25.133333206176758,152100
2001-08-01,21.267118453979492,25.916667938232422,26.233333587646484,25.583332061767578,25.583332061767578,28500
2001-08-02,21.677419662475586,26.416667938232422,26.649999618530273,26.383333206176758,26.566667556762695,64800
2001-08-03,21.403884887695312,26.083332061767578,26.416667938232422,25.916667938232422,26.416667938232422,9600
2001-08-06,21.02094078063965,25.616666793823242,25.71666717529297,25.46666717529297,25.516666412353516,21900
2001-08-07,20.695436477661133,25.219999313354492,25.219999313354492,25.0,25.200000762939453,18600
2001-08-08,20.460206985473633,24.933332443237305,25.516666412353516,24.933332443237305,25.113332748413086,18900
2001-08-09,19.89946174621582,24.25,24.25,24.0,24.0,3000
2001-08-10,19.940494537353516,24.299999237060547,24.333332061767578,24.200000762939453,24.200000762939453,12600
2001-08-13,20.419166564941406,24.883333206176758,24.933332443237305,24.700000762939453,24.833332061767578,24300
2001-08-14,20.50122833251953,24.983333587646484,25.066667556762695,24.983333587646484,25.066667556762695,4200
2001-08-15,19.69978141784668,24.00666618347168,24.583332061767578,24.00666618347168,24.583332061767578,6300
2001-08-16,19.448131561279297,23.700000762939453,23.700000762939453,23.100000381469727,23.333332061767578,13500
2001-08-17,18.764301300048828,22.866666793823242,23.333332061767578,22.866666793823242,23.333332061767578,1500
2001-08-20,18.96944808959961,23.116666793823242,23.149999618530273,22.850000381469727,23.0,32700
2001-08-21,18.490774154663086,22.53333282470703,23.100000381469727,22.53333282470703,23.100000381469727,4200
2001-08-22,19.06519317626953,23.233333587646484,23.233333587646484,22.5,22.729999542236328,8400
2001-08-23,19.160919189453125,23.350000381469727,23.663333892822266,23.309999465942383,23.3700008392334,3000
2001-08-24,19.986984252929688,24.356666564941406,24.483333587646484,23.666667938232422,23.75666618347168,1200
2001-08-27,20.43284034729004,24.899999618530273,25.1299991607666,24.5,24.5,12300
2001-08-28,19.954160690307617,24.316667556762695,24.549999237060547,24.316667556762695,24.450000762939453,3000
2001-08-29,19.256664276123047,23.46666717529297,24.433332443237305,23.46666717529297,24.433332443237305,900
2001-08-30,18.7369441986084,22.833332061767578,22.833332061767578,22.5,22.549999237060547,3600
2001-08-31,18.82994842529297,22.946666717529297,23.15999984741211,22.666667938232422,22.666667938232422,6000
2001-09-04,18.326641082763672,22.333332061767578,23.156667709350586,22.333332061767578,22.866666793823242,3300
2001-09-05,17.697526931762695,21.566667556762695,22.246667861938477,21.53333282470703,22.246667861938477,22500
2001-09-06,16.87693977355957,20.566667556762695,21.666667938232422,20.46666717529297,21.333332061767578,792000
2001-09-07,17.000022888183594,20.71666717529297,21.226667404174805,20.383333206176758,20.383333206176758,9900
2001-09-10,16.983598709106445,20.696666717529297,20.913333892822266,20.613332748413086,20.613332748413086,3900
2001-09-17,15.42721176147461,18.799999237060547,19.593332290649414,18.799999237060547,19.0,24600
2001-09-18,15.514742851257324,18.906667709350586,18.906667709350586,18.503332138061523,18.75,1200
2001-09-19,14.209988594055176,17.316667556762695,17.316667556762695,15.899999618530273,17.123332977294922,40200
2001-09-20,13.293659210205078,16.200000762939453,17.066667556762695,16.200000762939453,16.549999237060547,51000
2001-09-21,12.650856971740723,15.416666984558105,16.100000381469727,15.133333206176758,15.133333206176758,11400
2001-09-24,13.909106254577637,16.950000762939453,16.950000762939453,16.333332061767578,16.333332061767578,28500
2001-09-25,13.539837837219238,16.5,17.233333587646484,16.5,17.233333587646484,12900
2001-09-26,13.156891822814941,16.03333282470703,16.899999618530273,16.0,16.899999618530273,9600
2001-09-27,12.760273933410645,15.550000190734863,15.550000190734863,14.963333129882812,15.333333015441895,3600
2001-09-28,13.115861892700195,15.983332633972168,16.166667938232422,15.633333206176758,15.916666984558105,14400
2001-10-01,12.678211212158203,15.449999809265137,15.733332633972168,15.449999809265137,15.733332633972168,5100
2001-10-02,12.445711135864258,15.166666984558105,15.75,15.166666984558105,15.75,12900
2001-10-03,13.635567665100098,16.616666793823242,16.78333282470703,14.966667175292969,15.0,12900
2001-10-04,14.428813934326172,17.583332061767578,17.979999542236328,16.633333206176758,17.0,22800
2001-10-05,14.516348838806152,17.690000534057617,17.799999237060547,16.633333206176758,17.333332061767578,23700
2001-10-08,15.098971366882324,18.399999618530273,18.566667556762695,17.299999237060547,17.333332061767578,49200
2001-10-09,14.415138244628906,17.566667556762695,17.96666717529297,17.516666412353516,17.96666717529297,22200
2001-10-10,15.235734939575195,18.566667556762695,18.566667556762695,17.416667938232422,17.53333282470703,28200
2001-10-11,16.586978912353516,20.213333129882812,20.27666664123535,19.26333236694336,19.26333236694336,62100
2001-10-12,16.302505493164062,19.866666793823242,20.016666412353516,19.266666412353516,19.733333587646484,26400
2001-10-15,15.96059799194336,19.450000762939453,19.71666717529297,19.31999969482422,19.71666717529297,7800
2001-10-16,16.45294952392578,20.049999237060547,20.049999237060547,19.5,19.766666412353516,6600
2001-10-17,15.782795906066895,19.233333587646484,20.600000381469727,19.233333587646484,20.549999237060547,15000
2001-10-18,15.208380699157715,18.53333282470703,18.883333206176758,18.299999237060547,18.75,13200
2001-10-19,15.328742980957031,18.68000030517578,18.68000030517578,18.149999618530273,18.149999618530273,6900
2001-10-22,16.083681106567383,19.600000381469727,19.600000381469727,18.516666412353516,18.516666412353516,23100
2001-10-23,16.015295028686523,19.516666412353516,20.086666107177734,19.469999313354492,19.799999237060547,4500
2001-10-24,16.51860237121582,20.1299991607666,20.296667098999023,19.97333335876465,20.066667556762695,16800
2001-10-25,17.232515335083008,21.0,21.0,19.450000762939453,19.700000762939453,10200
2001-10-26,17.29816246032715,21.079999923706055,21.183332443237305,20.799999237060547,21.133333206176758,22500
2001-10-29,16.343538284301758,19.916667938232422,20.416667938232422,19.916667938232422,20.416667938232422,7500
2001-10-30,15.358827590942383,18.71666717529297,19.183332443237305,18.676666259765625,19.183332443237305,16800
2001-10-31,15.92503833770752,19.406667709350586,20.046667098999023,19.406667709350586,19.43666648864746,8100
2001-11-01,16.904272079467773,20.600000381469727,20.64666748046875,19.78333282470703,19.78333282470703,3612900
2001-11-02,17.06839942932129,20.799999237060547,20.996667861938477,20.503332138061523,20.983333587646484,2115300
2001-11-05,17.74949073791504,21.6299991607666,21.6299991607666,21.433332443237305,21.549999237060547,2100
2001-11-06,18.244590759277344,22.233333587646484,22.28333282470703,21.200000762939453,21.200000762939453,13500
2001-11-07,18.375885009765625,22.393333435058594,22.636667251586914,22.020000457763672,22.059999465942383,144000
2001-11-08,17.87805938720703,21.786666870117188,23.17333221435547,21.766666412353516,22.666667938232422,627300
2001-11-09,18.023027420043945,21.963333129882812,22.200000762939453,21.753332138061523,22.00666618347168,207900
2001-11-12,18.373153686523438,22.389999389648438,22.516666412353516,21.5,21.53333282470703,76800
2001-11-13,19.188276290893555,23.383333206176758,23.46666717529297,22.97333335876465,23.233333587646484,18900
2001-11-14,19.28401756286621,23.5,24.0,22.96666717529297,24.0,60900
2001-11-15,19.092531204223633,23.266666412353516,23.583332061767578,23.049999237060547,23.383333206176758,200400
2001-11-16,19.02415657043457,23.183332443237305,23.46666717529297,23.0,23.416667938232422,24600
2001-11-19,18.9448299407959,23.086666107177734,23.44333267211914,22.75,23.42333221435547,24300
2001-11-20,17.869855880737305,21.77666664123535,22.833332061767578,21.77666664123535,22.78333282470703,29100
2001-11-21,18.094148635864258,22.049999237060547,22.049999237060547,21.51333236694336,21.683332443237305,42300
2001-11-23,18.395038604736328,22.416667938232422,22.469999313354492,22.049999237060547,22.049999237060547,13200
2001-11-26,19.136302947998047,23.31999969482422,23.333332061767578,22.733333587646484,22.733333587646484,9300
2001-11-27,19.155452728271484,23.343332290649414,23.89666748046875,22.656667709350586,22.799999237060547,43500
2001-11-28,18.30202865600586,22.303333282470703,23.016666412353516,22.303333282470703,23.016666412353516,18600
2001-11-29,18.8026065826416,22.913333892822266,22.946666717529297,22.21666717529297,22.433332443237305,19200
2001-11-30,18.55642318725586,22.613332748413086,22.709999084472656,22.34000015258789,22.633333206176758,50400
2001-12-03,18.31297492980957,22.316667556762695,22.643333435058594,22.21666717529297,22.366666793823242,10500
2001-12-04,19.21563148498535,23.416667938232422,23.416667938232422,22.683332443237305,22.683332443237305,14400
2001-12-05,20.747404098510742,25.28333282470703,25.46666717529297,24.083332061767578,24.083332061767578,33000
2001-12-06,20.610645294189453,25.116666793823242,25.43666648864746,24.85333251953125,25.116666793823242,28500
2001-12-07,19.872106552124023,24.21666717529297,24.933332443237305,24.0,24.933332443237305,19200
2001-12-10,19.448131561279297,23.700000762939453,24.133333206176758,23.656667709350586,24.133333206176758,132000
2001-12-11,19.65601348876953,23.953332901000977,24.433332443237305,23.93666648864746,24.133333206176758,30600
2001-12-12,19.59857177734375,23.883333206176758,24.309999465942383,23.75,24.21666717529297,4800
2001-12-13,18.671302795410156,22.753332138061523,23.583332061767578,22.753332138061523,23.583332061767578,36600
2001-12-14,19.054244995117188,23.219999313354492,23.386667251586914,22.75,22.916667938232422,75900
2001-12-17,19.475486755371094,23.733333587646484,23.850000381469727,23.496667861938477,23.543333053588867,31500
2001-12-18,19.625938415527344,23.916667938232422,23.963333129882812,23.71666717529297,23.963333129882812,45000
2001-12-19,18.613847732543945,22.683332443237305,23.30666732788086,22.683332443237305,23.0,519600
2001-12-20,17.672910690307617,21.536666870117188,22.433332443237305,21.52666664123535,22.333332061767578,62400
2001-12-21,18.118762969970703,22.079999923706055,22.079999923706055,21.866666793823242,22.0,24900
2001-12-24,17.98473358154297,21.916667938232422,22.03333282470703,21.916667938232422,22.03333282470703,4500
2001-12-26,18.203554153442383,22.183332443237305,22.540000915527344,22.040000915527344,22.363332748413086,34200
2001-12-27,18.48529624938965,22.52666664123535,22.57666778564453,22.336666107177734,22.336666107177734,103800
2001-12-28,18.641210556030273,22.71666717529297,22.959999084472656,22.566667556762695,22.799999237060547,132300
2001-12-31,18.189884185791016,22.166667938232422,22.733333587646484,22.100000381469727,22.733333587646484,23100
2002-01-02,18.928417205810547,23.066667556762695,23.066667556762695,22.46666717529297,22.633333206176758,207900
2002-01-03,20.378141403198242,24.833332061767578,24.906667709350586,23.5,23.5,251700
2002-01-04,20.307022094726562,24.746667861938477,25.329999923706055,24.299999237060547,25.299999237060547,111600
2002-01-07,19.861162185668945,24.203332901000977,25.0,24.133333206176758,25.0,24900
2002-01-08,19.913135528564453,24.266666412353516,24.663333892822266,23.983333587646484,24.15333366394043,79500
2002-01-09,19.8037109375,24.133333206176758,25.036666870117188,24.133333206176758,24.666667938232422,19200
2002-01-10,19.57942771911621,23.860000610351562,24.15333366394043,23.823333740234375,24.036666870117188,32700
2002-01-11,19.475486755371094,23.733333587646484,24.266666412353516,23.666667938232422,24.266666412353516,43800
2002-01-14,19.095273971557617,23.270000457763672,23.676666259765625,23.253332138061523,23.666667938232422,52200
2002-01-15,19.14725112915039,23.333332061767578,23.549999237060547,23.003332138061523,23.549999237060547,765300
2002-01-16,18.337587356567383,22.34666633605957,22.823333740234375,22.34666633605957,22.649999618530273,1594800
2002-01-17,18.77797508239746,22.883333206176758,22.916667938232422,22.316667556762695,22.700000762939453,25200
2002-01-18,18.29928970336914,22.299999237060547,22.559999465942383,22.166667938232422,22.166667938232422,18000
2002-01-22,17.47869873046875,21.299999237060547,22.433332443237305,21.299999237060547,22.433332443237305,16500
2002-01-23,17.998411178588867,21.933332443237305,22.053333282470703,21.366666793823242,21.75,34500
2002-01-24,18.27741241455078,22.273332595825195,22.573333740234375,22.133333206176758,22.133333206176758,27900
2002-01-25,18.45520782470703,22.489999771118164,22.666667938232422,22.166667938232422,22.25666618347168,4500
2002-01-28,18.78071403503418,22.886667251586914,22.96666717529297,22.540000915527344,22.799999237060547,9300
2002-01-29,18.34853172302246,22.360000610351562,23.25,22.293333053588867,23.25,27300
2002-01-30,18.819011688232422,22.933332443237305,22.933332443237305,22.233333587646484,22.233333587646484,16800
2002-01-31,18.966716766357422,23.113332748413086,23.333332061767578,22.809999465942383,23.333332061767578,12600
2002-02-01,18.77797508239746,22.883333206176758,22.983333587646484,22.883333206176758,22.983333587646484,7200
2002-02-04,18.427860260009766,22.456666946411133,22.916667938232422,22.299999237060547,22.916667938232422,14400
2002-02-05,18.162519454956055,22.133333206176758,22.579999923706055,22.133333206176758,22.333332061767578,2700
2002-02-06,18.107818603515625,22.066667556762695,22.333332061767578,21.950000762939453,22.333332061767578,429900
2002-02-07,17.519733428955078,21.350000381469727,22.100000381469727,21.350000381469727,21.78333282470703,11400
2002-02-08,17.90267562866211,21.816667556762695,21.829999923706055,21.206666946411133,21.53333282470703,62100
2002-02-11,18.594711303710938,22.65999984741211,22.65999984741211,22.049999237060547,22.049999237060547,207000
2002-02-12,18.490774154663086,22.53333282470703,22.92333221435547,22.260000228881836,22.46666717529297,14700
2002-02-13,18.901058197021484,23.03333282470703,23.049999237060547,22.969999313354492,22.99333381652832,9900
2002-02-14,18.79985237121582,22.90999984741211,23.34666633605957,22.773332595825195,23.270000457763672,12900
2002-02-15,18.34853172302246,22.360000610351562,22.700000762939453,22.360000610351562,22.700000762939453,1800
2002-02-19,17.544347763061523,21.3799991607666,22.00666618347168,21.3799991607666,22.0,26400
2002-02-20,17.90267562866211,21.816667556762695,21.816667556762695,20.940000534057617,21.600000381469727,38700
2002-02-21,16.794862747192383,20.46666717529297,21.25666618347168,20.416667938232422,21.113332748413086,246300
2002-02-22,16.86599349975586,20.553333282470703,20.6200008392334,20.18000030517578,20.5,104400
2002-02-25,17.752229690551758,21.633333206176758,21.733333587646484,20.71666717529297,20.71666717529297,182100
2002-02-26,17.49237823486328,21.316667556762695,21.799999237060547,21.143333435058594,21.75,14700
2002-02-27,17.41304588317871,21.219999313354492,21.93000030517578,21.073333740234375,21.633333206176758,90300
2002-02-28,16.87693977355957,20.566667556762695,21.393333435058594,20.566667556762695,21.393333435058594,325500
2002-03-01,18.441532135009766,22.47333335876465,22.53333282470703,21.25,21.25,250200
2002-03-04,19.653278350830078,23.950000762939453,24.049999237060547,22.636667251586914,22.833332061767578,172800
2002-03-05,19.986984252929688,24.356666564941406,24.53333282470703,23.883333206176758,23.883333206176758,492600
2002-03-06,19.945959091186523,24.30666732788086,24.399999618530273,23.67333221435547,24.133333206176758,504600
2002-03-07,20.115549087524414,24.51333236694336,24.89666748046875,24.149999618530273,24.833332061767578,304200
2002-03-08,20.843141555786133,25.399999618530273,25.50666618347168,25.066667556762695,25.066667556762695,40500
2002-03-11,20.427385330200195,24.893333435058594,25.19333267211914,24.516666412353516,24.899999618530273,145800
2002-03-12,19.7025146484375,24.010000228881836,24.106666564941406,23.75,23.866666793823242,18900
2002-03-13,19.166385650634766,23.356666564941406,23.65999984741211,23.166667938232422,23.583332061767578,330000
2002-03-14,19.11442756652832,23.293333053588867,23.583332061767578,23.226667404174805,23.583332061767578,9600
2002-03-15,19.396160125732422,23.636667251586914,23.700000762939453,23.266666412353516,23.266666412353516,32400
2002-03-18,19.625938415527344,23.916667938232422,24.433332443237305,23.866666793823242,24.200000762939453,45300
2002-03-19,19.749019622802734,24.066667556762695,24.31333351135254,23.983333587646484,24.046667098999023,42900
2002-03-20,19.06792449951172,23.23666763305664,23.583332061767578,23.23666763305664,23.48666763305664,22500
2002-03-21,19.557552337646484,23.833332061767578,23.833332061767578,23.126667022705078,23.333332061767578,217500
2002-03-22,19.338712692260742,23.566667556762695,23.883333206176758,23.566667556762695,23.766666412353516,20100
2002-03-25,18.8107967376709,22.92333221435547,23.799999237060547,22.92333221435547,23.633333206176758,27000
2002-03-26,19.10621452331543,23.28333282470703,23.56333351135254,22.816667556762695,22.96666717529297,27900
2002-03-27,19.136302947998047,23.31999969482422,23.479999542236328,23.123332977294922,23.399999618530273,310200
2002-03-28,19.48369026184082,23.74333381652832,24.0,23.74333381652832,23.816667556762695,481500
2002-04-01,19.96784210205078,24.333332061767578,24.496667861938477,23.46666717529297,23.46666717529297,128100
2002-04-02,19.382478713989258,23.6200008392334,24.066667556762695,23.6200008392334,24.066667556762695,21300
2002-04-03,18.972185134887695,23.1200008392334,23.566667556762695,22.926666259765625,23.549999237060547,237000
2002-04-04,19.03783416748047,23.200000762939453,23.383333206176758,22.950000762939453,23.383333206176758,468000
2002-04-05,18.87918472290039,23.00666618347168,23.116666793823242,22.933332443237305,23.100000381469727,4500
2002-04-08,18.819011688232422,22.933332443237305,23.03333282470703,22.083332061767578,22.24333381652832,33600
2002-04-09,18.395038604736328,22.416667938232422,22.850000381469727,22.350000381469727,22.850000381469727,36900
2002-04-10,18.463420867919922,22.5,22.566667556762695,21.85333251953125,22.46666717529297,92700
2002-04-11,18.094148635864258,22.049999237060547,22.49333381652832,21.913333892822266,22.200000762939453,24000
2002-04-12,18.189884185791016,22.166667938232422,22.233333587646484,21.803333282470703,22.200000762939453,42300
2002-04-15,18.586498260498047,22.649999618530273,22.666667938232422,22.200000762939453,22.5,28500
2002-04-16,19.601308822631836,23.886667251586914,23.98666763305664,23.6200008392334,23.666667938232422,46500
2002-04-17,20.028017044067383,24.406667709350586,24.690000534057617,24.09000015258789,24.299999237060547,1386600
2002-04-18,19.42898178100586,23.676666259765625,24.083332061767578,23.333332061767578,23.916667938232422,34800
2002-04-19,19.174604415893555,23.366666793823242,23.983333587646484,23.299999237060547,23.833332061767578,37500
2002-04-22,18.83268165588379,22.950000762939453,23.03333282470703,22.766666412353516,23.03333282470703,471300
2002-04-23,18.463420867919922,22.5,23.28333282470703,22.413333892822266,23.049999237060547,67800
2002-04-24,17.861650466918945,21.766666412353516,22.766666412353516,21.733333587646484,22.700000762939453,41400
2002-04-25,18.0120906829834,21.950000762939453,21.983333587646484,21.450000762939453,21.733333587646484,251400
2002-04-26,17.232515335083008,21.0,22.200000762939453,20.976667404174805,22.166667938232422,239400
2002-04-29,17.2735538482666,21.049999237060547,21.626667022705078,20.860000610351562,21.149999618530273,209400
2002-04-30,17.6428165435791,21.5,21.950000762939453,21.116666793823242,21.116666793823242,93300
2002-05-01,17.708459854125977,21.579999923706055,21.82666778564453,20.856666564941406,21.433332443237305,27900
2002-05-02,16.98634147644043,20.700000762939453,21.916667938232422,20.656667709350586,21.566667556762695,89400
2002-05-03,16.286096572875977,19.84666633605957,20.416667938232422,19.649999618530273,20.416667938232422,99300
2002-05-06,15.96059799194336,19.450000762939453,20.266666412353516,19.406667709350586,20.083332061767578,21300
2002-05-07,15.864867210388184,19.333332061767578,19.639999389648438,18.950000762939453,19.516666412353516,542700
2002-05-08,17.724872589111328,21.600000381469727,21.709999084472656,20.616666793823242,20.733333587646484,215100
2002-05-09,17.443138122558594,21.25666618347168,21.613332748413086,20.899999618530273,21.53333282470703,46800
2002-05-10,16.46116065979004,20.059999465942383,21.049999237060547,19.906667709350586,21.049999237060547,72900
2002-05-13,17.339191436767578,21.1299991607666,21.1299991607666,20.333332061767578,20.383333206176758,37800
2002-05-14,18.452484130859375,22.48666763305664,22.53333282470703,22.003332138061523,22.350000381469727,107700
2002-05-15,18.30202865600586,22.303333282470703,23.049999237060547,21.81999969482422,22.0,87300
2002-05-16,18.57009506225586,22.6299991607666,22.6299991607666,22.03333282470703,22.333332061767578,42600
2002-05-17,18.58376693725586,22.64666748046875,22.946666717529297,22.333332061767578,22.933332443237305,40800
2002-05-20,18.35126304626465,22.363332748413086,22.46666717529297,22.166667938232422,22.433332443237305,17700
2002-05-21,17.84796714782715,21.75,22.53333282470703,21.56333351135254,22.433332443237305,45000
2002-05-22,17.40757942199707,21.213333129882812,21.833332061767578,21.149999618530273,21.5,147000
2002-05-23,17.776845932006836,21.663333892822266,21.666667938232422,21.0,21.666667938232422,41700
2002-05-24,17.150461196899414,20.899999618530273,21.030000686645508,20.78333282470703,20.899999618530273,49500
2002-05-28,17.08207893371582,20.816667556762695,21.0,20.566667556762695,21.0,16200
2002-05-29,16.56509780883789,20.18666648864746,20.413333892822266,20.133333206176758,20.333332061767578,38400
2002-05-30,16.381837844848633,19.963333129882812,20.116666793823242,19.450000762939453,19.733333587646484,57300
2002-05-31,16.35722541809082,19.933332443237305,20.46666717529297,19.916667938232422,20.21666717529297,375600
2002-06-03,15.563974380493164,18.96666717529297,19.700000762939453,18.916667938232422,19.700000762939453,80700
2002-06-04,15.903158187866211,19.3799991607666,19.600000381469727,18.799999237060547,18.899999618530273,65400
2002-06-05,15.998894691467285,19.496667861938477,19.566667556762695,19.0,19.566667556762695,40500
2002-06-06,15.424476623535156,18.796667098999023,19.016666412353516,18.633333206176758,18.93666648864746,91500
2002-06-07,14.945792198181152,18.213333129882812,18.21666717529297,17.333332061767578,17.600000381469727,100800
2002-06-10,14.79261302947998,18.02666664123535,18.413333892822266,17.989999771118164,18.166667938232422,359100
2002-06-11,14.15528392791748,17.25,18.1299991607666,17.25,18.086666107177734,324900
2002-06-12,14.59019947052002,17.780000686645508,17.816667556762695,17.023332595825195,17.450000762939453,94800
2002-06-13,14.39052677154541,17.536666870117188,18.113332748413086,17.446666717529297,17.636667251586914,1902600
2002-06-14,14.360429763793945,17.5,17.666667938232422,16.600000381469727,16.666667938232422,42600
2002-06-17,15.085291862487793,18.383333206176758,18.549999237060547,17.950000762939453,17.950000762939453,53700
2002-06-18,14.907498359680176,18.166667938232422,18.899999618530273,18.166667938232422,18.366666793823242,68400
2002-06-19,13.909106254577637,16.950000762939453,17.75,16.916667938232422,17.516666412353516,352500
2002-06-20,13.293659210205078,16.200000762939453,17.25,16.083332061767578,17.25,125700
2002-06-21,12.932599067687988,15.760000228881836,16.376667022705078,15.683333396911621,16.170000076293945,125700
2002-06-24,13.512480735778809,16.46666717529297,16.549999237060547,15.566666603088379,15.783332824707031,62100
2002-06-25,12.773948669433594,15.566666603088379,16.583332061767578,15.483332633972168,16.583332061767578,76800
2002-06-26,12.721972465515137,15.50333309173584,15.566666603088379,14.800000190734863,14.800000190734863,26700
2002-06-27,13.321013450622559,16.233333587646484,16.3799991607666,15.75,16.166667938232422,240300
2002-06-28,13.104920387268066,15.970000267028809,16.703332901000977,15.949999809265137,16.266666412353516,105000
2002-07-01,12.514089584350586,15.25,16.21666717529297,15.25,16.100000381469727,75600
2002-07-02,12.060028076171875,14.696666717529297,15.116666793823242,14.566666603088379,15.0,51000
2002-07-03,12.473061561584473,15.199999809265137,15.216667175292969,14.416666984558105,14.416666984558105,70200
2002-07-05,13.498807907104492,16.450000762939453,16.450000762939453,15.933333396911621,16.0,39000
2002-07-08,12.992775917053223,15.833333015441895,16.483333587646484,15.833333015441895,16.483333587646484,16800
2002-07-09,12.5277738571167,15.266667366027832,15.616666793823242,15.266667366027832,15.600000381469727,29400
2002-07-10,12.142088890075684,14.796667098999023,15.453332901000977,14.696666717529297,15.449999809265137,36900
2002-07-11,12.752066612243652,15.539999961853027,15.539999961853027,14.380000114440918,14.516667366027832,107400
2002-07-12,13.000980377197266,15.84333324432373,15.983332633972168,15.426667213439941,15.666666984558105,114000
2002-07-15,13.03380298614502,15.883333206176758,16.0,15.24666690826416,15.466667175292969,63600
2002-07-16,13.301862716674805,16.209999084472656,16.933332443237305,16.0,16.399999618530273,239700
2002-07-17,13.362040519714355,16.28333282470703,17.183332443237305,15.930000305175781,17.183332443237305,317100
2002-07-18,13.061155319213867,15.916666984558105,16.433332443237305,15.83666706085205,16.22333335876465,61200
2002-07-19,12.691889762878418,15.466667175292969,16.053333282470703,15.366666793823242,15.583333015441895,149400
2002-07-22,12.404682159423828,15.116666793823242,15.726667404174805,15.0,15.5,150300
2002-07-23,11.761881828308105,14.333333015441895,15.270000457763672,14.333333015441895,15.083333015441895,245100
2002-07-24,12.25697135925293,14.936667442321777,14.936667442321777,13.866666793823242,13.866666793823242,103800
2002-07-25,11.099934577941895,13.526666641235352,14.383333206176758,12.973333358764648,14.383333206176758,259500
2002-07-26,10.845544815063477,13.216667175292969,13.596667289733887,12.916666984558105,13.566666603088379,89400
2002-07-29,11.59775447845459,14.133333206176758,14.176667213439941,13.466667175292969,13.699999809265137,77100
2002-07-30,11.912325859069824,14.516667366027832,14.643333435058594,13.9399995803833,14.180000305175781,69000
2002-07-31,11.324231147766113,13.800000190734863,14.216667175292969,13.65999984741211,14.19333267211914,72600
2002-08-01,10.700573921203613,13.039999961853027,13.899999618530273,13.039999961853027,13.699999809265137,51600
2002-08-02,10.260189056396484,12.50333309173584,13.0,12.323332786560059,13.0,153900
2002-08-05,9.68030071258545,11.796667098999023,12.50333309173584,11.703332901000977,12.5,80100
2002-08-06,10.257452964782715,12.5,12.819999694824219,12.233332633972168,12.25,76800
2002-08-07,10.47354507446289,12.763333320617676,13.216667175292969,12.166666984558105,13.216667175292969,217800
2002-08-08,10.861957550048828,13.236666679382324,13.333333015441895,12.383333206176758,12.536666870117188,54300
2002-08-09,10.80451488494873,13.166666984558105,13.256667137145996,12.770000457763672,12.866666793823242,78000
2002-08-12,10.544660568237305,12.850000381469727,12.899999618530273,12.716667175292969,12.766667366027832,104400
2002-08-13,10.164453506469727,12.386667251586914,13.270000457763672,12.386667251586914,12.866666793823242,30600
2002-08-14,10.78536605834961,13.143333435058594,13.183333396911621,12.203332901000977,12.350000381469727,85200
2002-08-15,11.009665489196777,13.416666984558105,13.58666706085205,13.033332824707031,13.383333206176758,109200
2002-08-16,11.693501472473145,14.25,14.449999809265137,13.283332824707031,13.300000190734863,243600
2002-08-19,12.243293762207031,14.920000076293945,15.083333015441895,14.229999542236328,14.25,129300
2002-08-20,11.720848083496094,14.283332824707031,14.666666984558105,14.216667175292969,14.666666984558105,124200
2002-08-21,12.213208198547363,14.883333206176758,14.99666690826416,14.356666564941406,14.716667175292969,66300
2002-08-22,12.281587600708008,14.966667175292969,15.273332595825195,14.683333396911621,14.883333206176758,170100
2002-08-23,11.553996086120605,14.079999923706055,14.623332977294922,14.0,14.466667175292969,120000
2002-08-26,11.567673683166504,14.096667289733887,14.206666946411133,13.670000076293945,14.0,73800
2002-08-27,11.050699234008789,13.466667175292969,14.149999618530273,13.366666793823242,14.149999618530273,135900
2002-08-28,10.479010581970215,12.770000457763672,13.289999961853027,12.706666946411133,13.016667366027832,70200
2002-08-29,10.514575958251953,12.813332557678223,13.00333309173584,12.363332748413086,12.5,136800
2002-08-30,10.394218444824219,12.666666984558105,12.949999809265137,12.546667098999023,12.546667098999023,150000
2002-09-03,9.874509811401367,12.033332824707031,12.41333293914795,11.966667175292969,12.41333293914795,83400
2002-09-04,9.929216384887695,12.100000381469727,12.216667175292969,11.649999618530273,12.0,157200
2002-09-05,9.50797176361084,11.58666706085205,11.866666793823242,11.5600004196167,11.866666793823242,143400
2002-09-06,10.06871223449707,12.270000457763672,12.350000381469727,12.170000076293945,12.300000190734863,120000
2002-09-09,10.038629531860352,12.233332633972168,12.263333320617676,11.816666603088379,11.933333396911621,93000
2002-09-10,10.268391609191895,12.513333320617676,12.729999542236328,12.233332633972168,12.266667366027832,99900
2002-09-11,10.435248374938965,12.716667175292969,13.066666603088379,12.703332901000977,13.066666603088379,166200
2002-09-12,9.770565032958984,11.90666675567627,12.313332557678223,11.90666675567627,12.25,131400
2002-09-13,9.628331184387207,11.733332633972168,12.006667137145996,11.633333206176758,11.766667366027832,169200
2002-09-16,9.204357147216797,11.216667175292969,11.533332824707031,11.133333206176758,11.533332824707031,192300
2002-09-17,9.01014518737793,10.979999542236328,11.699999809265137,10.920000076293945,11.699999809265137,264900
2002-09-18,8.848763465881348,10.783332824707031,11.0,10.603333473205566,10.766667366027832,846300
2002-09-19,8.632669448852539,10.520000457763672,10.793333053588867,10.41333293914795,10.5600004196167,274800
2002-09-20,8.50411319732666,10.363332748413086,10.6899995803833,10.303333282470703,10.626667022705078,48900
2002-09-23,8.121166229248047,9.896666526794434,10.199999809265137,9.720000267028809,10.199999809265137,193800
2002-09-24,8.148520469665527,9.930000305175781,10.25,9.773332595825195,9.796667098999023,168600
2002-09-25,8.711993217468262,10.616666793823242,10.776666641235352,10.0600004196167,10.216667175292969,193500
2002-09-26,8.534199714660645,10.399999618530273,10.84333324432373,10.1899995803833,10.716667175292969,68400
2002-09-27,8.33178424835205,10.153332710266113,10.616666793823242,10.143333435058594,10.220000267028809,42300
2002-09-30,8.077401161193848,9.84333324432373,9.896666526794434,9.69333267211914,9.833333015441895,29100
2002-10-01,8.534199714660645,10.399999618530273,10.399999618530273,9.720000267028809,10.066666603088379,57300
2002-10-02,8.372814178466797,10.203332901000977,10.766667366027832,10.153332710266113,10.333333015441895,217800
2002-10-03,8.123900413513184,9.899999618530273,10.066666603088379,9.80666732788086,10.020000457763672,41400
2002-10-04,7.699931621551514,9.383333206176758,9.850000381469727,9.279999732971191,9.850000381469727,435600
2002-10-07,7.355278015136719,8.963333129882812,9.293333053588867,8.963333129882812,9.119999885559082,44400
2002-10-08,7.275952339172363,8.866666793823242,9.100000381469727,8.616666793823242,9.100000381469727,106500
2002-10-09,7.098153114318848,8.649999618530273,9.050000190734863,8.649999618530273,8.75,60000
2002-10-10,7.667104244232178,9.34333324432373,9.523332595825195,8.699999809265137,8.699999809265137,686700
2002-10-11,8.356402397155762,10.183333396911621,10.40999984741211,9.800000190734863,9.800000190734863,661500
2002-10-14,8.383760452270508,10.216667175292969,10.283332824707031,9.916666984558105,10.050000190734863,100200
2002-10-15,9.215293884277344,11.229999542236328,11.229999542236328,10.9399995803833,11.149999618530273,143400
2002-10-16,8.205961227416992,10.0,10.333333015441895,10.0,10.266667366027832,127200
2002-10-17,8.826882362365723,10.756667137145996,10.90666675567627,10.619999885559082,10.760000228881836,282600
2002-10-18,8.980057716369629,10.94333267211914,11.020000457763672,10.399999618530273,10.50333309173584,140400
2002-10-21,9.532596588134766,11.616666793823242,11.616666793823242,10.653332710266113,10.800000190734863,95100
2002-10-22,8.889793395996094,10.833333015441895,11.203332901000977,10.699999809265137,10.766667366027832,106200
2002-10-23,9.573625564575195,11.666666984558105,11.683333396911621,10.819999694824219,10.989999771118164,66900
2002-10-24,9.300087928771973,11.333333015441895,12.100000381469727,11.286666870117188,11.800000190734863,276300
2002-10-25,9.748684883117676,11.880000114440918,11.899999618530273,11.403332710266113,11.403332710266113,78900
2002-10-28,9.817065238952637,11.963333129882812,12.350000381469727,11.893333435058594,12.266667366027832,75900
2002-10-29,9.488825798034668,11.563332557678223,12.066666603088379,11.09000015258789,11.953332901000977,165000
2002-10-30,10.016739845275879,12.206666946411133,12.346667289733887,11.603333473205566,11.670000076293945,104700
2002-10-31,9.983922004699707,12.166666984558105,12.493332862854004,12.066666603088379,12.399999618530273,64500
2002-11-01,10.470803260803223,12.760000228881836,12.883333206176758,12.033332824707031,12.033332824707031,132000
2002-11-04,11.037019729614258,13.449999809265137,13.930000305175781,13.270000457763672,13.333333015441895,570300
2002-11-05,10.831872940063477,13.199999809265137,13.483332633972168,12.883333206176758,13.166666984558105,107400
2002-11-06,11.135488510131836,13.569999694824219,13.699999809265137,13.023332595825195,13.399999618530273,150600
2002-11-07,10.353190422058105,12.616666793823242,13.196666717529297,12.600000381469727,13.166666984558105,428700
2002-11-08,10.175395011901855,12.399999618530273,12.743332862854004,12.216667175292969,12.666666984558105,188100
2002-11-11,9.628331184387207,11.733332633972168,12.100000381469727,11.58666706085205,12.100000381469727,207000
2002-11-12,9.983922004699707,12.166666984558105,12.513333320617676,11.853333473205566,11.916666984558105,96600
2002-11-13,9.934680938720703,12.106666564941406,12.446666717529297,11.916666984558105,12.149999618530273,81000
2002-11-14,10.749814987182617,13.100000381469727,13.126667022705078,12.516667366027832,12.666666984558105,308700
2002-11-15,10.749814987182617,13.100000381469727,13.180000305175781,12.673333168029785,12.733332633972168,184200
2002-11-18,10.790840148925781,13.149999618530273,13.573332786560059,13.149999618530273,13.416666984558105,100200
2002-11-19,10.51731014251709,12.816666603088379,13.180000305175781,12.736666679382324,13.076666831970215,201900
2002-11-20,11.195672035217285,13.643333435058594,13.74666690826416,13.026666641235352,13.029999732971191,93000
2002-11-21,12.172178268432617,14.833333015441895,14.833333015441895,14.100000381469727,14.116666793823242,270300
2002-11-22,12.060028076171875,14.696666717529297,14.896666526794434,14.433333396911621,14.433333396911621,355800
2002-11-25,12.462122917175293,15.186667442321777,15.256667137145996,14.803333282470703,14.949999809265137,225300
2002-11-26,11.942410469055176,14.553333282470703,15.0,14.470000267028809,14.866666793823242,126900
2002-11-27,12.675472259521484,15.446666717529297,15.49666690826416,14.933333396911621,15.0,152700
2002-11-29,12.363648414611816,15.066666603088379,15.600000381469727,15.066666603088379,15.600000381469727,81000
2002-12-02,12.5277738571167,15.266667366027832,16.0,15.083333015441895,15.949999809265137,816600
2002-12-03,11.860352516174316,14.453332901000977,14.876667022705078,14.366666793823242,14.833333015441895,305100
2002-12-04,11.165576934814453,13.606666564941406,13.890000343322754,13.386667251586914,13.5,1289400
2002-12-05,11.105400085449219,13.533332824707031,13.793333053588867,13.333333015441895,13.75,562500
2002-12-06,10.985051155090332,13.386667251586914,13.630000114440918,13.083333015441895,13.083333015441895,412200
2002-12-09,10.325837135314941,12.583333015441895,13.100000381469727,12.470000267028809,13.083333015441895,367800
2002-12-10,10.790840148925781,13.149999618530273,13.166666984558105,12.533332824707031,12.733332633972168,252600
2002-12-11,10.708781242370605,13.050000190734863,13.333333015441895,12.783332824707031,12.833333015441895,146100
2002-12-12,10.599364280700684,12.916666984558105,13.316666603088379,12.826666831970215,13.083333015441895,706500
2002-12-13,10.260189056396484,12.50333309173584,12.66333293914795,12.466667175292969,12.600000381469727,273000
2002-12-16,10.736129760742188,13.083333015441895,13.116666793823242,12.453332901000977,12.566666603088379,102900
2002-12-17,10.506370544433594,12.803333282470703,13.243332862854004,12.733332633972168,12.916666984558105,1558200
2002-12-18,9.838947296142578,11.989999771118164,12.333333015441895,11.886667251586914,12.333333015441895,228300
2002-12-19,9.762359619140625,11.896666526794434,12.19333267211914,11.673333168029785,12.0,394200
2002-12-20,9.784244537353516,11.923333168029785,12.133333206176758,11.83666706085205,11.966667175292969,520200
2002-12-23,9.970247268676758,12.149999618530273,12.273332595825195,11.966667175292969,11.966667175292969,988200
2002-12-24,9.833479881286621,11.983332633972168,12.166666984558105,11.966667175292969,12.133333206176758,35700
2002-12-26,9.792448043823242,11.933333396911621,12.386667251586914,11.899999618530273,12.263333320617676,60000
2002-12-27,9.724065780639648,11.850000381469727,12.016667366027832,11.800000190734863,11.986666679382324,179700
2002-12-30,9.518917083740234,11.600000381469727,12.033332824707031,11.506667137145996,12.033332824707031,168600
2002-12-31,9.486092567443848,11.5600004196167,11.673333168029785,11.353333473205566,11.5,119400
2003-01-02,10.115211486816406,12.326666831970215,12.346667289733887,11.5600004196167,11.766667366027832,386100
2003-01-03,10.268391609191895,12.513333320617676,12.579999923706055,12.203332901000977,12.316666603088379,114600
2003-01-06,10.790840148925781,13.149999618530273,13.279999732971191,12.716667175292969,12.766667366027832,130800
2003-01-07,10.736129760742188,13.083333015441895,13.513333320617676,13.00333309173584,13.266667366027832,97200
2003-01-08,10.334043502807617,12.59333324432373,12.933333396911621,12.529999732971191,12.916666984558105,83700
2003-01-09,10.651338577270508,12.979999542236328,13.263333320617676,12.933333396911621,12.933333396911621,348600
2003-01-10,10.889310836791992,13.270000457763672,13.366666793823242,12.736666679382324,12.833333015441895,254700
2003-01-13,10.719721794128418,13.063332557678223,13.576666831970215,12.933333396911621,13.576666831970215,77400
2003-01-14,10.749814987182617,13.100000381469727,13.356666564941406,12.966667175292969,13.033332824707031,97200
2003-01-15,10.530983924865723,12.833333015441895,13.083333015441895,12.699999809265137,13.083333015441895,70800
2003-01-16,10.161715507507324,12.383333206176758,12.833333015441895,12.356666564941406,12.833333015441895,587700
2003-01-17,9.573625564575195,11.666666984558105,12.013333320617676,11.649999618530273,11.916666984558105,707700
2003-01-21,9.510712623596191,11.59000015258789,11.863332748413086,11.506667137145996,11.833333015441895,70800
2003-01-22,9.445063591003418,11.510000228881836,11.796667098999023,11.506667137145996,11.583333015441895,121800
2003-01-23,9.78697681427002,11.926667213439941,11.986666679382324,11.636667251586914,11.833333015441895,499200
2003-01-24,9.382150650024414,11.433333396911621,11.699999809265137,11.333333015441895,11.699999809265137,123600
2003-01-27,9.204357147216797,11.216667175292969,11.40999984741211,11.133333206176758,11.266667366027832,168000
2003-01-28,9.302823066711426,11.33666706085205,11.433333396911621,11.133333206176758,11.333333015441895,126600
2003-01-29,9.546265602111816,11.633333206176758,11.74666690826416,11.133333206176758,11.136667251586914,155100
2003-01-30,9.0867338180542,11.073332786560059,11.649999618530273,11.069999694824219,11.649999618530273,138600
2003-01-31,9.026556015014648,11.0,11.113332748413086,10.569999694824219,10.600000381469727,322500
2003-02-03,9.026556015014648,11.0,11.24666690826416,10.99666690826416,11.0,3028500
2003-02-04,8.884323120117188,10.826666831970215,10.9399995803833,10.800000190734863,10.800000190734863,49500
2003-02-05,8.944499015808105,10.899999618530273,11.3100004196167,10.866666793823242,11.0,52800
2003-02-06,8.785853385925293,10.706666946411133,10.923333168029785,10.683333396911621,10.866666793823242,71400
2003-02-07,8.698326110839844,10.600000381469727,10.816666603088379,10.596667289733887,10.816666603088379,32700
2003-02-10,8.843290328979492,10.776666641235352,10.776666641235352,10.473333358764648,10.600000381469727,50700
2003-02-11,8.846026420593262,10.779999732971191,11.046667098999023,10.75333309173584,10.850000381469727,33300
2003-02-12,8.843290328979492,10.776666641235352,10.979999542236328,10.733332633972168,10.84333324432373,40200
2003-02-13,8.744820594787598,10.65666675567627,10.726667404174805,10.50333309173584,10.666666984558105,285000
2003-02-14,9.286413192749023,11.316666603088379,11.316666603088379,10.833333015441895,10.833333015441895,75000
2003-02-18,9.636534690856934,11.743332862854004,11.763333320617676,11.473333358764648,11.473333358764648,279900
2003-02-19,9.499773025512695,11.576666831970215,11.779999732971191,11.433333396911621,11.766667366027832,149100
2003-02-20,9.7103910446167,11.833333015441895,11.856666564941406,11.636667251586914,11.75,549300
2003-02-21,9.642008781433105,11.75,11.829999923706055,11.506667137145996,11.800000190734863,374700
2003-02-24,9.532596588134766,11.616666793823242,11.856666564941406,11.606666564941406,11.666666984558105,170400
2003-02-25,9.45327091217041,11.520000457763672,11.630000114440918,11.199999809265137,11.350000381469727,340200
2003-02-26,9.209830284118652,11.223333358764648,11.66333293914795,11.223333358764648,11.4399995803833,104400
2003-02-27,9.513444900512695,11.59333324432373,11.600000381469727,11.303333282470703,11.393333435058594,925200
2003-02-28,9.806123733520508,11.949999809265137,11.949999809265137,11.66333293914795,11.666666984558105,2178600
2003-03-03,9.442325592041016,11.506667137145996,12.113332748413086,11.50333309173584,12.100000381469727,207900
2003-03-04,9.327447891235352,11.366666793823242,11.566666603088379,11.366666793823242,11.5,27600
2003-03-05,9.439592361450195,11.50333309173584,11.59333324432373,11.350000381469727,11.399999618530273,64500
2003-03-06,9.409506797790527,11.466667175292969,11.5600004196167,11.366666793823242,11.366666793823242,27600
2003-03-07,9.25905990600586,11.283332824707031,11.393333435058594,11.100000381469727,11.100000381469727,93300
2003-03-10,9.081259727478027,11.066666603088379,11.260000228881836,11.036666870117188,11.199999809265137,52800
2003-03-11,9.040238380432129,11.016667366027832,11.16333293914795,11.016667366027832,11.033332824707031,29400
2003-03-12,9.297355651855469,11.329999923706055,11.333333015441895,10.970000267028809,11.166666984558105,84000
2003-03-13,9.970247268676758,12.149999618530273,12.166666984558105,11.49666690826416,11.666666984558105,176700
2003-03-14,9.795183181762695,11.936667442321777,12.333333015441895,11.866666793823242,12.166666984558105,568800
2003-03-17,10.38054370880127,12.649999618530273,12.760000228881836,11.80666732788086,11.866666793823242,589800
2003-03-18,10.541927337646484,12.846667289733887,12.876667022705078,12.516667366027832,12.699999809265137,499800
2003-03-19,10.448921203613281,12.733332633972168,12.8100004196167,12.453332901000977,12.666666984558105,160200
2003-03-20,10.489958763122559,12.783332824707031,12.983332633972168,12.50333309173584,12.566666603088379,114600
2003-03-21,10.763490676879883,13.116666793823242,13.146666526794434,12.886667251586914,13.016667366027832,381900
2003-03-24,10.180862426757812,12.40666675567627,12.6899995803833,12.40666675567627,12.666666984558105,2379000
2003-03-25,10.413365364074707,12.6899995803833,12.766667366027832,12.383333206176758,12.433333396911621,312300
2003-03-26,10.361393928527832,12.626667022705078,12.796667098999023,12.533332824707031,12.666666984558105,132000
2003-03-27,10.202746391296387,12.433333396911621,12.526666641235352,12.273332595825195,12.350000381469727,1483800
2003-03-28,9.956567764282227,12.133333206176758,12.463333129882812,12.073332786560059,12.300000190734863,84900
2003-03-31,9.55721378326416,11.646666526794434,11.880000114440918,11.606666564941406,11.866666793823242,360900
2003-04-01,9.617390632629395,11.720000267028809,11.893333435058594,11.666666984558105,11.666666984558105,30300
2003-04-02,10.257452964782715,12.5,12.579999923706055,12.216667175292969,12.333333015441895,111300
2003-04-03,10.27113151550293,12.516667366027832,12.726667404174805,12.356666564941406,12.566666603088379,356700
2003-04-04,9.997597694396973,12.183333396911621,12.40999984741211,12.039999961853027,12.366666793823242,165900
2003-04-07,10.148039817810059,12.366666793823242,12.800000190734863,12.333333015441895,12.800000190734863,126300
2003-04-08,9.72680377960205,11.853333473205566,12.133333206176758,11.833333015441895,12.133333206176758,217500
2003-04-09,9.628331184387207,11.733332633972168,12.010000228881836,11.670000076293945,11.853333473205566,308100
2003-04-10,9.617390632629395,11.720000267028809,11.863332748413086,11.583333015441895,11.666666984558105,43800
2003-04-11,9.50797176361084,11.58666706085205,11.933333396911621,11.569999694824219,11.933333396911621,22500
2003-04-14,9.814330101013184,11.960000038146973,11.960000038146973,11.609999656677246,11.716667175292969,43200
2003-04-15,9.803388595581055,11.946666717529297,12.149999618530273,11.703332901000977,11.716667175292969,38100
2003-04-16,10.238308906555176,12.476667404174805,12.646666526794434,12.353333473205566,12.399999618530273,365700
2003-04-17,10.667753219604492,13.0,13.063332557678223,12.476667404174805,12.550000190734863,357300
2003-04-21,10.716987609863281,13.0600004196167,13.096667289733887,12.916666984558105,12.933333396911621,276600
2003-04-22,11.058904647827148,13.476667404174805,13.483332633972168,12.833333015441895,12.833333015441895,489600
2003-04-23,11.135488510131836,13.569999694824219,13.623332977294922,13.369999885559082,13.433333396911621,54000
2003-04-24,10.990516662597656,13.393333435058594,13.493332862854004,13.256667137145996,13.366666793823242,125700
2003-04-25,10.479010581970215,12.770000457763672,13.026666641235352,12.699999809265137,13.0,86100
2003-04-28,10.77169132232666,13.126667022705078,13.15999984741211,12.770000457763672,12.770000457763672,41700
2003-04-29,10.995990753173828,13.399999618530273,13.5,13.223333358764648,13.316666603088379,1008900
2003-04-30,10.7771635055542,13.133333206176758,13.293333053588867,13.076666831970215,13.239999771118164,574500
2003-05-01,10.76895809173584,13.123332977294922,13.213333129882812,12.916666984558105,13.133333206176758,116700
2003-05-02,11.110873222351074,13.539999961853027,13.630000114440918,13.293333053588867,13.293333053588867,84600
2003-05-05,11.318757057189941,13.793333053588867,14.116666793823242,13.636667251586914,13.766667366027832,186600
2003-05-06,11.425437927246094,13.923333168029785,14.149999618530273,13.766667366027832,13.766667366027832,53400
2003-05-07,11.242168426513672,13.699999809265137,14.00333309173584,13.603333473205566,13.766667366027832,535200
2003-05-08,10.97684383392334,13.376667022705078,13.563332557678223,13.369999885559082,13.433333396911621,84300
2003-05-09,11.488351821899414,14.0,14.0,13.666666984558105,13.69333267211914,83100
2003-05-12,11.72632122039795,14.289999961853027,14.296667098999023,13.886667251586914,13.966667175292969,260700
2003-05-13,11.532110214233398,14.053333282470703,14.19333267211914,14.0,14.083333015441895,804300
2003-05-14,11.529379844665527,14.050000190734863,14.220000267028809,13.773332595825195,14.216667175292969,769800
2003-05-15,11.657938003540039,14.206666946411133,14.363332748413086,14.100000381469727,14.300000190734863,90300
2003-05-16,11.507494926452637,14.023332595825195,14.149999618530273,13.920000076293945,14.133333206176758,79800
2003-05-19,10.985051155090332,13.386667251586914,13.833333015441895,13.383333206176758,13.766667366027832,129300
2003-05-20,10.995990753173828,13.399999618530273,13.5600004196167,13.243332862854004,13.516667366027832,154200
2003-05-21,11.042492866516113,13.456666946411133,13.476667404174805,13.216667175292969,13.333333015441895,72900
2003-05-22,11.165576934814453,13.606666564941406,13.74666690826416,13.369999885559082,13.399999618530273,65700
2003-05-23,11.242168426513672,13.699999809265137,13.796667098999023,13.583333015441895,13.583333015441895,30900
2003-05-27,11.830265998840332,14.416666984558105,14.493332862854004,13.633333206176758,13.633333206176758,137100
2003-05-28,11.876760482788086,14.473333358764648,14.75,14.423333168029785,14.5,85200
2003-05-29,12.243293762207031,14.920000076293945,15.09333324432373,14.649999618530273,14.649999618530273,69600
2003-05-30,12.418359756469727,15.133333206176758,15.216667175292969,15.083333015441895,15.100000381469727,545100
2003-06-02,12.166704177856445,14.826666831970215,15.399999618530273,14.789999961853027,15.399999618530273,854400
2003-06-03,12.328093528747559,15.023332595825195,15.063332557678223,14.699999809265137,14.699999809265137,381000
2003-06-04,12.782156944274902,15.576666831970215,15.609999656677246,15.100000381469727,15.100000381469727,75000
2003-06-05,12.924389839172363,15.75,15.796667098999023,15.143333435058594,15.166666984558105,285600
2003-06-06,12.708300590515137,15.486666679382324,16.446666717529297,15.403332710266113,16.416667938232422,269100
2003-06-09,12.363648414611816,15.066666603088379,15.266667366027832,14.896666526794434,15.166666984558105,341400
2003-06-10,12.473061561584473,15.199999809265137,15.263333320617676,14.833333015441895,15.066666603088379,51000
2003-06-11,12.473061561584473,15.199999809265137,15.199999809265137,14.619999885559082,14.733332633972168,104700
2003-06-12,12.308943748474121,15.0,15.233332633972168,14.83666706085205,15.233332633972168,164400
2003-06-13,11.912325859069824,14.516667366027832,14.833333015441895,14.383333206176758,14.833333015441895,202200
2003-06-16,12.120203971862793,14.770000457763672,14.899999618530273,14.420000076293945,14.533332824707031,132300
2003-06-17,12.194060325622559,14.859999656677246,14.916666984558105,14.616666793823242,14.880000114440918,244800
2003-06-18,12.45391845703125,15.176667213439941,15.24666690826416,14.66333293914795,14.800000190734863,67800
2003-06-19,12.336296081542969,15.033332824707031,15.399999618530273,14.970000267028809,15.399999618530273,96900
2003-06-20,12.158501625061035,14.816666603088379,15.033332824707031,14.773332595825195,15.033332824707031,47400
2003-06-23,11.832995414733887,14.420000076293945,14.893333435058594,14.369999885559082,14.739999771118164,145800
2003-06-24,11.734525680541992,14.300000190734863,14.5,14.100000381469727,14.25,585600
2003-06-25,11.802911758422852,14.383333206176758,14.706666946411133,14.270000457763672,14.5,199800
2003-06-26,12.084649085998535,14.726667404174805,14.763333320617676,14.423333168029785,14.433333396911621,59400
2003-06-27,12.005317687988281,14.630000114440918,14.880000114440918,14.506667137145996,14.850000381469727,213300
2003-06-30,11.92599868774414,14.533332824707031,14.883333206176758,14.533332824707031,14.783332824707031,355800
2003-07-01,12.147561073303223,14.803333282470703,14.803333282470703,14.25,14.483332633972168,552300
2003-07-02,12.552388191223145,15.296667098999023,15.296667098999023,14.94333267211914,14.949999809265137,222300
2003-07-03,12.415621757507324,15.130000114440918,15.333333015441895,15.066666603088379,15.066666603088379,31200
2003-07-07,13.165096282958984,16.043333053588867,16.049999237060547,15.466667175292969,15.533332824707031,198900
2003-07-08,13.321013450622559,16.233333587646484,16.280000686645508,15.826666831970215,16.03333282470703,252900
2003-07-09,13.455038070678711,16.39666748046875,16.616666793823242,16.059999465942383,16.21666717529297,245400
2003-07-10,13.006448745727539,15.850000381469727,16.149999618530273,15.763333320617676,16.100000381469727,198300
2003-07-11,13.129544258117676,16.0,16.049999237060547,15.866666793823242,15.866666793823242,102300
2003-07-14,13.471456527709961,16.416667938232422,16.616666793823242,16.333332061767578,16.46666717529297,404100
2003-07-15,13.493337631225586,16.44333267211914,16.733333587646484,16.343332290649414,16.600000381469727,267900
2003-07-16,13.471456527709961,16.416667938232422,16.666667938232422,16.133333206176758,16.666667938232422,396000
2003-07-17,12.888830184936523,15.706666946411133,15.966667175292969,15.539999961853027,15.926667213439941,273300
2003-07-18,12.924389839172363,15.75,15.893333435058594,15.350000381469727,15.739999771118164,177900
2003-07-21,12.689153671264648,15.463333129882812,15.683333396911621,15.30666732788086,15.683333396911621,411600
2003-07-22,13.110392570495605,15.976667404174805,16.01333236694336,15.706666946411133,15.733332633972168,163500
2003-07-23,13.359306335449219,16.280000686645508,16.280000686645508,15.84333324432373,15.966667175292969,147000
2003-07-24,12.99550724029541,15.83666706085205,16.383333206176758,15.83666706085205,16.316667556762695,327300
2003-07-25,13.260835647583008,16.15999984741211,16.15999984741211,15.533332824707031,15.866666793823242,170100
2003-07-28,13.41948413848877,16.35333251953125,16.393333435058594,16.06999969482422,16.083332061767578,101400
2003-07-29,13.102184295654297,15.966667175292969,16.28333282470703,15.873332977294922,16.28333282470703,282600
2003-07-30,13.020127296447754,15.866666793823242,16.016666412353516,15.829999923706055,16.016666412353516,141900
2003-07-31,13.211599349975586,16.100000381469727,16.469999313354492,16.100000381469727,16.25,447300
2003-08-01,13.375717163085938,16.299999237060547,16.299999237060547,16.003332138061523,16.166667938232422,327900
2003-08-04,13.424954414367676,16.360000610351562,16.433332443237305,16.016666412353516,16.266666412353516,56700
2003-08-05,12.992775917053223,15.833333015441895,16.350000381469727,15.833333015441895,16.350000381469727,194100
2003-08-06,12.883360862731934,15.699999809265137,15.963333129882812,15.583333015441895,15.783332824707031,162600
2003-08-07,12.773948669433594,15.566666603088379,15.706666946411133,15.470000267028809,15.666666984558105,231900
2003-08-08,12.442972183227539,15.16333293914795,15.666666984558105,14.953332901000977,15.583333015441895,467400
2003-08-11,12.670004844665527,15.4399995803833,15.506667137145996,15.229999542236328,15.229999542236328,245100
2003-08-12,12.910713195800781,15.733332633972168,15.733332633972168,15.433333396911621,15.433333396911621,45300
2003-08-13,13.148686408996582,16.023332595825195,16.200000762939453,15.736666679382324,15.80666732788086,153300
2003-08-14,13.299132347106934,16.206666946411133,16.219999313354492,15.963333129882812,16.066667556762695,42300
2003-08-15,13.334687232971191,16.25,16.25,16.15999984741211,16.15999984741211,4800
2003-08-18,13.95013427734375,17.0,17.0,16.260000228881836,16.260000228881836,331500
2003-08-19,14.223663330078125,17.333332061767578,17.333332061767578,16.996667861938477,17.049999237060547,1208700
2003-08-20,14.08690357208252,17.166667938232422,17.459999084472656,17.020000457763672,17.066667556762695,397500
2003-08-21,14.551904678344727,17.733333587646484,17.84666633605957,17.416667938232422,17.5,1836600
2003-08-22,14.825439453125,18.066667556762695,18.71666717529297,18.003332138061523,18.600000381469727,3881700
2003-08-25,14.644905090332031,17.84666633605957,18.030000686645508,17.729999542236328,18.0,3254700
2003-08-26,14.702347755432129,17.916667938232422,17.916667938232422,17.420000076293945,17.633333206176758,129000
2003-08-27,15.148209571838379,18.459999084472656,18.459999084472656,17.963333129882812,17.96666717529297,157200
2003-08-28,15.27950668334961,18.6200008392334,18.65333366394043,18.206666946411133,18.566667556762695,1809300
2003-08-29,15.372493743896484,18.733333587646484,18.796667098999023,18.516666412353516,18.583332061767578,1696800
2003-09-02,15.399863243103027,18.766666412353516,18.803333282470703,18.416667938232422,18.799999237060547,278700
2003-09-03,15.098971366882324,18.399999618530273,18.81333351135254,18.266666412353516,18.766666412353516,695100
2003-09-04,15.32053279876709,18.670000076293945,18.81333351135254,18.30666732788086,18.366666793823242,276000
2003-09-05,15.52294921875,18.916667938232422,19.32666778564453,18.633333206176758,18.700000762939453,480300
2003-09-08,16.048128128051758,19.55666732788086,19.613332748413086,19.203332901000977,19.233333587646484,801000
2003-09-09,15.864867210388184,19.333332061767578,19.566667556762695,19.239999771118164,19.516666412353516,522300
2003-09-10,14.948533058166504,18.21666717529297,18.816667556762695,18.183332443237305,18.733333587646484,3028500
2003-09-11,15.159143447875977,18.47333335876465,18.706666946411133,17.916667938232422,18.433332443237305,836400
2003-09-12,15.238465309143066,18.56999969482422,18.809999465942383,18.170000076293945,18.333332061767578,574200
2003-09-15,14.9988374710083,18.27666664123535,18.74333381652832,18.266666412353516,18.733333587646484,98100
2003-09-16,15.57876968383789,18.983333587646484,18.989999771118164,18.433332443237305,18.516666412353516,1340400
2003-09-17,15.483027458190918,18.866666793823242,19.086666107177734,18.77666664123535,18.96666717529297,156600
2003-09-18,15.58150577545166,18.98666763305664,19.03333282470703,18.5,18.623332977294922,205800
2003-09-19,15.521323204040527,18.913333892822266,19.079999923706055,18.73666763305664,18.933332443237305,62100
2003-09-22,15.160234451293945,18.47333335876465,18.666667938232422,18.389999389648438,18.633333206176758,217800
2003-09-23,15.384552001953125,18.746667861938477,18.766666412353516,18.416667938232422,18.549999237060547,107700
2003-09-24,14.700674057006836,17.913333892822266,18.82666778564453,17.913333892822266,18.82666778564453,202500
2003-09-25,14.703402519226074,17.916667938232422,18.5,17.866666793823242,18.083332061767578,94500
2003-09-26,14.43258285522461,17.586666107177734,17.90999984741211,17.483333587646484,17.700000762939453,888600
2003-09-29,14.676048278808594,17.883333206176758,17.983333587646484,17.516666412353516,17.833332061767578,917400
2003-09-30,14.334114074707031,17.46666717529297,17.816667556762695,17.35333251953125,17.816667556762695,423600
2003-10-01,14.547478675842285,17.726667404174805,17.766666412353516,17.46666717529297,17.600000381469727,337800
2003-10-02,14.738961219787598,17.959999084472656,18.100000381469727,17.766666412353516,17.766666412353516,345900
2003-10-03,15.34625244140625,18.700000762939453,18.899999618530273,18.46666717529297,18.566667556762695,613200
2003-10-06,15.461139678955078,18.84000015258789,18.883333206176758,18.670000076293945,18.766666412353516,214500
2003-10-07,15.783931732177734,19.233333587646484,19.25,18.633333206176758,18.77666664123535,157500
2003-10-08,15.696399688720703,19.126667022705078,19.333332061767578,19.0,19.299999237060547,344400
2003-10-09,15.805817604064941,19.260000228881836,19.65999984741211,19.136667251586914,19.416667938232422,2020500
2003-10-10,16.002777099609375,19.5,19.566667556762695,19.336666107177734,19.5,178500
2003-10-13,16.112199783325195,19.633333206176758,19.873332977294922,19.453332901000977,19.700000762939453,253200
2003-10-14,16.24897003173828,19.799999237060547,19.799999237060547,19.35333251953125,19.399999618530273,73500
2003-10-15,16.281789779663086,19.84000015258789,20.329999923706055,19.793333053588867,20.316667556762695,2100600
2003-10-16,16.432252883911133,20.023332595825195,20.030000686645508,19.719999313354492,19.833332061767578,101700
2003-10-17,16.010976791381836,19.510000228881836,20.083332061767578,19.416667938232422,20.049999237060547,196500
2003-10-20,16.188791275024414,19.726667404174805,19.726667404174805,19.366666793823242,19.510000228881836,187500
2003-10-21,16.61826515197754,20.25,20.293333053588867,19.96666717529297,20.0,241200
2003-10-22,16.229822158813477,19.77666664123535,19.950000762939453,19.649999618530273,19.950000762939453,112200
2003-10-23,15.86600399017334,19.333332061767578,19.383333206176758,19.0,19.03333282470703,941400
2003-10-24,15.844117164611816,19.30666732788086,19.366666793823242,18.920000076293945,19.25,1503000
2003-10-27,15.994571685791016,19.489999771118164,19.666667938232422,19.383333206176758,19.666667938232422,470100
2003-10-28,16.908227920532227,20.60333251953125,20.60333251953125,19.860000610351562,19.916667938232422,543000
2003-10-29,17.09697914123535,20.833332061767578,20.940000534057617,20.469999313354492,20.600000381469727,353100
2003-10-30,17.2337589263916,21.0,21.19333267211914,20.850000381469727,21.116666793823242,325800
2003-10-31,17.042280197143555,20.766666412353516,21.0,20.636667251586914,21.0,141900
2003-11-03,17.616731643676758,21.46666717529297,21.53333282470703,21.01333236694336,21.03333282470703,183300
2003-11-04,17.69332504272461,21.559999465942383,21.713333129882812,21.333332061767578,21.399999618530273,267900
2003-11-05,17.80548667907715,21.696666717529297,21.703332901000977,21.17333221435547,21.5,202200
2003-11-06,17.991497039794922,21.92333221435547,22.020000457763672,21.523332595825195,21.866666793823242,990600
2003-11-07,18.027055740356445,21.96666717529297,22.233333587646484,21.959999084472656,22.166667938232422,443700
2003-11-10,17.501840591430664,21.32666778564453,21.97333335876465,21.209999084472656,21.950000762939453,133200
2003-11-11,17.447132110595703,21.260000228881836,21.34666633605957,21.036666870117188,21.266666412353516,648900
2003-11-12,18.087236404418945,22.040000915527344,22.040000915527344,21.566667556762695,21.583332061767578,571800
2003-11-13,17.8492488861084,21.75,22.06333351135254,21.46666717529297,21.866666793823242,285600
2003-11-14,17.35138702392578,21.143333435058594,21.816667556762695,21.00666618347168,21.67333221435547,168900
2003-11-17,17.09424591064453,20.829999923706055,20.950000762939453,20.483333587646484,20.766666412353516,2065200
2003-11-18,16.83711051940918,20.516666412353516,21.233333587646484,20.5,21.149999618530273,324300
2003-11-19,17.140750885009766,20.886667251586914,20.933332443237305,20.450000762939453,20.583332061767578,663000
2003-11-20,16.809751510620117,20.483333587646484,21.036666870117188,20.469999313354492,20.666667938232422,116700
2003-11-21,17.009456634521484,20.726667404174805,20.866666793823242,20.5,20.700000762939453,269400
2003-11-24,17.562021255493164,21.399999618530273,21.5,21.0,21.0,304800
2003-11-25,17.663232803344727,21.523332595825195,21.73666763305664,21.46666717529297,21.53333282470703,198900
2003-11-26,17.750764846801758,21.6299991607666,21.833332061767578,21.333332061767578,21.816667556762695,137400
2003-11-28,17.942262649536133,21.863332748413086,21.893333435058594,21.639999389648438,21.649999618530273,66900
2003-12-01,18.117328643798828,22.07666778564453,22.23666763305664,21.803333282470703,22.166667938232422,353700
2003-12-02,17.977821350097656,21.906667709350586,22.149999618530273,21.899999618530273,22.0,557100
2003-12-03,17.67144203186035,21.53333282470703,22.163333892822266,21.5,22.116666793823242,240000
2003-12-04,17.469013214111328,21.286666870117188,21.71666717529297,20.8700008392334,21.583332061767578,378900
2003-12-05,16.96293830871582,20.670000076293945,21.093332290649414,20.55666732788086,20.766666412353516,1639800
2003-12-08,16.92190933227539,20.6200008392334,20.81333351135254,20.350000381469727,20.733333587646484,179100
2003-12-09,16.22162628173828,19.766666412353516,20.863332748413086,19.616666793823242,20.666667938232422,1197600
2003-12-10,16.320100784301758,19.886667251586914,20.036666870117188,19.583332061767578,19.799999237060547,1527900
2003-12-11,16.87813949584961,20.566667556762695,20.6299991607666,19.90333366394043,19.940000534057617,473400
2003-12-12,16.889076232910156,20.579999923706055,20.760000228881836,20.34000015258789,20.700000762939453,414600
2003-12-15,16.366596221923828,19.94333267211914,21.0,19.94333267211914,21.0,243000
2003-12-16,16.30642318725586,19.8700008392334,20.016666412353516,19.420000076293945,20.016666412353516,403800
2003-12-17,16.14502716064453,19.67333221435547,19.93000030517578,19.540000915527344,19.793333053588867,112500
2003-12-18,16.6866512298584,20.333332061767578,20.433332443237305,19.85333251953125,19.866666793823242,222600
2003-12-19,16.58270835876465,20.206666946411133,20.463333129882812,20.100000381469727,20.333332061767578,165900
2003-12-22,16.56902503967285,20.190000534057617,20.3799991607666,20.06333351135254,20.149999618530273,102600
2003-12-23,16.85626220703125,20.540000915527344,20.6299991607666,20.25,20.25,127500
2003-12-24,16.85626220703125,20.540000915527344,20.71666717529297,20.5,20.600000381469727,43200
2003-12-26,16.946529388427734,20.649999618530273,20.706666946411133,20.600000381469727,20.600000381469727,49800
2003-12-29,17.21187400817871,20.97333335876465,21.03333282470703,20.71666717529297,20.71666717529297,110700
2003-12-30,17.24197006225586,21.010000228881836,21.183332443237305,20.873332977294922,21.03333282470703,180900
2003-12-31,17.165369033813477,20.916667938232422,21.183332443237305,20.78333282470703,21.083332061767578,418800
2004-01-02,17.2337589263916,21.0,21.246667861938477,20.920000076293945,21.116666793823242,222000
2004-01-05,17.794538497924805,21.683332443237305,21.76333236694336,21.299999237060547,21.383333206176758,309900
2004-01-06,17.98601722717285,21.916667938232422,22.0,21.573333740234375,21.75,510300
2004-01-07,18.147424697875977,22.113332748413086,22.133333206176758,21.753332138061523,21.983333587646484,354900
2004-01-08,18.689048767089844,22.773332595825195,22.84000015258789,22.25,22.616666793823242,625800
2004-01-09,18.69725227355957,22.78333282470703,23.09666633605957,22.469999313354492,22.666667938232422,275700
2004-01-12,19.16229248046875,23.350000381469727,23.350000381469727,22.700000762939453,22.916667938232422,255900
2004-01-13,18.719133377075195,22.809999465942383,23.40333366394043,22.583332061767578,23.399999618530273,735000
2004-01-14,18.634342193603516,22.706666946411133,22.899999618530273,22.520000457763672,22.883333206176758,290100
2004-01-15,18.847719192504883,22.96666717529297,23.143333435058594,22.476667404174805,22.683332443237305,558900
2004-01-16,19.19239044189453,23.386667251586914,23.416667938232422,22.969999313354492,23.233333587646484,93900
2004-01-20,19.195127487182617,23.389999389648438,23.55666732788086,23.15333366394043,23.516666412353516,974400
2004-01-21,18.708200454711914,22.796667098999023,23.0,22.553333282470703,23.0,311700
2004-01-22,18.42644500732422,22.453332901000977,23.166667938232422,22.376667022705078,23.166667938232422,302400
2004-01-23,18.136476516723633,22.100000381469727,22.51333236694336,21.96666717529297,22.416667938232422,614700
2004-01-26,18.568693161010742,22.626667022705078,22.636667251586914,22.133333206176758,22.166667938232422,113100
2004-01-27,18.010643005371094,21.946666717529297,22.510000228881836,21.946666717529297,22.416667938232422,291900
2004-01-28,17.865663528442383,21.770000457763672,22.399999618530273,21.683332443237305,22.333332061767578,464400
2004-01-29,17.660507202148438,21.520000457763672,22.0,21.166667938232422,22.0,950400
2004-01-30,17.78087043762207,21.666667938232422,21.766666412353516,21.5,21.583332061767578,132300
2004-02-02,17.507308959960938,21.333332061767578,21.913333892822266,21.27666664123535,21.899999618530273,243900
2004-02-03,17.578428268432617,21.420000076293945,21.543333053588867,21.25,21.25,153000
2004-02-04,17.04774284362793,20.773332595825195,21.136667251586914,20.76333236694336,21.083332061767578,569400
2004-02-05,17.27478790283203,21.049999237060547,21.15333366394043,20.866666793823242,21.133333206176758,319500
2004-02-06,17.917633056640625,21.833332061767578,21.920000076293945,21.260000228881836,21.416667938232422,1054800
2004-02-09,17.86292839050293,21.766666412353516,22.066667556762695,21.739999771118164,22.066667556762695,387300
2004-02-10,17.90396499633789,21.816667556762695,21.946666717529297,21.69333267211914,21.78333282470703,161400
2004-02-11,18.28966522216797,22.286666870117188,22.329999923706055,21.963333129882812,21.983333587646484,254400
2004-02-12,17.98601722717285,21.916667938232422,22.39666748046875,21.916667938232422,22.133333206176758,142800
2004-02-13,17.78087043762207,21.666667938232422,22.166667938232422,21.426666259765625,22.166667938232422,257700
2004-02-17,18.01338005065918,21.950000762939453,22.020000457763672,21.739999771118164,21.933332443237305,97500
2004-02-18,18.136476516723633,22.100000381469727,22.303333282470703,22.0,22.200000762939453,140700
2004-02-19,17.917633056640625,21.833332061767578,22.666667938232422,21.82666778564453,22.666667938232422,551400
2004-02-20,17.764440536499023,21.64666748046875,21.816667556762695,21.356666564941406,21.816667556762695,270300
2004-02-23,17.220081329345703,20.983333587646484,21.696666717529297,20.790000915527344,21.666667938232422,486300
2004-02-24,17.239221572875977,21.00666618347168,21.219999313354492,20.75,20.833332061767578,312900
2004-02-25,17.57569694519043,21.416667938232422,21.49333381652832,21.200000762939453,21.200000762939453,92700
2004-02-26,17.761716842651367,21.643333435058594,21.786666870117188,21.25,21.416667938232422,112800
2004-02-27,17.624935150146484,21.476667404174805,21.76333236694336,21.266666412353516,21.71666717529297,70500
2004-03-01,17.93132209777832,21.850000381469727,21.899999618530273,21.333332061767578,21.350000381469727,165600
2004-03-02,17.808212280273438,21.700000762939453,22.15333366394043,21.700000762939453,22.066667556762695,285000
2004-03-03,17.5948486328125,21.440000534057617,21.639999389648438,21.303333282470703,21.633333206176758,127200
2004-03-04,17.808212280273438,21.700000762939453,21.700000762939453,21.446666717529297,21.5,840900
2004-03-05,17.715190887451172,21.586666107177734,21.82666778564453,21.299999237060547,21.299999237060547,542700
2004-03-08,17.014915466308594,20.733333587646484,21.68666648864746,20.733333587646484,21.600000381469727,243300
2004-03-09,16.932857513427734,20.633333206176758,20.74333381652832,20.363332748413086,20.733333587646484,1046700
2004-03-10,16.59364891052246,20.219999313354492,20.786666870117188,20.073333740234375,20.633333206176758,260100
2004-03-11,16.3857421875,19.96666717529297,20.549999237060547,19.950000762939453,20.066667556762695,736200
2004-03-12,16.839839935302734,20.520000457763672,20.52666664123535,20.239999771118164,20.333332061767578,599100
2004-03-15,16.31188201904297,19.876667022705078,20.333332061767578,19.833332061767578,20.333332061767578,198900
2004-03-16,16.495162963867188,20.100000381469727,20.21666717529297,19.74333381652832,20.116666793823242,471000
2004-03-17,16.861726760864258,20.546667098999023,20.559999465942383,20.299999237060547,20.299999237060547,80400
2004-03-18,16.612791061401367,20.24333381652832,20.489999771118164,20.083332061767578,20.416667938232422,81000
2004-03-19,16.079370498657227,19.593332290649414,20.170000076293945,19.53333282470703,20.03333282470703,150000
2004-03-22,15.841370582580566,19.303333282470703,19.469999313354492,19.043333053588867,19.266666412353516,399300
2004-03-23,15.86600399017334,19.333332061767578,19.600000381469727,19.15333366394043,19.53333282470703,97800
2004-03-24,16.139554977416992,19.666667938232422,19.866666793823242,19.383333206176758,19.40999984741211,183300
2004-03-25,16.7468318939209,20.406667709350586,20.47333335876465,19.899999618530273,20.03333282470703,321900
2004-03-26,16.629201889038086,20.26333236694336,20.5,20.253332138061523,20.333332061767578,342900
2004-03-29,16.946529388427734,20.649999618530273,20.786666870117188,20.5,20.666667938232422,311400
2004-03-30,16.905487060546875,20.600000381469727,20.626667022705078,20.270000457763672,20.46666717529297,199500
2004-03-31,16.86719512939453,20.553333282470703,20.760000228881836,20.376667022705078,20.583332061767578,237600
2004-04-01,17.206401824951172,20.96666717529297,21.113332748413086,20.719999313354492,20.833332061767578,361800
2004-04-02,17.78087043762207,21.666667938232422,21.696666717529297,21.329999923706055,21.666667938232422,522000
2004-04-05,17.917633056640625,21.833332061767578,21.833332061767578,21.540000915527344,21.71666717529297,216600
2004-04-06,17.53466796875,21.366666793823242,21.46666717529297,21.183332443237305,21.416667938232422,726900
2004-04-07,17.512775421142578,21.34000015258789,21.46666717529297,21.003332138061523,21.333332061767578,88200
2004-04-08,17.59211540222168,21.43666648864746,21.636667251586914,21.233333587646484,21.633333206176758,174000
2004-04-12,17.62220001220703,21.47333335876465,21.546667098999023,21.323333740234375,21.53333282470703,245400
2004-04-13,17.37874984741211,21.176666259765625,21.633333206176758,21.053333282470703,21.633333206176758,156900
2004-04-14,17.206401824951172,20.96666717529297,21.26333236694336,20.82666778564453,20.96666717529297,213300
2004-04-15,16.7523136138916,20.413333892822266,20.933332443237305,20.17333221435547,20.92333221435547,146400
2004-04-16,16.377538681030273,19.956666946411133,20.1299991607666,19.670000076293945,19.90999984741211,338100
2004-04-19,16.57723045349121,20.200000762939453,20.25,19.889999389648438,20.043333053588867,111900
2004-04-20,16.062959671020508,19.573333740234375,20.31999969482422,19.50666618347168,20.260000228881836,109200
2004-04-21,16.495162963867188,20.100000381469727,20.233333587646484,19.81999969482422,19.989999771118164,114600
2004-04-22,16.70854377746582,20.360000610351562,20.433332443237305,19.726667404174805,19.77666664123535,109800
2004-04-23,16.91370391845703,20.610000610351562,20.67333221435547,20.413333892822266,20.413333892822266,82200
2004-04-26,16.53619956970215,20.149999618530273,20.613332748413086,20.053333282470703,20.53333282470703,192900
2004-04-27,16.279062271118164,19.836666107177734,20.270000457763672,19.78333282470703,20.083332061767578,59100
2004-04-28,15.93712043762207,19.420000076293945,19.863332748413086,19.373332977294922,19.600000381469727,152100
2004-04-29,15.387282371520996,18.75,19.433332443237305,18.559999465942383,19.433332443237305,431400
2004-04-30,15.127412796020508,18.433332443237305,19.0,18.386667251586914,18.866666793823242,112800
2004-05-03,15.086373329162598,18.383333206176758,18.913333892822266,18.116666793823242,18.510000228881836,204600
2004-05-04,15.387282371520996,18.75,19.066667556762695,18.536666870117188,18.666667938232422,232200
2004-05-05,15.633484840393066,19.049999237060547,19.15333366394043,18.75,18.8799991607666,92100
2004-05-06,15.551419258117676,18.950000762939453,18.989999771118164,18.6299991607666,18.71666717529297,260400
2004-05-07,15.682718276977539,19.110000610351562,19.420000076293945,19.03333282470703,19.09000015258789,177600
2004-05-10,15.633484840393066,19.049999237060547,19.253332138061523,18.81333351135254,18.81333351135254,457500
2004-05-11,15.893354415893555,19.366666793823242,19.573333740234375,19.296667098999023,19.383333206176758,267000
2004-05-12,15.838640213012695,19.299999237060547,19.366666793823242,18.68000030517578,19.366666793823242,317700
2004-05-13,15.7675199508667,19.213333129882812,19.376667022705078,19.079999923706055,19.200000762939453,234900
2004-05-14,15.466611862182617,18.84666633605957,19.253332138061523,18.803333282470703,19.253332138061523,162900
2004-05-17,15.184855461120605,18.503332138061523,18.753332138061523,18.336666107177734,18.336666107177734,145500
2004-05-18,15.524066925048828,18.916667938232422,19.05666732788086,18.829999923706055,18.893333435058594,129300
2004-05-19,15.72922134399414,19.166667938232422,19.639999389648438,19.136667251586914,19.366666793823242,266100
2004-05-20,15.638948440551758,19.05666732788086,19.31333351135254,18.933332443237305,19.31333351135254,20100
2004-05-21,15.701857566833496,19.133333206176758,19.28333282470703,19.0,19.28333282470703,77400
2004-05-24,15.871471405029297,19.34000015258789,19.450000762939453,19.22333335876465,19.433332443237305,66600
2004-05-25,16.254446029663086,19.80666732788086,19.883333206176758,19.06999969482422,19.246667861938477,152400
2004-05-26,16.314620971679688,19.8799991607666,20.0,19.706666946411133,19.850000381469727,118200
2004-05-27,16.57723045349121,20.200000762939453,20.296667098999023,20.023332595825195,20.18000030517578,182100
2004-05-28,16.692123413085938,20.34000015258789,20.393333435058594,20.149999618530273,20.25666618347168,366900
2004-06-01,16.549880981445312,20.166667938232422,20.386667251586914,20.020000457763672,20.253332138061523,283800
2004-06-02,16.322834014892578,19.889999389648438,20.086666107177734,19.746667861938477,20.086666107177734,342000
2004-06-03,15.86600399017334,19.333332061767578,19.666667938232422,19.296667098999023,19.666667938232422,391800
2004-06-04,16.147750854492188,19.676666259765625,19.899999618530273,19.626667022705078,19.733333587646484,203400
2004-06-07,16.71401023864746,20.366666793823242,20.40999984741211,19.94333267211914,19.953332901000977,308700
2004-06-08,16.71401023864746,20.366666793823242,20.366666793823242,20.1200008392334,20.19333267211914,181800
2004-06-09,16.164165496826172,19.696666717529297,20.213333129882812,19.696666717529297,20.176666259765625,132300
2004-06-10,16.205202102661133,19.746667861938477,19.963333129882812,19.636667251586914,19.946666717529297,96000
2004-06-14,15.800345420837402,19.253332138061523,19.559999465942383,19.196666717529297,19.549999237060547,120300
2004-06-15,15.93438720703125,19.416667938232422,19.616666793823242,19.350000381469727,19.59000015258789,81600
2004-06-16,15.874202728271484,19.343332290649414,19.406667709350586,19.21666717529297,19.399999618530273,165900
2004-06-17,15.368131637573242,18.726667404174805,19.036666870117188,18.690000534057617,19.016666412353516,313500
2004-06-18,15.30247974395752,18.64666748046875,18.916667938232422,18.53333282470703,18.53333282470703,158100
2004-06-21,15.168450355529785,18.483333587646484,18.913333892822266,18.47333335876465,18.799999237060547,66600
2004-06-22,15.630744934082031,19.046667098999023,19.086666107177734,18.583332061767578,18.600000381469727,307500
2004-06-23,15.98909854888916,19.483333587646484,19.530000686645508,19.10333251953125,19.200000762939453,545100
2004-06-24,15.863262176513672,19.329999923706055,19.633333206176758,19.266666412353516,19.483333587646484,357300
2004-06-25,15.959012985229492,19.446666717529297,19.53333282470703,19.363332748413086,19.389999389648438,149700
2004-06-28,15.772994995117188,19.219999313354492,19.67333221435547,19.166667938232422,19.67333221435547,81000
2004-06-29,16.076631546020508,19.59000015258789,19.59000015258789,19.280000686645508,19.280000686645508,806700
2004-06-30,16.207944869995117,19.75,19.866666793823242,19.540000915527344,19.67333221435547,539100
2004-07-01,15.608860969543457,19.020000457763672,19.5,18.920000076293945,19.5,575400
2004-07-02,15.31615924835205,18.663333892822266,18.866666793823242,18.633333206176758,18.866666793823242,250800
2004-07-06,14.676048278808594,17.883333206176758,18.350000381469727,17.790000915527344,18.333332061767578,386400
2004-07-07,14.881217002868652,18.133333206176758,18.260000228881836,18.05666732788086,18.05666732788086,254100
2004-07-08,14.733494758605957,17.953332901000977,18.246667861938477,17.953332901000977,18.053333282470703,230400
2004-07-09,14.952330589294434,18.219999313354492,18.383333206176758,18.149999618530273,18.21666717529297,130500
2004-07-12,14.59671688079834,17.786666870117188,17.883333206176758,17.600000381469727,17.75,617400
2004-07-13,14.621345520019531,17.816667556762695,18.0,17.709999084472656,17.93666648864746,445500
2004-07-14,14.019523620605469,17.083332061767578,17.393333435058594,16.96666717529297,17.083332061767578,320700
2004-07-15,14.02499771118164,17.09000015258789,17.303333282470703,16.956666946411133,17.100000381469727,280500
2004-07-16,13.699469566345215,16.69333267211914,17.200000762939453,16.636667251586914,17.200000762939453,468000
2004-07-19,13.789740562438965,16.803333282470703,16.889999389648438,16.549999237060547,16.75,456300
2004-07-20,14.128941535949707,17.21666717529297,17.21666717529297,16.766666412353516,16.766666412353516,264000
2004-07-21,13.505243301391602,16.456666946411133,17.48666763305664,16.456666946411133,17.46666717529297,1143600
2004-07-22,13.882750511169434,16.916667938232422,17.049999237060547,16.433332443237305,16.59666633605957,726000
2004-07-23,13.434126853942871,16.3700008392334,16.766666412353516,16.366666793823242,16.71666717529297,390600
2004-07-26,13.313761711120605,16.22333335876465,16.49333381652832,16.079999923706055,16.433332443237305,573300
2004-07-27,13.384881019592285,16.309999465942383,16.40999984741211,15.933333396911621,16.31999969482422,336900
2004-07-28,13.321968078613281,16.233333587646484,16.32666778564453,15.84000015258789,16.163333892822266,388800
2004-07-29,13.704937934875488,16.700000762939453,16.80666732788086,16.39666748046875,16.46666717529297,390600
2004-07-30,13.866336822509766,16.89666748046875,17.016666412353516,16.616666793823242,16.700000762939453,750600
2004-08-02,13.874544143676758,16.906667709350586,17.0,16.676666259765625,16.676666259765625,258300
2004-08-03,13.390357971191406,16.316667556762695,16.863332748413086,16.316667556762695,16.856666564941406,266700
2004-08-04,13.518926620483398,16.47333335876465,16.60333251953125,16.136667251586914,16.233333587646484,348000
2004-08-05,13.321968078613281,16.233333587646484,16.666667938232422,16.233333587646484,16.553333282470703,280200
2004-08-06,12.845990180969238,15.653332710266113,16.253332138061523,15.523332595825195,16.253332138061523,868800
2004-08-09,12.843249320983887,15.649999618530273,15.75333309173584,15.546667098999023,15.683333396911621,311400
2004-08-10,13.026535034179688,15.873332977294922,15.883333206176758,15.683333396911621,15.816666603088379,138600
2004-08-11,12.421977043151855,15.136667251586914,15.1899995803833,14.866666793823242,15.00333309173584,650700
2004-08-12,12.101927757263184,14.74666690826416,15.066666603088379,14.666666984558105,14.970000267028809,719700
2004-08-13,12.145696640014648,14.800000190734863,14.813332557678223,14.566666603088379,14.813332557678223,365700
2004-08-16,12.30709171295166,14.99666690826416,15.08666706085205,14.920000076293945,14.973333358764648,261600
2004-08-17,12.512256622314453,15.24666690826416,15.423333168029785,15.239999771118164,15.326666831970215,240000
2004-08-18,12.993707656860352,15.833333015441895,15.833333015441895,15.116666793823242,15.116666793823242,402600
2004-08-19,12.881552696228027,15.696666717529297,15.876667022705078,15.550000190734863,15.766667366027832,115200
2004-08-20,12.969085693359375,15.803333282470703,15.90666675567627,15.566666603088379,15.616666793823242,118200
2004-08-23,13.100396156311035,15.963333129882812,16.1299991607666,15.880000114440918,15.886667251586914,418200
2004-08-24,12.815895080566406,15.616666793823242,16.016666412353516,15.510000228881836,15.966667175292969,401100
2004-08-25,12.949935913085938,15.779999732971191,15.856666564941406,15.396666526794434,15.5,289500
2004-08-26,12.826838493347168,15.630000114440918,15.776666641235352,15.566666603088379,15.776666641235352,322200
2004-08-27,12.925318717956543,15.75,15.846667289733887,15.65999984741211,15.713333129882812,115200
2004-08-30,12.646299362182617,15.40999984741211,15.676667213439941,15.359999656677246,15.633333206176758,305100
2004-08-31,12.512256622314453,15.24666690826416,15.350000381469727,14.966667175292969,15.333333015441895,275700
2004-09-01,12.673650741577148,15.44333267211914,15.623332977294922,15.289999961853027,15.289999961853027,93300
2004-09-02,12.758451461791992,15.546667098999023,15.579999923706055,15.296667098999023,15.359999656677246,43200
2004-09-03,12.15937328338623,14.816666603088379,15.166666984558105,14.800000190734863,15.106666564941406,430800
2004-09-07,12.052688598632812,14.686667442321777,15.033332824707031,14.623332977294922,14.983332633972168,171600
2004-09-08,11.997978210449219,14.619999885559082,14.83666706085205,14.576666831970215,14.666666984558105,146100
2004-09-09,12.665441513061523,15.433333396911621,15.5600004196167,14.866666793823242,14.99666690826416,407100
2004-09-10,13.138687133789062,16.010000228881836,16.06999969482422,15.44333267211914,15.460000038146973,949200
2004-09-13,13.40129566192627,16.329999923706055,16.59666633605957,16.10333251953125,16.299999237060547,3798000
2004-09-14,13.436858177185059,16.373332977294922,16.399999618530273,16.143333435058594,16.299999237060547,795300
2004-09-15,13.040210723876953,15.890000343322754,16.126667022705078,15.803333282470703,16.126667022705078,451500
2004-09-16,13.053886413574219,15.90666675567627,16.100000381469727,15.859999656677246,16.043333053588867,524700
2004-09-17,13.275465965270996,16.176666259765625,16.196666717529297,15.91333293914795,16.06999969482422,431400
2004-09-20,13.661177635192871,16.64666748046875,16.81333351135254,16.046667098999023,16.083332061767578,837600
2004-09-21,13.817099571228027,16.836666107177734,16.920000076293945,16.68666648864746,16.78333282470703,1195500
2004-09-22,13.420449256896973,16.35333251953125,16.67333221435547,16.333332061767578,16.65999984741211,482100
2004-09-23,13.472420692443848,16.416667938232422,16.549999237060547,16.22333335876465,16.399999618530273,168000
2004-09-24,13.14416217803955,16.016666412353516,16.543333053588867,15.926667213439941,16.5,448800
2004-09-27,12.95540714263916,15.786666870117188,16.01333236694336,15.666666984558105,15.720000267028809,1411800
2004-09-28,12.810426712036133,15.609999656677246,15.803333282470703,15.483332633972168,15.770000457763672,587100
2004-09-29,12.999181747436523,15.84000015258789,15.970000267028809,15.640000343322754,15.640000343322754,856500
2004-09-30,13.135955810546875,16.00666618347168,16.163333892822266,15.896666526794434,15.90666675567627,1130400
2004-10-01,13.748709678649902,16.753332138061523,16.753332138061523,16.27666664123535,16.316667556762695,610200
2004-10-04,13.899162292480469,16.93666648864746,17.21666717529297,16.899999618530273,17.0,673200
2004-10-05,13.85265827178955,16.8799991607666,17.040000915527344,16.68666648864746,16.916667938232422,389100
2004-10-06,13.915571212768555,16.956666946411133,16.956666946411133,16.65333366394043,16.866666793823242,255000
2004-10-07,13.814360618591309,16.833332061767578,17.113332748413086,16.81333351135254,16.96666717529297,365100
2004-10-08,13.363001823425293,16.28333282470703,16.696666717529297,16.17333221435547,16.633333206176758,404400
2004-10-11,13.387621879577637,16.31333351135254,16.329999923706055,16.03333282470703,16.226667404174805,211200
2004-10-12,13.193400382995605,16.07666778564453,16.133333206176758,15.850000381469727,15.993332862854004,617400
2004-10-13,13.398558616638184,16.32666778564453,16.649999618530273,16.25,16.479999542236328,423000
2004-10-14,13.007380485534668,15.850000381469727,16.299999237060547,15.816666603088379,16.200000762939453,281700
2004-10-15,13.032000541687012,15.880000114440918,16.043333053588867,15.779999732971191,15.983332633972168,207000
2004-10-18,13.122279167175293,15.989999771118164,15.989999771118164,15.640000343322754,15.833333015441895,326100
2004-10-19,13.267261505126953,16.166667938232422,16.520000457763672,16.166667938232422,16.386667251586914,453900
2004-10-20,13.379415512084961,16.303333282470703,16.433332443237305,15.930000305175781,16.040000915527344,273900
2004-10-21,13.80341911315918,16.81999969482422,16.906667709350586,16.3799991607666,16.3799991607666,258900
2004-10-22,13.335643768310547,16.25,16.883333206176758,16.233333587646484,16.883333206176758,345600
2004-10-25,13.44506549835205,16.383333206176758,16.530000686645508,16.213333129882812,16.316667556762695,401400
2004-10-26,13.349323272705078,16.266666412353516,16.44333267211914,16.156667709350586,16.44333267211914,183300
2004-10-27,13.847185134887695,16.873332977294922,16.906667709350586,16.31999969482422,16.416667938232422,416100
2004-10-28,13.937457084655762,16.983333587646484,17.149999618530273,16.850000381469727,16.899999618530273,994500
2004-10-29,13.915571212768555,16.956666946411133,17.06999969482422,16.799999237060547,16.989999771118164,186600
2004-11-01,13.96755313873291,17.020000457763672,17.049999237060547,16.866666793823242,16.913333892822266,465600
2004-11-02,13.907368659973145,16.946666717529297,17.166667938232422,16.80666732788086,16.950000762939453,1016400
2004-11-03,13.80341911315918,16.81999969482422,17.503332138061523,16.770000457763672,17.503332138061523,710700
2004-11-04,13.890955924987793,16.926666259765625,16.996667861938477,16.606666564941406,16.656667709350586,396300
2004-11-05,14.112534523010254,17.196666717529297,17.393333435058594,17.083332061767578,17.233333587646484,687900
2004-11-08,14.118002891540527,17.203332901000977,17.343332290649414,17.123332977294922,17.196666717529297,178500
2004-11-09,14.014056205749512,17.07666778564453,17.226667404174805,17.023332595825195,17.21666717529297,157500
2004-11-10,13.80615234375,16.823333740234375,17.066667556762695,16.780000686645508,17.066667556762695,405900
2004-11-11,14.087916374206543,17.166667938232422,17.200000762939453,16.920000076293945,16.950000762939453,223200
2004-11-12,14.342310905456543,17.476667404174805,17.510000228881836,17.100000381469727,17.299999237060547,447300
2004-11-15,14.566625595092773,17.75,17.843332290649414,17.373332977294922,17.440000534057617,364500
2004-11-16,14.47362232208252,17.636667251586914,17.80666732788086,17.510000228881836,17.593332290649414,297300
2004-11-17,14.859325408935547,18.106666564941406,18.356666564941406,17.92333221435547,17.99333381652832,676200
2004-11-18,15.053548812866211,18.343332290649414,18.363332748413086,17.889999389648438,17.996667861938477,585000
2004-11-19,14.604928970336914,17.796667098999023,18.293333053588867,17.793333053588867,18.293333053588867,687300
2004-11-22,14.656900405883789,17.860000610351562,17.863332748413086,17.610000610351562,17.68000030517578,259200
2004-11-23,14.552947998046875,17.733333587646484,17.98666763305664,17.623332977294922,17.893333435058594,188700
2004-11-24,14.673311233520508,17.8799991607666,17.940000534057617,17.78333282470703,17.89666748046875,180900
2004-11-26,14.58851146697998,17.77666664123535,17.93666648864746,17.773332595825195,17.93666648864746,50100
2004-11-29,14.555685043334961,17.73666763305664,18.073333740234375,17.65999984741211,17.99333381652832,360600
2004-11-30,14.361458778381348,17.5,17.799999237060547,17.5,17.799999237060547,324900
2004-12-01,14.963278770446777,18.233333587646484,18.233333587646484,17.616666793823242,17.616666793823242,238500
2004-12-02,14.83743953704834,18.079999923706055,18.446666717529297,18.030000686645508,18.083332061767578,648900
2004-12-03,15.127412796020508,18.433332443237305,18.75,18.420000076293945,18.636667251586914,417000
2004-12-06,15.223153114318848,18.549999237060547,18.643333435058594,18.28333282470703,18.450000762939453,219000
2004-12-07,14.922249794006348,18.183332443237305,18.773332595825195,18.18000030517578,18.57666778564453,383100
2004-12-08,14.667845726013184,17.873332977294922,18.083332061767578,17.81333351135254,18.083332061767578,575400
2004-12-09,14.487300872802734,17.65333366394043,17.786666870117188,17.206666946411133,17.416667938232422,1047300
2004-12-10,14.328634262084961,17.459999084472656,17.796667098999023,17.459999084472656,17.796667098999023,206400
2004-12-13,14.45720386505127,17.616666793823242,17.706666946411133,17.540000915527344,17.706666946411133,138300
2004-12-14,14.695201873779297,17.906667709350586,17.99333381652832,17.77666664123535,17.77666664123535,711000
2004-12-15,14.758111953735352,17.983333587646484,18.123332977294922,17.89666748046875,17.940000534057617,341700
2004-12-16,14.558419227600098,17.739999771118164,18.1200008392334,17.636667251586914,17.983333587646484,849300
2004-12-17,14.421649932861328,17.573333740234375,17.760000228881836,17.52666664123535,17.746667861938477,747600
2004-12-20,14.257511138916016,17.373332977294922,17.739999771118164,17.360000610351562,17.600000381469727,572700
2004-12-21,14.454469680786133,17.613332748413086,17.649999618530273,17.393333435058594,17.450000762939453,1310100
2004-12-22,14.525592803955078,17.700000762939453,17.766666412353516,17.60333251953125,17.683332443237305,409200
2004-12-23,14.558419227600098,17.739999771118164,17.786666870117188,17.65999984741211,17.700000762939453,279300
2004-12-27,14.476358413696289,17.639999389648438,17.866666793823242,17.56333351135254,17.770000457763672,125100
2004-12-28,14.500977516174316,17.670000076293945,17.733333587646484,17.549999237060547,17.586666107177734,212700
2004-12-29,14.637751579284668,17.836666107177734,17.92333221435547,17.649999618530273,17.706666946411133,174900
2004-12-30,14.6979341506958,17.90999984741211,17.963333129882812,17.843332290649414,17.843332290649414,328500
2004-12-31,14.71707820892334,17.933332443237305,18.01333236694336,17.866666793823242,17.906667709350586,359400
2005-01-03,14.470887184143066,17.633333206176758,18.133333206176758,17.586666107177734,18.126667022705078,674700
2005-01-04,14.033202171325684,17.100000381469727,17.683332443237305,16.860000610351562,17.633333206176758,1019700
2005-01-05,13.811630249023438,16.829999923706055,17.1299991607666,16.753332138061523,16.94333267211914,1136100
2005-01-06,13.745975494384766,16.75,17.003332138061523,16.709999084472656,16.866666793823242,1602000
2005-01-07,13.814360618591309,16.833332061767578,17.03333282470703,16.65999984741211,16.856666564941406,585300
2005-01-10,13.814360618591309,16.833332061767578,17.02666664123535,16.793333053588867,16.856666564941406,247500
2005-01-11,13.497044563293457,16.446666717529297,16.636667251586914,16.360000610351562,16.55666732788086,678900
2005-01-12,13.68305778503418,16.67333221435547,16.77666664123535,16.416667938232422,16.65333366394043,341100
2005-01-13,13.551750183105469,16.51333236694336,16.73666763305664,16.483333587646484,16.610000610351562,2932500
2005-01-14,13.704937934875488,16.700000762939453,16.829999923706055,16.6200008392334,16.649999618530273,198300
2005-01-18,13.817099571228027,16.836666107177734,16.85333251953125,16.600000381469727,16.666667938232422,106200
2005-01-19,13.44780445098877,16.386667251586914,16.816667556762695,16.360000610351562,16.816667556762695,588900
2005-01-20,13.321968078613281,16.233333587646484,16.483333587646484,16.219999313354492,16.266666412353516,741000
2005-01-21,13.18519115447998,16.066667556762695,16.39666748046875,16.066667556762695,16.39666748046875,882600
2005-01-24,12.89249038696289,15.710000038146973,16.1200008392334,15.710000038146973,16.1200008392334,3387300
2005-01-25,13.108596801757812,15.973333358764648,16.066667556762695,15.933333396911621,15.933333396911621,463800
2005-01-26,13.453275680541992,16.393333435058594,16.44333267211914,15.899999618530273,16.23666763305664,871500
2005-01-27,13.600990295410156,16.573333740234375,16.586666107177734,16.329999923706055,16.406667709350586,296400
2005-01-28,13.466951370239258,16.40999984741211,16.666667938232422,16.31333351135254,16.633333206176758,193800
2005-01-31,13.633811950683594,16.613332748413086,16.709999084472656,16.553333282470703,16.666667938232422,404100
2005-02-01,13.800683975219727,16.816667556762695,16.860000610351562,16.626667022705078,16.626667022705078,306000
2005-02-02,13.800683975219727,16.816667556762695,16.916667938232422,16.753332138061523,16.883333206176758,80100
2005-02-03,13.606459617614746,16.579999923706055,16.69333267211914,16.47333335876465,16.670000076293945,155400
2005-02-04,14.18092155456543,17.280000686645508,17.296667098999023,16.770000457763672,16.80666732788086,223200
2005-02-07,14.142618179321289,17.233333587646484,17.440000534057617,17.200000762939453,17.246667861938477,166800
2005-02-08,14.427123069763184,17.579999923706055,17.68666648864746,17.206666946411133,17.206666946411133,735600
2005-02-09,14.076969146728516,17.15333366394043,17.583332061767578,17.139999389648438,17.583332061767578,266400
2005-02-10,14.164508819580078,17.260000228881836,17.46666717529297,17.1299991607666,17.46666717529297,163800
2005-02-11,14.613133430480957,17.80666732788086,17.926666259765625,17.200000762939453,17.266666412353516,981900
2005-02-14,14.656900405883789,17.860000610351562,17.913333892822266,17.75,17.843332290649414,195000
2005-02-15,14.738961219787598,17.959999084472656,18.18666648864746,17.80666732788086,17.94333267211914,686400
2005-02-16,14.629549980163574,17.82666778564453,17.953332901000977,17.700000762939453,17.823333740234375,499800
2005-02-17,14.410697937011719,17.559999465942383,17.93666648864746,17.53333282470703,17.790000915527344,264300
2005-02-18,14.399763107299805,17.546667098999023,17.663333892822266,17.5,17.50666618347168,325200
2005-02-22,14.372404098510742,17.51333236694336,17.950000762939453,17.386667251586914,17.386667251586914,468900
2005-02-23,14.314955711364746,17.44333267211914,17.666667938232422,17.25666618347168,17.666667938232422,381900
2005-02-24,14.624073028564453,17.81999969482422,17.829999923706055,17.3799991607666,17.56999969482422,674700
2005-02-25,14.883946418762207,18.136667251586914,18.15999984741211,17.793333053588867,17.883333206176758,622800
2005-02-28,14.706137657165527,17.920000076293945,18.336666107177734,17.809999465942383,18.21666717529297,423300
2005-03-01,15.031668663024902,18.316667556762695,18.32666778564453,18.079999923706055,18.149999618530273,420000
2005-03-02,14.815557479858398,18.053333282470703,18.316667556762695,17.946666717529297,18.316667556762695,365700
2005-03-03,14.61586856842041,17.809999465942383,18.049999237060547,17.64666748046875,18.049999237060547,614100
2005-03-04,14.613133430480957,17.80666732788086,18.03333282470703,17.733333587646484,17.926666259765625,199500
2005-03-07,14.856592178344727,18.10333251953125,18.266666412353516,17.913333892822266,17.916667938232422,371100
2005-03-08,14.632281303405762,17.829999923706055,18.266666412353516,17.799999237060547,18.03333282470703,469500
2005-03-09,14.542006492614746,17.719999313354492,18.03333282470703,17.719999313354492,17.90999984741211,357600
2005-03-10,14.733494758605957,17.953332901000977,17.976667404174805,17.626667022705078,17.75,584700
2005-03-11,14.405234336853027,17.553333282470703,18.079999923706055,17.469999313354492,18.023332595825195,385800
2005-03-14,14.427123069763184,17.579999923706055,17.649999618530273,17.503332138061523,17.566667556762695,241800
2005-03-15,14.175455093383789,17.273332595825195,17.67333221435547,17.270000457763672,17.666667938232422,320400
2005-03-16,14.03593921661377,17.10333251953125,17.46666717529297,17.05666732788086,17.226667404174805,721200
2005-03-17,14.06602668762207,17.139999389648438,17.24333381652832,17.083332061767578,17.136667251586914,519900
2005-03-18,13.885482788085938,16.920000076293945,17.123332977294922,16.883333206176758,17.110000610351562,430800
2005-03-21,13.929248809814453,16.97333335876465,17.093332290649414,16.809999465942383,17.02666664123535,1236900
2005-03-22,13.797950744628906,16.81333351135254,17.183332443237305,16.81333351135254,17.176666259765625,431400
2005-03-23,13.9566068649292,17.00666618347168,17.1200008392334,16.93666648864746,16.93666648864746,406500
2005-03-24,13.975762367248535,17.030000686645508,17.176666259765625,17.020000457763672,17.126667022705078,153300
2005-03-28,13.942927360534668,16.989999771118164,17.266666412353516,16.989999771118164,17.170000076293945,225900
2005-03-29,13.713144302368164,16.709999084472656,17.05666732788086,16.709999084472656,16.946666717529297,168300
2005-03-30,14.06055736541748,17.133333206176758,17.133333206176758,16.803333282470703,16.883333206176758,159000
2005-03-31,13.942927360534668,16.989999771118164,17.133333206176758,16.96666717529297,17.133333206176758,209700
2005-04-01,13.762388229370117,16.770000457763672,17.176666259765625,16.76333236694336,17.116666793823242,221700
2005-04-04,13.710412979125977,16.706666946411133,16.770000457763672,16.59000015258789,16.713333129882812,302100
2005-04-05,13.699469566345215,16.69333267211914,16.876667022705078,16.64666748046875,16.700000762939453,387300
2005-04-06,13.710412979125977,16.706666946411133,16.92333221435547,16.700000762939453,16.833332061767578,135600
2005-04-07,13.942927360534668,16.989999771118164,17.003332138061523,16.713333129882812,16.799999237060547,181800
2005-04-08,13.901901245117188,16.940000534057617,17.093332290649414,16.926666259765625,17.049999237060547,305700
2005-04-11,13.787009239196777,16.799999237060547,17.010000228881836,16.770000457763672,16.96666717529297,160200
2005-04-12,13.754180908203125,16.760000228881836,16.793333053588867,16.386667251586914,16.766666412353516,304200
2005-04-13,13.43138599395752,16.366666793823242,16.733333587646484,16.323333740234375,16.733333587646484,278700
2005-04-14,13.231695175170898,16.123332977294922,16.389999389648438,16.1200008392334,16.32666778564453,371700
2005-04-15,12.815895080566406,15.616666793823242,15.886667251586914,15.566666603088379,15.866666793823242,764100
2005-04-18,12.878813743591309,15.69333267211914,15.84333324432373,15.563332557678223,15.623332977294922,603600
2005-04-19,13.163309097290039,16.040000915527344,16.106666564941406,15.91333293914795,16.010000228881836,255900
2005-04-20,12.977293968200684,15.813332557678223,16.316667556762695,15.789999961853027,16.28333282470703,423300
2005-04-21,13.44780445098877,16.386667251586914,16.399999618530273,16.083332061767578,16.126667022705078,433500
2005-04-22,13.239908218383789,16.133333206176758,16.329999923706055,16.0,16.316667556762695,254400
2005-04-25,13.289139747619629,16.19333267211914,16.28333282470703,16.083332061767578,16.233333587646484,195600
2005-04-26,13.24537181854248,16.139999389648438,16.44333267211914,16.073333740234375,16.133333206176758,147000
2005-04-27,13.152364730834961,16.02666664123535,16.139999389648438,15.84333324432373,15.923333168029785,166200
2005-04-28,12.993707656860352,15.833333015441895,16.126667022705078,15.833333015441895,16.126667022705078,742500
2005-04-29,13.138687133789062,16.010000228881836,16.053333282470703,15.633333206176758,15.923333168029785,1150800
2005-05-02,13.130480766296387,16.0,16.093332290649414,15.916666984558105,16.010000228881836,124800
2005-05-03,13.097657203674316,15.960000038146973,16.143333435058594,15.930000305175781,16.049999237060547,367200
2005-05-04,13.393092155456543,16.31999969482422,16.389999389648438,16.030000686645508,16.03333282470703,462000
2005-05-05,13.425918579101562,16.360000610351562,16.530000686645508,16.296667098999023,16.366666793823242,183600
2005-05-06,13.524398803710938,16.479999542236328,16.520000457763672,16.35333251953125,16.44333267211914,123600
2005-05-09,13.576374053955078,16.543333053588867,16.549999237060547,16.34666633605957,16.49333381652832,118200
2005-05-10,13.43138599395752,16.366666793823242,16.483333587646484,16.31999969482422,16.483333587646484,81900
2005-05-11,13.453275680541992,16.393333435058594,16.47333335876465,16.15999984741211,16.47333335876465,257400
2005-05-12,13.505243301391602,16.456666946411133,16.64666748046875,16.40333366394043,16.496667861938477,180300
2005-05-13,13.934723854064941,16.979999542236328,17.066667556762695,16.540000915527344,16.540000915527344,830700
2005-05-16,13.986701011657715,17.043333053588867,17.07666778564453,16.873332977294922,17.0,178200
2005-05-17,14.096122741699219,17.176666259765625,17.176666259765625,16.963333129882812,17.02666664123535,333300
2005-05-18,14.265722274780273,17.383333206176758,17.426666259765625,17.07666778564453,17.28333282470703,1954500
2005-05-19,14.293074607849121,17.416667938232422,17.583332061767578,17.333332061767578,17.440000534057617,2020800
2005-05-20,14.399763107299805,17.546667098999023,17.56333351135254,17.30666732788086,17.40999984741211,204900
2005-05-23,14.43258285522461,17.586666107177734,17.68666648864746,17.463333129882812,17.566667556762695,168300
2005-05-24,14.604928970336914,17.796667098999023,17.803333282470703,17.5,17.543333053588867,364500
2005-05-25,14.481830596923828,17.64666748046875,17.766666412353516,17.516666412353516,17.766666412353516,292800
2005-05-26,14.728021621704102,17.946666717529297,18.0,17.78333282470703,17.78333282470703,255600
2005-05-27,14.665108680725098,17.8700008392334,17.946666717529297,17.719999313354492,17.946666717529297,873000
2005-05-31,14.635015487670898,17.833332061767578,18.0,17.793333053588867,17.94333267211914,846900
2005-06-01,14.744437217712402,17.96666717529297,18.083332061767578,17.76333236694336,17.829999923706055,683100
2005-06-02,14.960541725158691,18.229999542236328,18.233333587646484,17.96666717529297,17.96666717529297,461400
2005-06-03,14.831975936889648,18.073333740234375,18.266666412353516,18.046667098999023,18.266666412353516,948000
2005-06-06,14.730761528015137,17.950000762939453,18.016666412353516,17.82666778564453,18.016666412353516,820800
2005-06-07,14.613133430480957,17.80666732788086,18.21666717529297,17.773332595825195,18.020000457763672,1004700
2005-06-08,14.725289344787598,17.94333267211914,18.09000015258789,17.889999389648438,18.03333282470703,520500
2005-06-09,15.004308700561523,18.28333282470703,18.290000915527344,17.833332061767578,17.94333267211914,415500
2005-06-10,14.777264595031738,18.00666618347168,18.219999313354492,17.93000030517578,18.206666946411133,468900
2005-06-13,14.752641677856445,17.976667404174805,18.14666748046875,17.899999618530273,17.950000762939453,173400
2005-06-14,14.654168128967285,17.856666564941406,18.049999237060547,17.81999969482422,17.969999313354492,139500
2005-06-15,14.68699836730957,17.89666748046875,17.98666763305664,17.593332290649414,17.926666259765625,499800
2005-06-16,14.799149513244629,18.03333282470703,18.110000610351562,17.89666748046875,17.89666748046875,334800
2005-06-17,14.799149513244629,18.03333282470703,18.14666748046875,17.950000762939453,18.049999237060547,166200
2005-06-20,14.730761528015137,17.950000762939453,18.010000228881836,17.81999969482422,17.8799991607666,213600
2005-06-21,14.826501846313477,18.066667556762695,18.100000381469727,17.96666717529297,17.96666717529297,225000
2005-06-22,14.941391944885254,18.206666946411133,18.21666717529297,18.05666732788086,18.149999618530273,356700
2005-06-23,14.946866989135742,18.213333129882812,18.65333366394043,18.206666946411133,18.260000228881836,1476300
2005-06-24,14.662372589111328,17.866666793823242,18.226667404174805,17.856666564941406,18.226667404174805,185100
2005-06-27,14.43258285522461,17.586666107177734,17.81999969482422,17.520000457763672,17.799999237060547,1243200
2005-06-28,14.602194786071777,17.793333053588867,17.80666732788086,17.649999618530273,17.75,398400
2005-06-29,14.539273262023926,17.71666717529297,17.833332061767578,17.67333221435547,17.833332061767578,516000
2005-06-30,14.421649932861328,17.573333740234375,17.833332061767578,17.56333351135254,17.770000457763672,843300
2005-07-01,14.459943771362305,17.6200008392334,17.703332901000977,17.553333282470703,17.666667938232422,125700
2005-07-05,14.665108680725098,17.8700008392334,17.90333366394043,17.543333053588867,17.56999969482422,154500
2005-07-06,14.79367446899414,18.02666664123535,18.166667938232422,17.8700008392334,17.8700008392334,664800
2005-07-07,14.853858947753906,18.100000381469727,18.100000381469727,17.739999771118164,17.739999771118164,778200
2005-07-08,15.17117977142334,18.48666763305664,18.510000228881836,18.100000381469727,18.100000381469727,743700
2005-07-11,15.515853881835938,18.906667709350586,18.913333892822266,18.666667938232422,18.666667938232422,432000
2005-07-12,15.647160530090332,19.066667556762695,19.133333206176758,18.850000381469727,18.899999618530273,873300
2005-07-13,15.690922737121582,19.1200008392334,19.163333892822266,18.94333267211914,19.066667556762695,1061100
2005-07-14,15.85232925415039,19.316667556762695,19.5,19.163333892822266,19.5,5923800
2005-07-15,15.805817604064941,19.260000228881836,19.31999969482422,19.05666732788086,19.316667556762695,751500
2005-07-18,15.723745346069336,19.15999984741211,19.233333587646484,19.053333282470703,19.200000762939453,806400
2005-07-19,16.043807983398438,19.549999237060547,19.553333282470703,19.22333335876465,19.22333335876465,773700
2005-07-20,16.199729919433594,19.739999771118164,19.816667556762695,19.19333267211914,19.203332901000977,646800
2005-07-21,15.93712043762207,19.420000076293945,19.93666648864746,19.34000015258789,19.719999313354492,349500
2005-07-22,16.041072845458984,19.546667098999023,19.71666717529297,19.40999984741211,19.65999984741211,578100
2005-07-25,16.00824546813965,19.50666618347168,19.74333381652832,19.456666946411133,19.626667022705078,262500
2005-07-26,16.235294342041016,19.78333282470703,19.799999237060547,19.566667556762695,19.65999984741211,360600
2005-07-27,16.112199783325195,19.633333206176758,19.700000762939453,19.386667251586914,19.616666793823242,539700
2005-07-28,16.19426918029785,19.733333587646484,19.733333587646484,19.523332595825195,19.666667938232422,162300
2005-07-29,16.095781326293945,19.613332748413086,19.700000762939453,19.5,19.643333435058594,796200
2005-08-01,16.123130798339844,19.64666748046875,19.71666717529297,19.540000915527344,19.656667709350586,851100
2005-08-02,16.46780776977539,20.066667556762695,20.083332061767578,19.700000762939453,19.700000762939453,365400
2005-08-03,16.38848304748535,19.969999313354492,20.046667098999023,19.883333206176758,19.99333381652832,368100
2005-08-04,16.03559684753418,19.540000915527344,19.809999465942383,19.540000915527344,19.809999465942383,491100
2005-08-05,15.953531265258789,19.440000534057617,19.586666107177734,19.34666633605957,19.46666717529297,247800
2005-08-08,15.849586486816406,19.31333351135254,19.549999237060547,19.31333351135254,19.463333129882812,239100
2005-08-09,16.062959671020508,19.573333740234375,19.636667251586914,19.383333206176758,19.383333206176758,154800
2005-08-10,15.838640213012695,19.299999237060547,19.739999771118164,19.25,19.583332061767578,1062000
2005-08-11,16.013717651367188,19.51333236694336,19.52666664123535,19.23666763305664,19.266666412353516,211800
2005-08-12,15.72922134399414,19.166667938232422,19.336666107177734,19.09666633605957,19.31999969482422,1021200
2005-08-15,15.93438720703125,19.416667938232422,19.469999313354492,19.136667251586914,19.166667938232422,211800
2005-08-16,15.614334106445312,19.02666664123535,19.360000610351562,19.00666618347168,19.360000610351562,213600
2005-08-17,15.833173751831055,19.293333053588867,19.350000381469727,19.149999618530273,19.149999618530273,908100
2005-08-18,15.688190460205078,19.116666793823242,19.52666664123535,19.09666633605957,19.149999618530273,304800
2005-08-19,15.690922737121582,19.1200008392334,19.286666870117188,19.113332748413086,19.183332443237305,857400
2005-08-22,15.9207124710083,19.399999618530273,19.40999984741211,19.209999084472656,19.299999237060547,1209000
2005-08-23,15.871471405029297,19.34000015258789,19.46666717529297,19.260000228881836,19.366666793823242,209700
2005-08-24,15.756575584411621,19.200000762939453,19.579999923706055,19.18666648864746,19.26333236694336,776100
2005-08-25,15.855061531066895,19.31999969482422,19.383333206176758,19.200000762939453,19.266666412353516,7514700
2005-08-26,15.712807655334473,19.14666748046875,19.31333351135254,19.083332061767578,19.31333351135254,745200
2005-08-29,15.896086692810059,19.3700008392334,19.416667938232422,19.06999969482422,19.100000381469727,310800
2005-08-30,15.959012985229492,19.446666717529297,19.446666717529297,19.149999618530273,19.270000457763672,175200
2005-08-31,16.125871658325195,19.649999618530273,19.666667938232422,19.31999969482422,19.426666259765625,522600
2005-09-01,15.96994686126709,19.459999084472656,19.626667022705078,19.413333892822266,19.52666664123535,1964100
2005-09-02,15.912503242492676,19.389999389648438,19.523332595825195,19.34000015258789,19.489999771118164,218400
2005-09-06,16.166915893554688,19.700000762939453,19.726667404174805,19.51333236694336,19.520000457763672,212100
2005-09-07,16.177846908569336,19.713333129882812,19.823333740234375,19.536666870117188,19.670000076293945,282000
2005-09-08,16.40763282775879,19.99333381652832,20.043333053588867,19.700000762939453,19.700000762939453,526500
2005-09-09,16.470544815063477,20.06999969482422,20.139999389648438,19.899999618530273,20.03333282470703,2484000
2005-09-12,16.440452575683594,20.03333282470703,20.1200008392334,19.98666763305664,20.093332290649414,123900
2005-09-13,16.588172912597656,20.213333129882812,20.30666732788086,19.98666763305664,20.0,981000
2005-09-14,16.495162963867188,20.100000381469727,20.399999618530273,20.00666618347168,20.399999618530273,288600
2005-09-15,16.331039428710938,19.899999618530273,20.1200008392334,19.850000381469727,20.100000381469727,232500
2005-09-16,16.3857421875,19.96666717529297,19.98666763305664,19.773332595825195,19.983333587646484,196800
2005-09-19,16.15049934387207,19.68000030517578,19.96666717529297,19.613332748413086,19.906667709350586,244500
2005-09-20,16.043807983398438,19.549999237060547,19.920000076293945,19.549999237060547,19.72333335876465,346800
2005-09-21,15.822229385375977,19.280000686645508,19.476667404174805,19.200000762939453,19.476667404174805,366300
2005-09-22,15.748367309570312,19.190000534057617,19.31333351135254,18.969999313354492,19.15999984741211,575400
2005-09-23,15.876944541931152,19.34666633605957,19.44333267211914,19.053333282470703,19.143333435058594,299400
2005-09-26,15.920461654663086,19.389999389648438,19.666667938232422,19.290000915527344,19.626667022705078,345000
2005-09-27,15.74255657196045,19.17333221435547,19.43000030517578,19.046667098999023,19.366666793823242,896100
2005-09-28,15.731607437133789,19.15999984741211,19.376667022705078,19.046667098999023,19.176666259765625,292200
2005-09-29,15.977935791015625,19.459999084472656,19.523332595825195,19.053333282470703,19.170000076293945,245100
2005-09-30,16.218780517578125,19.753332138061523,19.856666564941406,19.5,19.510000228881836,522900
2005-10-03,16.372055053710938,19.940000534057617,20.1299991607666,19.899999618530273,19.899999618530273,2934300
2005-10-04,16.153099060058594,19.67333221435547,20.083332061767578,19.67333221435547,19.940000534057617,262200
2005-10-05,15.884879112243652,19.34666633605957,19.68666648864746,19.34666633605957,19.676666259765625,225600
2005-10-06,15.66866683959961,19.083332061767578,19.44333267211914,18.8700008392334,19.360000610351562,2484000
2005-10-07,15.756240844726562,19.190000534057617,19.266666412353516,19.09666633605957,19.15999984741211,289500
2005-10-10,15.28003215789795,18.610000610351562,19.03333282470703,18.610000610351562,19.03333282470703,527700
2005-10-11,15.009075164794922,18.280000686645508,18.700000762939453,18.206666946411133,18.649999618530273,1189200
2005-10-12,14.976232528686523,18.239999771118164,18.32666778564453,18.036666870117188,18.200000762939453,989700
2005-10-13,15.23349666595459,18.553333282470703,18.583332061767578,18.14666748046875,18.280000686645508,281700
2005-10-14,15.211610794067383,18.52666664123535,18.703332901000977,18.35333251953125,18.600000381469727,220200
2005-10-17,15.23897647857666,18.559999465942383,18.613332748413086,18.40333366394043,18.546667098999023,230700
2005-10-18,15.129498481750488,18.426666259765625,18.549999237060547,18.34666633605957,18.549999237060547,202800
2005-10-19,15.189711570739746,18.5,18.51333236694336,17.983333587646484,18.14666748046875,568200
2005-10-20,15.21707820892334,18.53333282470703,18.78333282470703,18.453332901000977,18.549999237060547,473100
2005-10-21,15.364870071411133,18.713333129882812,18.829999923706055,18.65999984741211,18.71666717529297,417600
2005-10-24,15.540029525756836,18.926666259765625,18.926666259765625,18.606666564941406,18.773332595825195,302400
2005-10-25,15.30465316772461,18.639999389648438,18.816667556762695,18.579999923706055,18.816667556762695,320400
2005-10-26,15.293709754943848,18.626667022705078,18.866666793823242,18.583332061767578,18.69333267211914,407100
2005-10-27,14.965287208557129,18.226667404174805,18.60333251953125,18.18666648864746,18.573333740234375,817200
2005-10-28,14.951600074768066,18.209999084472656,18.209999084472656,17.75666618347168,17.983333587646484,1075800
2005-10-31,15.271815299987793,18.600000381469727,18.69333267211914,18.43000030517578,18.440000534057617,866700
2005-11-01,15.107603073120117,18.399999618530273,18.51333236694336,18.343332290649414,18.5,836100
2005-11-02,15.638555526733398,19.046667098999023,19.073333740234375,18.479999542236328,18.479999542236328,261900
2005-11-03,15.928670883178711,19.399999618530273,19.543333053588867,19.28333282470703,19.333332061767578,1457400
2005-11-04,15.988882064819336,19.47333335876465,19.540000915527344,19.19333267211914,19.19333267211914,1249500
2005-11-07,16.010778427124023,19.5,19.610000610351562,19.350000381469727,19.53333282470703,1322400
2005-11-08,15.991617202758789,19.476667404174805,19.6200008392334,19.333332061767578,19.5,138600
2005-11-09,16.23519515991211,19.773332595825195,19.809999465942383,19.406667709350586,19.793333053588867,303000
2005-11-10,16.35561752319336,19.920000076293945,19.979999542236328,19.60333251953125,19.833332061767578,301500
2005-11-11,16.31182289123535,19.866666793823242,20.110000610351562,19.84666633605957,20.09666633605957,911400
2005-11-14,16.366573333740234,19.933332443237305,19.983333587646484,19.84666633605957,19.913333892822266,1260600
2005-11-15,16.246137619018555,19.786666870117188,20.040000915527344,19.75,19.916667938232422,211200
2005-11-16,16.237934112548828,19.77666664123535,19.84666633605957,19.636667251586914,19.84000015258789,339600
2005-11-17,16.421310424804688,20.0,20.02666664123535,19.67333221435547,19.733333587646484,580200
2005-11-18,16.711408615112305,20.35333251953125,20.463333129882812,20.149999618530273,20.196666717529297,686400
2005-11-21,16.634790420532227,20.260000228881836,20.393333435058594,20.190000534057617,20.30666732788086,203400
2005-11-22,16.864683151245117,20.540000915527344,20.656667709350586,20.229999542236328,20.229999542236328,1948500
2005-11-23,16.905736923217773,20.59000015258789,20.81333351135254,20.566667556762695,20.573333740234375,436200
2005-11-25,17.015207290649414,20.72333335876465,20.78333282470703,20.633333206176758,20.656667709350586,338100
2005-11-28,16.82090187072754,20.48666763305664,20.84000015258789,20.469999313354492,20.84000015258789,470100
2005-11-29,16.736055374145508,20.383333206176758,20.690000534057617,20.383333206176758,20.56999969482422,348600
2005-11-30,16.927637100219727,20.616666793823242,20.73666763305664,20.456666946411133,20.459999084472656,271500
2005-12-01,17.502376556396484,21.316667556762695,21.360000610351562,20.866666793823242,20.866666793823242,1682700
2005-12-02,17.488693237304688,21.299999237060547,21.546667098999023,21.286666870117188,21.329999923706055,386400
2005-12-05,17.253314971923828,21.01333236694336,21.266666412353516,20.93666648864746,21.266666412353516,248100
2005-12-06,17.420270919799805,21.21666717529297,21.463333129882812,21.136667251586914,21.246667861938477,1305300
2005-12-07,17.195842742919922,20.94333267211914,21.206666946411133,20.883333206176758,21.206666946411133,391500
2005-12-08,16.95773696899414,20.65333366394043,21.126667022705078,20.5,21.010000228881836,567600
2005-12-09,17.190370559692383,20.93666648864746,20.98666763305664,20.559999465942383,20.676666259765625,255000
2005-12-12,17.32173728942871,21.09666633605957,21.14666748046875,20.959999084472656,21.116666793823242,309600
2005-12-13,17.338163375854492,21.116666793823242,21.30666732788086,20.96666717529297,21.093332290649414,343800
2005-12-14,17.291635513305664,21.059999465942383,21.18666648864746,20.946666717529297,21.1200008392334,169200
2005-12-15,17.22047996520996,20.97333335876465,21.149999618530273,20.93000030517578,21.1299991607666,154800
2005-12-16,17.132904052734375,20.866666793823242,21.00666618347168,20.860000610351562,20.976667404174805,210600
2005-12-19,16.788053512573242,20.446666717529297,20.866666793823242,20.42333221435547,20.866666793823242,243900
2005-12-20,16.818157196044922,20.483333587646484,20.666667938232422,20.299999237060547,20.433332443237305,451200
2005-12-21,16.861948013305664,20.536666870117188,20.703332901000977,20.450000762939453,20.5,372000
2005-12-22,17.069950103759766,20.790000915527344,20.81333351135254,20.600000381469727,20.636667251586914,261000
2005-12-23,17.121950149536133,20.85333251953125,20.979999542236328,20.81333351135254,20.873332977294922,144600
2005-12-27,16.941320419311523,20.633333206176758,21.030000686645508,20.60333251953125,21.00666618347168,1374600
2005-12-28,16.952266693115234,20.64666748046875,20.703332901000977,20.446666717529297,20.633333206176758,182100
2005-12-29,16.801734924316406,20.463333129882812,20.73666763305664,20.446666717529297,20.700000762939453,180600
2005-12-30,16.686790466308594,20.323333740234375,20.389999389648438,20.15999984741211,20.333332061767578,2471100
2006-01-03,17.141109466552734,20.876667022705078,21.03333282470703,20.24333381652832,20.553333282470703,469500
2006-01-04,17.390167236328125,21.18000030517578,21.209999084472656,21.03333282470703,21.083332061767578,299100
2006-01-05,17.754173278808594,21.623332977294922,21.69333267211914,21.386667251586914,21.48666763305664,1715700
2006-01-06,18.15921974182129,22.116666793823242,22.163333892822266,21.726667404174805,21.96666717529297,892200
2006-01-09,18.35628318786621,22.356666564941406,22.42333221435547,22.116666793823242,22.21666717529297,2550000
2006-01-10,18.378175735473633,22.383333206176758,22.389999389648438,22.06333351135254,22.06333351135254,1974900
2006-01-11,18.597126007080078,22.649999618530273,22.709999084472656,22.350000381469727,22.433332443237305,544800
2006-01-12,18.400083541870117,22.40999984741211,22.786666870117188,22.383333206176758,22.656667709350586,882600
2006-01-13,18.25501823425293,22.233333587646484,22.376667022705078,22.066667556762695,22.316667556762695,501000
2006-01-17,17.970382690429688,21.886667251586914,21.979999542236328,21.746667861938477,21.956666946411133,647100
2006-01-18,17.803436279296875,21.683332443237305,21.73666763305664,21.31999969482422,21.343332290649414,3969000
2006-01-19,18.30155372619629,22.290000915527344,22.469999313354492,22.190000534057617,22.200000762939453,768600
2006-01-20,17.617326736450195,21.456666946411133,22.066667556762695,21.413333892822266,22.066667556762695,2289300
2006-01-23,17.691219329833984,21.546667098999023,21.666667938232422,21.34666633605957,21.530000686645508,1102500
2006-01-24,17.871854782104492,21.766666412353516,21.933332443237305,21.6299991607666,21.833332061767578,245700
2006-01-25,17.888290405273438,21.786666870117188,21.850000381469727,21.55666732788086,21.850000381469727,239400
2006-01-26,18.268705368041992,22.25,22.356666564941406,21.84666633605957,21.959999084472656,492900
2006-01-27,18.435657501220703,22.453332901000977,22.85333251953125,22.299999237060547,22.299999237060547,541500
2006-01-30,18.42470932006836,22.440000534057617,22.549999237060547,22.343332290649414,22.549999237060547,280200
2006-01-31,18.181127548217773,22.143333435058594,22.366666793823242,22.086666107177734,22.333332061767578,212700
2006-02-01,18.3644962310791,22.366666793823242,22.399999618530273,21.969999313354492,22.09000015258789,381900
2006-02-02,18.090810775756836,22.03333282470703,22.510000228881836,21.983333587646484,22.383333206176758,295500
2006-02-03,17.89922523498535,21.799999237060547,22.05666732788086,21.770000457763672,21.950000762939453,304200
2006-02-06,18.11817741394043,22.066667556762695,22.110000610351562,21.766666412353516,21.883333206176758,121800
2006-02-07,18.15921974182129,22.116666793823242,22.200000762939453,21.92333221435547,22.083332061767578,253800
2006-02-08,18.476701736450195,22.503332138061523,22.51333236694336,22.200000762939453,22.336666107177734,333300
2006-02-09,18.408296585083008,22.420000076293945,22.799999237060547,22.363332748413086,22.566667556762695,395700
2006-02-10,18.282384872436523,22.266666412353516,22.34666633605957,21.893333435058594,22.336666107177734,201300
2006-02-13,18.05523109436035,21.989999771118164,22.133333206176758,21.8700008392334,22.100000381469727,305700
2006-02-14,18.235864639282227,22.209999084472656,22.226667404174805,21.833332061767578,22.023332595825195,312600
2006-02-15,18.285125732421875,22.270000457763672,22.329999923706055,22.053333282470703,22.14666748046875,221100
2006-02-16,18.473974227905273,22.5,22.53333282470703,22.30666732788086,22.496667861938477,254400
2006-02-17,18.164695739746094,22.123332977294922,22.386667251586914,22.123332977294922,22.350000381469727,197700
2006-02-21,17.81711196899414,21.700000762939453,22.116666793823242,21.639999389648438,22.040000915527344,663300
2006-02-22,17.9813289642334,21.899999618530273,21.996667861938477,21.446666717529297,21.626667022705078,2075100
2006-02-23,17.787017822265625,21.663333892822266,21.90999984741211,21.663333892822266,21.816667556762695,1335300
2006-02-24,17.82258415222168,21.706666946411133,21.799999237060547,21.573333740234375,21.649999618530273,1876800
2006-02-27,17.89922523498535,21.799999237060547,21.883333206176758,21.676666259765625,21.676666259765625,335700
2006-02-28,17.778799057006836,21.65333366394043,21.93000030517578,21.57666778564453,21.766666412353516,2030400
2006-03-01,18.465761184692383,22.489999771118164,22.56333351135254,21.889999389648438,21.889999389648438,735300
2006-03-02,18.495859146118164,22.52666664123535,22.713333129882812,22.333332061767578,22.406667709350586,541500
2006-03-03,18.274185180664062,22.25666618347168,22.606666564941406,22.253332138061523,22.456666946411133,387900
2006-03-06,18.10175132751465,22.046667098999023,22.3799991607666,21.963333129882812,22.336666107177734,200100
2006-03-07,17.617326736450195,21.456666946411133,21.78333282470703,21.386667251586914,21.726667404174805,546600
2006-03-08,17.548906326293945,21.373332977294922,21.5,21.083332061767578,21.383333206176758,1535100
2006-03-09,17.31079864501953,21.083332061767578,21.639999389648438,21.079999923706055,21.416667938232422,235200
2006-03-10,17.253314971923828,21.01333236694336,21.303333282470703,20.89666748046875,21.02666664123535,2356500
2006-03-13,17.182167053222656,20.926666259765625,21.21666717529297,20.926666259765625,21.093332290649414,230400
2006-03-14,17.579011917114258,21.40999984741211,21.47333335876465,20.926666259765625,20.926666259765625,1035300
2006-03-15,17.78154182434082,21.656667709350586,21.696666717529297,21.463333129882812,21.633333206176758,158700
2006-03-16,17.31352996826172,21.086666107177734,21.676666259765625,21.086666107177734,21.666667938232422,690000
2006-03-17,17.319007873535156,21.093332290649414,21.21666717529297,20.860000610351562,21.036666870117188,708600
2006-03-20,17.349105834960938,21.1299991607666,21.26333236694336,21.043333053588867,21.1200008392334,479700
2006-03-21,17.35184669494629,21.133333206176758,21.649999618530273,21.079999923706055,21.1299991607666,2416200
2006-03-22,17.35458755493164,21.136667251586914,21.219999313354492,20.979999542236328,21.06999969482422,640800
2006-03-23,17.507843017578125,21.323333740234375,21.416667938232422,21.190000534057617,21.190000534057617,402900
2006-03-24,17.71037483215332,21.56999969482422,21.57666778564453,21.293333053588867,21.363332748413086,331800
2006-03-27,17.685752868652344,21.540000915527344,21.713333129882812,21.51333236694336,21.59000015258789,2412300
2006-03-28,17.371015548706055,21.156667709350586,21.600000381469727,21.136667251586914,21.5,456300
2006-03-29,17.852705001831055,21.74333381652832,21.81999969482422,21.049999237060547,21.049999237060547,1086900
2006-03-30,17.943023681640625,21.85333251953125,22.066667556762695,21.75,22.03333282470703,413100
2006-03-31,17.841753005981445,21.729999542236328,21.98666763305664,21.6299991607666,21.94333267211914,279900
2006-04-03,17.967647552490234,21.883333206176758,22.166667938232422,21.706666946411133,21.706666946411133,858000
2006-04-04,18.025121688842773,21.953332901000977,22.10333251953125,21.863332748413086,21.956666946411133,305700
2006-04-05,18.391870498657227,22.399999618530273,22.456666946411133,22.0,22.030000686645508,267300
2006-04-06,18.58891487121582,22.639999389648438,22.76333236694336,22.393333435058594,22.393333435058594,734700
2006-04-07,18.274185180664062,22.25666618347168,22.78333282470703,22.190000534057617,22.72333335876465,426900
2006-04-10,18.04701805114746,21.979999542236328,22.209999084472656,21.883333206176758,22.18666648864746,414900
2006-04-11,17.869129180908203,21.76333236694336,22.1200008392334,21.610000610351562,22.06333351135254,802200
2006-04-12,18.025121688842773,21.953332901000977,22.046667098999023,21.790000915527344,21.790000915527344,239700
2006-04-13,18.104494094848633,22.049999237060547,22.25666618347168,21.96666717529297,21.96666717529297,219900
2006-04-17,17.8636531829834,21.75666618347168,22.233333587646484,21.633333206176758,22.133333206176758,566400
2006-04-18,18.427446365356445,22.44333267211914,22.503332138061523,21.84000015258789,21.84000015258789,478800
2006-04-19,18.63544464111328,22.696666717529297,22.71666717529297,22.360000610351562,22.479999542236328,772500
2006-04-20,18.7230224609375,22.803333282470703,23.133333206176758,22.626667022705078,22.643333435058594,502200
2006-04-21,18.298812866210938,22.286666870117188,22.790000915527344,22.163333892822266,22.75666618347168,454200
2006-04-24,18.249542236328125,22.226667404174805,22.280000686645508,21.983333587646484,22.07666778564453,445200
2006-04-25,18.312498092651367,22.303333282470703,22.393333435058594,22.15999984741211,22.280000686645508,720600
2006-04-26,18.219436645507812,22.190000534057617,22.43000030517578,22.083332061767578,22.366666793823242,383400
2006-04-27,18.44112777709961,22.459999084472656,22.610000610351562,21.876667022705078,21.876667022705078,424800
2006-04-28,18.2604923248291,22.239999771118164,22.566667556762695,22.219999313354492,22.39666748046875,333600
2006-05-01,18.090810775756836,22.03333282470703,22.333332061767578,22.02666664123535,22.260000228881836,210600
2006-05-02,18.246814727783203,22.22333335876465,22.31333351135254,22.116666793823242,22.15999984741211,320400
2006-05-03,18.4110164642334,22.42333221435547,22.433332443237305,22.1299991607666,22.200000762939453,233700
2006-05-04,18.61629295349121,22.67333221435547,22.773332595825195,22.510000228881836,22.510000228881836,322500
2006-05-05,18.75313949584961,22.84000015258789,22.899999618530273,22.696666717529297,22.8700008392334,167100
2006-05-08,18.712080001831055,22.790000915527344,22.983333587646484,22.790000915527344,22.889999389648438,302100
2006-05-09,18.534175872802734,22.573333740234375,22.71666717529297,22.523332595825195,22.706666946411133,1642800
2006-05-10,18.145540237426758,22.100000381469727,22.56333351135254,22.046667098999023,22.476667404174805,791700
2006-05-11,17.67206382751465,21.523332595825195,22.03333282470703,21.47333335876465,22.003332138061523,1251000
2006-05-12,17.516063690185547,21.333332061767578,21.649999618530273,21.270000457763672,21.333332061767578,2131200
2006-05-15,17.35458755493164,21.136667251586914,21.46666717529297,20.85333251953125,21.316667556762695,2332800
2006-05-16,17.269746780395508,21.03333282470703,21.316667556762695,20.873332977294922,21.139999389648438,1064400
2006-05-17,16.98236846923828,20.683332443237305,21.040000915527344,20.566667556762695,20.913333892822266,1345200
2006-05-18,16.711408615112305,20.35333251953125,20.913333892822266,20.35333251953125,20.836666107177734,412200
2006-05-19,17.03163719177246,20.74333381652832,20.85333251953125,20.416667938232422,20.666667938232422,698400
2006-05-22,16.610158920288086,20.229999542236328,20.566667556762695,19.963333129882812,20.459999084472656,791700
2006-05-23,16.385725021362305,19.956666946411133,20.626667022705078,19.953332901000977,20.49333381652832,315600
2006-05-24,16.489727020263672,20.083332061767578,20.323333740234375,19.690000534057617,19.953332901000977,897600
2006-05-25,16.53899574279785,20.143333435058594,20.213333129882812,20.0,20.196666717529297,621600
2006-05-26,16.651206970214844,20.280000686645508,20.356666564941406,20.126667022705078,20.166667938232422,514200
2006-05-30,16.270784378051758,19.816667556762695,20.203332901000977,19.816667556762695,20.203332901000977,374400
2006-05-31,16.53078269958496,20.133333206176758,20.226667404174805,19.889999389648438,19.93666648864746,323100
2006-06-01,16.91393280029297,20.600000381469727,20.606666564941406,20.17333221435547,20.17333221435547,278700
2006-06-02,16.881103515625,20.559999465942383,20.816667556762695,20.386667251586914,20.816667556762695,154200
2006-06-05,16.380252838134766,19.950000762939453,20.49333381652832,19.950000762939453,20.49333381652832,331800
2006-06-06,16.30088996887207,19.85333251953125,19.976667404174805,19.726667404174805,19.976667404174805,194400
2006-06-07,15.942357063293457,19.416667938232422,19.93666648864746,19.416667938232422,19.809999465942383,265200
2006-06-08,15.849297523498535,19.303333282470703,19.453332901000977,18.82666778564453,19.25666618347168,553800
2006-06-09,15.76445484161377,19.200000762939453,19.703332901000977,19.110000610351562,19.56333351135254,407400
2006-06-12,15.312867164611816,18.649999618530273,19.27666664123535,18.649999618530273,19.24333381652832,333900
2006-06-13,15.271815299987793,18.600000381469727,19.01333236694336,18.546667098999023,18.866666793823242,378300
2006-06-14,15.518136024475098,18.899999618530273,19.003332138061523,18.656667709350586,18.856666564941406,733200
2006-06-15,16.11751365661621,19.6299991607666,19.703332901000977,19.183332443237305,19.183332443237305,555000
2006-06-16,15.934144020080566,19.406667709350586,19.55666732788086,19.266666412353516,19.530000686645508,177600
2006-06-19,15.794565200805664,19.23666763305664,19.50666618347168,19.166667938232422,19.489999771118164,296400
2006-06-20,15.698769569396973,19.1200008392334,19.386667251586914,19.030000686645508,19.226667404174805,325500
2006-06-21,16.04636001586914,19.543333053588867,19.71666717529297,19.203332901000977,19.203332901000977,380100
2006-06-22,15.789088249206543,19.229999542236328,19.479999542236328,19.143333435058594,19.479999542236328,290100
2006-06-23,15.695155143737793,19.10333251953125,19.286666870117188,18.996667861938477,18.996667861938477,167400
2006-06-26,15.774569511413574,19.200000762939453,19.273332595825195,19.1200008392334,19.166667938232422,371700
2006-06-27,15.391160011291504,18.733333587646484,19.183332443237305,18.68666648864746,19.183332443237305,311700
2006-06-28,15.363777160644531,18.700000762939453,18.706666946411133,18.406667709350586,18.463333129882812,486600
2006-06-29,15.875906944274902,19.323333740234375,19.366666793823242,18.700000762939453,18.78333282470703,636300
2006-06-30,15.870429039001465,19.316667556762695,19.416667938232422,19.149999618530273,19.406667709350586,153600
2006-07-03,16.00188636779785,19.476667404174805,19.5,19.366666793823242,19.40999984741211,94200
2006-07-05,15.56917667388916,18.950000762939453,19.270000457763672,18.93666648864746,19.26333236694336,231300
2006-07-06,15.555481910705566,18.933332443237305,19.166667938232422,18.866666793823242,19.06999969482422,125400
2006-07-07,15.306268692016602,18.6299991607666,18.816667556762695,18.5,18.75,372900
2006-07-10,14.917375564575195,18.156667709350586,18.799999237060547,18.059999465942383,18.663333892822266,450300
2006-07-11,15.281615257263184,18.600000381469727,18.636667251586914,18.03333282470703,18.03333282470703,376800
2006-07-12,14.889996528625488,18.123332977294922,18.600000381469727,18.09666633605957,18.520000457763672,682200
2006-07-13,14.67363452911377,17.860000610351562,18.32666778564453,17.816667556762695,17.850000381469727,719400
2006-07-14,14.594218254089355,17.76333236694336,17.97333335876465,17.6299991607666,17.773332595825195,776400
2006-07-17,14.596955299377441,17.766666412353516,17.969999313354492,17.666667938232422,17.856666564941406,333900
2006-07-18,14.553139686584473,17.713333129882812,17.90333366394043,17.28333282470703,17.850000381469727,538500
2006-07-19,14.903685569763184,18.139999389648438,18.280000686645508,17.753332138061523,17.796667098999023,405600
2006-07-20,14.544923782348633,17.703332901000977,18.356666564941406,17.696666717529297,18.329999923706055,579900
2006-07-21,13.94515609741211,16.97333335876465,17.303333282470703,16.93000030517578,17.23666763305664,703500
2006-07-24,14.353217124938965,17.469999313354492,17.57666778564453,17.21666717529297,17.21666717529297,952500
2006-07-25,14.596955299377441,17.766666412353516,17.906667709350586,17.540000915527344,17.639999389648438,542400
2006-07-26,14.643508911132812,17.823333740234375,18.00666618347168,17.5,17.5,465300
2006-07-27,14.706500053405762,17.899999618530273,18.19333267211914,17.866666793823242,18.053333282470703,1578900
2006-07-28,15.14469051361084,18.433332443237305,18.476667404174805,18.049999237060547,18.049999237060547,1031400
2006-07-31,15.188502311706543,18.48666763305664,18.583332061767578,18.333332061767578,18.360000610351562,551100
2006-08-01,14.876298904418945,18.106666564941406,18.266666412353516,17.94333267211914,18.266666412353516,560400
2006-08-02,15.040620803833008,18.30666732788086,18.453332901000977,18.149999618530273,18.149999618530273,241800
2006-08-03,15.29256820678711,18.613332748413086,18.709999084472656,18.21666717529297,18.25666618347168,1366800
2006-08-04,15.158376693725586,18.450000762939453,18.956666946411133,18.246667861938477,18.856666564941406,611400
2006-08-07,15.07622241973877,18.350000381469727,18.469999313354492,18.266666412353516,18.363332748413086,228000
2006-08-08,14.991320610046387,18.246667861938477,18.543333053588867,18.136667251586914,18.40333366394043,376200
2006-08-09,15.057048797607422,18.32666778564453,18.796667098999023,18.299999237060547,18.626667022705078,457200
2006-08-10,15.251493453979492,18.56333351135254,18.6299991607666,18.24333381652832,18.299999237060547,208800
2006-08-11,14.85438346862793,18.079999923706055,18.383333206176758,18.030000686645508,18.383333206176758,379200
2006-08-14,15.057048797607422,18.32666778564453,18.606666564941406,18.219999313354492,18.253332138061523,156900
2006-08-15,15.615727424621582,19.00666618347168,19.023332595825195,18.636667251586914,18.67333221435547,263700
2006-08-16,16.127857208251953,19.6299991607666,19.72333335876465,19.020000457763672,19.116666793823242,1693800
2006-08-17,16.163463592529297,19.67333221435547,19.97333335876465,19.616666793823242,19.6200008392334,1537200
2006-08-18,16.171676635742188,19.683332443237305,19.709999084472656,19.343332290649414,19.53333282470703,360900
2006-08-21,15.90328311920166,19.356666564941406,19.440000534057617,19.219999313354492,19.440000534057617,330600
2006-08-22,15.875906944274902,19.323333740234375,19.559999465942383,19.246667861938477,19.333332061767578,550500
2006-08-23,15.769094467163086,19.19333267211914,19.57666778564453,19.066667556762695,19.573333740234375,968100
2006-08-24,15.875906944274902,19.323333740234375,19.323333740234375,19.06333351135254,19.21666717529297,485700
2006-08-25,15.884121894836426,19.333332061767578,19.52666664123535,19.219999313354492,19.26333236694336,467700
2006-08-28,16.111427307128906,19.610000610351562,19.613332748413086,19.35333251953125,19.35333251953125,471600
2006-08-29,16.404457092285156,19.96666717529297,19.96666717529297,19.523332595825195,19.67333221435547,822900
2006-08-30,16.724884033203125,20.356666564941406,20.356666564941406,19.916667938232422,20.066667556762695,702000
2006-08-31,16.555084228515625,20.149999618530273,20.28333282470703,20.053333282470703,20.28333282470703,395700
2006-09-01,16.404457092285156,19.96666717529297,20.316667556762695,19.8799991607666,20.316667556762695,329400
2006-09-05,16.601642608642578,20.206666946411133,20.219999313354492,19.80666732788086,19.876667022705078,806700
2006-09-06,16.070350646972656,19.559999465942383,19.96666717529297,19.55666732788086,19.96666717529297,226200
2006-09-07,16.01557731628418,19.49333381652832,19.75666618347168,19.293333053588867,19.399999618530273,655800
2006-09-08,16.171676635742188,19.683332443237305,19.729999542236328,19.496667861938477,19.549999237060547,158100
2006-09-11,16.459230422973633,20.03333282470703,20.18000030517578,19.65999984741211,19.65999984741211,451800
2006-09-12,17.015169143676758,20.709999084472656,20.75666618347168,20.166667938232422,20.183332443237305,1234500
2006-09-13,16.933015823364258,20.610000610351562,20.799999237060547,20.479999542236328,20.676666259765625,211500
2006-09-14,16.987789154052734,20.676666259765625,20.69333267211914,20.476667404174805,20.52666664123535,414300
2006-09-15,16.9686222076416,20.65333366394043,21.030000686645508,20.566667556762695,20.796667098999023,1365900
2006-09-18,17.17949104309082,20.90999984741211,21.09000015258789,20.68000030517578,20.68000030517578,377100
2006-09-19,16.897417068481445,20.566667556762695,20.82666778564453,20.350000381469727,20.82666778564453,1032000
2006-09-20,17.034351348876953,20.733333587646484,20.816667556762695,20.64666748046875,20.75,497100
2006-09-21,16.705703735351562,20.333332061767578,20.78333282470703,20.323333740234375,20.766666412353516,279600
2006-09-22,16.508529663085938,20.093332290649414,20.299999237060547,20.06333351135254,20.246667861938477,252600
2006-09-25,16.911104202270508,20.583332061767578,20.6200008392334,19.98666763305664,20.149999618530273,773400
2006-09-26,16.90015983581543,20.56999969482422,20.610000610351562,20.323333740234375,20.483333587646484,241800
2006-09-27,16.84534454345703,20.48666763305664,20.809999465942383,20.413333892822266,20.623332977294922,597600
2006-09-28,17.026233673095703,20.706666946411133,20.706666946411133,20.450000762939453,20.523332595825195,348000
2006-09-29,16.850820541381836,20.49333381652832,20.690000534057617,20.49333381652832,20.690000534057617,120000
2006-10-02,16.691852569580078,20.299999237060547,20.639999389648438,20.299999237060547,20.416667938232422,286800
2006-10-03,16.590435028076172,20.176666259765625,20.293333053588867,19.989999771118164,20.106666564941406,349800
2006-10-04,16.952228546142578,20.616666793823242,20.616666793823242,20.143333435058594,20.170000076293945,304200
2006-10-05,16.913862228393555,20.56999969482422,20.600000381469727,20.43666648864746,20.553333282470703,1017900
2006-10-06,16.78229522705078,20.40999984741211,20.51333236694336,20.329999923706055,20.376667022705078,254700
2006-10-09,16.946748733520508,20.610000610351562,20.773332595825195,20.383333206176758,20.386667251586914,491100
2006-10-10,16.89742088317871,20.549999237060547,20.633333206176758,20.463333129882812,20.600000381469727,917100
2006-10-11,17.06734275817871,20.75666618347168,20.98666763305664,20.46666717529297,20.503332138061523,441000
2006-10-12,17.27838706970215,21.01333236694336,21.066667556762695,20.739999771118164,20.889999389648438,941400
2006-10-13,17.511369705200195,21.296667098999023,21.386667251586914,21.0,21.066667556762695,957300
2006-10-16,17.62922477722168,21.440000534057617,21.55666732788086,21.389999389648438,21.456666946411133,243600
2006-10-17,17.182466506958008,20.89666748046875,21.19333267211914,20.786666870117188,21.19333267211914,522600
2006-10-18,16.75214195251465,20.373332977294922,20.85333251953125,20.303333282470703,20.85333251953125,2041500
2006-10-19,16.664440155029297,20.266666412353516,20.416667938232422,20.100000381469727,20.40333366394043,681000
2006-10-20,16.472578048706055,20.03333282470703,20.25,19.956666946411133,20.25,2808600
2006-10-23,16.489028930664062,20.053333282470703,20.280000686645508,19.90333366394043,19.96666717529297,293100
2006-10-24,16.341020584106445,19.873332977294922,20.176666259765625,19.866666793823242,19.983333587646484,367800
2006-10-25,16.656219482421875,20.25666618347168,20.293333053588867,19.873332977294922,19.873332977294922,448800
2006-10-26,16.831632614135742,20.469999313354492,20.520000457763672,20.213333129882812,20.46666717529297,956100
2006-10-27,16.456134796142578,20.01333236694336,20.433332443237305,19.950000762939453,20.433332443237305,2468700
2006-10-30,16.59592056274414,20.183332443237305,20.293333053588867,19.996667861938477,19.996667861938477,420000
2006-10-31,16.686370849609375,20.293333053588867,20.3700008392334,20.18000030517578,20.266666412353516,1251900
2006-11-01,16.39309310913086,19.93666648864746,20.5,19.876667022705078,20.5,343500
2006-11-02,16.308128356933594,19.833332061767578,19.94333267211914,19.726667404174805,19.866666793823242,705900
2006-11-03,16.379390716552734,19.920000076293945,19.969999313354492,19.760000228881836,19.916667938232422,2835300
2006-11-06,16.645254135131836,20.24333381652832,20.28333282470703,19.916667938232422,19.983333587646484,204300
2006-11-07,16.754894256591797,20.376667022705078,20.65999984741211,20.03333282470703,20.03333282470703,802200
2006-11-08,16.74392318725586,20.363332748413086,20.40999984741211,20.1200008392334,20.229999542236328,915300
2006-11-09,16.445173263549805,20.0,20.476667404174805,19.983333587646484,20.446666717529297,336300
2006-11-10,16.582216262817383,20.166667938232422,20.21666717529297,19.933332443237305,19.933332443237305,222900
2006-11-13,16.867259979248047,20.51333236694336,20.53333282470703,20.190000534057617,20.190000534057617,1661700
2006-11-14,17.314027786254883,21.05666732788086,21.10333251953125,20.406667709350586,20.566667556762695,570000
2006-11-15,17.459287643432617,21.233333587646484,21.39666748046875,21.06333351135254,21.113332748413086,2043000
2006-11-16,17.505884170532227,21.290000915527344,21.3700008392334,21.049999237060547,21.233333587646484,1357500
2006-11-17,17.407217025756836,21.170000076293945,21.203332901000977,21.049999237060547,21.183332443237305,192900
2006-11-20,17.637453079223633,21.450000762939453,21.463333129882812,21.03333282470703,21.086666107177734,1461900
2006-11-21,17.322246551513672,21.066667556762695,21.48666763305664,21.066667556762695,21.48666763305664,3295500
2006-11-22,17.571670532226562,21.3700008392334,21.393333435058594,21.15999984741211,21.246667861938477,578400
2006-11-24,17.516845703125,21.303333282470703,21.39666748046875,21.170000076293945,21.203332901000977,173700
2006-11-27,17.064605712890625,20.753332138061523,21.3700008392334,20.753332138061523,21.219999313354492,373200
2006-11-28,17.086538314819336,20.780000686645508,20.790000915527344,20.566667556762695,20.709999084472656,759900
2006-11-29,17.07282829284668,20.76333236694336,21.03333282470703,20.633333206176758,21.030000686645508,473700
2006-11-30,17.234539031982422,20.959999084472656,21.046667098999023,20.65333366394043,20.829999923706055,2117400
2006-12-01,16.990602493286133,20.663333892822266,20.959999084472656,20.406667709350586,20.959999084472656,723900
2006-12-04,17.3057918548584,21.046667098999023,21.17333221435547,20.696666717529297,20.706666946411133,917100
2006-12-05,17.36336326599121,21.116666793823242,21.266666412353516,21.03333282470703,21.03333282470703,138000
2006-12-06,17.440107345581055,21.209999084472656,21.296667098999023,20.983333587646484,21.083332061767578,816000
2006-12-07,17.190685272216797,20.906667709350586,21.360000610351562,20.899999618530273,21.34000015258789,265500
2006-12-08,17.108457565307617,20.80666732788086,20.97333335876465,20.6299991607666,20.873332977294922,791100
2006-12-11,17.07282829284668,20.76333236694336,20.94333267211914,20.733333587646484,20.809999465942383,292800
2006-12-12,16.968677520751953,20.636667251586914,20.836666107177734,20.479999542236328,20.75,403200
2006-12-13,16.839860916137695,20.479999542236328,20.906667709350586,20.46666717529297,20.906667709350586,381300
2006-12-14,17.094757080078125,20.790000915527344,20.856666564941406,20.50666618347168,20.50666618347168,4226400
2006-12-15,17.092016220092773,20.786666870117188,20.93666648864746,20.753332138061523,20.93000030517578,408000
2006-12-18,17.04816436767578,20.733333587646484,21.03333282470703,20.666667938232422,20.8700008392334,2740800
2006-12-19,16.853559494018555,20.496667861938477,20.59666633605957,20.35333251953125,20.360000610351562,331800
2006-12-20,16.93030548095703,20.59000015258789,20.78333282470703,20.540000915527344,20.733333587646484,449100
2006-12-21,16.694549560546875,20.299999237060547,20.623332977294922,20.219999313354492,20.593332290649414,351600
2006-12-22,16.593128204345703,20.176666259765625,20.366666793823242,20.176666259765625,20.333332061767578,555900
2006-12-26,16.721960067749023,20.333332061767578,20.360000610351562,20.133333206176758,20.133333206176758,414300
2006-12-27,16.81517219543457,20.446666717529297,20.559999465942383,20.366666793823242,20.366666793823242,565500
2006-12-28,16.820650100708008,20.453332901000977,20.50666618347168,20.416667938232422,20.459999084472656,123900
2006-12-29,16.724706649780273,20.336666107177734,20.59666633605957,20.336666107177734,20.416667938232422,77700
2007-01-03,16.67535972595215,20.27666664123535,20.739999771118164,20.083332061767578,20.56333351135254,509400
2007-01-04,17.00157928466797,20.67333221435547,20.73666763305664,20.24333381652832,20.27666664123535,462300
2007-01-05,16.678104400634766,20.280000686645508,20.483333587646484,20.1200008392334,20.31999969482422,241500
2007-01-08,16.743898391723633,20.360000610351562,20.520000457763672,20.209999084472656,20.290000915527344,269100
2007-01-09,16.80419921875,20.433332443237305,20.536666870117188,20.25666618347168,20.44333267211914,429000
2007-01-10,17.092044830322266,20.78333282470703,20.860000610351562,20.333332061767578,20.333332061767578,473100
2007-01-11,17.144126892089844,20.84666633605957,21.03333282470703,20.803333282470703,20.860000610351562,708000
2007-01-12,17.187984466552734,20.899999618530273,20.899999618530273,20.666667938232422,20.766666412353516,179700
2007-01-16,17.048179626464844,20.729999542236328,20.816667556762695,20.649999618530273,20.816667556762695,184200
2007-01-17,16.92756462097168,20.583332061767578,20.760000228881836,20.53333282470703,20.606666564941406,554400
2007-01-18,16.310771942138672,19.833332061767578,20.406667709350586,19.809999465942383,20.406667709350586,803400
2007-01-19,16.464279174804688,20.020000457763672,20.18000030517578,19.803333282470703,19.82666778564453,542700
2007-01-22,16.286104202270508,19.803333282470703,19.94333267211914,19.700000762939453,19.94333267211914,564300
2007-01-23,16.26964569091797,19.78333282470703,20.003332138061523,19.78333282470703,19.863332748413086,466500
2007-01-24,16.519105911254883,20.086666107177734,20.126667022705078,19.860000610351562,19.92333221435547,195600
2007-01-25,16.450572967529297,20.003332138061523,20.43666648864746,19.959999084472656,20.30666732788086,382800
2007-01-26,16.672624588012695,20.273332595825195,20.350000381469727,19.976667404174805,20.086666107177734,225900
2007-01-29,16.57941436767578,20.15999984741211,20.34000015258789,20.100000381469727,20.233333587646484,143700
2007-01-30,16.653427124023438,20.25,20.323333740234375,20.196666717529297,20.273332595825195,130200
2007-01-31,16.669885635375977,20.270000457763672,20.31333351135254,19.98666763305664,20.036666870117188,320100
2007-02-01,16.8096866607666,20.440000534057617,20.510000228881836,20.27666664123535,20.333332061767578,635700
2007-02-02,16.91659927368164,20.56999969482422,20.636667251586914,20.433332443237305,20.520000457763672,743400
2007-02-05,16.97965431213379,20.64666748046875,20.75666618347168,20.553333282470703,20.639999389648438,318600
2007-02-06,16.91659927368164,20.56999969482422,20.68000030517578,20.356666564941406,20.623332977294922,531600
2007-02-07,17.144126892089844,20.84666633605957,20.96666717529297,20.666667938232422,20.796667098999023,997500
2007-02-08,17.078336715698242,20.766666412353516,20.809999465942383,20.639999389648438,20.76333236694336,246900
2007-02-09,16.823392868041992,20.456666946411133,21.00666618347168,20.40999984741211,20.98666763305664,588300
2007-02-12,16.631507873535156,20.22333335876465,20.399999618530273,20.19333267211914,20.399999618530273,71400
2007-02-13,16.719223022460938,20.329999923706055,20.363332748413086,20.209999084472656,20.32666778564453,226200
2007-02-14,17.048179626464844,20.729999542236328,20.803333282470703,20.47333335876465,20.48666763305664,475500
2007-02-15,17.13864517211914,20.84000015258789,20.866666793823242,20.700000762939453,20.700000762939453,1452600
2007-02-16,17.1276798248291,20.82666778564453,20.860000610351562,20.72333335876465,20.766666412353516,703200
2007-02-20,17.1276798248291,20.82666778564453,20.850000381469727,20.579999923706055,20.656667709350586,128700
2007-02-21,17.11396598815918,20.809999465942383,20.809999465942383,20.639999389648438,20.670000076293945,163200
2007-02-22,17.475818634033203,21.25,21.27666664123535,21.049999237060547,21.049999237060547,529200
2007-02-23,17.571773529052734,21.366666793823242,21.433332443237305,21.273332595825195,21.316667556762695,1146000
2007-02-26,17.54709815979004,21.336666107177734,21.44333267211914,21.233333587646484,21.43666648864746,231600
2007-02-27,16.92756462097168,20.583332061767578,21.133333206176758,20.523332595825195,20.833332061767578,459900
2007-02-28,16.963191986083984,20.626667022705078,20.80666732788086,20.469999313354492,20.6299991607666,717300
2007-03-01,16.84258460998535,20.479999542236328,20.639999389648438,20.133333206176758,20.133333206176758,1791300
2007-03-02,16.505395889282227,20.06999969482422,20.453332901000977,20.06999969482422,20.383333206176758,390900
2007-03-05,16.32722282409668,19.85333251953125,20.233333587646484,19.85333251953125,19.893333435058594,306600
2007-03-06,16.71647834777832,20.32666778564453,20.3700008392334,20.15333366394043,20.19333267211914,206400
2007-03-07,16.647947311401367,20.24333381652832,20.350000381469727,20.136667251586914,20.200000762939453,147300
2007-03-08,16.81517219543457,20.446666717529297,20.573333740234375,20.42333221435547,20.483333587646484,351600
2007-03-09,16.91934585571289,20.573333740234375,20.773332595825195,20.42333221435547,20.773332595825195,339600
2007-03-12,17.05366325378418,20.73666763305664,20.823333740234375,20.559999465942383,20.559999465942383,108900
2007-03-13,16.70551872253418,20.31333351135254,20.676666259765625,20.31333351135254,20.56333351135254,99900
2007-03-14,16.80694007873535,20.43666648864746,20.43666648864746,20.06999969482422,20.383333206176758,356700
2007-03-15,16.798721313476562,20.426666259765625,20.456666946411133,20.336666107177734,20.366666793823242,465900
2007-03-16,16.689069747924805,20.293333053588867,20.450000762939453,20.209999084472656,20.399999618530273,154500
2007-03-19,16.601348876953125,20.18666648864746,20.433332443237305,20.18000030517578,20.416667938232422,156900
2007-03-20,16.768566131591797,20.389999389648438,20.463333129882812,20.213333129882812,20.213333129882812,278700
2007-03-21,17.072851181030273,20.760000228881836,20.84000015258789,20.383333206176758,20.440000534057617,207600
2007-03-22,16.837100982666016,20.47333335876465,20.636667251586914,20.446666717529297,20.636667251586914,196800
2007-03-23,16.938518524169922,20.59666633605957,20.706666946411133,20.52666664123535,20.600000381469727,291900
2007-03-26,16.926176071166992,20.559999465942383,20.6200008392334,20.333332061767578,20.583332061767578,222300
2007-03-27,16.860321044921875,20.479999542236328,20.59666633605957,20.479999542236328,20.51333236694336,104700
2007-03-28,16.651756286621094,20.226667404174805,20.366666793823242,20.21666717529297,20.35333251953125,285600
2007-03-29,16.495332717895508,20.036666870117188,20.34666633605957,19.873332977294922,20.34666633605957,843900
2007-03-30,16.547489166259766,20.100000381469727,20.196666717529297,19.996667861938477,20.15333366394043,188400
2007-04-02,16.525522232055664,20.073333740234375,20.229999542236328,19.940000534057617,20.229999542236328,274500
2007-04-03,16.638044357299805,20.209999084472656,20.286666870117188,20.066667556762695,20.209999084472656,60900
2007-04-04,16.777990341186523,20.3799991607666,20.433332443237305,20.209999084472656,20.209999084472656,349200
2007-04-05,16.91245460510254,20.543333053588867,20.56333351135254,20.420000076293945,20.420000076293945,493500
2007-04-09,16.874040603637695,20.496667861938477,20.593332290649414,20.413333892822266,20.56999969482422,193200
2007-04-10,17.019479751586914,20.67333221435547,20.67333221435547,20.5,20.50666618347168,55200
2007-04-11,16.846593856811523,20.463333129882812,20.64666748046875,20.450000762939453,20.64666748046875,231300
2007-04-12,17.019479751586914,20.67333221435547,20.700000762939453,20.446666717529297,20.446666717529297,64800
2007-04-13,16.986547470092773,20.633333206176758,20.636667251586914,20.43000030517578,20.583332061767578,29100
2007-04-16,17.107295989990234,20.780000686645508,20.803333282470703,20.623332977294922,20.65999984741211,265200
2007-04-17,17.09083366394043,20.760000228881836,20.816667556762695,20.700000762939453,20.799999237060547,127500
2007-04-18,17.447572708129883,21.19333267211914,21.34000015258789,20.956666946411133,21.0,644100
2007-04-19,17.551851272583008,21.31999969482422,21.476667404174805,21.03333282470703,21.036666870117188,802200
2007-04-20,17.617712020874023,21.399999618530273,21.536666870117188,21.260000228881836,21.5,316800
2007-04-23,17.483257293701172,21.23666763305664,21.360000610351562,21.21666717529297,21.34666633605957,509700
2007-04-24,17.916824340820312,21.76333236694336,21.889999389648438,21.516666412353516,21.566667556762695,701700
2007-04-25,18.084228515625,21.96666717529297,21.983333587646484,21.700000762939453,21.906667709350586,218400
2007-04-26,18.078737258911133,21.959999084472656,21.96666717529297,21.733333587646484,21.956666946411133,485100
2007-04-27,17.809810638427734,21.633333206176758,21.836666107177734,21.623332977294922,21.81333351135254,487500
2007-04-30,17.554597854614258,21.323333740234375,21.59666633605957,21.31999969482422,21.583332061767578,191400
2007-05-01,17.59850311279297,21.376667022705078,21.43666648864746,21.176666259765625,21.366666793823242,139500
2007-05-02,17.743946075439453,21.553333282470703,21.670000076293945,21.416667938232422,21.426666259765625,336300
2007-05-03,17.848228454589844,21.68000030517578,21.790000915527344,21.600000381469727,21.600000381469727,185400
2007-05-04,18.0156307220459,21.883333206176758,21.940000534057617,21.746667861938477,21.766666412353516,381600
2007-05-07,17.94153594970703,21.793333053588867,21.93000030517578,21.793333053588867,21.93000030517578,217800
2007-05-08,17.900367736816406,21.74333381652832,21.766666412353516,21.559999465942383,21.6299991607666,266700
2007-05-09,18.224193572998047,22.136667251586914,22.136667251586914,21.666667938232422,21.666667938232422,332400
2007-05-10,17.889389038085938,21.729999542236328,22.163333892822266,21.67333221435547,21.96666717529297,373800
2007-05-11,18.139110565185547,22.03333282470703,22.06333351135254,21.843332290649414,21.889999389648438,194700
2007-05-14,18.114408493041992,22.003332138061523,22.200000762939453,21.913333892822266,22.196666717529297,265500
2007-05-15,17.872922897338867,21.709999084472656,22.01333236694336,21.709999084472656,21.969999313354492,196200
2007-05-16,17.875675201416016,21.713333129882812,21.73666763305664,21.5,21.666667938232422,123900
2007-05-17,17.79334259033203,21.613332748413086,21.760000228881836,21.5,21.666667938232422,462300
2007-05-18,17.820785522460938,21.64666748046875,21.746667861938477,21.47333335876465,21.746667861938477,544200
2007-05-21,17.837249755859375,21.666667938232422,21.933332443237305,21.59000015258789,21.666667938232422,362400
2007-05-22,17.919584274291992,21.766666412353516,21.89666748046875,21.60333251953125,21.75,587400
2007-05-23,17.661624908447266,21.453332901000977,21.709999084472656,21.426666259765625,21.616666793823242,571800
2007-05-24,17.351533889770508,21.07666778564453,21.46666717529297,20.963333129882812,21.450000762939453,952200
2007-05-25,17.442075729370117,21.18666648864746,21.26333236694336,21.09666633605957,21.15999984741211,761400
2007-05-29,17.551851272583008,21.31999969482422,21.35333251953125,21.219999313354492,21.219999313354492,350100
2007-05-30,17.43385887145996,21.176666259765625,21.183332443237305,21.023332595825195,21.036666870117188,255600
2007-05-31,17.702777862548828,21.503332138061523,21.516666412353516,21.329999923706055,21.383333206176758,419700
2007-06-01,17.861948013305664,21.696666717529297,21.799999237060547,21.643333435058594,21.64666748046875,792000
2007-06-04,17.818044662475586,21.643333435058594,21.816667556762695,21.610000610351562,21.613332748413086,315600
2007-06-05,17.732969284057617,21.540000915527344,21.643333435058594,21.3700008392334,21.639999389648438,186300
2007-06-06,17.50520133972168,21.26333236694336,21.536666870117188,21.26333236694336,21.456666946411133,64200
2007-06-07,17.181400299072266,20.8700008392334,21.32666778564453,20.8700008392334,21.290000915527344,295200
2007-06-08,17.661624908447266,21.453332901000977,21.46666717529297,21.0,21.06999969482422,479700
2007-06-11,17.593013763427734,21.3700008392334,21.540000915527344,21.350000381469727,21.39666748046875,210900
2007-06-12,17.45306968688965,21.200000762939453,21.40999984741211,21.139999389648438,21.209999084472656,134700
2007-06-13,17.7357177734375,21.543333053588867,21.543333053588867,21.280000686645508,21.280000686645508,307200
2007-06-14,17.966230392456055,21.823333740234375,21.90333366394043,21.600000381469727,21.616666793823242,194700
2007-06-15,18.26808738708496,22.190000534057617,22.219999313354492,22.049999237060547,22.1299991607666,279300
2007-06-18,18.26259994506836,22.183332443237305,22.233333587646484,22.083332061767578,22.18000030517578,98700
2007-06-19,18.111665725708008,22.0,22.016666412353516,21.833332061767578,21.983333587646484,124500
2007-06-20,17.99092674255371,21.85333251953125,22.1299991607666,21.85333251953125,21.979999542236328,321900
2007-06-21,18.523305892944336,22.5,22.53333282470703,21.899999618530273,21.90999984741211,1065900
2007-06-22,18.303762435913086,22.233333587646484,22.516666412353516,22.176666259765625,22.456666946411133,354300
2007-06-25,18.07325553894043,21.953332901000977,22.273332595825195,21.90333366394043,22.253332138061523,257100
2007-06-26,17.977205276489258,21.836666107177734,22.03333282470703,21.733333587646484,22.03333282470703,264600
2007-06-27,18.380603790283203,22.32666778564453,22.336666107177734,21.8799991607666,21.899999618530273,134100
2007-06-28,18.20771026611328,22.116666793823242,22.303333282470703,22.116666793823242,22.293333053588867,377100
2007-06-29,18.0900936126709,21.94333267211914,22.209999084472656,21.85333251953125,22.17333221435547,135300
2007-07-02,18.32917594909668,22.233333587646484,22.25,22.06999969482422,22.143333435058594,333000
2007-07-03,18.378646850585938,22.293333053588867,22.329999923706055,22.226667404174805,22.30666732788086,336600
2007-07-05,18.494060516357422,22.433332443237305,22.433332443237305,22.22333335876465,22.28333282470703,79200
2007-07-06,18.6479434967041,22.6200008392334,22.639999389648438,22.43000030517578,22.469999313354492,184200
2007-07-09,18.782594680786133,22.78333282470703,22.816667556762695,22.666667938232422,22.666667938232422,354000
2007-07-10,18.634204864501953,22.60333251953125,22.793333053588867,22.600000381469727,22.600000381469727,270900
2007-07-11,18.617719650268555,22.583332061767578,22.64666748046875,22.42333221435547,22.579999923706055,143700
2007-07-12,19.11235809326172,23.183332443237305,23.183332443237305,22.643333435058594,22.68666648864746,258600
2007-07-13,19.076631546020508,23.139999389648438,23.286666870117188,23.086666107177734,23.239999771118164,326700
2007-07-16,19.18105697631836,23.266666412353516,23.290000915527344,23.116666793823242,23.166667938232422,264000
2007-07-17,19.477848052978516,23.626667022705078,23.75,23.376667022705078,23.399999618530273,496200
2007-07-18,19.13709259033203,23.213333129882812,23.286666870117188,22.99333381652832,23.203332901000977,413100
2007-07-19,19.268997192382812,23.373332977294922,23.453332901000977,23.219999313354492,23.383333206176758,184800
2007-07-20,19.03541374206543,23.09000015258789,23.463333129882812,23.040000915527344,23.433332443237305,544800
2007-07-23,19.03265953063965,23.086666107177734,23.323333740234375,23.06333351135254,23.15999984741211,431700
2007-07-24,18.64519500732422,22.616666793823242,22.96666717529297,22.549999237060547,22.793333053588867,562800
2007-07-25,18.689176559448242,22.670000076293945,22.863332748413086,22.520000457763672,22.863332748413086,666300
2007-07-26,18.364904403686523,22.27666664123535,22.573333740234375,21.8799991607666,22.43666648864746,575400
2007-07-27,18.068119049072266,21.916667938232422,22.413333892822266,21.913333892822266,22.200000762939453,605400
2007-07-30,18.39238739013672,22.309999465942383,22.42333221435547,22.016666412353516,22.15333366394043,478800
2007-07-31,18.098352432250977,21.953332901000977,22.549999237060547,21.953332901000977,22.549999237060547,1174500
2007-08-01,18.197275161743164,22.073333740234375,22.139999389648438,21.583332061767578,22.10333251953125,1347000
2007-08-02,18.205520629882812,22.083332061767578,22.19333267211914,21.833332061767578,22.19333267211914,553200
2007-08-03,17.66415786743164,21.426666259765625,22.03333282470703,21.426666259765625,22.0,1453500
2007-08-06,17.897737503051758,21.709999084472656,21.719999313354492,21.28333282470703,21.450000762939453,2033400
2007-08-07,17.883996963500977,21.69333267211914,21.78333282470703,21.343332290649414,21.573333740234375,1598400
2007-08-08,18.28520965576172,22.18000030517578,22.479999542236328,21.913333892822266,21.913333892822266,915600
2007-08-09,18.153308868408203,22.020000457763672,22.416667938232422,21.833332061767578,21.866666793823242,2946300
2007-08-10,18.048879623413086,21.893333435058594,22.1200008392334,21.53333282470703,21.6299991607666,961500
2007-08-13,17.985673904418945,21.816667556762695,22.116666793823242,21.816667556762695,22.116666793823242,336000
2007-08-14,17.75758934020996,21.540000915527344,21.98666763305664,21.52666664123535,21.899999618530273,1852500
2007-08-15,17.26844596862793,20.946666717529297,21.523332595825195,20.933332443237305,21.309999465942383,1248600
2007-08-16,17.25471305847168,20.93000030517578,21.083332061767578,20.30666732788086,20.816667556762695,1069200
2007-08-17,17.554237365722656,21.293333053588867,21.996667861938477,21.086666107177734,21.566667556762695,3301200
2007-08-20,17.76033592224121,21.543333053588867,21.643333435058594,21.329999923706055,21.43666648864746,368400
2007-08-21,17.897737503051758,21.709999084472656,21.75666618347168,21.546667098999023,21.546667098999023,165900
2007-08-22,18.021398544311523,21.860000610351562,21.93666648864746,21.74333381652832,21.916667938232422,251100
2007-08-23,17.856529235839844,21.65999984741211,21.926666259765625,21.60333251953125,21.926666259765625,338700
2007-08-24,18.112092971801758,21.969999313354492,21.983333587646484,21.676666259765625,21.766666412353516,142800
2007-08-27,17.952709197998047,21.77666664123535,21.916667938232422,21.753332138061523,21.893333435058594,64200
2007-08-28,17.488285064697266,21.213333129882812,21.683332443237305,21.163333892822266,21.65333366394043,462300
2007-08-29,17.991172790527344,21.823333740234375,21.84000015258789,21.413333892822266,21.413333892822266,112200
2007-08-30,18.01041603088379,21.84666633605957,22.083332061767578,21.666667938232422,21.666667938232422,287700
2007-08-31,18.345664978027344,22.253332138061523,22.299999237060547,22.040000915527344,22.083332061767578,678300
2007-09-04,18.66169548034668,22.636667251586914,22.836666107177734,22.299999237060547,22.299999237060547,144300
2007-09-05,18.474824905395508,22.40999984741211,22.583332061767578,22.290000915527344,22.566667556762695,390600
2007-09-06,18.634204864501953,22.60333251953125,22.639999389648438,22.34000015258789,22.586666107177734,615300
2007-09-07,18.156057357788086,22.023332595825195,22.239999771118164,21.84666633605957,22.239999771118164,1014900
2007-09-10,18.191781997680664,22.066667556762695,22.35333251953125,21.843332290649414,22.293333053588867,530100
2007-09-11,18.419862747192383,22.343332290649414,22.476667404174805,22.093332290649414,22.25,700500
2007-09-12,18.134071350097656,21.996667861938477,22.413333892822266,21.959999084472656,22.25,270000
2007-09-13,18.068119049072266,21.916667938232422,22.106666564941406,21.89666748046875,22.0,566100
2007-09-14,17.9554500579834,21.780000686645508,21.889999389648438,21.706666946411133,21.719999313354492,442800
2007-09-17,17.90048599243164,21.713333129882812,21.809999465942383,21.593332290649414,21.68000030517578,167700
2007-09-18,18.430856704711914,22.356666564941406,22.479999542236328,21.793333053588867,21.92333221435547,567000
2007-09-19,18.513296127319336,22.456666946411133,22.72333335876465,22.34666633605957,22.5,405900
2007-09-20,18.52703857421875,22.47333335876465,22.546667098999023,22.350000381469727,22.350000381469727,214200
2007-09-21,18.609472274780273,22.573333740234375,22.713333129882812,22.55666732788086,22.593332290649414,200400
2007-09-24,18.55451202392578,22.50666618347168,22.726667404174805,22.39666748046875,22.616666793823242,378900
2007-09-25,18.66169548034668,22.636667251586914,22.663333892822266,22.34000015258789,22.34000015258789,455100
2007-09-26,18.593175888061523,22.52666664123535,22.8700008392334,22.5,22.863332748413086,780600
2007-09-27,18.661958694458008,22.610000610351562,22.786666870117188,22.60333251953125,22.713333129882812,149700
2007-09-28,18.56566047668457,22.49333381652832,22.729999542236328,22.49333381652832,22.643333435058594,324600
2007-10-01,18.953601837158203,22.963333129882812,23.079999923706055,22.626667022705078,22.626667022705078,241800
2007-10-02,18.989364624023438,23.00666618347168,23.053333282470703,22.84666633605957,22.996667861938477,796200
2007-10-03,18.579423904418945,22.510000228881836,23.059999465942383,22.350000381469727,22.726667404174805,377100
2007-10-04,18.54641342163086,22.469999313354492,22.50666618347168,22.303333282470703,22.50666618347168,192600
2007-10-05,18.857295989990234,22.84666633605957,22.97333335876465,22.583332061767578,22.636667251586914,613500
2007-10-08,18.88481330871582,22.8799991607666,22.956666946411133,22.773332595825195,22.913333892822266,783600
2007-10-09,18.74725914001465,22.713333129882812,23.166667938232422,22.433332443237305,23.166667938232422,894600
2007-10-10,18.70323371887207,22.65999984741211,22.706666946411133,22.463333129882812,22.690000534057617,633300
2007-10-11,18.301538467407227,22.17333221435547,22.80666732788086,21.99333381652832,22.80666732788086,503400
2007-10-12,18.524398803710938,22.44333267211914,22.49333381652832,22.24333381652832,22.28333282470703,582900
2007-10-15,18.524398803710938,22.44333267211914,22.600000381469727,22.350000381469727,22.53333282470703,445200
2007-10-16,18.49413299560547,22.406667709350586,22.633333206176758,22.39666748046875,22.416667938232422,736500
2007-10-17,18.838045120239258,22.823333740234375,23.0,22.59666633605957,23.0,732300
2007-10-18,18.846296310424805,22.833332061767578,22.876667022705078,22.559999465942383,22.71666717529297,442800
2007-10-19,18.29329490661621,22.163333892822266,22.753332138061523,22.143333435058594,22.753332138061523,850800
2007-10-22,18.452869415283203,22.356666564941406,22.433332443237305,21.899999618530273,21.940000534057617,538800
2007-10-23,18.49413299560547,22.406667709350586,22.406667709350586,22.10333251953125,22.406667709350586,289500
2007-10-24,17.9273738861084,21.719999313354492,21.92333221435547,21.209999084472656,21.92333221435547,585300
2007-10-25,17.33584213256836,21.003332138061523,21.579999923706055,20.803333282470703,21.57666778564453,488100
2007-10-26,17.393613815307617,21.073333740234375,21.316667556762695,20.90333366394043,21.296667098999023,367800
2007-10-29,17.555950164794922,21.270000457763672,21.393333435058594,21.126667022705078,21.126667022705078,215100
2007-10-30,17.621978759765625,21.350000381469727,21.489999771118164,21.166667938232422,21.196666717529297,645300
2007-10-31,17.787057876586914,21.549999237060547,21.623332977294922,21.25666618347168,21.393333435058594,271200
2007-11-01,17.492660522460938,21.19333267211914,21.469999313354492,21.15999984741211,21.469999313354492,426600
2007-11-02,17.61372184753418,21.34000015258789,21.356666564941406,21.036666870117188,21.266666412353516,1254300
2007-11-05,17.52843475341797,21.23666763305664,21.476667404174805,21.09000015258789,21.09000015258789,1152000
2007-11-06,17.781543731689453,21.543333053588867,21.56333351135254,21.23666763305664,21.350000381469727,1840800
2007-11-07,17.305583953857422,20.96666717529297,21.469999313354492,20.959999084472656,21.34666633605957,384300
2007-11-08,17.060718536376953,20.670000076293945,21.083332061767578,20.32666778564453,21.06999969482422,1187400
2007-11-09,16.912155151367188,20.489999771118164,20.790000915527344,20.413333892822266,20.520000457763672,994200
2007-11-12,16.474681854248047,19.959999084472656,20.549999237060547,19.953332901000977,20.366666793823242,693300
2007-11-13,16.84886932373047,20.413333892822266,20.469999313354492,20.18000030517578,20.253332138061523,115200
2007-11-14,16.719560623168945,20.25666618347168,20.666667938232422,20.253332138061523,20.633333206176758,114000
2007-11-15,16.620506286621094,20.136667251586914,20.393333435058594,19.98666763305664,20.15999984741211,652500
2007-11-16,16.50770378112793,20.0,20.24333381652832,19.89666748046875,20.17333221435547,1236000
2007-11-19,16.207815170288086,19.636667251586914,20.066667556762695,19.613332748413086,19.926666259765625,1242900
2007-11-20,16.00971794128418,19.39666748046875,19.796667098999023,19.053333282470703,19.690000534057617,1628400
2007-11-21,15.693327903747559,19.01333236694336,19.43000030517578,18.80666732788086,19.1299991607666,1572900
2007-11-23,15.921689987182617,19.290000915527344,19.386667251586914,19.06999969482422,19.170000076293945,92700
2007-11-26,15.514496803283691,18.796667098999023,19.446666717529297,18.796667098999023,19.399999618530273,222600
2007-11-27,15.844644546508789,19.196666717529297,19.196666717529297,18.793333053588867,18.81333351135254,1816800
2007-11-28,16.518712997436523,20.01333236694336,20.09000015258789,19.46666717529297,19.56999969482422,443700
2007-11-29,16.504955291748047,19.996667861938477,20.06999969482422,19.843332290649414,19.889999389648438,720300
2007-11-30,16.27109146118164,19.713333129882812,20.27666664123535,19.666667938232422,20.27666664123535,90000
2007-12-03,16.254587173461914,19.69333267211914,19.893333435058594,19.670000076293945,19.75666618347168,72300
2007-12-04,16.128028869628906,19.540000915527344,19.69333267211914,19.503332138061523,19.566667556762695,2136600
2007-12-05,16.58749771118164,20.09666633605957,20.253332138061523,19.866666793823242,19.866666793823242,549300
2007-12-06,16.86812400817871,20.43666648864746,20.483333587646484,20.053333282470703,20.053333282470703,541500
2007-12-07,16.843366622924805,20.406667709350586,20.479999542236328,20.30666732788086,20.43666648864746,277200
2007-12-10,16.98917579650879,20.583332061767578,20.643333435058594,20.35333251953125,20.440000534057617,181200
2007-12-11,16.65352439880371,20.176666259765625,20.81333351135254,20.176666259765625,20.713333129882812,1647000
2007-12-12,16.85987663269043,20.426666259765625,20.786666870117188,20.15999984741211,20.786666870117188,911400
2007-12-13,16.703052520751953,20.23666763305664,20.49333381652832,20.00666618347168,20.316667556762695,1119300
2007-12-14,16.526966094970703,20.023332595825195,20.23666763305664,19.983333587646484,20.10333251953125,944100
2007-12-17,16.16105079650879,19.579999923706055,19.963333129882812,19.579999923706055,19.90999984741211,1101300
2007-12-18,16.235326766967773,19.670000076293945,19.760000228881836,19.459999084472656,19.670000076293945,791400
2007-12-19,16.27384376525879,19.71666717529297,19.84666633605957,19.573333740234375,19.573333740234375,252900
2007-12-20,16.49394416809082,19.983333587646484,20.110000610351562,19.796667098999023,19.920000076293945,304500
2007-12-21,16.70579719543457,20.239999771118164,20.373332977294922,20.156667709350586,20.333332061767578,360300
2007-12-24,16.879125595092773,20.450000762939453,20.476667404174805,20.329999923706055,20.329999923706055,121800
2007-12-26,16.90939712524414,20.48666763305664,20.520000457763672,20.383333206176758,20.46666717529297,548400
2007-12-27,16.560932159423828,20.040000915527344,20.503332138061523,20.03333282470703,20.350000381469727,163500
2007-12-28,16.50583839416504,19.97333335876465,20.136667251586914,19.8799991607666,20.133333206176758,191700
2007-12-31,16.365345001220703,19.803333282470703,20.00666618347168,19.77666664123535,19.933332443237305,270000
2008-01-02,15.92736530303955,19.273332595825195,19.889999389648438,19.1299991607666,19.780000686645508,536700
2008-01-03,15.737287521362305,19.043333053588867,19.343332290649414,18.976667404174805,19.343332290649414,600600
2008-01-04,14.979768753051758,18.126667022705078,18.753332138061523,17.959999084472656,18.753332138061523,649800
2008-01-07,14.621659278869629,17.69333267211914,18.213333129882812,17.530000686645508,18.213333129882812,346500
2008-01-08,14.277329444885254,17.27666664123535,18.00666618347168,17.22333335876465,17.766666412353516,415200
2008-01-09,14.36823558807373,17.386667251586914,17.53333282470703,16.913333892822266,17.209999084472656,599100
2008-01-10,14.426087379455566,17.456666946411133,17.543333053588867,17.10333251953125,17.156667709350586,1900800
2008-01-11,13.977071762084961,16.913333892822266,17.34666633605957,16.81333351135254,17.34666633605957,231300
2008-01-14,14.401286125183105,17.426666259765625,17.456666946411133,17.143333435058594,17.166667938232422,115500
2008-01-15,13.86137866973877,16.773332595825195,17.239999771118164,16.703332901000977,17.239999771118164,356700
2008-01-16,13.685081481933594,16.559999465942383,16.93666648864746,16.10333251953125,16.3799991607666,388200
2008-01-17,13.431650161743164,16.253332138061523,16.913333892822266,16.253332138061523,16.74333381652832,486300
2008-01-18,13.784256935119629,16.68000030517578,16.803333282470703,16.389999389648438,16.479999542236328,392100
2008-01-22,13.525306701660156,16.366666793823242,16.60333251953125,15.793333053588867,16.03333282470703,458100
2008-01-23,13.844847679138184,16.753332138061523,16.790000915527344,15.5,15.626667022705078,443400
2008-01-24,14.238765716552734,17.229999542236328,17.229999542236328,16.77666664123535,16.799999237060547,664800
2008-01-25,13.952280044555664,16.883333206176758,17.766666412353516,16.866666793823242,17.600000381469727,1206000
2008-01-28,14.134087562561035,17.10333251953125,17.10333251953125,16.600000381469727,16.80666732788086,386100
2008-01-29,14.1588773727417,17.133333206176758,17.27666664123535,16.886667251586914,17.05666732788086,224400
2008-01-30,14.147858619689941,17.1200008392334,17.356666564941406,17.00666618347168,17.15333366394043,269100
2008-01-31,14.106542587280273,17.06999969482422,17.25,16.80666732788086,16.899999618530273,318300
2008-02-01,14.858560562133789,17.979999542236328,18.0,17.200000762939453,17.200000762939453,604800
2008-02-04,14.594111442565918,17.65999984741211,18.0,17.6299991607666,17.996667861938477,373800
2008-02-05,13.957791328430176,16.889999389648438,17.360000610351562,16.8700008392334,17.299999237060547,361500
2008-02-06,13.605195999145508,16.463333129882812,17.066667556762695,16.446666717529297,16.94333267211914,379500
2008-02-07,13.731904029846191,16.616666793823242,16.899999618530273,16.100000381469727,16.31999969482422,473700
2008-02-08,13.891678810119629,16.809999465942383,16.983333587646484,16.616666793823242,16.639999389648438,233100
2008-02-11,14.213972091674805,17.200000762939453,17.336666107177734,16.883333206176758,16.883333206176758,164700
2008-02-12,14.145106315612793,17.116666793823242,17.459999084472656,17.079999923706055,17.329999923706055,197400
2008-02-13,14.668487548828125,17.75,17.753332138061523,17.323333740234375,17.323333740234375,74700
2008-02-14,14.172658920288086,17.149999618530273,17.766666412353516,17.149999618530273,17.766666412353516,992400
2008-02-15,13.913716316223145,16.836666107177734,17.170000076293945,16.75666618347168,17.066667556762695,103800
2008-02-19,13.81179141998291,16.713333129882812,17.07666778564453,16.64666748046875,17.066667556762695,166500
2008-02-20,14.08174991607666,17.040000915527344,17.15999984741211,16.523332595825195,16.523332595825195,165000
2008-02-21,14.043187141418457,16.99333381652832,17.446666717529297,16.940000534057617,17.299999237060547,825900
2008-02-22,14.090014457702637,17.049999237060547,17.06333351135254,16.709999084472656,17.036666870117188,728100
2008-02-25,14.224990844726562,17.213333129882812,17.303333282470703,16.873332977294922,16.98666763305664,1883700
2008-02-26,14.453631401062012,17.489999771118164,17.656667709350586,17.06999969482422,17.06999969482422,4507200
2008-02-27,14.580337524414062,17.643333435058594,17.766666412353516,17.350000381469727,17.350000381469727,1743300
2008-02-28,14.236007690429688,17.226667404174805,17.520000457763672,17.17333221435547,17.453332901000977,293700
2008-02-29,13.825568199157715,16.729999542236328,17.09666633605957,16.683332443237305,17.066667556762695,209400
2008-03-03,13.742927551269531,16.6299991607666,16.766666412353516,16.469999313354492,16.726667404174805,908700
2008-03-04,13.817303657531738,16.719999313354492,16.73666763305664,16.206666946411133,16.5,808200
2008-03-05,13.955035209655762,16.886667251586914,17.030000686645508,16.593332290649414,16.593332290649414,235500
2008-03-06,13.5528564453125,16.399999618530273,16.803333282470703,16.3799991607666,16.726667404174805,158400
2008-03-07,13.569388389587402,16.420000076293945,16.793333053588867,16.06999969482422,16.25,339900
2008-03-10,13.35727596282959,16.163333892822266,16.540000915527344,16.163333892822266,16.3799991607666,211800
2008-03-11,13.825568199157715,16.729999542236328,16.729999542236328,16.21666717529297,16.35333251953125,212700
2008-03-12,13.72364330291748,16.606666564941406,16.899999618530273,16.606666564941406,16.68000030517578,1378500
2008-03-13,13.966052055358887,16.899999618530273,16.98666763305664,16.303333282470703,16.303333282470703,387300
2008-03-14,13.566632270812988,16.416667938232422,16.959999084472656,16.280000686645508,16.933332443237305,956100
2008-03-17,13.514294624328613,16.35333251953125,16.586666107177734,15.686667442321777,15.686667442321777,1865100
2008-03-18,14.054207801818848,17.00666618347168,17.00666618347168,16.459999084472656,16.510000228881836,982500
2008-03-19,13.478479385375977,16.309999465942383,16.976667404174805,16.293333053588867,16.963333129882812,511800
2008-03-20,13.742927551269531,16.6299991607666,16.6299991607666,16.183332443237305,16.270000457763672,4154700
2008-03-24,14.178165435791016,17.156667709350586,17.360000610351562,16.633333206176758,16.633333206176758,727200
2008-03-25,14.219481468200684,17.206666946411133,17.316667556762695,17.049999237060547,17.166667938232422,162900
2008-03-26,14.067974090576172,17.023332595825195,17.206666946411133,16.81999969482422,17.133333206176758,2055000
2008-03-27,13.704365730285645,16.583332061767578,16.953332901000977,16.583332061767578,16.953332901000977,262500
2008-03-28,13.506024360656738,16.343332290649414,16.78333282470703,16.343332290649414,16.75,229500
2008-03-31,13.65202522277832,16.520000457763672,16.67333221435547,16.366666793823242,16.366666793823242,479700
2008-04-01,14.2222318649292,17.209999084472656,17.246667861938477,16.696666717529297,16.696666717529297,866400
2008-04-02,14.324150085449219,17.333332061767578,17.579999923706055,17.206666946411133,17.206666946411133,2016900
2008-04-03,14.528007507324219,17.579999923706055,17.68000030517578,17.083332061767578,17.196666717529297,922800
2008-04-04,14.547277450561523,17.60333251953125,17.729999542236328,17.356666564941406,17.503332138061523,297900
2008-04-07,14.437097549438477,17.469999313354492,17.766666412353516,17.386667251586914,17.68666648864746,3148800
2008-04-08,14.131327629089355,17.100000381469727,17.296667098999023,17.043333053588867,17.296667098999023,337500
2008-04-09,14.274579048156738,17.273332595825195,17.450000762939453,17.02666664123535,17.166667938232422,2472300
2008-04-10,14.60788631439209,17.676666259765625,17.843332290649414,17.309999465942383,17.316667556762695,1656900
2008-04-11,14.073488235473633,17.030000686645508,17.496667861938477,16.979999542236328,17.496667861938477,588900
2008-04-14,13.820060729980469,16.72333335876465,16.976667404174805,16.683332443237305,16.899999618530273,450600
2008-04-15,13.855868339538574,16.766666412353516,16.809999465942383,16.406667709350586,16.809999465942383,748800
2008-04-16,14.417817115783691,17.446666717529297,17.483333587646484,17.093332290649414,17.110000610351562,555600
2008-04-17,14.318649291992188,17.32666778564453,17.35333251953125,17.079999923706055,17.333332061767578,360900
2008-04-18,14.627172470092773,17.700000762939453,17.850000381469727,17.5,17.636667251586914,957600
2008-04-21,14.786941528320312,17.893333435058594,17.90999984741211,17.583332061767578,17.583332061767578,1871700
2008-04-22,14.398528099060059,17.42333221435547,17.733333587646484,17.239999771118164,17.733333587646484,1019400
2008-04-23,14.817241668701172,17.93000030517578,18.110000610351562,17.503332138061523,17.503332138061523,1615200
2008-04-24,15.08169174194336,18.25,18.399999618530273,17.71666717529297,17.920000076293945,1280400
2008-04-25,15.026588439941406,18.183332443237305,18.350000381469727,17.823333740234375,18.350000381469727,360300
2008-04-28,14.919156074523926,18.053333282470703,18.15999984741211,17.963333129882812,18.07666778564453,617100
2008-04-29,14.990782737731934,18.139999389648438,18.229999542236328,18.0,18.00666618347168,669900
2008-04-30,14.707056045532227,17.796667098999023,18.163333892822266,17.69333267211914,18.163333892822266,2556300
2008-05-01,15.257975578308105,18.463333129882812,18.53333282470703,17.78333282470703,17.78333282470703,2147100
2008-05-02,15.266246795654297,18.47333335876465,18.69333267211914,18.233333587646484,18.633333206176758,2086800
2008-05-05,15.156065940856934,18.34000015258789,18.47333335876465,18.219999313354492,18.39666748046875,1626600
2008-05-06,15.412248611450195,18.649999618530273,18.67333221435547,18.176666259765625,18.176666259765625,936600
2008-05-07,15.224922180175781,18.42333221435547,18.886667251586914,18.42333221435547,18.700000762939453,3071100
2008-05-08,15.288286209106445,18.5,18.643333435058594,18.28333282470703,18.48666763305664,3518700
2008-05-09,15.285524368286133,18.496667861938477,18.623332977294922,18.303333282470703,18.303333282470703,228600
2008-05-12,15.472845077514648,18.72333335876465,18.746667861938477,18.40333366394043,18.40333366394043,172800
2008-05-13,15.538955688476562,18.803333282470703,18.84000015258789,18.666667938232422,18.78333282470703,249600
2008-05-14,15.737287521362305,19.043333053588867,19.366666793823242,18.793333053588867,18.793333053588867,446400
2008-05-15,16.10365104675293,19.48666763305664,19.49333381652832,19.016666412353516,19.073333740234375,402000
2008-05-16,16.191808700561523,19.593332290649414,19.59666633605957,19.190000534057617,19.5,307200
2008-05-19,16.114681243896484,19.5,19.979999542236328,19.43000030517578,19.633333206176758,354300
2008-05-20,15.718008995056152,19.020000457763672,19.42333221435547,18.889999389648438,19.42333221435547,338400
2008-05-21,15.467337608337402,18.71666717529297,19.09666633605957,18.68000030517578,18.93666648864746,271200
2008-05-22,15.555490493774414,18.823333740234375,19.003332138061523,18.726667404174805,18.73666763305664,376500
2008-05-23,15.437030792236328,18.68000030517578,18.796667098999023,18.420000076293945,18.796667098999023,267000
2008-05-27,15.718008995056152,19.020000457763672,19.040000915527344,18.649999618530273,18.649999618530273,371700
2008-05-28,15.77861213684082,19.093332290649414,19.163333892822266,18.90333366394043,19.113332748413086,586500
2008-05-29,15.72352123260498,19.02666664123535,19.156667709350586,19.01333236694336,19.03333282470703,132600
2008-05-30,15.954914093017578,19.30666732788086,19.40333366394043,19.113332748413086,19.113332748413086,237600
2008-06-02,15.795151710510254,19.113332748413086,19.299999237060547,18.8799991607666,19.26333236694336,230100
2008-06-03,15.572006225585938,18.843332290649414,19.166667938232422,18.700000762939453,19.166667938232422,556800
2008-06-04,15.81717586517334,19.139999389648438,19.260000228881836,18.916667938232422,18.98666763305664,582900
2008-06-05,16.02102279663086,19.386667251586914,19.47333335876465,19.166667938232422,19.329999923706055,404100
2008-06-06,15.80064868927002,19.1200008392334,19.399999618530273,18.876667022705078,19.350000381469727,354900
2008-06-09,15.472845077514648,18.72333335876465,19.01333236694336,18.3799991607666,19.01333236694336,331800
2008-06-10,15.161574363708496,18.34666633605957,18.579999923706055,18.233333587646484,18.579999923706055,816300
2008-06-11,14.676751136779785,17.760000228881836,18.40333366394043,17.760000228881836,18.40333366394043,459000
2008-06-12,14.737354278564453,17.833332061767578,18.190000534057617,17.683332443237305,17.683332443237305,552600
2008-06-13,15.117497444152832,18.293333053588867,18.386667251586914,17.96666717529297,18.0,3403200
2008-06-16,15.420509338378906,18.65999984741211,18.76333236694336,18.209999084472656,18.209999084472656,1749600
2008-06-17,15.21115779876709,18.406667709350586,18.82666778564453,18.399999618530273,18.683332443237305,1440300
2008-06-18,14.875083923339844,18.0,18.366666793823242,17.92333221435547,18.233333587646484,187800
2008-06-19,15.263490676879883,18.469999313354492,18.600000381469727,17.893333435058594,18.079999923706055,430500
2008-06-20,14.919156074523926,18.053333282470703,18.239999771118164,17.979999542236328,18.239999771118164,324300
2008-06-23,14.720317840576172,17.766666412353516,18.233333587646484,17.746667861938477,18.233333587646484,496800
2008-06-24,14.794883728027344,17.856666564941406,18.190000534057617,17.6200008392334,17.6200008392334,2746500
2008-06-25,15.054486274719238,18.170000076293945,18.40333366394043,18.059999465942383,18.059999465942383,781800
2008-06-26,14.377848625183105,17.35333251953125,18.030000686645508,17.26333236694336,18.0,2019000
2008-06-27,14.28394603729248,17.239999771118164,17.376667022705078,16.989999771118164,17.28333282470703,715500
2008-06-30,14.140337944030762,17.066667556762695,17.413333892822266,17.066667556762695,17.123332977294922,238500
2008-07-01,14.090625762939453,17.00666618347168,17.03333282470703,16.553333282470703,16.899999618530273,341700
2008-07-02,13.753689765930176,16.600000381469727,17.14666748046875,16.553333282470703,17.046667098999023,697200
2008-07-03,13.35875415802002,16.123332977294922,16.733333587646484,15.896666526794434,16.733333587646484,1032900
2008-07-07,13.438844680786133,16.219999313354492,16.566667556762695,15.983332633972168,16.206666946411133,3449100
2008-07-08,13.516175270080566,16.31333351135254,16.373332977294922,15.986666679382324,16.133333206176758,901500
2008-07-09,12.969341278076172,15.653332710266113,16.333332061767578,15.653332710266113,16.333332061767578,4893900
2008-07-10,13.159902572631836,15.883333206176758,15.94333267211914,15.516667366027832,15.583333015441895,750900
2008-07-11,13.112954139709473,15.826666831970215,16.06333351135254,15.433333396911621,15.6899995803833,2791800
2008-07-14,12.952767372131348,15.633333206176758,16.00666618347168,15.470000267028809,15.923333168029785,1956900
2008-07-15,13.079817771911621,15.786666870117188,16.086666107177734,15.386667251586914,15.50333309173584,1030500
2008-07-16,13.502364158630371,16.296667098999023,16.343332290649414,15.723333358764648,15.979999542236328,3625800
2008-07-17,13.792353630065918,16.64666748046875,16.739999771118164,16.176666259765625,16.43000030517578,976500
2008-07-18,13.726072311401367,16.566667556762695,16.6299991607666,16.083332061767578,16.573333740234375,4616400
2008-07-21,13.610074996948242,16.426666259765625,16.68666648864746,16.343332290649414,16.666667938232422,501300
2008-07-22,13.190285682678223,15.920000076293945,16.113332748413086,15.686667442321777,16.110000610351562,735000
2008-07-23,13.314566612243652,16.06999969482422,16.25666618347168,15.823332786560059,15.970000267028809,692100
2008-07-24,12.679360389709473,15.303333282470703,16.0,15.270000457763672,16.0,863700
2008-07-25,12.803634643554688,15.453332901000977,15.493332862854004,15.183333396911621,15.34000015258789,4945500
2008-07-28,12.5964994430542,15.203332901000977,15.479999542236328,15.153332710266113,15.30666732788086,2046000
2008-07-29,12.919631958007812,15.59333324432373,15.623332977294922,15.226667404174805,15.333333015441895,1445400
2008-07-30,13.024579048156738,15.720000267028809,15.883333206176758,15.529999732971191,15.739999771118164,3765600
2008-07-31,12.977627754211426,15.66333293914795,16.0,15.583333015441895,15.583333015441895,911100
2008-08-01,12.861627578735352,15.523332595825195,15.699999809265137,15.3100004196167,15.643333435058594,1091400
2008-08-04,12.886489868164062,15.553333282470703,15.716667175292969,15.489999771118164,15.596667289733887,604200
2008-08-05,13.204092979431152,15.936667442321777,15.946666717529297,15.569999694824219,15.710000038146973,738600
2008-08-06,13.369800567626953,16.136667251586914,16.213333129882812,15.696666717529297,16.010000228881836,538200
2008-08-07,13.499605178833008,16.293333053588867,16.616666793823242,15.936667442321777,16.133333206176758,702000
2008-08-08,13.781303405761719,16.633333206176758,16.683332443237305,16.206666946411133,16.280000686645508,497700
2008-08-11,14.071296691894531,16.983333587646484,17.196666717529297,16.626667022705078,16.713333129882812,676800
2008-08-12,14.043679237365723,16.950000762939453,17.086666107177734,16.8799991607666,17.0,825000
2008-08-13,14.112717628479004,17.03333282470703,17.213333129882812,16.843332290649414,17.020000457763672,947100
2008-08-14,14.256336212158203,17.206666946411133,17.286666870117188,16.899999618530273,16.93000030517578,695100
2008-08-15,14.322613716125488,17.286666870117188,17.433332443237305,17.163333892822266,17.299999237060547,1181700
2008-08-18,14.140337944030762,17.066667556762695,17.40999984741211,16.873332977294922,17.40999984741211,1061100
2008-08-19,13.875208854675293,16.746667861938477,17.016666412353516,16.68666648864746,16.979999542236328,828300
2008-08-20,13.836540222167969,16.700000762939453,16.956666946411133,16.613332748413086,16.89666748046875,941400
2008-08-21,13.759212493896484,16.606666564941406,16.683332443237305,16.476667404174805,16.656667709350586,684600
2008-08-22,13.930442810058594,16.81333351135254,16.876667022705078,16.649999618530273,16.799999237060547,416700
2008-08-25,13.712261199951172,16.549999237060547,16.823333740234375,16.540000915527344,16.713333129882812,838200
2008-08-26,13.593507766723633,16.406667709350586,16.5,16.280000686645508,16.479999542236328,576900
2008-08-27,13.728837013244629,16.56999969482422,16.68666648864746,16.35333251953125,16.366666793823242,291300
2008-08-28,13.858640670776367,16.726667404174805,16.753332138061523,16.59666633605957,16.643333435058594,610500
2008-08-29,13.54931640625,16.35333251953125,16.559999465942383,16.233333587646484,16.53333282470703,491400
2008-09-02,13.336663246154785,16.09666633605957,16.69333267211914,16.016666412353516,16.606666564941406,1169700
2008-09-03,12.731830596923828,15.366666793823242,16.0,15.323332786560059,16.0,1014900
2008-09-04,12.339656829833984,14.893333435058594,15.279999732971191,14.846667289733887,15.25,1060800
2008-09-05,12.502598762512207,15.09000015258789,15.173333168029785,14.6899995803833,14.6899995803833,939000
2008-09-08,12.428032875061035,15.0,15.486666679382324,14.733332633972168,15.486666679382324,993900
2008-09-09,11.944720268249512,14.416666984558105,14.993332862854004,14.34000015258789,14.833333015441895,2081400
2008-09-10,12.019288063049316,14.506667137145996,14.680000305175781,14.40666675567627,14.616666793823242,1312800
2008-09-11,12.022047996520996,14.510000228881836,14.606666564941406,14.126667022705078,14.34333324432373,1560000
2008-09-12,12.038618087768555,14.529999732971191,14.563332557678223,14.15999984741211,14.319999694824219,1162500
2008-09-15,11.569116592407227,13.963333129882812,14.456666946411133,13.949999809265137,13.986666679382324,1541100
2008-09-16,11.690634727478027,14.109999656677246,14.270000457763672,13.333333015441895,13.386667251586914,1938600
2008-09-17,11.298458099365234,13.636667251586914,14.220000267028809,13.636667251586914,13.696666717529297,961500
2008-09-18,11.867391586303711,14.323332786560059,14.449999809265137,13.386667251586914,13.886667251586914,2410200
2008-09-19,12.15461254119873,14.670000076293945,15.616666793823242,13.329999923706055,15.41333293914795,477300
2008-09-22,11.60226058959961,14.00333309173584,14.579999923706055,13.99666690826416,14.399999618530273,203100
2008-09-23,11.425500869750977,13.789999961853027,14.210000038146973,13.706666946411133,14.0600004196167,169800
2008-09-24,11.541496276855469,13.930000305175781,14.123332977294922,13.866666793823242,13.953332901000977,395700
2008-09-25,11.707205772399902,14.130000114440918,14.300000190734863,13.579999923706055,13.579999923706055,498000
2008-09-26,11.770724296569824,14.206666946411133,14.206666946411133,13.446666717529297,14.076666831970215,467100
2008-09-29,10.77096176147461,13.0,14.15999984741211,12.903332710266113,14.15999984741211,1169700
2008-09-30,11.19627571105957,13.513333320617676,13.536666870117188,12.800000190734863,12.800000190734863,1665900
2008-10-01,11.135516166687012,13.4399995803833,13.640000343322754,13.239999771118164,13.640000343322754,1028100
2008-10-02,10.461639404296875,12.626667022705078,13.24666690826416,12.600000381469727,13.206666946411133,941700
2008-10-03,10.34288215637207,12.483332633972168,13.130000114440918,12.470000267028809,12.903332710266113,824400
2008-10-06,9.992140769958496,12.0600004196167,12.19333267211914,11.40999984741211,12.146666526794434,857700
2008-10-07,9.34035587310791,11.273332595825195,12.206666946411133,11.243332862854004,12.09333324432373,628500
2008-10-08,9.318262100219727,11.24666690826416,11.766667366027832,10.8100004196167,10.8100004196167,2062500
2008-10-09,9.15807819366455,11.053333282470703,11.733332633972168,10.90666675567627,11.489999771118164,967800
2008-10-10,9.042084693908691,10.91333293914795,11.363332748413086,10.229999542236328,10.376667022705078,2379000
2008-10-13,9.870622634887695,11.91333293914795,11.91333293914795,11.133333206176758,11.133333206176758,617700
2008-10-14,9.461875915527344,11.420000076293945,12.383333206176758,11.273332595825195,12.303333282470703,1168800
2008-10-15,8.58638858795166,10.363332748413086,11.373332977294922,10.350000381469727,11.363332748413086,849000
2008-10-16,9.003418922424316,10.866666793823242,10.896666526794434,9.899999618530273,10.33666706085205,1512300
2008-10-17,8.862564086914062,10.696666717529297,11.15666675567627,10.609999656677246,10.643333435058594,928500
2008-10-20,9.12769889831543,11.016667366027832,11.046667098999023,10.796667098999023,10.9399995803833,562800
2008-10-21,8.694098472595215,10.493332862854004,10.83666706085205,10.493332862854004,10.546667098999023,618300
2008-10-22,8.340592384338379,10.066666603088379,10.600000381469727,9.883333206176758,10.479999542236328,415200
2008-10-23,8.166597366333008,9.856666564941406,10.173333168029785,9.479999542236328,10.100000381469727,543000
2008-10-24,8.15831470489502,9.846667289733887,10.149999618530273,9.026666641235352,9.026666641235352,669600
2008-10-27,8.141739845275879,9.826666831970215,10.25333309173584,9.583333015441895,9.583333015441895,532500
2008-10-28,8.873610496520996,10.710000038146973,10.729999542236328,9.800000190734863,10.130000114440918,981600
2008-10-29,8.727239608764648,10.533332824707031,10.850000381469727,10.393333435058594,10.58666706085205,593400
2008-10-30,9.105603218078613,10.989999771118164,11.0,10.523332595825195,10.833333015441895,429900
2008-10-31,9.221599578857422,11.130000114440918,11.333333015441895,10.74666690826416,10.74666690826416,541500
2008-11-03,9.199504852294922,11.103333473205566,11.33666706085205,11.053333282470703,11.25333309173584,217800
2008-11-04,9.541964530944824,11.516667366027832,11.550000190734863,11.220000267028809,11.319999694824219,261900
2008-11-05,9.047605514526367,10.920000076293945,11.40666675567627,10.916666984558105,11.346667289733887,231300
2008-11-06,8.359925270080566,10.09000015258789,10.813332557678223,10.073332786560059,10.726667404174805,225300
2008-11-07,8.544962882995605,10.313332557678223,10.383333206176758,10.126667022705078,10.1899995803833,139500
2008-11-10,8.296402931213379,10.013333320617676,10.433333396911621,9.90666675567627,10.396666526794434,163500
2008-11-11,8.119647026062012,9.800000190734863,10.010000228881836,9.653332710266113,9.796667098999023,403200
2008-11-12,7.710906505584717,9.30666732788086,9.743332862854004,9.293333053588867,9.606666564941406,185100
2008-11-13,8.219071388244629,9.920000076293945,9.920000076293945,8.84000015258789,9.380000114440918,571800
2008-11-14,7.647378444671631,9.229999542236328,9.680000305175781,9.180000305175781,9.649999618530273,335700
2008-11-17,7.448530197143555,8.989999771118164,9.25333309173584,8.979999542236328,9.09000015258789,337500
2008-11-18,7.280064582824707,8.786666870117188,9.05666732788086,8.533332824707031,8.930000305175781,359400
2008-11-19,6.7359938621521,8.130000114440918,8.826666831970215,8.130000114440918,8.673333168029785,254100
2008-11-20,6.457053184509277,7.793333053588867,8.430000305175781,7.793333053588867,8.026666641235352,422700
2008-11-21,6.7525634765625,8.149999618530273,8.15999984741211,7.633333206176758,8.096667289733887,336600
2008-11-24,7.1695942878723145,8.653332710266113,8.716667175292969,8.136667251586914,8.136667251586914,196500
2008-11-25,7.089503288269043,8.55666732788086,8.733332633972168,8.353333473205566,8.706666946411133,523800
2008-11-26,7.56728982925415,9.133333206176758,9.149999618530273,8.333333015441895,8.333333015441895,348900
2008-11-28,7.476151466369629,9.023332595825195,9.173333168029785,8.920000076293945,9.173333168029785,183600
2008-12-01,6.9099884033203125,8.34000015258789,8.766667366027832,8.34000015258789,8.696666717529297,478200
2008-12-02,7.025978088378906,8.479999542236328,8.55666732788086,8.180000305175781,8.526666641235352,414900
2008-12-03,7.365682601928711,8.890000343322754,8.90666675567627,8.220000267028809,8.220000267028809,553200
2008-12-04,6.951412200927734,8.390000343322754,8.893333435058594,8.30666732788086,8.729999542236328,436500
2008-12-05,7.202735900878906,8.69333267211914,8.69333267211914,8.043333053588867,8.220000267028809,710400
2008-12-08,7.313207626342773,8.826666831970215,8.963333129882812,8.673333168029785,8.91333293914795,250200
2008-12-09,7.644620895385742,9.226667404174805,9.536666870117188,8.623332977294922,8.786666870117188,854400
2008-12-10,7.788233280181885,9.399999618530273,9.710000038146973,9.180000305175781,9.226667404174805,874800
2008-12-11,7.608718395233154,9.183333396911621,9.573332786560059,9.146666526794434,9.333333015441895,374100
2008-12-12,7.989837169647217,9.643333435058594,9.666666984558105,8.956666946411133,8.956666946411133,683100
2008-12-15,7.868327617645264,9.49666690826416,9.69333267211914,9.293333053588867,9.69333267211914,297000
2008-12-16,8.285356521606445,10.0,10.043333053588867,9.58666706085205,9.636667251586914,363300
2008-12-17,8.36820125579834,10.100000381469727,10.206666946411133,9.756667137145996,9.859999656677246,362400
2008-12-18,7.8517560958862305,9.476667404174805,10.076666831970215,9.350000381469727,10.076666831970215,343200
2008-12-19,8.031270980834961,9.69333267211914,9.819999694824219,9.569999694824219,9.59000015258789,234900
2008-12-22,7.724572658538818,9.243332862854004,9.546667098999023,9.05666732788086,9.546667098999023,233400
2008-12-23,7.496148109436035,8.970000267028809,9.300000190734863,8.926667213439941,9.300000190734863,260700
2008-12-24,7.5825042724609375,9.073332786560059,9.083333015441895,8.986666679382324,8.99666690826416,142500
2008-12-26,7.5323615074157715,9.013333320617676,9.083333015441895,8.946666717529297,9.083333015441895,134100
2008-12-29,7.496148109436035,8.970000267028809,9.013333320617676,8.829999923706055,9.006667137145996,379500
2008-12-30,7.83042573928833,9.369999885559082,9.399999618530273,9.029999732971191,9.029999732971191,342900
2008-12-31,7.90285062789917,9.456666946411133,9.550000190734863,9.353333473205566,9.359999656677246,192600
2009-01-02,8.270556449890137,9.896666526794434,9.930000305175781,9.393333435058594,9.473333358764648,169200
2009-01-05,8.267772674560547,9.893333435058594,10.043333053588867,9.743332862854004,9.8100004196167,367800
2009-01-06,8.713471412658691,10.426667213439941,10.516667366027832,9.953332901000977,9.953332901000977,424200
2009-01-07,8.303982734680176,9.936667442321777,10.166666984558105,9.823332786560059,10.166666984558105,351600
2009-01-08,8.295626640319824,9.926667213439941,9.956666946411133,9.65666675567627,9.829999923706055,242100
2009-01-09,8.003135681152344,9.576666831970215,9.916666984558105,9.55666732788086,9.899999618530273,256200
2009-01-12,7.758000373840332,9.283332824707031,9.55666732788086,9.196666717529297,9.55666732788086,199200
2009-01-13,7.7691426277160645,9.296667098999023,9.553333282470703,9.130000114440918,9.390000343322754,449100
2009-01-14,7.457152366638184,8.923333168029785,9.173333168029785,8.869999885559082,9.146666526794434,220500
2009-01-15,7.590859889984131,9.083333015441895,9.1899995803833,8.713333129882812,8.936667442321777,440400
2009-01-16,7.90285062789917,9.456666946411133,9.49666690826416,9.05666732788086,9.286666870117188,653400
2009-01-20,7.370795726776123,8.819999694824219,9.4399995803833,8.803333282470703,9.4399995803833,366900
2009-01-21,7.5518646240234375,9.036666870117188,9.0600004196167,8.626667022705078,8.953332901000977,277500
2009-01-22,7.365222930908203,8.813332557678223,8.989999771118164,8.59000015258789,8.813332557678223,456000
2009-01-23,7.679999351501465,9.1899995803833,9.33666706085205,8.706666946411133,8.829999923706055,543600
2009-01-26,7.744072914123535,9.266667366027832,9.476667404174805,9.143333435058594,9.206666946411133,519300
2009-01-27,7.991994857788086,9.563332557678223,9.649999618530273,9.289999961853027,9.289999961853027,635700
2009-01-28,8.270556449890137,9.896666526794434,9.979999542236328,9.710000038146973,9.789999961853027,635700
2009-01-29,7.855491638183594,9.399999618530273,9.733332633972168,9.33666706085205,9.733332633972168,367800
2009-01-30,7.696713924407959,9.210000038146973,9.539999961853027,9.130000114440918,9.453332901000977,788700
2009-02-02,7.785858631134033,9.316666603088379,9.396666526794434,9.006667137145996,9.036666870117188,566400
2009-02-03,7.911208629608154,9.466667175292969,9.49666690826416,9.16333293914795,9.350000381469727,1230600
2009-02-04,8.011489868164062,9.58666706085205,9.920000076293945,9.390000343322754,9.453332901000977,1090500
2009-02-05,8.340193748474121,9.979999542236328,10.116666793823242,9.420000076293945,9.420000076293945,950700
2009-02-06,8.649404525756836,10.350000381469727,10.40999984741211,10.036666870117188,10.036666870117188,552300
2009-02-09,8.604833602905273,10.296667098999023,10.366666793823242,10.166666984558105,10.316666603088379,1004700
2009-02-10,8.209270477294922,9.823332786560059,10.41333293914795,9.729999542236328,10.229999542236328,567900
2009-02-11,8.058845520019531,9.643333435058594,9.80666732788086,9.453332901000977,9.80666732788086,654900
2009-02-12,8.161917686462402,9.766667366027832,9.813332557678223,9.420000076293945,9.473333358764648,924900
2009-02-13,8.295626640319824,9.926667213439941,10.043333053588867,9.733332633972168,9.733332633972168,728400
2009-02-17,7.730140686035156,9.25,9.55666732788086,9.236666679382324,9.553333282470703,441300
2009-02-18,7.74128532409668,9.263333320617676,9.49666690826416,9.170000076293945,9.303333282470703,662100
2009-02-19,7.376368999481201,8.826666831970215,9.369999885559082,8.793333053588867,9.356666564941406,493200
2009-02-20,7.4209370613098145,8.880000114440918,8.989999771118164,8.666666984558105,8.666666984558105,818100
2009-02-23,7.108942031860352,8.506667137145996,8.916666984558105,8.470000267028809,8.916666984558105,1062300
2009-02-24,7.471076488494873,8.9399995803833,8.993332862854004,8.579999923706055,8.579999923706055,215100
2009-02-25,7.682784557342529,9.19333267211914,9.433333396911621,8.823332786560059,8.90666675567627,990600
2009-02-26,7.613147258758545,9.109999656677246,9.619999885559082,9.073332786560059,9.276666641235352,578400
2009-02-27,7.571359157562256,9.0600004196167,9.256667137145996,8.976667404174805,8.993332862854004,756900
2009-03-02,7.173015594482422,8.583333015441895,9.039999961853027,8.543333053588867,8.880000114440918,394200
2009-03-03,7.276085376739502,8.706666946411133,8.866666793823242,8.55666732788086,8.733332633972168,818400
2009-03-04,7.59921932220459,9.09333324432373,9.273332595825195,8.829999923706055,8.876667022705078,669600
2009-03-05,7.496148109436035,8.970000267028809,9.273332595825195,8.956666946411133,9.0,1372200
2009-03-06,7.401440620422363,8.856666564941406,9.199999809265137,8.643333435058594,9.08666706085205,1364400
2009-03-09,7.259368419647217,8.686667442321777,9.130000114440918,8.653332710266113,8.773332595825195,439800
2009-03-10,7.82206916809082,9.359999656677246,9.376667022705078,8.873332977294922,8.926667213439941,787800
2009-03-11,8.019850730895996,9.596667289733887,9.683333396911621,9.403332710266113,9.403332710266113,838800
2009-03-12,8.368056297302246,10.013333320617676,10.033332824707031,9.513333320617676,9.66333293914795,840300
2009-03-13,8.451622009277344,10.113332748413086,10.149999618530273,9.896666526794434,10.043333053588867,783900
2009-03-16,8.195344924926758,9.80666732788086,10.460000038146973,9.763333320617676,10.426667213439941,915300
2009-03-17,8.515690803527832,10.1899995803833,10.206666946411133,9.743332862854004,9.846667289733887,537000
2009-03-18,8.791473388671875,10.520000457763672,10.603333473205566,10.126667022705078,10.176667213439941,1107300
2009-03-19,8.77197551727295,10.49666690826416,10.670000076293945,10.366666793823242,10.670000076293945,1969800
2009-03-20,8.423763275146484,10.079999923706055,10.576666831970215,9.923333168029785,10.44333267211914,492000
2009-03-23,8.964180946350098,10.726667404174805,10.726667404174805,10.273332595825195,10.40999984741211,545100
2009-03-24,8.699541091918945,10.40999984741211,10.729999542236328,10.380000114440918,10.729999542236328,663300
2009-03-25,8.7636137008667,10.486666679382324,10.866666793823242,10.170000076293945,10.539999961853027,1688400
2009-03-26,9.1898193359375,10.99666690826416,11.0,10.523332595825195,10.523332595825195,1132500
2009-03-27,9.033818244934082,10.8100004196167,11.016667366027832,10.743332862854004,10.979999542236328,337800
2009-03-30,8.652190208435059,10.353333473205566,10.793333053588867,10.213333129882812,10.793333053588867,423600
2009-03-31,8.674473762512207,10.380000114440918,10.58666706085205,10.333333015441895,10.579999923706055,856200
2009-04-01,8.824898719787598,10.5600004196167,10.596667289733887,10.140000343322754,10.166666984558105,429600
2009-04-02,9.184245109558105,10.989999771118164,11.183333396911621,10.756667137145996,10.789999961853027,715200
2009-04-03,9.460021018981934,11.319999694824219,11.319999694824219,10.869999885559082,11.119999885559082,663300
2009-04-06,9.290099143981934,11.116666793823242,11.229999542236328,10.880000114440918,11.180000305175781,416100
2009-04-07,8.953035354614258,10.713333129882812,10.966667175292969,10.636667251586914,10.966667175292969,593100
2009-04-08,9.156390190124512,10.956666946411133,10.993332862854004,10.666666984558105,10.75,1474800
2009-04-09,9.543596267700195,11.420000076293945,11.523332595825195,11.166666984558105,11.263333320617676,1699200
2009-04-13,9.44052505493164,11.296667098999023,11.4399995803833,11.026666641235352,11.423333168029785,1583700
2009-04-14,9.471161842346191,11.333333015441895,11.546667098999023,11.133333206176758,11.216667175292969,1028400
2009-04-15,9.295671463012695,11.123332977294922,11.143333435058594,10.916666984558105,11.130000114440918,1226400
2009-04-16,9.677303314208984,11.579999923706055,11.596667289733887,11.186667442321777,11.333333015441895,954600
2009-04-17,9.688448905944824,11.59333324432373,11.666666984558105,11.350000381469727,11.623332977294922,1158000
2009-04-20,9.237174987792969,11.053333282470703,11.420000076293945,10.973333358764648,11.346667289733887,880200
2009-04-21,9.217671394348145,11.029999732971191,11.176667213439941,10.743332862854004,10.90999984741211,1080000
2009-04-22,9.496235847473145,11.363332748413086,11.676667213439941,10.80666732788086,10.90666675567627,1218300
2009-04-23,9.4293794631958,11.283332824707031,11.506667137145996,10.90666675567627,11.506667137145996,1635300
2009-04-24,9.563095092773438,11.44333267211914,11.539999961853027,11.069999694824219,11.4399995803833,1604400
2009-04-27,9.504592895507812,11.373332977294922,11.579999923706055,11.226667404174805,11.226667404174805,1219200
2009-04-28,9.348597526550293,11.186667442321777,11.353333473205566,11.09000015258789,11.236666679382324,909300
2009-04-29,9.512951850891113,11.383333206176758,11.59000015258789,11.180000305175781,11.266667366027832,471300
2009-04-30,9.752516746520996,11.670000076293945,11.966667175292969,11.453332901000977,11.596667289733887,1069500
2009-05-01,9.780370712280273,11.703332901000977,11.8100004196167,11.463333129882812,11.713333129882812,2363400
2009-05-04,10.24000358581543,12.25333309173584,12.270000457763672,11.833333015441895,11.923333168029785,1411200
2009-05-05,10.14250659942627,12.136667251586914,12.233332633972168,11.90999984741211,12.233332633972168,653100
2009-05-06,10.212143898010254,12.220000267028809,12.300000190734863,11.920000076293945,12.300000190734863,1029000
2009-05-07,9.663371086120605,11.563332557678223,12.363332748413086,11.383333206176758,12.363332748413086,1157700
2009-05-08,9.365310668945312,11.206666946411133,11.66333293914795,11.036666870117188,11.66333293914795,2005200
2009-05-11,9.404308319091797,11.25333309173584,11.433333396911621,10.883333206176758,11.016667366027832,1275900
2009-05-12,9.170316696166992,10.973333358764648,11.33666706085205,10.766667366027832,11.1899995803833,3557400
2009-05-13,8.919610977172852,10.673333168029785,10.970000267028809,10.633333206176758,10.883333206176758,1503300
2009-05-14,9.142461776733398,10.9399995803833,11.039999961853027,10.6899995803833,10.6899995803833,1688400
2009-05-15,9.033818244934082,10.8100004196167,11.046667098999023,10.763333320617676,10.896666526794434,1228500
2009-05-18,9.345812797546387,11.183333396911621,11.210000038146973,10.90666675567627,10.90666675567627,783900
2009-05-19,9.554736137390137,11.433333396911621,11.59333324432373,11.083333015441895,11.149999618530273,1370700
2009-05-20,9.65501880645752,11.553333282470703,11.973333358764648,11.526666641235352,11.609999656677246,1757400
2009-05-21,9.462807655334473,11.323332786560059,11.536666870117188,11.149999618530273,11.426667213439941,1216500
2009-05-22,9.465592384338379,11.326666831970215,11.446666717529297,11.15999984741211,11.373332977294922,586200
2009-05-26,9.785943984985352,11.710000038146973,11.75333309173584,11.196666717529297,11.196666717529297,1453500
2009-05-27,9.922436714172363,11.873332977294922,12.146666526794434,11.696666717529297,11.696666717529297,1137900
2009-05-28,10.10350513458252,12.09000015258789,12.103333473205566,11.666666984558105,11.983332633972168,672600
2009-05-29,10.145293235778809,12.140000343322754,12.223333358764648,11.899999618530273,12.100000381469727,758400
2009-06-01,10.682917594909668,12.783332824707031,12.863332748413086,12.359999656677246,12.359999656677246,1056900
2009-06-02,10.398785591125488,12.44333267211914,12.763333320617676,12.363332748413086,12.763333320617676,944700
2009-06-03,10.217720985412598,12.226667404174805,12.289999961853027,12.08666706085205,12.289999961853027,652800
2009-06-04,10.434996604919434,12.486666679382324,12.523332595825195,12.283332824707031,12.300000190734863,779700
2009-06-05,10.26785945892334,12.286666870117188,12.59333324432373,12.183333396911621,12.59333324432373,941700
2009-06-08,10.27342700958252,12.293333053588867,12.383333206176758,12.050000190734863,12.233332633972168,689100
2009-06-09,10.738630294799805,12.850000381469727,12.953332901000977,12.489999771118164,12.489999771118164,1330500
2009-06-10,10.777628898620605,12.896666526794434,12.99666690826416,12.630000114440918,12.983332633972168,851700
2009-06-11,10.713555335998535,12.819999694824219,13.046667098999023,12.733332633972168,12.9399995803833,787500
2009-06-12,10.565919876098633,12.643333435058594,12.779999732971191,12.463333129882812,12.75,309900
2009-06-15,10.451706886291504,12.506667137145996,12.566666603088379,12.233332633972168,12.449999809265137,1163400
2009-06-16,10.237217903137207,12.25,12.59000015258789,12.19333267211914,12.58666706085205,942900
2009-06-17,10.373716354370117,12.41333293914795,12.513333320617676,12.039999961853027,12.303333282470703,1106100
2009-06-18,10.178715705871582,12.180000305175781,12.456666946411133,12.136667251586914,12.373332977294922,672600
2009-06-19,10.292927742004395,12.316666603088379,12.436667442321777,12.233332633972168,12.329999923706055,486000
2009-06-22,9.923113822937012,11.833333015441895,12.30666732788086,11.833333015441895,12.1899995803833,459300
2009-06-23,9.83925724029541,11.733332633972168,11.876667022705078,11.55666732788086,11.859999656677246,542700
2009-06-24,10.05728530883789,11.993332862854004,12.126667022705078,11.80666732788086,11.80666732788086,309300
2009-06-25,10.261340141296387,12.236666679382324,12.24666690826416,11.863332748413086,11.926667213439941,535200
2009-06-26,10.244571685791016,12.216667175292969,12.386667251586914,12.123332977294922,12.210000038146973,439500
2009-06-29,10.241775512695312,12.213333129882812,12.34000015258789,12.133333206176758,12.263333320617676,291900
2009-06-30,10.247363090515137,12.220000267028809,12.416666984558105,12.076666831970215,12.210000038146973,639900
2009-07-01,10.412291526794434,12.416666984558105,12.600000381469727,12.286666870117188,12.296667098999023,729600
2009-07-02,10.31445026397705,12.300000190734863,12.366666793823242,12.153332710266113,12.276666641235352,1057800
2009-07-06,10.157918930053711,12.113332748413086,12.323332786560059,11.946666717529297,12.220000267028809,465900
2009-07-07,9.886781692504883,11.789999961853027,12.289999961853027,11.776666641235352,12.16333293914795,564300
2009-07-08,9.797331809997559,11.683333396911621,11.850000381469727,11.506667137145996,11.833333015441895,580800
2009-07-09,10.001386642456055,11.926667213439941,12.069999694824219,11.743332862854004,11.75333309173584,627300
2009-07-10,10.05728530883789,11.993332862854004,12.103333473205566,11.803333282470703,11.866666793823242,700200
2009-07-13,10.30606746673584,12.289999961853027,12.296667098999023,11.800000190734863,12.00333309173584,571200
2009-07-14,10.470983505249023,12.486666679382324,12.510000228881836,12.296667098999023,12.300000190734863,1497300
2009-07-15,10.943382263183594,13.050000190734863,13.069999694824219,12.866666793823242,12.90666675567627,688800
2009-07-16,11.161412239074707,13.3100004196167,13.356666564941406,12.936667442321777,12.979999542236328,631500
2009-07-17,11.29557991027832,13.470000267028809,13.486666679382324,13.133333206176758,13.316666603088379,773400
2009-07-20,11.41578197479248,13.613332748413086,13.640000343322754,13.423333168029785,13.566666603088379,1261800
2009-07-21,11.376646995544434,13.566666603088379,13.640000343322754,13.293333053588867,13.640000343322754,1107600
2009-07-22,11.650579452514648,13.893333435058594,13.933333396911621,13.50333309173584,13.520000457763672,945300
2009-07-23,11.885382652282715,14.173333168029785,14.19333267211914,13.733332633972168,13.846667289733887,1533300
2009-07-24,11.748414039611816,14.010000228881836,14.029999732971191,13.646666526794434,13.883333206176758,893400
2009-07-27,11.787542343139648,14.05666732788086,14.079999923706055,13.796667098999023,14.029999732971191,650400
2009-07-28,11.809906959533691,14.083333015441895,14.170000076293945,13.863332748413086,14.0,432000
2009-07-29,11.787542343139648,14.05666732788086,14.069999694824219,13.890000343322754,14.046667098999023,393000
2009-07-30,11.75400161743164,14.016667366027832,14.453332901000977,14.010000228881836,14.236666679382324,526200
2009-07-31,11.832270622253418,14.109999656677246,14.229999542236328,13.983332633972168,14.033332824707031,480900
2009-08-03,11.997191429138184,14.30666732788086,14.373332977294922,14.100000381469727,14.266667366027832,1240200
2009-08-04,11.980419158935547,14.286666870117188,14.373332977294922,14.15999984741211,14.196666717529297,531000
2009-08-05,11.871400833129883,14.15666675567627,14.380000114440918,14.043333053588867,14.346667289733887,346500
2009-08-06,11.6785306930542,13.926667213439941,14.3100004196167,13.886667251586914,14.173333168029785,440700
2009-08-07,11.700889587402344,13.953332901000977,14.176667213439941,13.833333015441895,14.15999984741211,772800
2009-08-10,11.605854988098145,13.84000015258789,13.989999771118164,13.729999542236328,13.866666793823242,609000
2009-08-11,11.477274894714355,13.686667442321777,13.923333168029785,13.626667022705078,13.816666603088379,346200
2009-08-12,11.703689575195312,13.956666946411133,14.05666732788086,13.696666717529297,13.696666717529297,391800
2009-08-13,11.952466011047363,14.25333309173584,14.279999732971191,13.886667251586914,14.09000015258789,628200
2009-08-14,11.71207046508789,13.966667175292969,14.176667213439941,13.846667289733887,14.176667213439941,771000
2009-08-17,11.376646995544434,13.566666603088379,13.726667404174805,13.523332595825195,13.726667404174805,524400
2009-08-18,11.619831085205078,13.856666564941406,13.886667251586914,13.600000381469727,13.600000381469727,227400
2009-08-19,11.67573356628418,13.923333168029785,13.956666946411133,13.619999885559082,13.619999885559082,469200
2009-08-20,11.767975807189941,14.033332824707031,14.066666603088379,13.883333206176758,13.883333206176758,380400
2009-08-21,11.988802909851074,14.296667098999023,14.3100004196167,13.960000038146973,14.119999885559082,438600
2009-08-24,11.874197959899902,14.15999984741211,14.470000267028809,14.119999885559082,14.350000381469727,337500
2009-08-25,11.93010425567627,14.226667404174805,14.319999694824219,14.09333324432373,14.206666946411133,272400
2009-08-26,12.041912078857422,14.359999656677246,14.390000343322754,14.186667442321777,14.186667442321777,602100
2009-08-27,12.067070007324219,14.390000343322754,14.390000343322754,14.116666793823242,14.3100004196167,269400
2009-08-28,12.321438789367676,14.69333267211914,14.90999984741211,14.543333053588867,14.65999984741211,674100
2009-08-31,12.142539978027344,14.479999542236328,14.58666706085205,14.363332748413086,14.579999923706055,358200
2009-09-01,11.832270622253418,14.109999656677246,14.786666870117188,14.079999923706055,14.383333206176758,984000
2009-09-02,11.804317474365234,14.076666831970215,14.25,14.00333309173584,14.043333053588867,345900
2009-09-03,11.986008644104004,14.293333053588867,14.3100004196167,14.0600004196167,14.133333206176758,243300
2009-09-04,12.296281814575195,14.66333293914795,14.66333293914795,14.319999694824219,14.369999885559082,313500
2009-09-08,12.545055389404297,14.960000038146973,14.973333358764648,14.680000305175781,14.823332786560059,563700
2009-09-09,12.684820175170898,15.126667022705078,15.153332710266113,14.8100004196167,14.986666679382324,1254900
2009-09-10,12.880488395690918,15.359999656677246,15.376667022705078,15.09333324432373,15.153332710266113,1001400
2009-09-11,12.642892837524414,15.076666831970215,15.346667289733887,15.0,15.333333015441895,837300
2009-09-14,12.645684242248535,15.079999923706055,15.109999656677246,14.956666946411133,14.960000038146973,345600
2009-09-15,12.749107360839844,15.203332901000977,15.276666641235352,15.08666706085205,15.130000114440918,397200
2009-09-16,12.701589584350586,15.146666526794434,15.283332824707031,15.046667098999023,15.283332824707031,429600
2009-09-17,12.452816009521484,14.850000381469727,15.186667442321777,14.803333282470703,15.133333206176758,584100
2009-09-18,12.547852516174316,14.963333129882812,15.053333282470703,14.84333324432373,14.893333435058594,320400
2009-09-21,12.5338716506958,14.946666717529297,15.023332595825195,14.813332557678223,14.869999885559082,466800
2009-09-22,12.642892837524414,15.076666831970215,15.1899995803833,14.953332901000977,15.069999694824219,1304700
2009-09-23,12.690408706665039,15.133333206176758,15.416666984558105,15.119999885559082,15.223333358764648,737700
2009-09-24,12.38572883605957,14.770000457763672,15.233332633972168,14.65666675567627,15.220000267028809,707700
2009-09-25,12.352184295654297,14.729999542236328,14.84333324432373,14.59000015258789,14.720000267028809,406500
2009-09-28,12.592577934265137,15.016667366027832,15.146666526794434,14.819999694824219,14.84333324432373,349200
2009-09-29,12.416475296020508,14.80666732788086,15.16333293914795,14.789999961853027,15.079999923706055,573900
2009-09-30,12.519898414611816,14.930000305175781,15.109999656677246,14.640000343322754,14.880000114440918,765600
2009-10-01,11.921716690063477,14.216667175292969,14.9399995803833,14.213333129882812,14.90666675567627,2277600
2009-10-02,11.77916145324707,14.046667098999023,14.316666603088379,14.016667366027832,14.079999923706055,718200
2009-10-05,12.00837230682373,14.319999694824219,14.363332748413086,14.026666641235352,14.113332748413086,764700
2009-10-06,12.243169784545898,14.600000381469727,14.699999809265137,14.44333267211914,14.44333267211914,1648500
2009-10-07,12.218012809753418,14.569999694824219,14.636667251586914,14.473333358764648,14.596667289733887,800400
2009-10-08,12.13135814666748,14.466667175292969,14.640000343322754,14.300000190734863,14.640000343322754,1052700
2009-10-09,12.547852516174316,14.963333129882812,14.979999542236328,14.479999542236328,14.486666679382324,784800
2009-10-12,12.735133171081543,15.186667442321777,15.353333473205566,15.013333320617676,15.033332824707031,341700
2009-10-13,12.687614440917969,15.130000114440918,15.279999732971191,15.066666603088379,15.216667175292969,512400
2009-10-14,12.886079788208008,15.366666793823242,15.50333309173584,15.1899995803833,15.489999771118164,1026300
2009-10-15,12.659664154052734,15.096667289733887,15.286666870117188,15.026666641235352,15.233332633972168,1094400
2009-10-16,12.388525009155273,14.773332595825195,14.946666717529297,14.603333473205566,14.936667442321777,1300800
2009-10-19,12.57580280303955,14.99666690826416,15.036666870117188,14.716667175292969,14.8100004196167,564000
2009-10-20,12.528282165527344,14.9399995803833,15.19333267211914,14.899999618530273,15.073332786560059,880200
2009-10-21,12.313054084777832,14.683333396911621,15.126667022705078,14.649999618530273,14.956666946411133,825000
2009-10-22,12.444424629211426,14.84000015258789,14.890000343322754,14.449999809265137,14.673333168029785,1264200
2009-10-23,12.11738395690918,14.449999809265137,14.850000381469727,14.393333435058594,14.823332786560059,1089000
2009-10-26,12.07265853881836,14.396666526794434,14.729999542236328,14.273332595825195,14.433333396911621,1235100
2009-10-27,11.793135643005371,14.063332557678223,14.539999961853027,14.016667366027832,14.41333293914795,1217100
2009-10-28,11.454912185668945,13.65999984741211,14.143333435058594,13.633333206176758,14.033332824707031,1805700
2009-10-29,11.737232208251953,13.99666690826416,14.023332595825195,13.773332595825195,13.773332595825195,798900
2009-10-30,11.348689079284668,13.533332824707031,13.946666717529297,13.479999542236328,13.930000305175781,1259100
2009-11-02,11.351490020751953,13.536666870117188,13.680000305175781,13.33666706085205,13.543333053588867,1293900
2009-11-03,11.239678382873535,13.403332710266113,13.423333168029785,13.146666526794434,13.33666706085205,1286100
2009-11-04,11.329123497009277,13.510000228881836,13.75333309173584,13.5,13.536666870117188,884700
2009-11-05,11.670149803161621,13.916666984558105,13.973333358764648,13.673333168029785,13.720000267028809,458700
2009-11-06,11.69530200958252,13.946666717529297,14.130000114440918,13.833333015441895,13.84333324432373,339900
2009-11-09,12.053093910217285,14.373332977294922,14.416666984558105,14.103333473205566,14.126667022705078,468000
2009-11-10,12.075456619262695,14.399999618530273,14.543333053588867,14.260000228881836,14.380000114440918,862500
2009-11-11,12.248763084411621,14.606666564941406,14.773332595825195,14.529999732971191,14.566666603088379,1288200
2009-11-12,12.190061569213867,14.536666870117188,14.84333324432373,14.516667366027832,14.673333168029785,477000
2009-11-13,12.285101890563965,14.649999618530273,14.713333129882812,14.486666679382324,14.59333324432373,299100
2009-11-16,12.57580280303955,14.99666690826416,15.039999961853027,14.863332748413086,14.863332748413086,137700
2009-11-17,12.603760719299316,15.029999732971191,15.039999961853027,14.850000381469727,14.923333168029785,90900
2009-11-18,12.503128051757812,14.90999984741211,15.046667098999023,14.813332557678223,15.016667366027832,93300
2009-11-19,12.09222412109375,14.420000076293945,14.653332710266113,14.223333358764648,14.653332710266113,480600
2009-11-20,11.997191429138184,14.30666732788086,14.333333015441895,14.203332901000977,14.30666732788086,306900
2009-11-23,12.122978210449219,14.456666946411133,14.619999885559082,14.40999984741211,14.470000267028809,177300
2009-11-24,12.220809936523438,14.573332786560059,14.59333324432373,14.436667442321777,14.486666679382324,223200
2009-11-25,12.268327713012695,14.630000114440918,14.666666984558105,14.579999923706055,14.579999923706055,110700
2009-11-27,12.097818374633789,14.426667213439941,14.520000457763672,14.140000343322754,14.16333293914795,215700
2009-11-30,12.120179176330566,14.453332901000977,14.460000038146973,14.24666690826416,14.449999809265137,163800
2009-12-01,12.511517524719238,14.920000076293945,14.960000038146973,14.576666831970215,14.576666831970215,189000
2009-12-02,12.698798179626465,15.143333435058594,15.24666690826416,14.903332710266113,14.989999771118164,222900
2009-12-03,12.855328559875488,15.329999923706055,15.50333309173584,15.146666526794434,15.146666526794434,260700
2009-12-04,13.059385299682617,15.573332786560059,15.706666946411133,15.276666641235352,15.479999542236328,310800
2009-12-07,13.165603637695312,15.699999809265137,15.846667289733887,15.576666831970215,15.576666831970215,378900
2009-12-08,13.092926025390625,15.613332748413086,15.726667404174805,15.466667175292969,15.65666675567627,453000
2009-12-09,13.154423713684082,15.686667442321777,15.706666946411133,15.5,15.633333206176758,188700
2009-12-10,13.115285873413086,15.640000343322754,15.859999656677246,15.636667251586914,15.729999542236328,436800
2009-12-11,13.017454147338867,15.523332595825195,15.706666946411133,15.460000038146973,15.676667213439941,233700
2009-12-14,13.213122367858887,15.756667137145996,15.770000457763672,15.573332786560059,15.66333293914795,221100
2009-12-15,13.148828506469727,15.680000305175781,15.863332748413086,15.623332977294922,15.703332901000977,462600
2009-12-16,13.34170150756836,15.90999984741211,16.07666778564453,15.710000038146973,15.710000038146973,228000
2009-12-17,13.143239974975586,15.673333168029785,15.903332710266113,15.653332710266113,15.80666732788086,125400
2009-12-18,13.299768447875977,15.859999656677246,15.886667251586914,15.65666675567627,15.726667404174805,188700
2009-12-21,13.614867210388184,16.15999984741211,16.15999984741211,15.936667442321777,15.936667442321777,317700
2009-12-22,13.690695762634277,16.25,16.316667556762695,16.200000762939453,16.219999313354492,999600
2009-12-23,13.710352897644043,16.273332595825195,16.356666564941406,16.203332901000977,16.336666107177734,417900
2009-12-24,13.8732328414917,16.46666717529297,16.469999313354492,16.323333740234375,16.323333740234375,60600
2009-12-28,13.738436698913574,16.30666732788086,16.540000915527344,16.229999542236328,16.520000457763672,395100
2009-12-29,13.718778610229492,16.28333282470703,16.31999969482422,16.170000076293945,16.316667556762695,588300
2009-12-30,13.912550926208496,16.51333236694336,16.516666412353516,16.229999542236328,16.229999542236328,169800
2009-12-31,13.8254976272583,16.40999984741211,16.60333251953125,16.40999984741211,16.566667556762695,138000
2010-01-04,13.993998527526855,16.610000610351562,16.75666618347168,16.553333282470703,16.59666633605957,380400
2010-01-05,13.971531867980957,16.583332061767578,16.729999542236328,16.479999542236328,16.636667251586914,616800
2010-01-06,13.929404258728027,16.53333282470703,16.670000076293945,16.516666412353516,16.586666107177734,219300
2010-01-07,13.819881439208984,16.40333366394043,16.520000457763672,16.290000915527344,16.520000457763672,300600
2010-01-08,14.027700424194336,16.649999618530273,16.656667709350586,16.3700008392334,16.3700008392334,232800
2010-01-11,13.985572814941406,16.600000381469727,16.766666412353516,16.463333129882812,16.71666717529297,269100
2010-01-12,13.496922492980957,16.020000457763672,16.440000534057617,15.916666984558105,16.440000534057617,316800
2010-01-13,13.65418529510498,16.206666946411133,16.25666618347168,15.776666641235352,16.113332748413086,342600
2010-01-14,13.628910064697266,16.176666259765625,16.196666717529297,16.010000228881836,16.176666259765625,424200
2010-01-15,13.185192108154297,15.649999618530273,16.166667938232422,15.609999656677246,16.166667938232422,491400
2010-01-19,13.336841583251953,15.829999923706055,15.866666793823242,15.666666984558105,15.666666984558105,397800
2010-01-20,13.336841583251953,15.829999923706055,15.84000015258789,15.623332977294922,15.760000228881836,916200
2010-01-21,13.252592086791992,15.729999542236328,16.083332061767578,15.643333435058594,15.829999923706055,762900
2010-01-22,12.629144668579102,14.989999771118164,15.643333435058594,14.946666717529297,15.643333435058594,733200
2010-01-25,12.80325698852539,15.196666717529297,15.303333282470703,15.066666603088379,15.083333015441895,536400
2010-01-26,12.688115119934082,15.0600004196167,15.279999732971191,15.043333053588867,15.119999885559082,616200
2010-01-27,12.86504077911377,15.270000457763672,15.30666732788086,14.949999809265137,15.066666603088379,782700
2010-01-28,12.485915184020996,14.819999694824219,15.273332595825195,14.583333015441895,15.273332595825195,1183800
2010-01-29,12.07027816772461,14.326666831970215,15.063332557678223,14.229999542236328,14.899999618530273,899100
2010-02-01,12.480294227600098,14.813332557678223,14.829999923706055,14.393333435058594,14.393333435058594,1690500
2010-02-02,12.609477996826172,14.966667175292969,15.039999961853027,14.756667137145996,14.826666831970215,703200
2010-02-03,12.606673240661621,14.963333129882812,15.050000190734863,14.83666706085205,14.930000305175781,481200
2010-02-04,12.061853408813477,14.316666603088379,14.80666732788086,14.293333053588867,14.80666732788086,614700
2010-02-05,12.337072372436523,14.643333435058594,14.65999984741211,14.220000267028809,14.333333015441895,776100
2010-02-08,12.286519050598145,14.583333015441895,14.83666706085205,14.456666946411133,14.65666675567627,297600
2010-02-09,12.432554244995117,14.756667137145996,14.933333396911621,14.633333206176758,14.779999732971191,272700
2010-02-10,12.508381843566895,14.846667289733887,14.886667251586914,14.616666793823242,14.743332862854004,453600
2010-02-11,12.766748428344727,15.153332710266113,15.186667442321777,14.726667404174805,14.819999694824219,451500
2010-02-12,12.881891250610352,15.289999961853027,15.430000305175781,14.863332748413086,14.983332633972168,514500
2010-02-16,13.162721633911133,15.623332977294922,15.646666526794434,15.346667289733887,15.430000305175781,432000
2010-02-17,13.151490211486816,15.609999656677246,15.733332633972168,15.423333168029785,15.706666946411133,336300
2010-02-18,13.196423530578613,15.66333293914795,15.670000076293945,15.416666984558105,15.539999961853027,1072200
2010-02-19,13.23293685913086,15.706666946411133,15.789999961853027,15.513333320617676,15.58666706085205,1324200
2010-02-22,13.207663536071777,15.676667213439941,15.813332557678223,15.623332977294922,15.789999961853027,839700
2010-02-23,12.867849349975586,15.273332595825195,15.636667251586914,15.170000076293945,15.636667251586914,375000
2010-02-24,13.109366416931152,15.5600004196167,15.643333435058594,15.34333324432373,15.34333324432373,469500
2010-02-25,13.056008338928223,15.49666690826416,15.529999732971191,15.133333206176758,15.273332595825195,376200
2010-02-26,13.033538818359375,15.470000267028809,15.506667137145996,15.300000190734863,15.506667137145996,239700
2010-03-01,13.342458724975586,15.83666706085205,15.869999885559082,15.546667098999023,15.546667098999023,219900
2010-03-02,13.342458724975586,15.83666706085205,16.03333282470703,15.783332824707031,15.886667251586914,403800
2010-03-03,13.277867317199707,15.760000228881836,16.01333236694336,15.6899995803833,15.90999984741211,236700
2010-03-04,13.266631126403809,15.74666690826416,15.80666732788086,15.546667098999023,15.766667366027832,492600
2010-03-05,13.415478706359863,15.923333168029785,16.00666618347168,15.75,15.850000381469727,344700
2010-03-08,13.40986156463623,15.916666984558105,16.003332138061523,15.890000343322754,15.983332633972168,354300
2010-03-09,13.373348236083984,15.873332977294922,16.003332138061523,15.793333053588867,15.84000015258789,714300
2010-03-10,13.634527206420898,16.183332443237305,16.23666763305664,15.91333293914795,15.936667442321777,315300
2010-03-11,13.54747200012207,16.079999923706055,16.139999389648438,15.933333396911621,16.139999389648438,664200
2010-03-12,13.522194862365723,16.049999237060547,16.166667938232422,16.00666618347168,16.166667938232422,219000
2010-03-15,13.376160621643066,15.876667022705078,15.989999771118164,15.773332595825195,15.989999771118164,180900
2010-03-16,13.746861457824707,16.316667556762695,16.34666633605957,15.90666675567627,15.920000076293945,229500
2010-03-17,13.968718528747559,16.579999923706055,16.656667709350586,16.3700008392334,16.3700008392334,358500
2010-03-18,13.839537620544434,16.426666259765625,16.593332290649414,16.31333351135254,16.59000015258789,264000
2010-03-19,13.64857006072998,16.200000762939453,16.476667404174805,16.09666633605957,16.476667404174805,284100
2010-03-22,13.918173789978027,16.520000457763672,16.559999465942383,16.030000686645508,16.093332290649414,526500
2010-03-23,14.199004173278809,16.85333251953125,16.873332977294922,16.573333740234375,16.586666107177734,423900
2010-03-24,13.864810943603516,16.456666946411133,16.75,16.426666259765625,16.739999771118164,530100
2010-03-25,13.856389999389648,16.446666717529297,16.73666763305664,16.440000534057617,16.633333206176758,498000
2010-03-26,13.803028106689453,16.383333206176758,16.623332977294922,16.24333381652832,16.546667098999023,417900
2010-03-29,13.89289379119873,16.489999771118164,16.573333740234375,16.440000534057617,16.463333129882812,459300
2010-03-30,13.977152824401855,16.59000015258789,16.643333435058594,16.389999389648438,16.50666618347168,283500
2010-03-31,13.878850936889648,16.47333335876465,16.666667938232422,16.44333267211914,16.50666618347168,250200
2010-04-01,13.8732328414917,16.46666717529297,16.823333740234375,16.34000015258789,16.623332977294922,301800
2010-04-05,14.272024154663086,16.940000534057617,16.959999084472656,16.56999969482422,16.59000015258789,331800
2010-04-06,14.18215274810791,16.833332061767578,16.89666748046875,16.729999542236328,16.84666633605957,288300
2010-04-07,14.235517501831055,16.89666748046875,17.020000457763672,16.683332443237305,16.793333053588867,157200
2010-04-08,14.04173755645752,16.666667938232422,16.816667556762695,16.56333351135254,16.816667556762695,188100
2010-04-09,14.196196556091309,16.850000381469727,16.850000381469727,16.65999984741211,16.683332443237305,81600
2010-04-12,14.31695556640625,16.99333381652832,17.113332748413086,16.850000381469727,16.916667938232422,178200
2010-04-13,14.451764106750488,17.15333366394043,17.170000076293945,16.96666717529297,17.003332138061523,165600
2010-04-14,15.03870677947998,17.850000381469727,17.876667022705078,17.463333129882812,17.5,477600
2010-04-15,15.103291511535645,17.926666259765625,18.0,17.793333053588867,17.850000381469727,255900
2010-04-16,14.884241104125977,17.666667938232422,17.823333740234375,17.43000030517578,17.823333740234375,600000
2010-04-19,14.752250671386719,17.510000228881836,17.67333221435547,17.156667709350586,17.600000381469727,642000
2010-04-20,14.946027755737305,17.739999771118164,17.790000915527344,17.53333282470703,17.670000076293945,198300
2010-04-21,14.752250671386719,17.510000228881836,17.889999389648438,17.28333282470703,17.850000381469727,195900
2010-04-22,14.957250595092773,17.753332138061523,17.766666412353516,17.023332595825195,17.303333282470703,452700
2010-04-23,14.96568775177002,17.76333236694336,17.77666664123535,17.476667404174805,17.77666664123535,266700
2010-04-26,15.033082008361816,17.843332290649414,17.956666946411133,17.739999771118164,17.739999771118164,190800
2010-04-27,14.5472412109375,17.266666412353516,17.809999465942383,17.219999313354492,17.709999084472656,402900
2010-04-28,14.617450714111328,17.350000381469727,17.530000686645508,17.086666107177734,17.3700008392334,459300
2010-04-29,14.802803993225098,17.56999969482422,17.56999969482422,17.280000686645508,17.43000030517578,384600
2010-04-30,14.15969467163086,16.80666732788086,17.583332061767578,16.80666732788086,17.583332061767578,364200
2010-05-03,14.454571723937988,17.156667709350586,17.24333381652832,16.883333206176758,16.913333892822266,1291800
2010-05-04,13.90131950378418,16.5,16.90333366394043,16.299999237060547,16.893333435058594,671700
2010-05-05,13.76090145111084,16.333332061767578,16.583332061767578,16.053333282470703,16.32666778564453,1179600
2010-05-06,13.261018753051758,15.739999771118164,16.453332901000977,7.75333309173584,16.206666946411133,1384500
2010-05-07,13.092520713806152,15.539999961853027,15.893333435058594,15.0,15.600000381469727,3522600
2010-05-10,13.774941444396973,16.350000381469727,16.373332977294922,16.07666778564453,16.366666793823242,517800
2010-05-11,13.696309089660645,16.25666618347168,16.52666664123535,16.010000228881836,16.229999542236328,851400
2010-05-12,14.072627067565918,16.703332901000977,16.739999771118164,16.31999969482422,16.3799991607666,667800
2010-05-13,13.738436698913574,16.30666732788086,16.780000686645508,16.233333587646484,16.6299991607666,664800
2010-05-14,13.322799682617188,15.813332557678223,16.149999618530273,15.516667366027832,16.149999618530273,697800
2010-05-17,13.494111061096191,16.016666412353516,16.040000915527344,15.520000457763672,15.813332557678223,853200
2010-05-18,13.123412132263184,15.576666831970215,16.206666946411133,15.493332862854004,16.14666748046875,1389000
2010-05-19,13.20203971862793,15.670000076293945,15.823332786560059,15.313332557678223,15.526666641235352,1431900
2010-05-20,12.80887222290039,15.203332901000977,15.543333053588867,14.956666946411133,15.279999732971191,1052400
2010-05-21,13.002649307250977,15.433333396911621,15.69333267211914,14.853333473205566,14.896666526794434,910200
2010-05-24,12.80887222290039,15.203332901000977,15.5600004196167,15.199999809265137,15.416666984558105,765600
2010-05-25,12.848194122314453,15.25,15.270000457763672,14.600000381469727,14.800000190734863,1066200
2010-05-26,12.870655059814453,15.276666641235352,15.699999809265137,15.210000038146973,15.41333293914795,954300
2010-05-27,13.449174880981445,15.963333129882812,15.963333129882812,15.533332824707031,15.533332824707031,1031100
2010-05-28,13.23293685913086,15.706666946411133,15.936667442321777,15.516667366027832,15.899999618530273,560100
2010-06-01,12.952099800109863,15.373332977294922,15.853333473205566,15.373332977294922,15.619999885559082,988200
2010-06-02,13.370545387268066,15.869999885559082,15.869999885559082,15.380000114440918,15.446666717529297,120600
2010-06-03,13.530620574951172,16.059999465942383,16.079999923706055,15.783332824707031,15.916666984558105,465000
2010-06-04,12.926826477050781,15.34333324432373,15.923333168029785,15.283332824707031,15.726667404174805,268500
2010-06-07,12.452215194702148,14.779999732971191,15.516667366027832,14.766667366027832,15.390000343322754,518100
2010-06-08,12.449408531188965,14.776666641235352,14.83666706085205,14.393333435058594,14.803333282470703,300900
2010-06-09,12.306181907653809,14.606666564941406,15.1899995803833,14.569999694824219,14.933333396911621,321300
2010-06-10,12.741474151611328,15.123332977294922,15.133333206176758,14.83666706085205,14.83666706085205,252300
2010-06-11,12.924018859863281,15.34000015258789,15.363332748413086,14.893333435058594,14.893333435058594,471000
2010-06-14,12.954907417297363,15.376667022705078,15.69333267211914,15.366666793823242,15.579999923706055,485100
2010-06-15,13.600829124450684,16.143333435058594,16.19333267211914,15.470000267028809,15.470000267028809,401400
2010-06-16,13.651378631591797,16.203332901000977,16.31333351135254,15.899999618530273,15.99666690826416,348900
2010-06-17,13.668227195739746,16.22333335876465,16.343332290649414,15.963333129882812,16.266666412353516,140100
2010-06-18,13.637334823608398,16.18666648864746,16.35333251953125,16.126667022705078,16.266666412353516,159000
2010-06-21,13.53437614440918,15.993332862854004,16.399999618530273,15.890000343322754,16.32666778564453,422400
2010-06-22,13.269220352172852,15.680000305175781,16.239999771118164,15.670000076293945,16.016666412353516,324600
2010-06-23,13.322811126708984,15.743332862854004,15.9399995803833,15.479999542236328,15.736666679382324,353700
2010-06-24,12.970208168029785,15.326666831970215,15.673333168029785,15.279999732971191,15.673333168029785,404100
2010-06-25,13.006878852844238,15.369999885559082,15.433333396911621,15.100000381469727,15.40666675567627,241200
2010-06-28,13.097146034240723,15.476667404174805,15.626667022705078,15.270000457763672,15.353333473205566,887400
2010-06-29,12.541436195373535,14.819999694824219,15.15999984741211,14.733332633972168,15.15666675567627,576000
2010-06-30,12.329877853393555,14.569999694824219,14.993332862854004,14.526666641235352,14.853333473205566,321300
2010-07-01,12.30731201171875,14.543333053588867,14.699999809265137,14.166666984558105,14.539999961853027,753600
2010-07-02,12.242435455322266,14.466667175292969,14.603333473205566,14.286666870117188,14.550000190734863,434700
2010-07-06,12.20858383178711,14.426667213439941,14.796667098999023,14.3100004196167,14.66333293914795,223500
2010-07-07,12.860196113586426,15.196666717529297,15.210000038146973,14.453332901000977,14.453332901000977,165300
2010-07-08,12.843273162841797,15.176667213439941,15.369999885559082,14.933333396911621,15.369999885559082,405000
2010-07-09,13.026626586914062,15.393333435058594,15.393333435058594,15.119999885559082,15.123332977294922,293700
2010-07-12,13.105609893798828,15.486666679382324,15.583333015441895,15.3100004196167,15.3100004196167,762600
2010-07-13,13.398970603942871,15.833333015441895,15.90666675567627,15.59333324432373,15.666666984558105,301800
2010-07-14,13.376408576965332,15.80666732788086,16.14666748046875,15.733332633972168,16.040000915527344,656700
2010-07-15,13.35666275024414,15.783332824707031,15.833333015441895,15.49666690826416,15.826666831970215,255300
2010-07-16,12.961749076843262,15.316666603088379,15.696666717529297,15.316666603088379,15.636667251586914,166200
2010-07-19,13.311528205871582,15.729999542236328,15.736666679382324,15.369999885559082,15.369999885559082,237300
2010-07-20,13.29460620880127,15.710000038146973,15.729999542236328,15.146666526794434,15.266667366027832,501000
2010-07-21,13.026626586914062,15.393333435058594,15.733332633972168,15.353333473205566,15.733332633972168,417000
2010-07-22,13.463851928710938,15.90999984741211,15.963333129882812,15.510000228881836,15.510000228881836,169800
2010-07-23,13.568227767944336,16.03333282470703,16.05666732788086,15.696666717529297,15.84000015258789,292800
2010-07-26,13.785431861877441,16.290000915527344,16.290000915527344,15.866666793823242,16.00666618347168,221400
2010-07-27,13.66695785522461,16.149999618530273,16.360000610351562,16.1200008392334,16.343332290649414,316500
2010-07-28,13.441288948059082,15.883333206176758,16.213333129882812,15.800000190734863,16.110000610351562,336000
2010-07-29,13.111251831054688,15.493332862854004,15.966667175292969,15.333333015441895,15.966667175292969,351300
2010-07-30,12.970208168029785,15.326666831970215,15.433333396911621,15.08666706085205,15.239999771118164,263400
2010-08-02,13.170487403869629,15.563332557678223,15.649999618530273,15.373332977294922,15.513333320617676,1021800
2010-08-03,13.052011489868164,15.423333168029785,15.486666679382324,15.333333015441895,15.476667404174805,170400
2010-08-04,13.173308372497559,15.566666603088379,15.579999923706055,15.300000190734863,15.470000267028809,766800
2010-08-05,13.139458656311035,15.526666641235352,15.640000343322754,15.433333396911621,15.493332862854004,164100
2010-08-06,13.142280578613281,15.529999732971191,15.623332977294922,15.333333015441895,15.350000381469727,662400
2010-08-09,13.226905822753906,15.630000114440918,15.69333267211914,15.453332901000977,15.680000305175781,136200
2010-08-10,12.90815258026123,15.25333309173584,15.473333358764648,15.106666564941406,15.473333358764648,798300
2010-08-11,12.400399208068848,14.653332710266113,14.930000305175781,14.55666732788086,14.930000305175781,641700
2010-08-12,12.20858383178711,14.426667213439941,14.516667366027832,14.1899995803833,14.346667289733887,688500
2010-08-13,12.126777648925781,14.329999923706055,14.583333015441895,14.316666603088379,14.376667022705078,187800
2010-08-16,12.160629272460938,14.369999885559082,14.489999771118164,14.176667213439941,14.266667366027832,225300
2010-08-17,12.329877853393555,14.569999694824219,14.710000038146973,14.436667442321777,14.486666679382324,173700
2010-08-18,12.476566314697266,14.743332862854004,14.819999694824219,14.516667366027832,14.58666706085205,988800
2010-08-19,12.296030044555664,14.529999732971191,14.773332595825195,14.446666717529297,14.65666675567627,316800
2010-08-20,12.298849105834961,14.533332824707031,14.649999618530273,14.40999984741211,14.483332633972168,357300
2010-08-23,12.166272163391113,14.376667022705078,14.676667213439941,14.356666564941406,14.59000015258789,438000
2010-08-24,11.98009967803955,14.15666675567627,14.296667098999023,14.0,14.186667442321777,458700
2010-08-25,12.078828811645508,14.273332595825195,14.303333282470703,13.90999984741211,14.033332824707031,161700
2010-08-26,11.895466804504395,14.05666732788086,14.353333473205566,14.0,14.34000015258789,212100
2010-08-27,12.15781021118164,14.366666793823242,14.403332710266113,13.770000457763672,14.15666675567627,551100
2010-08-30,11.833414077758789,13.983332633972168,14.303333282470703,13.979999542236328,14.296667098999023,510300
2010-08-31,11.613385200500488,13.723333358764648,14.05666732788086,13.649999618530273,13.903332710266113,563700
2010-09-01,11.946248054504395,14.116666793823242,14.256667137145996,13.936667442321777,13.9399995803833,245100
2010-09-02,12.188838005065918,14.403332710266113,14.416666984558105,14.126667022705078,14.126667022705078,200700
2010-09-03,12.422966957092285,14.680000305175781,14.736666679382324,14.40666675567627,14.606666564941406,133500
2010-09-07,12.132420539855957,14.33666706085205,14.630000114440918,14.3100004196167,14.576666831970215,73200
2010-09-08,12.078828811645508,14.273332595825195,14.363332748413086,14.140000343322754,14.363332748413086,98700
2010-09-09,12.10138988494873,14.300000190734863,14.466667175292969,14.266667366027832,14.433333396911621,1473600
2010-09-10,11.951885223388672,14.123332977294922,14.319999694824219,13.920000076293945,14.286666870117188,294000
2010-09-13,12.3326997756958,14.573332786560059,14.600000381469727,14.243332862854004,14.256667137145996,401700
2010-09-14,12.561190605163574,14.84333324432373,14.923333168029785,14.416666984558105,14.55666732788086,945000
2010-09-15,12.541436195373535,14.819999694824219,14.850000381469727,14.609999656677246,14.760000228881836,255600
2010-09-16,12.642992973327637,14.9399995803833,14.970000267028809,14.713333129882812,14.793333053588867,1183800
2010-09-17,12.651459693908691,14.949999809265137,15.043333053588867,14.883333206176758,15.036666870117188,668700
2010-09-20,12.758649826049805,15.076666831970215,15.106666564941406,14.84333324432373,15.013333320617676,1079400
2010-09-21,12.78685474395752,15.109999656677246,15.229999542236328,15.013333320617676,15.076666831970215,801900
2010-09-22,12.586575508117676,14.873332977294922,15.079999923706055,14.776666641235352,15.0,261900
2010-09-23,12.662734031677246,14.963333129882812,15.226667404174805,14.666666984558105,14.743332862854004,550200
2010-09-24,13.226905822753906,15.630000114440918,15.630000114440918,15.173333168029785,15.173333168029785,770400
2010-09-27,13.159207344055176,15.550000190734863,15.666666984558105,15.466667175292969,15.59333324432373,1869900
2010-09-28,13.390512466430664,15.823332786560059,15.863332748413086,15.386667251586914,15.623332977294922,688200
2010-09-29,13.424363136291504,15.863332748413086,15.99666690826416,15.726667404174805,15.726667404174805,835500
2010-09-30,13.345383644104004,15.770000457763672,16.053333282470703,15.613332748413086,15.94333267211914,3003300
2010-10-01,13.331280708312988,15.75333309173584,15.920000076293945,15.600000381469727,15.873332977294922,338700
2010-10-04,13.147918701171875,15.536666870117188,15.733332633972168,15.359999656677246,15.66333293914795,577500
2010-10-05,13.483599662780762,15.933333396911621,15.973333358764648,15.66333293914795,15.69333267211914,2149800
2010-10-06,13.277681350708008,15.6899995803833,15.903332710266113,15.563332557678223,15.893333435058594,664500
2010-10-07,13.32845687866211,15.75,15.796667098999023,15.573332786560059,15.760000228881836,1087800
2010-10-08,13.455389976501465,15.899999618530273,15.930000305175781,15.529999732971191,15.75,1113600
2010-10-11,13.559761047363281,16.023332595825195,16.143333435058594,15.890000343322754,15.890000343322754,1359900
2010-10-12,13.655672073364258,16.136667251586914,16.190000534057617,15.856666564941406,15.966667175292969,937200
2010-10-13,13.630285263061523,16.106666564941406,16.18666648864746,15.963333129882812,16.18666648864746,944100
2010-10-14,13.596437454223633,16.066667556762695,16.239999771118164,15.993332862854004,16.066667556762695,708300
2010-10-15,13.652854919433594,16.133333206176758,16.299999237060547,15.020000457763672,15.033332824707031,822300
2010-10-18,13.559761047363281,16.023332595825195,16.100000381469727,15.899999618530273,16.049999237060547,1510800
2010-10-19,13.370771408081055,15.800000190734863,16.083332061767578,15.643333435058594,15.786666870117188,771000
2010-10-20,13.461036682128906,15.90666675567627,15.966667175292969,15.703332901000977,15.84333324432373,1115700
2010-10-21,13.382052421569824,15.813332557678223,15.930000305175781,15.680000305175781,15.90666675567627,1240500
2010-10-22,13.64156723022461,16.1200008392334,16.163333892822266,15.816666603088379,15.816666603088379,936000
2010-10-25,13.799535751342773,16.30666732788086,16.406667709350586,16.21666717529297,16.21666717529297,969000
2010-10-26,13.740297317504883,16.23666763305664,16.309999465942383,16.083332061767578,16.22333335876465,749400
2010-10-27,14.174707412719727,16.75,16.75666618347168,16.25666618347168,16.25666618347168,2363100
2010-10-28,14.180347442626953,16.75666618347168,16.793333053588867,16.549999237060547,16.773332595825195,3502500
2010-10-29,14.267797470092773,16.860000610351562,16.90333366394043,16.706666946411133,16.706666946411133,561600
2010-11-01,14.222658157348633,16.80666732788086,16.969999313354492,16.67333221435547,16.969999313354492,750600
2010-11-02,14.318571090698242,16.920000076293945,16.996667861938477,16.81999969482422,16.90999984741211,1857300
2010-11-03,14.465250968933105,17.093332290649414,17.100000381469727,16.843332290649414,16.953332901000977,413100
2010-11-04,14.916587829589844,17.626667022705078,17.643333435058594,17.30666732788086,17.30666732788086,447900
2010-11-05,15.012493133544922,17.739999771118164,17.81999969482422,17.60333251953125,17.613332748413086,446400
2010-11-08,15.009675979614258,17.73666763305664,17.866666793823242,17.663333892822266,17.703332901000977,847200
2010-11-09,14.84888744354248,17.546667098999023,17.760000228881836,17.469999313354492,17.760000228881836,225600
2010-11-10,14.834785461425781,17.530000686645508,17.546667098999023,17.30666732788086,17.52666664123535,1402800
2010-11-11,14.67117691040039,17.336666107177734,17.373332977294922,16.886667251586914,17.043333053588867,483600
2010-11-12,14.665531158447266,17.329999923706055,17.59000015258789,17.139999389648438,17.266666412353516,1605000
2010-11-15,14.55551815032959,17.200000762939453,17.483333587646484,17.190000534057617,17.43000030517578,172500
2010-11-16,14.346778869628906,16.953332901000977,17.209999084472656,16.863332748413086,17.079999923706055,916200
2010-11-17,14.33549690246582,16.940000534057617,17.123332977294922,16.876667022705078,16.876667022705078,175200
2010-11-18,14.595011711120605,17.246667861938477,17.31333351135254,17.110000610351562,17.110000610351562,305100
2010-11-19,14.820673942565918,17.51333236694336,17.573333740234375,17.213333129882812,17.213333129882812,194700
2010-11-22,15.009675979614258,17.73666763305664,17.74333381652832,17.483333587646484,17.51333236694336,343500
2010-11-23,14.899662971496582,17.606666564941406,17.69333267211914,17.520000457763672,17.549999237060547,689400
2010-11-24,15.274829864501953,18.049999237060547,18.083332061767578,17.72333335876465,17.72333335876465,524400
2010-11-26,15.178918838500977,17.93666648864746,18.049999237060547,17.89666748046875,17.956666946411133,165900
2010-11-29,15.156360626220703,17.90999984741211,17.94333267211914,17.69333267211914,17.843332290649414,420900
2010-11-30,14.9645414352417,17.683332443237305,17.78333282470703,17.636667251586914,17.729999542236328,1418400
2010-12-01,15.415879249572754,18.21666717529297,18.27666664123535,17.96666717529297,17.96666717529297,473700
2010-12-02,15.720531463623047,18.57666778564453,18.600000381469727,18.30666732788086,18.30666732788086,695100
2010-12-03,15.79951000213623,18.670000076293945,18.719999313354492,18.450000762939453,18.450000762939453,656400
2010-12-06,15.791047096252441,18.65999984741211,18.706666946411133,18.516666412353516,18.706666946411133,702900
2010-12-07,15.774123191833496,18.639999389648438,18.926666259765625,18.639999389648438,18.84000015258789,292200
2010-12-08,15.909518241882324,18.799999237060547,18.82666778564453,18.600000381469727,18.623332977294922,218700
2010-12-09,15.957468032836914,18.856666564941406,18.916667938232422,18.793333053588867,18.913333892822266,99900
2010-12-10,15.960299491882324,18.860000610351562,18.926666259765625,18.799999237060547,18.893333435058594,57300
2010-12-13,15.853103637695312,18.733333587646484,18.983333587646484,18.72333335876465,18.969999313354492,682200
2010-12-14,15.748729705810547,18.610000610351562,18.78333282470703,18.546667098999023,18.770000457763672,365100
2010-12-15,15.579483985900879,18.40999984741211,18.65333366394043,18.383333206176758,18.553333282470703,203400
2010-12-16,15.664108276367188,18.510000228881836,18.57666778564453,18.40999984741211,18.416667938232422,1235700
2010-12-17,15.765660285949707,18.6299991607666,18.683332443237305,18.536666870117188,18.536666870117188,485400
2010-12-20,15.633077621459961,18.47333335876465,18.59666633605957,18.40333366394043,18.59666633605957,177300
2010-12-21,15.731805801391602,18.59000015258789,18.64666748046875,18.546667098999023,18.549999237060547,117300
2010-12-22,15.748729705810547,18.610000610351562,18.613332748413086,18.413333892822266,18.510000228881836,1719000
2010-12-23,15.703600883483887,18.55666732788086,18.600000381469727,18.50666618347168,18.586666107177734,251700
2010-12-27,15.723353385925293,18.579999923706055,18.600000381469727,18.32666778564453,18.516666412353516,149700
2010-12-28,15.658469200134277,18.503332138061523,18.6200008392334,18.433332443237305,18.6200008392334,120900
2010-12-29,15.661285400390625,18.50666618347168,18.573333740234375,18.483333587646484,18.573333740234375,53100
2010-12-30,15.709243774414062,18.56333351135254,18.60333251953125,18.48666763305664,18.48666763305664,125400
2010-12-31,15.712065696716309,18.566667556762695,18.566667556762695,18.453332901000977,18.483333587646484,53700
2011-01-03,15.796695709228516,18.666667938232422,18.889999389648438,18.6200008392334,18.656667709350586,343500
2011-01-04,15.836177825927734,18.713333129882812,18.843332290649414,18.53333282470703,18.75666618347168,273900
2011-01-05,15.886960983276367,18.773332595825195,18.793333053588867,18.56333351135254,18.60333251953125,137700
2011-01-06,16.171859741210938,19.110000610351562,19.143333435058594,18.843332290649414,18.876667022705078,978300
2011-01-07,16.216991424560547,19.163333892822266,19.246667861938477,18.863332748413086,19.163333892822266,4041300
2011-01-10,16.391881942749023,19.3700008392334,19.40333366394043,19.07666778564453,19.106666564941406,768600
2011-01-11,16.43419075012207,19.420000076293945,19.479999542236328,19.31999969482422,19.479999542236328,132300
2011-01-12,16.755775451660156,19.799999237060547,19.809999465942383,19.43666648864746,19.549999237060547,459000
2011-01-13,16.767045974731445,19.81333351135254,19.8799991607666,19.700000762939453,19.816667556762695,687900
2011-01-14,17.212749481201172,20.34000015258789,20.343332290649414,19.866666793823242,19.866666793823242,1652100
2011-01-18,17.164791107177734,20.28333282470703,20.34000015258789,20.15999984741211,20.26333236694336,741600
2011-01-19,16.75012969970703,19.793333053588867,20.123332977294922,19.74333381652832,20.10333251953125,2770800
2011-01-20,16.578060150146484,19.59000015258789,19.633333206176758,19.30666732788086,19.633333206176758,1370700
2011-01-21,16.459585189819336,19.450000762939453,19.770000457763672,19.413333892822266,19.74333381652832,276000
2011-01-24,16.840396881103516,19.899999618530273,19.90999984741211,19.5,19.520000457763672,1881300
2011-01-25,16.721921920776367,19.760000228881836,19.8799991607666,19.633333206176758,19.850000381469727,381900
2011-01-26,16.857322692871094,19.920000076293945,19.983333587646484,19.719999313354492,19.84000015258789,422100
2011-01-27,17.187362670898438,20.309999465942383,20.356666564941406,20.06333351135254,20.06333351135254,294000
2011-01-28,16.716285705566406,19.753332138061523,20.39666748046875,19.649999618530273,20.363332748413086,464100
2011-01-31,16.78116226196289,19.829999923706055,19.92333221435547,19.393333435058594,19.760000228881836,179100
2011-02-01,17.198638916015625,20.323333740234375,20.426666259765625,20.010000228881836,20.010000228881836,1026000
2011-02-02,17.288911819458008,20.43000030517578,20.520000457763672,20.209999084472656,20.253332138061523,446100
2011-02-03,17.30301284790039,20.446666717529297,20.49333381652832,20.26333236694336,20.46666717529297,414300
2011-02-04,17.66690444946289,20.876667022705078,20.876667022705078,20.489999771118164,20.50666618347168,1151700
2011-02-07,17.596389770507812,20.793333053588867,21.0,20.72333335876465,20.93666648864746,508800
2011-02-08,17.596389770507812,20.793333053588867,20.796667098999023,20.616666793823242,20.790000915527344,297000
2011-02-09,17.472265243530273,20.64666748046875,20.78333282470703,20.573333740234375,20.709999084472656,135300
2011-02-10,17.49483299255371,20.67333221435547,20.706666946411133,20.343332290649414,20.406667709350586,1100700
2011-02-11,17.63587188720703,20.84000015258789,20.913333892822266,20.530000686645508,20.559999465942383,267000
2011-02-14,17.779739379882812,21.010000228881836,21.17333221435547,20.873332977294922,20.873332977294922,210300
2011-02-15,17.59920310974121,20.796667098999023,20.979999542236328,20.72333335876465,20.979999542236328,219600
2011-02-16,17.782556533813477,21.01333236694336,21.07666778564453,20.886667251586914,20.956666946411133,264600
2011-02-17,18.050533294677734,21.329999923706055,21.376667022705078,20.926666259765625,20.926666259765625,621600
2011-02-18,18.00821876525879,21.280000686645508,21.39666748046875,21.183332443237305,21.356666564941406,243000
2011-02-22,17.30301284790039,20.446666717529297,20.92333221435547,20.376667022705078,20.8700008392334,488400
2011-02-23,16.970155715942383,20.053333282470703,20.48666763305664,19.78333282470703,20.48666763305664,405300
2011-02-24,17.235315322875977,20.366666793823242,20.416667938232422,20.02666664123535,20.053333282470703,459600
2011-02-25,17.680997848510742,20.893333435058594,20.916667938232422,20.59666633605957,20.633333206176758,1692000
2011-02-28,17.51175308227539,20.69333267211914,21.02666664123535,20.479999542236328,20.97333335876465,253500
2011-03-01,17.17043685913086,20.290000915527344,20.770000457763672,20.266666412353516,20.726667404174805,844500
2011-03-02,17.387643814086914,20.546667098999023,20.81333351135254,20.273332595825195,20.273332595825195,3923100
2011-03-03,17.723325729370117,20.94333267211914,21.03333282470703,20.75666618347168,20.75666618347168,591900
2011-03-04,17.57663917541504,20.770000457763672,20.92333221435547,20.613332748413086,20.916667938232422,4838100
2011-03-07,17.094270706176758,20.200000762939453,20.843332290649414,19.969999313354492,20.843332290649414,867000
2011-03-08,17.111196517944336,20.219999313354492,20.393333435058594,19.99333381652832,20.176666259765625,1839300
2011-03-09,16.580881118774414,19.593332290649414,20.116666793823242,19.56999969482422,20.116666793823242,1835100
2011-03-10,16.160573959350586,19.09666633605957,19.386667251586914,19.079999923706055,19.30666732788086,1764900
2011-03-11,16.343929290771484,19.31333351135254,19.336666107177734,18.969999313354492,18.969999313354492,626400
2011-03-14,16.307260513305664,19.270000457763672,19.510000228881836,19.139999389648438,19.22333335876465,4028700
2011-03-15,16.092870712280273,19.016666412353516,19.14666748046875,18.440000534057617,18.65999984741211,1566900
2011-03-16,15.754375457763672,18.616666793823242,19.233333587646484,18.479999542236328,18.913333892822266,6734100
2011-03-17,15.943368911743164,18.84000015258789,19.066667556762695,18.773332595825195,18.96666717529297,4530600
2011-03-18,16.011062622070312,18.920000076293945,19.14666748046875,18.84000015258789,19.133333206176758,1270200
2011-03-21,16.298797607421875,19.260000228881836,19.366666793823242,19.139999389648438,19.190000534057617,754200
2011-03-22,16.143651962280273,19.07666778564453,19.25,19.046667098999023,19.25,689400
2011-03-23,16.298797607421875,19.260000228881836,19.293333053588867,18.886667251586914,19.00666618347168,1657800
2011-03-24,16.696537017822266,19.729999542236328,19.773332595825195,19.39666748046875,19.440000534057617,904800
2011-03-25,16.662357330322266,19.65999984741211,19.860000610351562,19.636667251586914,19.766666412353516,1090200
2011-03-28,16.66517448425293,19.663333892822266,19.836666107177734,19.65333366394043,19.78333282470703,1275600
2011-03-29,16.831857681274414,19.860000610351562,19.860000610351562,19.479999542236328,19.656667709350586,633600
2011-03-30,16.851627349853516,19.883333206176758,20.05666732788086,19.72333335876465,20.05666732788086,238200
2011-03-31,16.693429946899414,19.696666717529297,19.906667709350586,19.639999389648438,19.850000381469727,183300
2011-04-01,16.50979995727539,19.479999542236328,19.809999465942383,19.416667938232422,19.809999465942383,555000
2011-04-04,16.362899780273438,19.30666732788086,19.553333282470703,19.196666717529297,19.553333282470703,677400
2011-04-05,16.730152130126953,19.739999771118164,19.899999618530273,19.613332748413086,19.636667251586914,814200
2011-04-06,16.987232208251953,20.043333053588867,20.073333740234375,19.863332748413086,19.940000534057617,268800
2011-04-07,16.93073272705078,19.976667404174805,20.05666732788086,19.766666412353516,20.05666732788086,2364900
2011-04-08,16.789480209350586,19.809999465942383,20.1200008392334,19.706666946411133,20.073333740234375,289200
2011-04-11,16.648223876953125,19.643333435058594,19.836666107177734,19.573333740234375,19.809999465942383,371100
2011-04-12,16.29509162902832,19.226667404174805,19.50666618347168,19.123332977294922,19.50666618347168,692400
2011-04-13,16.334646224975586,19.273332595825195,19.40333366394043,19.15999984741211,19.343332290649414,1275000
2011-04-14,16.360065460205078,19.303333282470703,19.30666732788086,19.01333236694336,19.116666793823242,337200
2011-04-15,16.4448184967041,19.40333366394043,19.46666717529297,19.149999618530273,19.25,558300
2011-04-18,16.151016235351562,19.05666732788086,19.170000076293945,18.916667938232422,19.166667938232422,352500
2011-04-19,16.218820571899414,19.136667251586914,19.156667709350586,18.989999771118164,19.03333282470703,242100
2011-04-20,16.90530776977539,19.946666717529297,19.96666717529297,19.670000076293945,19.683332443237305,838500
2011-04-21,16.922260284423828,19.96666717529297,20.106666564941406,19.8700008392334,20.106666564941406,204600
2011-04-25,16.933561325073242,19.979999542236328,20.05666732788086,19.906667709350586,19.983333587646484,527100
2011-04-26,17.210420608520508,20.30666732788086,20.34000015258789,20.0,20.0,282300
2011-04-27,17.199115753173828,20.293333053588867,20.32666778564453,20.06999969482422,20.166667938232422,230700
2011-04-28,17.11153793334961,20.190000534057617,20.303333282470703,20.05666732788086,20.239999771118164,136200
2011-04-29,17.170869827270508,20.260000228881836,20.286666870117188,20.156667709350586,20.156667709350586,127800
2011-05-02,17.01548957824707,20.07666778564453,20.32666778564453,20.03333282470703,20.32666778564453,228600
2011-05-03,16.806432723999023,19.829999923706055,20.030000686645508,19.69333267211914,19.983333587646484,346800
2011-05-04,16.800779342651367,19.823333740234375,19.989999771118164,19.586666107177734,19.906667709350586,794400
2011-05-05,16.845979690551758,19.876667022705078,20.06999969482422,19.69333267211914,19.72333335876465,258000
2011-05-06,16.978761672973633,20.03333282470703,20.24333381652832,19.950000762939453,20.1200008392334,282600
2011-05-09,16.908138275146484,19.950000762939453,20.053333282470703,19.829999923706055,20.053333282470703,516900
2011-05-10,16.990060806274414,20.046667098999023,20.110000610351562,19.959999084472656,19.99333381652832,146700
2011-05-11,16.865760803222656,19.899999618530273,20.143333435058594,19.78333282470703,20.100000381469727,200100
2011-05-12,17.08611297607422,20.15999984741211,20.239999771118164,19.793333053588867,19.81333351135254,341400
2011-05-13,16.877065658569336,19.913333892822266,20.19333267211914,19.899999618530273,20.133333206176758,130500
2011-05-16,16.639751434326172,19.633333206176758,20.040000915527344,19.59666633605957,19.836666107177734,735900
2011-05-17,16.43351936340332,19.389999389648438,19.543333053588867,19.200000762939453,19.52666664123535,1129200
2011-05-18,16.732982635498047,19.74333381652832,19.786666870117188,19.399999618530273,19.399999618530273,150900
2011-05-19,16.59172821044922,19.57666778564453,19.700000762939453,19.406667709350586,19.700000762939453,602700
2011-05-20,16.557828903198242,19.536666870117188,19.636667251586914,19.426666259765625,19.579999923706055,322500
2011-05-23,16.218820571899414,19.136667251586914,19.299999237060547,19.123332977294922,19.299999237060547,274200
2011-05-24,16.077558517456055,18.969999313354492,19.23666763305664,18.96666717529297,19.233333587646484,1470900
2011-05-25,16.221635818481445,19.139999389648438,19.213333129882812,18.889999389648438,18.899999618530273,872100
2011-05-26,16.37419319152832,19.31999969482422,19.350000381469727,19.059999465942383,19.116666793823242,372600
2011-05-27,16.569124221801758,19.549999237060547,19.633333206176758,19.463333129882812,19.463333129882812,1218000
2011-05-31,16.8205509185791,19.84666633605957,19.866666793823242,19.670000076293945,19.760000228881836,696300
2011-06-01,16.331819534301758,19.270000457763672,19.82666778564453,19.246667861938477,19.82666778564453,756600
2011-06-02,16.312036514282227,19.246667861938477,19.450000762939453,19.170000076293945,19.316667556762695,489600
2011-06-03,16.026710510253906,18.90999984741211,19.18666648864746,18.886667251586914,19.023332595825195,531600
2011-06-06,15.910879135131836,18.773332595825195,18.956666946411133,18.753332138061523,18.8700008392334,1011600
2011-06-07,15.975855827331543,18.850000381469727,19.053333282470703,18.850000381469727,18.883333206176758,891600
2011-06-08,15.665096282958984,18.483333587646484,18.760000228881836,18.420000076293945,18.760000228881836,778500
2011-06-09,15.676405906677246,18.496667861938477,18.606666564941406,18.39666748046875,18.489999771118164,1505700
2011-06-10,15.42496395111084,18.200000762939453,18.433332443237305,18.07666778564453,18.42333221435547,408000
2011-06-13,15.289365768432617,18.040000915527344,18.299999237060547,17.96666717529297,18.229999542236328,450000
2011-06-14,15.557741165161133,18.356666564941406,18.46666717529297,18.299999237060547,18.323333740234375,871500
2011-06-15,15.27241325378418,18.020000457763672,18.299999237060547,17.98666763305664,18.190000534057617,468300
2011-06-16,15.097257614135742,17.81333351135254,18.040000915527344,17.656667709350586,18.0,580200
2011-06-17,14.874069213867188,17.549999237060547,17.98666763305664,17.489999771118164,17.98666763305664,938700
2011-06-20,14.893847465515137,17.573333740234375,17.636667251586914,17.483333587646484,17.49333381652832,1503300
2011-06-21,15.244157791137695,17.98666763305664,18.040000915527344,17.573333740234375,17.690000534057617,1037100
2011-06-22,15.184830665588379,17.916667938232422,18.100000381469727,17.8700008392334,17.950000762939453,590100
2011-06-23,15.40478229522705,18.139999389648438,18.15999984741211,17.579999923706055,17.713333129882812,533100
2011-06-24,15.050931930541992,17.72333335876465,18.10333251953125,17.67333221435547,18.10333251953125,346800
2011-06-27,15.127370834350586,17.81333351135254,17.886667251586914,17.55666732788086,17.76333236694336,253500
2011-06-28,15.331182479858398,18.053333282470703,18.059999465942383,17.850000381469727,17.860000610351562,272400
2011-06-29,15.350995063781738,18.07666778564453,18.170000076293945,17.940000534057617,18.106666564941406,470400
2011-06-30,15.710504531860352,18.5,18.56333351135254,18.110000610351562,18.110000610351562,378600
2011-07-01,16.04735565185547,18.89666748046875,18.94333267211914,18.476667404174805,18.51333236694336,305400
2011-07-05,15.9199800491333,18.746667861938477,18.94333267211914,18.65999984741211,18.899999618530273,503100
2011-07-06,15.792586326599121,18.59666633605957,18.649999618530273,18.43666648864746,18.636667251586914,870600
2011-07-07,16.092649459838867,18.950000762939453,19.059999465942383,18.72333335876465,18.75666618347168,512700
2011-07-08,15.871848106384277,18.690000534057617,18.75,18.496667861938477,18.75,508200
2011-07-11,15.597270011901855,18.366666793823242,18.703332901000977,18.299999237060547,18.476667404174805,352800
2011-07-12,15.150016784667969,17.84000015258789,18.196666717529297,17.739999771118164,18.196666717529297,861600
2011-07-13,15.10189151763916,17.78333282470703,18.049999237060547,17.703332901000977,17.933332443237305,1169100
2011-07-14,14.878265380859375,17.520000457763672,18.003332138061523,17.476667404174805,17.799999237060547,502800
2011-07-15,14.937708854675293,17.59000015258789,17.626667022705078,17.3799991607666,17.626667022705078,603000
2011-07-18,14.756542205810547,17.376667022705078,17.583332061767578,17.213333129882812,17.5,967200
2011-07-19,15.217947006225586,17.920000076293945,17.963333129882812,17.536666870117188,17.536666870117188,1461600
2011-07-20,15.158515930175781,17.850000381469727,18.02666664123535,17.746667861938477,17.983333587646484,1185000
2011-07-21,15.27173900604248,17.983333587646484,18.046667098999023,17.573333740234375,17.816667556762695,890100
2011-07-22,15.642570495605469,18.420000076293945,18.479999542236328,18.059999465942383,18.059999465942383,541800
2011-07-25,15.458564758300781,18.203332901000977,18.299999237060547,18.1200008392334,18.229999542236328,522900
2011-07-26,15.563300132751465,18.32666778564453,18.549999237060547,18.286666870117188,18.286666870117188,767400
2011-07-27,15.008476257324219,17.67333221435547,18.15999984741211,17.626667022705078,18.15999984741211,1825200
2011-07-28,14.977343559265137,17.636667251586914,17.90999984741211,17.453332901000977,17.663333892822266,579300
2011-07-29,14.852790832519531,17.489999771118164,17.639999389648438,17.239999771118164,17.366666793823242,453600
2011-08-01,14.835800170898438,17.469999313354492,17.796667098999023,17.229999542236328,17.733333587646484,960300
2011-08-02,14.405538558959961,16.963333129882812,17.43000030517578,16.933332443237305,17.343332290649414,1719300
2011-08-03,14.5753812789917,17.163333892822266,17.17333221435547,16.60333251953125,16.946666717529297,977700
2011-08-04,13.73465347290039,16.17333221435547,16.93000030517578,16.15333366394043,16.89666748046875,2032200
2011-08-05,13.457243919372559,15.846667289733887,16.530000686645508,15.366666793823242,16.299999237060547,4278000
2011-08-08,12.738242149353027,15.0,15.603333473205566,14.91333293914795,15.390000343322754,3100500
2011-08-09,13.307215690612793,15.670000076293945,15.699999809265137,14.779999732971191,15.216667175292969,1929000
2011-08-10,13.052451133728027,15.369999885559082,15.853333473205566,15.146666526794434,15.313332557678223,2515800
2011-08-11,13.697855949401855,16.1299991607666,16.333332061767578,15.539999961853027,15.59333324432373,1651500
2011-08-12,13.641241073608398,16.06333351135254,16.40999984741211,15.966667175292969,16.376667022705078,1017600
2011-08-15,13.904498100280762,16.373332977294922,16.383333206176758,16.106666564941406,16.139999389648438,726600
2011-08-16,13.655397415161133,16.079999923706055,16.35333251953125,15.873332977294922,16.253332138061523,840900
2011-08-17,13.564810752868652,15.973333358764648,16.323333740234375,15.819999694824219,16.016666412353516,627300
2011-08-18,12.780702590942383,15.050000190734863,15.529999732971191,14.930000305175781,15.529999732971191,2017200
2011-08-19,12.545751571655273,14.773332595825195,15.356666564941406,14.723333358764648,14.886667251586914,1557600
2011-08-22,12.622184753417969,14.863332748413086,15.183333396911621,14.783332824707031,15.05666732788086,982500
2011-08-23,13.270417213439941,15.626667022705078,15.649999618530273,14.923333168029785,14.9399995803833,1768200
2011-08-24,13.281740188598633,15.640000343322754,15.776666641235352,15.329999923706055,15.636667251586914,1244400
2011-08-25,12.933560371398926,15.229999542236328,15.729999542236328,15.186667442321777,15.529999732971191,768000
2011-08-26,13.293058395385742,15.653332710266113,15.710000038146973,15.006667137145996,15.233332633972168,600000
2011-08-29,13.75730037689209,16.200000762939453,16.219999313354492,15.856666564941406,15.876667022705078,412200
2011-08-30,13.754467964172363,16.196666717529297,16.30666732788086,16.01333236694336,16.09666633605957,287700
2011-08-31,13.683700561523438,16.113332748413086,16.456666946411133,15.986666679382324,16.299999237060547,510000
2011-09-01,13.460076332092285,15.850000381469727,16.323333740234375,15.819999694824219,16.106666564941406,735000
2011-09-02,13.140202522277832,15.473333358764648,15.616666793823242,15.383333206176758,15.583333015441895,600000
2011-09-06,13.052451133728027,15.369999885559082,15.383333206176758,14.946666717529297,14.953332901000977,948000
2011-09-07,13.60727310180664,16.023332595825195,16.043333053588867,15.633333206176758,15.633333206176758,2767500
2011-09-08,13.547826766967773,15.953332901000977,16.32666778564453,15.866666793823242,15.923333168029785,474300
2011-09-09,13.403457641601562,15.783332824707031,16.19333267211914,15.676667213439941,15.866666793823242,1072200
2011-09-12,13.791271209716797,16.239999771118164,16.260000228881836,15.596667289733887,15.596667289733887,4078500
2011-09-13,14.063016891479492,16.559999465942383,16.623332977294922,16.226667404174805,16.363332748413086,1588200
2011-09-14,14.425355911254883,16.98666763305664,17.183332443237305,16.600000381469727,16.713333129882812,2478000
2011-09-15,14.657471656799316,17.260000228881836,17.290000915527344,17.03333282470703,17.23666763305664,1665000
2011-09-16,14.677288055419922,17.28333282470703,17.463333129882812,16.946666717529297,16.946666717529297,2793000
2011-09-19,14.521594047546387,17.100000381469727,17.190000534057617,16.809999465942383,16.96666717529297,1192200
2011-09-20,14.334770202636719,16.8799991607666,17.22333335876465,16.856666564941406,17.166667938232422,1483500
2011-09-21,14.046032905578613,16.540000915527344,17.06999969482422,16.536666870117188,16.94333267211914,1728600
2011-09-22,13.57330322265625,15.983332633972168,16.1200008392334,15.703332901000977,16.06999969482422,3060300
2011-09-23,13.819576263427734,16.273332595825195,16.360000610351562,15.776666641235352,15.866666793823242,2553000
2011-09-26,13.809931755065918,16.219999313354492,16.373332977294922,15.853333473205566,16.373332977294922,1644900
2011-09-27,14.06251049041748,16.516666412353516,16.850000381469727,16.433332443237305,16.530000686645508,1397700
2011-09-28,13.670862197875977,16.05666732788086,16.59666633605957,16.036666870117188,16.536666870117188,1131900
2011-09-29,13.494908332824707,15.850000381469727,16.309999465942383,15.533332824707031,16.286666870117188,1040400
2011-09-30,13.032303810119629,15.30666732788086,15.733332633972168,15.296667098999023,15.596667289733887,1597200
2011-10-03,12.549832344055176,14.739999771118164,15.359999656677246,14.729999542236328,15.19333267211914,1117200
2011-10-04,13.049333572387695,15.326666831970215,15.359999656677246,14.513333320617676,14.520000457763672,3465000
2011-10-05,13.463685989379883,15.813332557678223,15.873332977294922,15.143333435058594,15.326666831970215,1379100
2011-10-06,13.628292083740234,16.00666618347168,16.03333282470703,15.630000114440918,15.813332557678223,575400
2011-10-07,13.690729141235352,16.079999923706055,16.293333053588867,15.936667442321777,16.059999465942383,871200
2011-10-10,14.076703071594238,16.53333282470703,16.6299991607666,16.329999923706055,16.329999923706055,897000
2011-10-11,14.06251049041748,16.516666412353516,16.57666778564453,16.40333366394043,16.503332138061523,543600
2011-10-12,14.167516708374023,16.639999389648438,16.823333740234375,16.633333206176758,16.69333267211914,562800
2011-10-13,14.454167366027832,16.976667404174805,17.040000915527344,16.559999465942383,16.559999465942383,729300
2011-10-14,14.618772506713867,17.170000076293945,17.196666717529297,16.889999389648438,17.166667938232422,1625700
2011-10-17,14.238471984863281,16.72333335876465,17.10333251953125,16.656667709350586,17.10333251953125,1389900
2011-10-18,14.525116920471191,17.059999465942383,17.116666793823242,16.53333282470703,16.74333381652832,507000
2011-10-19,14.232797622680664,16.71666717529297,17.030000686645508,16.68000030517578,16.969999313354492,1254900
2011-10-20,13.985886573791504,16.426666259765625,16.626667022705078,16.113332748413086,16.626667022705078,598500
2011-10-21,14.283880233764648,16.77666664123535,17.00666618347168,16.65999984741211,16.65999984741211,1670700
2011-10-24,14.76067066192627,17.336666107177734,17.366666793823242,16.816667556762695,16.816667556762695,631200
2011-10-25,14.516592979431152,17.049999237060547,17.350000381469727,17.010000228881836,17.176666259765625,618000
2011-10-26,14.564844131469727,17.106666564941406,17.299999237060547,16.770000457763672,17.163333892822266,610200
2011-10-27,15.180706024169922,17.829999923706055,17.963333129882812,17.496667861938477,17.636667251586914,916800
2011-10-28,15.240299224853516,17.899999618530273,17.90333366394043,17.72333335876465,17.843332290649414,359400
2011-10-31,14.87135124206543,17.46666717529297,17.71666717529297,17.440000534057617,17.663333892822266,457800
2011-11-01,14.39739990234375,16.90999984741211,17.07666778564453,16.78333282470703,16.946666717529297,987900
2011-11-02,14.451324462890625,16.97333335876465,17.126667022705078,16.84000015258789,17.043333053588867,591000
2011-11-03,14.882709503173828,17.479999542236328,17.50666618347168,16.80666732788086,17.136667251586914,573900
2011-11-04,15.052989959716797,17.68000030517578,17.746667861938477,17.34666633605957,17.3799991607666,432000
2011-11-07,15.044477462768555,17.670000076293945,17.703332901000977,17.376667022705078,17.636667251586914,435000
2011-11-08,15.112591743469238,17.75,17.836666107177734,17.479999542236328,17.803333282470703,302400
2011-11-09,14.445651054382324,16.96666717529297,17.373332977294922,16.92333221435547,17.373332977294922,586500
2011-11-10,14.542143821716309,17.079999923706055,17.213333129882812,16.84000015258789,17.15999984741211,482400
2011-11-11,15.052989959716797,17.68000030517578,17.76333236694336,17.309999465942383,17.31999969482422,389100
2011-11-14,14.888384819030762,17.48666763305664,17.770000457763672,17.376667022705078,17.65999984741211,661800
2011-11-15,15.075695991516113,17.706666946411133,17.81333351135254,17.389999389648438,17.389999389648438,674100
2011-11-16,15.02461051940918,17.64666748046875,17.906667709350586,17.56999969482422,17.56999969482422,912600
2011-11-17,14.442811012268066,16.963333129882812,17.583332061767578,16.746667861938477,17.583332061767578,721200
2011-11-18,14.306589126586914,16.803333282470703,17.030000686645508,16.709999084472656,17.00666618347168,333000
2011-11-21,14.03980827331543,16.489999771118164,16.573333740234375,16.239999771118164,16.53333282470703,538500
2011-11-22,13.861013412475586,16.280000686645508,16.543333053588867,16.176666259765625,16.420000076293945,1081500
2011-11-23,13.423955917358398,15.766667366027832,16.106666564941406,15.75333309173584,16.093332290649414,580500
2011-11-25,13.259345054626465,15.573332786560059,15.893333435058594,15.573332786560059,15.683333396911621,117900
2011-11-28,13.662349700927734,16.046667098999023,16.18000030517578,15.916666984558105,16.086666107177734,726900
2011-11-29,13.577203750610352,15.946666717529297,16.196666717529297,15.90999984741211,16.1200008392334,495300
2011-11-30,14.340643882751465,16.843332290649414,16.893333435058594,16.413333892822266,16.413333892822266,696300
2011-12-01,14.4371337890625,16.956666946411133,17.020000457763672,16.75666618347168,16.836666107177734,436500
2011-12-02,14.439970016479492,16.959999084472656,17.24333381652832,16.93666648864746,17.200000762939453,601800
2011-12-05,14.559170722961426,17.100000381469727,17.293333053588867,17.02666664123535,17.139999389648438,240600
2011-12-06,14.5222806930542,17.05666732788086,17.15333366394043,16.959999084472656,17.126667022705078,277500
2011-12-07,14.715262413024902,17.28333282470703,17.323333740234375,16.8799991607666,16.983333587646484,396000
2011-12-08,14.281044006347656,16.773332595825195,17.299999237060547,16.75666618347168,17.15333366394043,162600
2011-12-09,14.47118854522705,16.996667861938477,17.06999969482422,16.510000228881836,16.60333251953125,426600
2011-12-12,14.085222244262695,16.543333053588867,16.733333587646484,16.333332061767578,16.733333587646484,653400
2011-12-13,13.750328063964844,16.149999618530273,16.713333129882812,16.07666778564453,16.676666259765625,1083900
2011-12-14,13.53463363647461,15.896666526794434,16.18666648864746,15.846667289733887,16.15333366394043,1385400
2011-12-15,13.500577926635742,15.856666564941406,16.209999084472656,15.796667098999023,16.136667251586914,438300
2011-12-16,13.631131172180176,16.010000228881836,16.209999084472656,15.930000305175781,15.989999771118164,907500
2011-12-19,13.236644744873047,15.546667098999023,16.053333282470703,15.536666870117188,16.016666412353516,1338300
2011-12-20,13.824116706848145,16.23666763305664,16.293333053588867,15.973333358764648,15.973333358764648,1983600
2011-12-21,13.685053825378418,16.073333740234375,16.273332595825195,15.850000381469727,16.273332595825195,295800
2011-12-22,14.141166687011719,16.57666778564453,16.6299991607666,16.09000015258789,16.09000015258789,1195500
2011-12-23,14.203722953796387,16.649999618530273,16.666667938232422,16.50666618347168,16.606666564941406,133800
2011-12-27,14.18665885925293,16.6299991607666,16.766666412353516,16.573333740234375,16.606666564941406,983400
2011-12-28,13.97623348236084,16.383333206176758,16.649999618530273,16.366666793823242,16.649999618530273,214800
2011-12-29,14.098506927490234,16.52666664123535,16.553333282470703,16.3700008392334,16.459999084472656,275400
2011-12-30,14.04732608795166,16.46666717529297,16.59666633605957,16.46666717529297,16.49333381652832,440100
2012-01-03,14.223627090454102,16.67333221435547,16.93666648864746,16.64666748046875,16.836666107177734,371100
2012-01-04,14.223627090454102,16.67333221435547,16.709999084472656,16.46666717529297,16.600000381469727,1187100
2012-01-05,14.416994094848633,16.899999618530273,16.926666259765625,16.606666564941406,16.623332977294922,1147800
2012-01-06,14.453961372375488,16.94333267211914,16.983333587646484,16.786666870117188,16.893333435058594,304800
2012-01-09,14.746846199035645,17.286666870117188,17.316667556762695,17.023332595825195,17.043333053588867,1069800
2012-01-10,14.8947172164917,17.459999084472656,17.549999237060547,17.389999389648438,17.51333236694336,700200
2012-01-11,14.945898056030273,17.520000457763672,17.56999969482422,17.343332290649414,17.393333435058594,1195800
2012-01-12,15.105141639709473,17.706666946411133,17.739999771118164,17.469999313354492,17.57666778564453,361200
2012-01-13,14.798030853271484,17.34666633605957,17.553333282470703,17.299999237060547,17.536666870117188,1169100
2012-01-17,14.840688705444336,17.39666748046875,17.593332290649414,17.386667251586914,17.510000228881836,202800
2012-01-18,15.59423542022705,18.280000686645508,18.316667556762695,17.593332290649414,17.593332290649414,1420200
2012-01-19,15.904190063476562,18.643333435058594,18.65999984741211,18.406667709350586,18.450000762939453,1746000
2012-01-20,15.980965614318848,18.733333587646484,18.753332138061523,18.540000915527344,18.559999465942383,4804200
2012-01-23,15.929778099060059,18.67333221435547,18.799999237060547,18.536666870117188,18.71666717529297,4483200
2012-01-24,15.986652374267578,18.739999771118164,18.799999237060547,18.543333053588867,18.606666564941406,1460400
2012-01-25,16.054899215698242,18.81999969482422,18.860000610351562,18.53333282470703,18.790000915527344,1189800
2012-01-26,15.887128829956055,18.623332977294922,18.979999542236328,18.523332595825195,18.889999389648438,777300
2012-01-27,15.938315391540527,18.683332443237305,18.746667861938477,18.51333236694336,18.566667556762695,414000
2012-01-30,15.773382186889648,18.489999771118164,18.559999465942383,18.28333282470703,18.559999465942383,944400
2012-01-31,15.784759521484375,18.503332138061523,18.666667938232422,18.373332977294922,18.616666793823242,326100
2012-02-01,16.13736343383789,18.916667938232422,19.053333282470703,18.676666259765625,18.75,1958700
2012-02-02,16.22551918029785,19.020000457763672,19.14666748046875,18.916667938232422,18.976667404174805,1212300
2012-02-03,16.478593826293945,19.316667556762695,19.39666748046875,19.176666259765625,19.25666618347168,831900
2012-02-06,16.29092025756836,19.09666633605957,19.25666618347168,18.99333381652832,19.25666618347168,448200
2012-02-07,16.29944610595703,19.106666564941406,19.15999984741211,18.893333435058594,19.030000686645508,1608900
2012-02-08,16.495649337768555,19.336666107177734,19.476667404174805,19.136667251586914,19.136667251586914,696900
2012-02-09,16.5496826171875,19.399999618530273,19.446666717529297,19.253332138061523,19.420000076293945,411900
2012-02-10,16.228351593017578,19.023332595825195,19.253332138061523,18.93666648864746,19.176666259765625,460500
2012-02-13,16.27669334411621,19.079999923706055,19.22333335876465,18.833332061767578,19.14666748046875,157800
2012-02-14,16.336406707763672,19.149999618530273,19.15333366394043,18.976667404174805,19.02666664123535,1032600
2012-02-15,16.42172622680664,19.25,19.47333335876465,19.229999542236328,19.299999237060547,786600
2012-02-16,16.83403205871582,19.733333587646484,19.760000228881836,19.22333335876465,19.296667098999023,773700
2012-02-17,16.677637100219727,19.549999237060547,19.8799991607666,19.536666870117188,19.84000015258789,474900
2012-02-21,16.450157165527344,19.28333282470703,19.6200008392334,19.22333335876465,19.6200008392334,462000
2012-02-22,16.39044761657715,19.213333129882812,19.386667251586914,19.14666748046875,19.266666412353516,358200
2012-02-23,16.41887664794922,19.246667861938477,19.27666664123535,18.96666717529297,19.200000762939453,352800
2012-02-24,16.367687225341797,19.18666648864746,19.373332977294922,19.166667938232422,19.27666664123535,834900
2012-02-27,16.384761810302734,19.206666946411133,19.350000381469727,18.956666946411133,19.083332061767578,619500
2012-02-28,16.649213790893555,19.516666412353516,19.6200008392334,19.23666763305664,19.23666763305664,797100
2012-02-29,16.401817321777344,19.226667404174805,19.55666732788086,19.190000534057617,19.55666732788086,626700
2012-03-01,16.413198471069336,19.239999771118164,19.42333221435547,19.15999984741211,19.286666870117188,486000
2012-03-02,16.228351593017578,19.023332595825195,19.329999923706055,19.020000457763672,19.213333129882812,474600
2012-03-05,15.841633796691895,18.56999969482422,18.983333587646484,18.5,18.96666717529297,1145100
2012-03-06,15.693768501281738,18.39666748046875,18.43000030517578,18.176666259765625,18.290000915527344,771000
2012-03-07,15.924090385437012,18.666667938232422,18.74333381652832,18.43000030517578,18.43000030517578,1201500
2012-03-08,16.160106658935547,18.94333267211914,18.989999771118164,18.75,18.84000015258789,1534200
2012-03-09,16.336406707763672,19.149999618530273,19.163333892822266,18.93000030517578,18.93000030517578,701700
2012-03-12,16.180023193359375,18.96666717529297,19.139999389648438,18.90333366394043,19.139999389648438,518700
2012-03-13,16.532609939575195,19.3799991607666,19.3799991607666,19.10333251953125,19.1200008392334,1193700
2012-03-14,16.478593826293945,19.316667556762695,19.639999389648438,19.293333053588867,19.426666259765625,670800
2012-03-15,16.80560302734375,19.700000762939453,19.71666717529297,19.406667709350586,19.413333892822266,2073300
2012-03-16,16.83403205871582,19.733333587646484,19.766666412353516,19.623332977294922,19.766666412353516,733200
2012-03-19,16.953468322753906,19.873332977294922,19.946666717529297,19.65333366394043,19.74333381652832,535200
2012-03-20,16.81983184814453,19.71666717529297,19.790000915527344,19.56333351135254,19.74333381652832,716400
2012-03-21,16.88807487487793,19.796667098999023,19.889999389648438,19.676666259765625,19.770000457763672,365700
2012-03-22,16.797077178955078,19.690000534057617,19.73666763305664,19.53333282470703,19.633333206176758,619200
2012-03-23,16.83119773864746,19.729999542236328,19.73666763305664,19.5,19.670000076293945,806700
2012-03-26,17.06336212158203,19.96666717529297,19.97333335876465,19.74333381652832,19.850000381469727,799800
2012-03-27,17.057655334472656,19.959999084472656,20.110000610351562,19.959999084472656,19.976667404174805,635100
2012-03-28,16.861108779907227,19.729999542236328,20.00666618347168,19.593332290649414,19.98666763305664,1057800
2012-03-29,16.863948822021484,19.733333587646484,19.773332595825195,19.483333587646484,19.553333282470703,1300800
2012-03-30,16.9351749420166,19.816667556762695,19.933332443237305,19.666667938232422,19.873332977294922,585600
2012-04-02,16.949417114257812,19.833332061767578,19.8799991607666,19.53333282470703,19.726667404174805,378900
2012-04-03,16.678800582885742,19.516666412353516,19.760000228881836,19.43666648864746,19.729999542236328,1296600
2012-04-04,16.311321258544922,19.086666107177734,19.273332595825195,18.899999618530273,19.246667861938477,1061700
2012-04-05,16.336965560913086,19.116666793823242,19.183332443237305,18.989999771118164,18.989999771118164,1389300
2012-04-09,16.120460510253906,18.863332748413086,18.90999984741211,18.73666763305664,18.829999923706055,745200
2012-04-10,15.815661430358887,18.50666618347168,18.969999313354492,18.47333335876465,18.816667556762695,849000
2012-04-11,16.080581665039062,18.816667556762695,18.953332901000977,18.719999313354492,18.75,650400
2012-04-12,16.385385513305664,19.17333221435547,19.239999771118164,18.863332748413086,18.886667251586914,436200
2012-04-13,16.094833374023438,18.833332061767578,19.15999984741211,18.823333740234375,19.113332748413086,665400
2012-04-16,16.089120864868164,18.82666778564453,19.020000457763672,18.663333892822266,18.996667861938477,726000
2012-04-17,16.339811325073242,19.1200008392334,19.213333129882812,18.96666717529297,18.96666717529297,1012500
2012-04-18,16.22016143798828,18.979999542236328,19.046667098999023,18.780000686645508,18.92333221435547,517800
2012-04-19,16.02075958251953,18.746667861938477,19.196666717529297,18.64666748046875,18.89666748046875,767100
2012-04-20,15.650434494018555,18.31333351135254,18.766666412353516,18.303333282470703,18.766666412353516,1368000
2012-04-23,15.459571838378906,18.09000015258789,18.110000610351562,17.916667938232422,18.086666107177734,960300
2012-04-24,15.34563159942627,17.956666946411133,18.176666259765625,17.89666748046875,18.1299991607666,527700
2012-04-25,15.68746280670166,18.356666564941406,18.399999618530273,18.15333366394043,18.260000228881836,660300
2012-04-26,16.04924201965332,18.780000686645508,18.81333351135254,18.42333221435547,18.42333221435547,1090800
2012-04-27,16.052095413208008,18.78333282470703,18.84000015258789,18.59666633605957,18.823333740234375,682200
2012-04-30,15.983733177185059,18.703332901000977,18.803333282470703,18.683332443237305,18.796667098999023,1093500
2012-05-01,16.03215980529785,18.760000228881836,18.899999618530273,18.633333206176758,18.65333366394043,456900
2012-05-02,16.10906219482422,18.850000381469727,18.876667022705078,18.593332290649414,18.610000610351562,405600
2012-05-03,15.707405090332031,18.3799991607666,18.94333267211914,18.363332748413086,18.829999923706055,618000
2012-05-04,15.391207695007324,18.010000228881836,18.386667251586914,17.969999313354492,18.303333282470703,1106100
2012-05-07,15.34563159942627,17.956666946411133,18.083332061767578,17.933332443237305,17.940000534057617,504300
2012-05-08,15.257325172424316,17.85333251953125,17.883333206176758,17.476667404174805,17.816667556762695,887100
2012-05-09,15.20319938659668,17.790000915527344,17.873332977294922,17.416667938232422,17.59666633605957,711000
2012-05-10,15.146221160888672,17.72333335876465,17.926666259765625,17.586666107177734,17.920000076293945,567900
2012-05-11,15.251623153686523,17.84666633605957,18.05666732788086,17.670000076293945,17.676666259765625,452400
2012-05-14,15.103493690490723,17.67333221435547,17.793333053588867,17.593332290649414,17.666667938232422,447600
2012-05-15,14.943974494934082,17.48666763305664,17.80666732788086,17.450000762939453,17.6299991607666,515400
2012-05-16,14.713232040405273,17.21666717529297,17.593332290649414,17.19333267211914,17.53333282470703,473700
2012-05-17,14.388486862182617,16.836666107177734,17.28333282470703,16.833332061767578,17.226667404174805,578100
2012-05-18,14.11216926574707,16.51333236694336,16.93666648864746,16.47333335876465,16.93666648864746,879600
2012-05-21,14.465398788452148,16.926666259765625,16.94333267211914,16.51333236694336,16.553333282470703,739500
2012-05-22,14.360006332397461,16.803333282470703,16.926666259765625,16.69333267211914,16.92333221435547,569100
2012-05-23,14.416975021362305,16.8700008392334,16.889999389648438,16.47333335876465,16.573333740234375,1327800
2012-05-24,14.211870193481445,16.6299991607666,16.92333221435547,16.536666870117188,16.920000076293945,593700
2012-05-25,14.354305267333984,16.796667098999023,16.92333221435547,16.65999984741211,16.65999984741211,606300
2012-05-29,14.661959648132324,17.156667709350586,17.260000228881836,17.010000228881836,17.023332595825195,394800
2012-05-30,14.456859588623047,16.916667938232422,17.023332595825195,16.816667556762695,16.976667404174805,477600
2012-05-31,14.305871963500977,16.739999771118164,16.876667022705078,16.51333236694336,16.876667022705078,1117200
2012-06-01,13.693418502807617,16.023332595825195,16.420000076293945,16.0,16.420000076293945,1232100
2012-06-04,13.670631408691406,15.99666690826416,16.219999313354492,15.816666603088379,16.049999237060547,1013100
2012-06-05,13.932707786560059,16.303333282470703,16.373332977294922,15.99666690826416,16.003332138061523,713100
2012-06-06,14.371397972106934,16.816667556762695,16.899999618530273,16.456666946411133,16.456666946411133,821700
2012-06-07,14.243207931518555,16.666667938232422,17.133333206176758,16.6299991607666,17.079999923706055,850800
2012-06-08,14.391338348388672,16.84000015258789,16.920000076293945,16.540000915527344,16.606666564941406,565500
2012-06-11,14.189082145690918,16.60333251953125,17.14666748046875,16.553333282470703,17.113332748413086,1065300
2012-06-12,14.442614555358887,16.899999618530273,16.946666717529297,16.606666564941406,16.649999618530273,573300
2012-06-13,14.328670501708984,16.766666412353516,17.00666618347168,16.703332901000977,16.913333892822266,805800
2012-06-14,14.29733657836914,16.729999542236328,16.799999237060547,16.543333053588867,16.770000457763672,386400
2012-06-15,14.522374153137207,16.99333381652832,17.010000228881836,16.729999542236328,16.729999542236328,427200
2012-06-18,14.724626541137695,17.229999542236328,17.329999923706055,16.886667251586914,16.886667251586914,635400
2012-06-19,14.918209075927734,17.416667938232422,17.479999542236328,17.253332138061523,17.356666564941406,478800
2012-06-20,15.04954719543457,17.56999969482422,17.643333435058594,17.386667251586914,17.43000030517578,628500
2012-06-21,14.435684204101562,16.85333251953125,17.516666412353516,16.84000015258789,17.516666412353516,855600
2012-06-22,14.644108772277832,17.09666633605957,17.149999618530273,16.933332443237305,16.979999542236328,617700
2012-06-25,14.170160293579102,16.543333053588867,16.953332901000977,16.50666618347168,16.953332901000977,649800
2012-06-26,14.224406242370605,16.606666564941406,16.683332443237305,16.420000076293945,16.56999969482422,316500
2012-06-27,14.407136917114258,16.81999969482422,16.863332748413086,16.616666793823242,16.6299991607666,492900
2012-06-28,14.315770149230957,16.713333129882812,16.773332595825195,16.48666763305664,16.72333335876465,584700
2012-06-29,14.938199996948242,17.440000534057617,17.440000534057617,17.09000015258789,17.113332748413086,1009800
2012-07-02,14.915349006652832,17.413333892822266,17.543333053588867,17.28333282470703,17.52666664123535,484800
2012-07-03,15.098079681396484,17.626667022705078,17.643333435058594,17.389999389648438,17.44333267211914,586800
2012-07-05,14.98387336730957,17.49333381652832,17.56999969482422,17.329999923706055,17.496667861938477,228900
2012-07-06,14.606990814208984,17.053333282470703,17.323333740234375,16.90333366394043,17.316667556762695,707100
2012-07-09,14.412843704223633,16.82666778564453,17.06999969482422,16.773332595825195,17.020000457763672,2310000
2012-07-10,14.115904808044434,16.479999542236328,16.92333221435547,16.363332748413086,16.713333129882812,1207500
2012-07-11,13.958881378173828,16.296667098999023,16.553333282470703,16.21666717529297,16.496667861938477,594900
2012-07-12,13.739028930664062,16.040000915527344,16.163333892822266,15.893333435058594,16.163333892822266,803400
2012-07-13,13.836104393005371,16.15333366394043,16.22333335876465,16.053333282470703,16.09000015258789,632700
2012-07-16,13.707615852355957,16.003332138061523,16.113332748413086,15.890000343322754,16.113332748413086,567900
2012-07-17,13.650516510009766,15.936667442321777,16.083332061767578,15.673333168029785,16.083332061767578,979500
2012-07-18,14.115904808044434,16.479999542236328,16.579999923706055,15.850000381469727,15.893333435058594,1985400
2012-07-19,14.39857292175293,16.809999465942383,16.953332901000977,16.706666946411133,16.709999084472656,1440900
2012-07-20,14.158735275268555,16.530000686645508,16.850000381469727,16.530000686645508,16.793333053588867,1425300
2012-07-23,14.041672706604004,16.393333435058594,16.463333129882812,16.0,16.21666717529297,1775100
2012-07-24,13.976008415222168,16.316667556762695,16.476667404174805,16.156667709350586,16.476667404174805,712200
2012-07-25,14.25580883026123,16.643333435058594,16.843332290649414,16.446666717529297,16.446666717529297,1102500
2012-07-26,14.569876670837402,17.010000228881836,17.136667251586914,16.843332290649414,16.96666717529297,1387800
2012-07-27,14.926778793334961,17.426666259765625,17.46666717529297,17.020000457763672,17.05666732788086,1870200
2012-07-30,14.792586326599121,17.270000457763672,17.53333282470703,17.163333892822266,17.389999389648438,679800
2012-07-31,14.901082038879395,17.39666748046875,17.593332290649414,17.329999923706055,17.333332061767578,1239000
2012-08-01,14.898218154907227,17.393333435058594,17.553333282470703,17.27666664123535,17.48666763305664,1046700
2012-08-02,14.809715270996094,17.290000915527344,17.56999969482422,17.14666748046875,17.206666946411133,656700
2012-08-03,15.14090633392334,17.676666259765625,17.780000686645508,17.46666717529297,17.553333282470703,811800
2012-08-06,15.192303657531738,17.73666763305664,17.876667022705078,17.71666717529297,17.71666717529297,288300
2012-08-07,15.543489456176758,18.14666748046875,18.28333282470703,17.876667022705078,17.8799991607666,1024500
2012-08-08,15.580609321594238,18.190000534057617,18.23666763305664,18.043333053588867,18.07666778564453,1240800
2012-08-09,15.703367233276367,18.333332061767578,18.360000610351562,18.170000076293945,18.203332901000977,899400
2012-08-10,15.783317565917969,18.426666259765625,18.426666259765625,18.26333236694336,18.26333236694336,636900
2012-08-13,15.646276473999023,18.266666412353516,18.383333206176758,18.079999923706055,18.383333206176758,383400
2012-08-14,15.526352882385254,18.126667022705078,18.40999984741211,18.049999237060547,18.406667709350586,1321500
2012-08-15,15.614862442016602,18.229999542236328,18.31333351135254,18.01333236694336,18.06333351135254,418800
2012-08-16,15.860411643981934,18.516666412353516,18.553333282470703,18.21666717529297,18.21666717529297,758700
2012-08-17,15.746203422546387,18.383333206176758,18.503332138061523,18.32666778564453,18.503332138061523,238200
2012-08-20,15.640565872192383,18.260000228881836,18.333332061767578,18.136667251586914,18.333332061767578,1309200
2012-08-21,15.649123191833496,18.270000457763672,18.510000228881836,18.206666946411133,18.316667556762695,556200
2012-08-22,15.534921646118164,18.136667251586914,18.25,18.02666664123535,18.25,1071600
2012-08-23,15.446407318115234,18.03333282470703,18.10333251953125,17.92333221435547,18.066667556762695,320100
2012-08-24,15.52349853515625,18.123332977294922,18.176666259765625,17.913333892822266,18.049999237060547,307500
2012-08-27,15.46353816986084,18.053333282470703,18.206666946411133,17.98666763305664,18.176666259765625,390300
2012-08-28,15.440705299377441,18.02666664123535,18.126667022705078,17.969999313354492,18.030000686645508,381000
2012-08-29,15.457833290100098,18.046667098999023,18.123332977294922,17.916667938232422,18.03333282470703,483300
2012-08-30,15.220856666564941,17.770000457763672,17.959999084472656,17.739999771118164,17.93000030517578,670200
2012-08-31,15.403587341308594,17.983333587646484,18.073333740234375,17.753332138061523,17.916667938232422,691500
2012-09-04,15.283663749694824,17.843332290649414,18.01333236694336,17.656667709350586,18.01333236694336,320400
2012-09-05,15.20086669921875,17.746667861938477,17.94333267211914,17.68666648864746,17.836666107177734,226500
2012-09-06,15.66340446472168,18.286666870117188,18.376667022705078,17.873332977294922,17.883333206176758,1041300
2012-09-07,15.620577812194824,18.23666763305664,18.266666412353516,18.126667022705078,18.253332138061523,1990500
2012-09-10,15.349333763122559,17.920000076293945,18.176666259765625,17.899999618530273,18.1200008392334,711000
2012-09-11,15.44926929473877,18.036666870117188,18.106666564941406,17.906667709350586,17.956666946411133,377700
2012-09-12,15.483529090881348,18.07666778564453,18.196666717529297,17.989999771118164,18.106666564941406,381300
2012-09-13,15.620577812194824,18.23666763305664,18.30666732788086,17.90999984741211,18.046667098999023,1678500
2012-09-14,15.826153755187988,18.476667404174805,18.666667938232422,18.333332061767578,18.360000610351562,512100
2012-09-17,15.66340446472168,18.286666870117188,18.440000534057617,18.21666717529297,18.406667709350586,323700
2012-09-18,15.597737312316895,18.209999084472656,18.270000457763672,18.166667938232422,18.22333335876465,513000
2012-09-19,15.50351333618164,18.100000381469727,18.21666717529297,18.083332061767578,18.1299991607666,589500
2012-09-20,15.352191925048828,17.92333221435547,18.036666870117188,17.833332061767578,18.003332138061523,1042800
2012-09-21,15.369322776794434,17.94333267211914,18.133333206176758,17.94333267211914,18.059999465942383,210300
2012-09-24,15.149477005004883,17.68666648864746,17.816667556762695,17.610000610351562,17.799999237060547,675600
2012-09-25,14.772354125976562,17.170000076293945,17.713333129882812,17.15333366394043,17.709999084472656,732300
2012-09-26,14.666242599487305,17.046667098999023,17.079999923706055,16.81999969482422,17.023332595825195,1372800
2012-09-27,14.998915672302246,17.433332443237305,17.469999313354492,17.066667556762695,17.18666648864746,854100
2012-09-28,14.87846851348877,17.293333053588867,17.40999984741211,17.260000228881836,17.336666107177734,350700
2012-10-01,14.821107864379883,17.226667404174805,17.46666717529297,17.183332443237305,17.389999389648438,254400
2012-10-02,14.892801284790039,17.309999465942383,17.336666107177734,17.203332901000977,17.316667556762695,429000
2012-10-03,14.846914291381836,17.25666618347168,17.356666564941406,17.190000534057617,17.34666633605957,568500
2012-10-04,14.924342155456543,17.34666633605957,17.366666793823242,17.166667938232422,17.299999237060547,440100
2012-10-05,14.907140731811523,17.32666778564453,17.616666793823242,17.296667098999023,17.40999984741211,750900
2012-10-08,14.743673324584961,17.136667251586914,17.253332138061523,17.09666633605957,17.206666946411133,803400
2012-10-09,14.517111778259277,16.873332977294922,17.133333206176758,16.823333740234375,17.1299991607666,819300
2012-10-10,14.316357612609863,16.639999389648438,16.8700008392334,16.623332977294922,16.8700008392334,781800
2012-10-11,14.359380722045898,16.690000534057617,16.836666107177734,16.67333221435547,16.836666107177734,514500
2012-10-12,14.276212692260742,16.593332290649414,16.733333587646484,16.573333740234375,16.676666259765625,758100
2012-10-15,14.468362808227539,16.816667556762695,16.856666564941406,16.656667709350586,16.656667709350586,577500
2012-10-16,14.798160552978516,17.200000762939453,17.213333129882812,16.863332748413086,16.863332748413086,622500
2012-10-17,14.769485473632812,17.166667938232422,17.260000228881836,17.01333236694336,17.043333053588867,432300
2012-10-18,14.626090049743652,17.0,17.14666748046875,16.92333221435547,17.066667556762695,648600
2012-10-19,14.187304496765137,16.489999771118164,16.996667861938477,16.489999771118164,16.996667861938477,918000
2012-10-22,14.224588394165039,16.53333282470703,16.656667709350586,16.426666259765625,16.593332290649414,455400
2012-10-23,14.259003639221191,16.573333740234375,16.600000381469727,16.28333282470703,16.350000381469727,508800
2012-10-24,14.029577255249023,16.30666732788086,16.753332138061523,16.293333053588867,16.753332138061523,663300
2012-10-25,14.23606014251709,16.546667098999023,16.55666732788086,16.356666564941406,16.49333381652832,387300
2012-10-26,14.281943321228027,16.600000381469727,16.700000762939453,16.496667861938477,16.543333053588867,399300
2012-10-31,14.307757377624512,16.6299991607666,16.746667861938477,16.543333053588867,16.600000381469727,785400
2012-11-01,14.758014678955078,17.15333366394043,17.18666648864746,16.6299991607666,16.643333435058594,949200
2012-11-02,14.482698440551758,16.833332061767578,17.206666946411133,16.833332061767578,17.15333366394043,707700
2012-11-05,14.735072135925293,17.126667022705078,17.183332443237305,16.796667098999023,16.836666107177734,278700
2012-11-06,14.955894470214844,17.383333206176758,17.416667938232422,17.136667251586914,17.166667938232422,663300
2012-11-07,14.55152416229248,16.913333892822266,17.196666717529297,16.833332061767578,17.149999618530273,1223100
2012-11-08,14.385191917419434,16.719999313354492,17.010000228881836,16.719999313354492,17.003332138061523,653100
2012-11-09,14.40239429473877,16.739999771118164,16.953332901000977,16.676666259765625,16.68666648864746,426900
2012-11-12,14.41100025177002,16.75,16.860000610351562,16.649999618530273,16.823333740234375,517800
2012-11-13,14.302017211914062,16.623332977294922,16.770000457763672,16.60333251953125,16.64666748046875,417000
2012-11-14,14.069727897644043,16.35333251953125,16.786666870117188,16.323333740234375,16.733333587646484,809400
2012-11-15,13.89478588104248,16.149999618530273,16.43000030517578,16.10333251953125,16.40333366394043,899100
2012-11-16,13.897653579711914,16.15333366394043,16.24333381652832,15.859999656677246,16.200000762939453,760500
2012-11-19,14.178699493408203,16.479999542236328,16.479999542236328,16.286666870117188,16.383333206176758,401700
2012-11-20,14.11561107635498,16.406667709350586,16.44333267211914,16.253332138061523,16.40333366394043,966900
2012-11-21,14.16723346710205,16.46666717529297,16.479999542236328,16.3799991607666,16.43000030517578,398400
2012-11-23,14.40239429473877,16.739999771118164,16.833332061767578,16.523332595825195,16.583332061767578,301800
2012-11-26,14.46262264251709,16.809999465942383,16.85333251953125,16.68666648864746,16.72333335876465,231900
2012-11-27,14.431076049804688,16.773332595825195,16.933332443237305,16.753332138061523,16.833332061767578,381000
2012-11-28,14.58306884765625,16.950000762939453,16.976667404174805,16.530000686645508,16.690000534057617,463800
2012-11-29,14.626090049743652,17.0,17.083332061767578,16.899999618530273,17.020000457763672,584400
2012-11-30,14.606016159057617,16.976667404174805,17.073333740234375,16.933332443237305,17.023332595825195,308400
2012-12-03,14.537189483642578,16.89666748046875,17.126667022705078,16.886667251586914,17.09666633605957,425400
2012-12-04,14.626090049743652,17.0,17.059999465942383,16.836666107177734,16.889999389648438,679800
2012-12-05,14.628959655761719,17.003332138061523,17.06333351135254,16.8700008392334,17.059999465942383,235500
2012-12-06,14.772354125976562,17.170000076293945,17.190000534057617,16.97333335876465,16.97333335876465,677400
2012-12-07,14.8038969039917,17.206666946411133,17.253332138061523,17.09666633605957,17.239999771118164,321300
2012-12-10,14.901406288146973,17.31999969482422,17.363332748413086,17.203332901000977,17.203332901000977,436200
2012-12-11,15.185320854187012,17.649999618530273,17.700000762939453,17.386667251586914,17.416667938232422,791400
2012-12-12,15.127967834472656,17.583332061767578,17.73666763305664,17.55666732788086,17.69333267211914,1001100
2012-12-13,14.984572410583496,17.416667938232422,17.72333335876465,17.363332748413086,17.546667098999023,304200
2012-12-14,14.869852066040039,17.28333282470703,17.43666648864746,17.22333335876465,17.39666748046875,441600
2012-12-17,14.932951927185059,17.356666564941406,17.446666717529297,17.226667404174805,17.316667556762695,705000
2012-12-18,15.214001655578613,17.683332443237305,17.69333267211914,17.3700008392334,17.43000030517578,992400
2012-12-19,15.233574867248535,17.643333435058594,17.78333282470703,17.60333251953125,17.60333251953125,1379400
2012-12-20,15.204791069030762,17.610000610351562,17.65333366394043,17.476667404174805,17.649999618530273,543600
2012-12-21,15.063767433166504,17.446666717529297,17.456666946411133,17.093332290649414,17.25,459000
2012-12-24,14.994683265686035,17.366666793823242,17.446666717529297,17.309999465942383,17.420000076293945,238500
2012-12-26,14.89683723449707,17.253332138061523,17.530000686645508,17.229999542236328,17.426666259765625,250200
2012-12-27,14.819131851196289,17.163333892822266,17.24333381652832,16.969999313354492,17.23666763305664,485700
2012-12-28,14.72414779663086,17.053333282470703,17.226667404174805,17.040000915527344,17.05666732788086,395700
2012-12-31,14.977424621582031,17.34666633605957,17.389999389648438,17.016666412353516,17.053333282470703,470100
2013-01-02,15.630743026733398,18.10333251953125,18.10333251953125,17.773332595825195,17.780000686645508,2020500
2013-01-03,15.524263381958008,17.979999542236328,18.123332977294922,17.920000076293945,18.086666107177734,502800
2013-01-04,15.515621185302734,17.969999313354492,18.023332595825195,17.8700008392334,18.020000457763672,403800
2013-01-07,15.460942268371582,17.906667709350586,17.979999542236328,17.793333053588867,17.920000076293945,642300
2013-01-08,15.282501220703125,17.700000762939453,17.92333221435547,17.683332443237305,17.883333206176758,913800
2013-01-09,15.429279327392578,17.8700008392334,17.883333206176758,17.760000228881836,17.793333053588867,256500
2013-01-10,15.653767585754395,18.1299991607666,18.15333366394043,17.98666763305664,18.073333740234375,572100
2013-01-11,15.728604316711426,18.21666717529297,18.239999771118164,18.100000381469727,18.100000381469727,577800
2013-01-14,15.702692031860352,18.18666648864746,18.229999542236328,18.040000915527344,18.133333206176758,838800
2013-01-15,15.616352081298828,18.086666107177734,18.1299991607666,18.003332138061523,18.1299991607666,436800
2013-01-16,15.803428649902344,18.303333282470703,18.336666107177734,18.059999465942383,18.059999465942383,797400
2013-01-17,16.10274314880371,18.649999618530273,18.68666648864746,18.3700008392334,18.42333221435547,1734900
2013-01-18,16.033672332763672,18.56999969482422,18.633333206176758,18.48666763305664,18.549999237060547,974100
2013-01-22,15.978987693786621,18.50666618347168,18.579999923706055,18.413333892822266,18.579999923706055,456000
2013-01-23,16.15743637084961,18.713333129882812,18.733333587646484,18.543333053588867,18.600000381469727,853500
2013-01-24,16.004898071289062,18.536666870117188,18.709999084472656,18.413333892822266,18.463333129882812,597300
2013-01-25,16.209232330322266,18.773332595825195,18.866666793823242,18.649999618530273,18.666667938232422,835500
2013-01-28,16.249536514282227,18.81999969482422,18.886667251586914,18.76333236694336,18.786666870117188,534000
2013-01-29,16.145915985107422,18.700000762939453,18.790000915527344,18.639999389648438,18.790000915527344,616800
2013-01-30,16.163190841674805,18.719999313354492,18.833332061767578,18.663333892822266,18.676666259765625,469800
2013-01-31,16.122892379760742,18.67333221435547,18.833332061767578,18.639999389648438,18.75666618347168,565800
2013-02-01,16.436603546142578,19.036666870117188,19.046667098999023,18.760000228881836,18.766666412353516,762000
2013-02-04,16.183334350585938,18.74333381652832,19.073333740234375,18.739999771118164,18.893333435058594,1051800
2013-02-05,16.436603546142578,19.036666870117188,19.083332061767578,18.833332061767578,18.84666633605957,485400
2013-02-06,16.476892471313477,19.083332061767578,19.10333251953125,18.920000076293945,18.920000076293945,402600
2013-02-07,16.38767433166504,18.979999542236328,19.09666633605957,18.81999969482422,19.06333351135254,558300
2013-02-08,16.589141845703125,19.213333129882812,19.25,19.023332595825195,19.023332595825195,744900
2013-02-11,16.62943458557129,19.260000228881836,19.30666732788086,19.156667709350586,19.246667861938477,437700
2013-02-12,16.65821075439453,19.293333053588867,19.32666778564453,19.206666946411133,19.233333587646484,989400
2013-02-13,16.692752838134766,19.333332061767578,19.43000030517578,19.246667861938477,19.333332061767578,368700
2013-02-14,16.865432739257812,19.53333282470703,19.543333053588867,19.25,19.270000457763672,556200
2013-02-15,16.773330688476562,19.426666259765625,19.586666107177734,19.343332290649414,19.540000915527344,232500
2013-02-19,16.966157913208008,19.649999618530273,19.663333892822266,19.440000534057617,19.446666717529297,530400
2013-02-20,16.603525161743164,19.229999542236328,19.67333221435547,19.21666717529297,19.666667938232422,914700
2013-02-21,16.292695999145508,18.8700008392334,19.17333221435547,18.73666763305664,19.17333221435547,527700
2013-02-22,16.63518714904785,19.266666412353516,19.27666664123535,18.99333381652832,19.046667098999023,624000
2013-02-25,16.318601608276367,18.899999618530273,19.43666648864746,18.89666748046875,19.3700008392334,836100
2013-02-26,16.427963256835938,19.02666664123535,19.073333740234375,18.873332977294922,19.016666412353516,403500
2013-02-27,16.698503494262695,19.34000015258789,19.433332443237305,19.036666870117188,19.139999389648438,688500
2013-02-28,16.71001434326172,19.35333251953125,19.49333381652832,19.309999465942383,19.35333251953125,536100
2013-03-01,16.640939712524414,19.273332595825195,19.34000015258789,19.020000457763672,19.219999313354492,521400
2013-03-04,16.594892501831055,19.219999313354492,19.25666618347168,19.083332061767578,19.21666717529297,468000
2013-03-05,16.92011833190918,19.59666633605957,19.643333435058594,19.376667022705078,19.376667022705078,457800
2013-03-06,16.940269470214844,19.6200008392334,19.733333587646484,19.573333740234375,19.65999984741211,528000
2013-03-07,17.01796531677246,19.709999084472656,19.803333282470703,19.649999618530273,19.666667938232422,411300
2013-03-08,17.04099464416504,19.73666763305664,19.82666778564453,19.566667556762695,19.78333282470703,555000
2013-03-11,17.05826187133789,19.75666618347168,19.78333282470703,19.56999969482422,19.719999313354492,528900
2013-03-12,17.13021469116211,19.84000015258789,19.860000610351562,19.683332443237305,19.733333587646484,1022700
2013-03-13,17.182018280029297,19.899999618530273,19.959999084472656,19.733333587646484,19.843332290649414,722400
2013-03-14,17.271240234375,20.003332138061523,20.100000381469727,19.976667404174805,20.023332595825195,601200
2013-03-15,16.98918914794922,19.676666259765625,20.020000457763672,19.626667022705078,20.020000457763672,742800
2013-03-18,16.773330688476562,19.426666259765625,19.59666633605957,19.329999923706055,19.47333335876465,379200
2013-03-19,16.704265594482422,19.34666633605957,19.543333053588867,19.176666259765625,19.50666618347168,1109400
2013-03-20,16.925870895385742,19.60333251953125,19.613332748413086,19.433332443237305,19.456666946411133,973500
2013-03-21,16.652454376220703,19.286666870117188,19.489999771118164,19.26333236694336,19.48666763305664,1679100
2013-03-22,16.83664321899414,19.5,19.583332061767578,19.3799991607666,19.44333267211914,282300
2013-03-25,16.819032669067383,19.413333892822266,19.56999969482422,19.286666870117188,19.5,426900
2013-03-26,16.948993682861328,19.56333351135254,19.579999923706055,19.426666259765625,19.51333236694336,154800
2013-03-27,16.983644485473633,19.60333251953125,19.6299991607666,19.343332290649414,19.463333129882812,264300
2013-03-28,17.09916114807129,19.73666763305664,19.753332138061523,19.523332595825195,19.57666778564453,405000
2013-04-01,16.749731063842773,19.333332061767578,19.78333282470703,19.28333282470703,19.78333282470703,281700
2013-04-02,16.60244369506836,19.163333892822266,19.44333267211914,19.09000015258789,19.44333267211914,392100
2013-04-03,16.2674503326416,18.77666664123535,19.21666717529297,18.713333129882812,19.166667938232422,1171200
2013-04-04,16.481149673461914,19.023332595825195,19.030000686645508,18.690000534057617,18.790000915527344,350400
2013-04-05,16.394515991210938,18.92333221435547,18.950000762939453,18.579999923706055,18.683332443237305,570600
2013-04-08,16.593780517578125,19.15333366394043,19.156667709350586,18.773332595825195,18.953332901000977,303000
2013-04-09,16.752605438232422,19.336666107177734,19.47333335876465,19.059999465942383,19.093332290649414,197700
2013-04-10,17.1280460357666,19.770000457763672,19.77666664123535,19.386667251586914,19.386667251586914,531300
2013-04-11,17.047182083129883,19.676666259765625,19.803333282470703,19.56333351135254,19.639999389648438,382200
2013-04-12,16.977869033813477,19.59666633605957,19.626667022705078,19.373332977294922,19.543333053588867,226500
2013-04-15,16.564908981323242,19.1200008392334,19.516666412353516,19.093332290649414,19.416667938232422,498600
2013-04-16,16.905672073364258,19.51333236694336,19.52666664123535,19.209999084472656,19.273332595825195,211500
2013-04-17,16.33964729309082,18.860000610351562,19.27666664123535,18.786666870117188,19.27666664123535,599400
2013-04-18,16.20102882385254,18.700000762939453,19.18000030517578,18.643333435058594,19.06999969482422,1368300
2013-04-19,16.322322845458984,18.84000015258789,18.893333435058594,18.549999237060547,18.706666946411133,564900
2013-04-22,16.498485565185547,19.043333053588867,19.106666564941406,18.656667709350586,18.963333129882812,298500
2013-04-23,16.839250564575195,19.43666648864746,19.476667404174805,19.17333221435547,19.206666946411133,365100
2013-04-24,17.05583953857422,19.68666648864746,19.74333381652832,19.383333206176758,19.42333221435547,685800
2013-04-25,17.223339080810547,19.8799991607666,19.996667861938477,19.746667861938477,19.799999237060547,503100
2013-04-26,17.05583953857422,19.68666648864746,19.770000457763672,19.6200008392334,19.770000457763672,1923300
2013-04-29,17.266666412353516,19.93000030517578,19.976667404174805,19.696666717529297,19.726667404174805,397500
2013-04-30,17.399490356445312,20.083332061767578,20.093332290649414,19.823333740234375,19.959999084472656,1945800
2013-05-01,17.26376724243164,19.926666259765625,20.110000610351562,19.90333366394043,20.079999923706055,608700
2013-05-02,17.491914749145508,20.190000534057617,20.229999542236328,19.94333267211914,20.086666107177734,827700
2013-05-03,17.627647399902344,20.34666633605957,20.523332595825195,20.34666633605957,20.393333435058594,1022400
2013-05-06,17.766260147094727,20.50666618347168,20.613332748413086,20.42333221435547,20.489999771118164,738000
2013-05-07,17.78070068359375,20.523332595825195,20.613332748413086,20.416667938232422,20.613332748413086,638700
2013-05-08,17.971298217773438,20.74333381652832,20.803333282470703,20.543333053588867,20.543333053588867,747300
2013-05-09,18.104145050048828,20.89666748046875,20.989999771118164,20.709999084472656,20.770000457763672,957000
2013-05-10,18.26297950744629,21.079999923706055,21.093332290649414,20.916667938232422,20.920000076293945,349200
2013-05-13,18.086816787719727,20.876667022705078,21.053333282470703,20.850000381469727,20.983333587646484,507000
2013-05-14,18.170562744140625,20.97333335876465,21.010000228881836,20.84666633605957,20.940000534057617,153600
2013-05-15,18.34672737121582,21.176666259765625,21.25,20.963333129882812,20.963333129882812,151800
2013-05-16,18.216773986816406,21.02666664123535,21.28333282470703,21.010000228881836,21.209999084472656,318000
2013-05-17,18.450693130493164,21.296667098999023,21.31333351135254,21.093332290649414,21.133333206176758,195000
2013-05-20,18.41603660583496,21.25666618347168,21.373332977294922,21.21666717529297,21.303333282470703,962400
2013-05-21,18.413148880004883,21.253332138061523,21.31999969482422,21.21666717529297,21.273332595825195,886200
2013-05-22,18.121477127075195,20.916667938232422,21.46666717529297,20.81999969482422,21.329999923706055,1495500
2013-05-23,18.12436294555664,20.920000076293945,20.946666717529297,20.55666732788086,20.616666793823242,1573500
2013-05-24,18.11858558654785,20.913333892822266,20.913333892822266,20.706666946411133,20.863332748413086,746700
2013-05-28,18.283191680908203,21.10333251953125,21.266666412353516,21.053333282470703,21.139999389648438,457200
2013-05-29,18.35249900817871,21.183332443237305,21.25,20.969999313354492,20.99333381652832,215400
2013-05-30,18.635515213012695,21.510000228881836,21.59000015258789,21.253332138061523,21.28333282470703,1004700
2013-05-31,18.39004135131836,21.226667404174805,21.553333282470703,21.226667404174805,21.40999984741211,1761300
2013-06-03,18.45646095275879,21.303333282470703,21.489999771118164,21.066667556762695,21.32666778564453,531300
2013-06-04,18.540212631225586,21.399999618530273,21.623332977294922,21.329999923706055,21.393333435058594,562500
2013-06-05,18.257205963134766,21.073333740234375,21.366666793823242,21.059999465942383,21.34000015258789,349800
2013-06-06,18.23120880126953,21.043333053588867,21.22333335876465,20.860000610351562,21.093332290649414,230400
2013-06-07,18.502676010131836,21.356666564941406,21.383333206176758,21.03333282470703,21.163333892822266,298800
2013-06-10,18.61530113220215,21.48666763305664,21.516666412353516,21.31333351135254,21.399999618530273,129300
2013-06-11,18.196561813354492,21.003332138061523,21.31999969482422,20.989999771118164,21.30666732788086,1291500
2013-06-12,17.985748291015625,20.760000228881836,21.239999771118164,20.739999771118164,21.196666717529297,351300
2013-06-13,18.35249900817871,21.183332443237305,21.213333129882812,20.706666946411133,20.753332138061523,386400
2013-06-14,18.277414321899414,21.09666633605957,21.290000915527344,21.06333351135254,21.233333587646484,168000
2013-06-17,18.543102264404297,21.40333366394043,21.540000915527344,21.303333282470703,21.35333251953125,243900
2013-06-18,18.849212646484375,21.75666618347168,21.773332595825195,21.5,21.5,670500
2013-06-19,18.62685775756836,21.5,21.850000381469727,21.49333381652832,21.77666664123535,2561700
2013-06-20,18.037723541259766,20.81999969482422,21.239999771118164,20.78333282470703,21.229999542236328,386400
2013-06-21,18.115703582763672,20.90999984741211,21.040000915527344,20.64666748046875,21.040000915527344,307500
2013-06-24,17.728708267211914,20.463333129882812,20.760000228881836,20.309999465942383,20.760000228881836,693300
2013-06-25,18.161903381347656,20.963333129882812,21.010000228881836,20.643333435058594,20.719999313354492,312900
2013-06-26,18.25479507446289,21.02666664123535,21.226667404174805,20.90333366394043,21.196666717529297,250500
2013-06-27,18.318458557128906,21.100000381469727,21.27666664123535,21.100000381469727,21.183332443237305,1718700
2013-06-28,18.382122039794922,21.17333221435547,21.309999465942383,20.940000534057617,21.126667022705078,600600
2013-07-01,18.358976364135742,21.14666748046875,21.383333206176758,21.136667251586914,21.273332595825195,331800
2013-07-02,18.385026931762695,21.176666259765625,21.386667251586914,21.040000915527344,21.126667022705078,1409100
2013-07-03,18.468944549560547,21.273332595825195,21.366666793823242,21.106666564941406,21.106666564941406,212700
2013-07-05,18.709144592285156,21.549999237060547,21.573333740234375,21.31999969482422,21.459999084472656,358800
2013-07-08,18.335832595825195,21.1200008392334,21.643333435058594,21.059999465942383,21.633333206176758,1793100
2013-07-09,18.532609939575195,21.34666633605957,21.39666748046875,21.26333236694336,21.32666778564453,232500
2013-07-10,18.72361946105957,21.566667556762695,21.610000610351562,21.329999923706055,21.333332061767578,324900
2013-07-11,19.131656646728516,22.036666870117188,22.053333282470703,21.809999465942383,21.916667938232422,431400
2013-07-12,19.23583221435547,22.156667709350586,22.200000762939453,22.059999465942383,22.106666564941406,310500
2013-07-15,19.23583221435547,22.156667709350586,22.209999084472656,22.1200008392334,22.209999084472656,977400
2013-07-16,19.311079025268555,22.24333381652832,22.323333740234375,22.143333435058594,22.190000534057617,156900
2013-07-17,19.31686019897461,22.25,22.336666107177734,22.190000534057617,22.24333381652832,314700
2013-07-18,19.154808044433594,22.06333351135254,22.253332138061523,21.99333381652832,22.166667938232422,385500
2013-07-19,19.105615615844727,22.00666618347168,22.016666412353516,21.836666107177734,21.96666717529297,226500
2013-07-22,19.0679874420166,21.963333129882812,22.043333053588867,21.886667251586914,22.043333053588867,273600
2013-07-23,19.01300048828125,21.899999618530273,22.190000534057617,21.856666564941406,22.049999237060547,1033500
2013-07-24,18.657047271728516,21.489999771118164,21.989999771118164,21.46666717529297,21.963333129882812,880500
2013-07-25,18.752552032470703,21.600000381469727,21.6200008392334,21.356666564941406,21.483333587646484,1026000
2013-07-26,18.604963302612305,21.43000030517578,21.440000534057617,21.316667556762695,21.440000534057617,281100
2013-07-29,18.48630714416504,21.293333053588867,21.463333129882812,21.25,21.356666564941406,198600
2013-07-30,18.709144592285156,21.549999237060547,21.59666633605957,21.360000610351562,21.360000610351562,138600
2013-07-31,18.801746368408203,21.656667709350586,21.773332595825195,21.559999465942383,21.559999465942383,538800
2013-08-01,19.128761291503906,22.03333282470703,22.046667098999023,21.823333740234375,21.863332748413086,181500
2013-08-02,19.024578094482422,21.913333892822266,21.979999542236328,21.770000457763672,21.979999542236328,89700
2013-08-05,18.98406219482422,21.866666793823242,21.89666748046875,21.80666732788086,21.836666107177734,94200
2013-08-06,18.868309020996094,21.733333587646484,21.803333282470703,21.633333206176758,21.803333282470703,783600
2013-08-07,18.662837982177734,21.496667861938477,21.666667938232422,21.40999984741211,21.666667938232422,372000
2013-08-08,18.67152214050293,21.50666618347168,21.6200008392334,21.389999389648438,21.593332290649414,171900
2013-08-09,18.576025009155273,21.39666748046875,21.50666618347168,21.366666793823242,21.46666717529297,103200
2013-08-12,18.645477294921875,21.476667404174805,21.543333053588867,21.273332595825195,21.323333740234375,137400
2013-08-13,18.865413665771484,21.729999542236328,21.760000228881836,21.40999984741211,21.616666793823242,231600
2013-08-14,18.57891845703125,21.399999618530273,21.59000015258789,21.373332977294922,21.546667098999023,245700
2013-08-15,18.1592960357666,20.916667938232422,21.176666259765625,20.90333366394043,21.123332977294922,300000
2013-08-16,18.22296905517578,20.989999771118164,21.170000076293945,20.866666793823242,20.953332901000977,135000
2013-08-19,18.09273910522461,20.84000015258789,21.046667098999023,20.829999923706055,20.94333267211914,607800
2013-08-20,18.220064163208008,20.98666763305664,21.043333053588867,20.850000381469727,20.850000381469727,125100
2013-08-21,18.08115577697754,20.82666778564453,20.996667861938477,20.816667556762695,20.89666748046875,218100
2013-08-22,18.280847549438477,21.05666732788086,21.100000381469727,20.893333435058594,20.893333435058594,276300
2013-08-23,18.280847549438477,21.05666732788086,21.15999984741211,20.959999084472656,21.09000015258789,170700
2013-08-26,18.246116638183594,21.016666412353516,21.149999618530273,21.010000228881836,21.049999237060547,111900
2013-08-27,17.797561645507812,20.5,20.816667556762695,20.456666946411133,20.816667556762695,624000
2013-08-28,18.029069900512695,20.766666412353516,20.833332061767578,20.55666732788086,20.55666732788086,132900
2013-08-29,18.217174530029297,20.983333587646484,21.023332595825195,20.75666618347168,20.786666870117188,319500
2013-08-30,18.060903549194336,20.803333282470703,20.99333381652832,20.733333587646484,20.99333381652832,256800
2013-09-03,18.211389541625977,20.976667404174805,21.24333381652832,20.883333206176758,21.053333282470703,878100
2013-09-04,18.67152214050293,21.50666618347168,21.553333282470703,21.06999969482422,21.106666564941406,1049700
2013-09-05,18.81331443786621,21.670000076293945,21.713333129882812,21.573333740234375,21.573333740234375,165300
2013-09-06,18.726505279541016,21.56999969482422,21.746667861938477,21.416667938232422,21.733333587646484,282000
2013-09-09,18.97538185119629,21.856666564941406,21.920000076293945,21.626667022705078,21.626667022705078,277500
2013-09-10,19.345800399780273,22.28333282470703,22.290000915527344,21.976667404174805,21.976667404174805,156900
2013-09-11,19.293712615966797,22.22333335876465,22.27666664123535,22.02666664123535,22.176666259765625,844200
2013-09-12,19.166378021240234,22.07666778564453,22.253332138061523,22.06333351135254,22.21666717529297,121200
2013-09-13,19.25609016418457,22.18000030517578,22.183332443237305,21.979999542236328,22.066667556762695,102300
2013-09-16,19.31975746154785,22.253332138061523,22.459999084472656,22.24333381652832,22.350000381469727,238500
2013-09-17,19.4528751373291,22.406667709350586,22.456666946411133,22.329999923706055,22.389999389648438,231300
2013-09-18,19.626510620117188,22.606666564941406,22.639999389648438,22.323333740234375,22.43666648864746,323700
2013-09-19,19.568635940551758,22.540000915527344,22.676666259765625,22.46666717529297,22.65999984741211,108900
2013-09-20,19.461563110351562,22.416667938232422,22.663333892822266,22.393333435058594,22.593332290649414,93000
2013-09-23,19.380529403686523,22.323333740234375,22.573333740234375,22.233333587646484,22.573333740234375,673500
2013-09-24,19.502918243408203,22.363332748413086,22.459999084472656,22.209999084472656,22.299999237060547,173100
2013-09-25,19.523263931274414,22.386667251586914,22.50666618347168,22.246667861938477,22.3799991607666,100500
2013-09-26,19.51163101196289,22.373332977294922,22.51333236694336,22.296667098999023,22.43666648864746,91200
2013-09-27,19.354652404785156,22.19333267211914,22.28333282470703,22.14666748046875,22.26333236694336,170100
2013-09-30,19.375001907348633,22.21666717529297,22.28333282470703,21.920000076293945,22.00666618347168,408600
2013-10-01,19.561052322387695,22.43000030517578,22.469999313354492,22.213333129882812,22.253332138061523,156000
2013-10-02,19.526166915893555,22.389999389648438,22.393333435058594,22.24333381652832,22.273332595825195,97500
2013-10-03,19.476747512817383,22.333332061767578,22.510000228881836,22.116666793823242,22.406667709350586,164400
2013-10-04,19.625009536743164,22.503332138061523,22.559999465942383,22.356666564941406,22.386667251586914,180000
2013-10-07,19.526166915893555,22.389999389648438,22.53333282470703,22.253332138061523,22.303333282470703,273300
2013-10-08,19.21512222290039,22.03333282470703,22.459999084472656,21.950000762939453,22.420000076293945,934800
2013-10-09,19.145353317260742,21.953332901000977,22.066667556762695,21.726667404174805,22.066667556762695,974100
2013-10-10,19.572681427001953,22.44333267211914,22.479999542236328,22.166667938232422,22.166667938232422,1054500
2013-10-11,19.610475540161133,22.48666763305664,22.55666732788086,22.28333282470703,22.34666633605957,198600
2013-10-14,19.76453971862793,22.663333892822266,22.69333267211914,22.333332061767578,22.35333251953125,279000
2013-10-15,19.58721351623535,22.459999084472656,22.706666946411133,22.440000534057617,22.633333206176758,278400
2013-10-16,19.773258209228516,22.67333221435547,22.696666717529297,22.48666763305664,22.49333381652832,349500
2013-10-17,19.918607711791992,22.84000015258789,22.84000015258789,22.453332901000977,22.530000686645508,116100
2013-10-18,19.973840713500977,22.90333366394043,22.916667938232422,22.713333129882812,22.863332748413086,198900
2013-10-21,20.023263931274414,22.959999084472656,22.98666763305664,22.883333206176758,22.93000030517578,189300
2013-10-22,19.976749420166016,22.906667709350586,23.003332138061523,22.799999237060547,23.0,215700
2013-10-23,19.316862106323242,22.149999618530273,22.559999465942383,22.049999237060547,22.553333282470703,336900
2013-10-24,19.488374710083008,22.34666633605957,22.440000534057617,22.293333053588867,22.34666633605957,252600
2013-10-25,19.549427032470703,22.416667938232422,22.459999084472656,22.35333251953125,22.426666259765625,1077000
2013-10-28,19.68313980102539,22.56999969482422,22.600000381469727,22.413333892822266,22.469999313354492,116100
2013-10-29,20.0,22.933332443237305,22.933332443237305,22.639999389648438,22.639999389648438,831000
2013-10-30,19.889537811279297,22.80666732788086,22.97333335876465,22.73666763305664,22.94333267211914,108300
2013-10-31,20.02035140991211,22.956666946411133,23.073333740234375,22.843332290649414,22.84666633605957,416700
2013-11-01,19.933137893676758,22.856666564941406,23.043333053588867,22.77666664123535,23.020000457763672,209700
2013-11-04,19.918607711791992,22.84000015258789,22.916667938232422,22.803333282470703,22.916667938232422,232500
2013-11-05,19.872098922729492,22.786666870117188,22.860000610351562,22.59000015258789,22.69333267211914,441600
2013-11-06,19.912799835205078,22.833332061767578,22.933332443237305,22.73666763305664,22.883333206176758,156300
2013-11-07,19.561052322387695,22.43000030517578,22.850000381469727,22.39666748046875,22.850000381469727,244800
2013-11-08,19.773258209228516,22.67333221435547,22.68000030517578,22.42333221435547,22.456666946411133,181500
2013-11-11,19.773258209228516,22.67333221435547,22.739999771118164,22.56999969482422,22.739999771118164,42000
2013-11-12,19.895355224609375,22.81333351135254,22.81333351135254,22.57666778564453,22.57666778564453,362100
2013-11-13,20.05524253845215,22.996667861938477,23.016666412353516,22.68000030517578,22.683332443237305,174900
2013-11-14,19.970937728881836,22.899999618530273,22.976667404174805,22.856666564941406,22.946666717529297,110400
2013-11-15,20.098857879638672,23.046667098999023,23.083332061767578,22.82666778564453,22.950000762939453,105900
2013-11-18,19.918607711791992,22.84000015258789,23.083332061767578,22.799999237060547,23.083332061767578,201000
2013-11-19,19.6889591217041,22.57666778564453,22.889999389648438,22.559999465942383,22.873332977294922,162300
2013-11-20,19.58431053161621,22.456666946411133,22.636667251586914,22.43000030517578,22.586666107177734,178500
2013-11-21,19.9389591217041,22.863332748413086,22.8799991607666,22.53333282470703,22.53333282470703,124500
2013-11-22,19.965124130249023,22.893333435058594,22.90999984741211,22.766666412353516,22.829999923706055,81900
2013-11-25,19.9389591217041,22.863332748413086,22.906667709350586,22.700000762939453,22.899999618530273,74700
2013-11-26,20.10756492614746,23.05666732788086,23.09666633605957,22.8799991607666,22.8799991607666,166200
2013-11-27,20.162792205810547,23.1200008392334,23.14666748046875,22.916667938232422,22.983333587646484,1223400
2013-11-29,20.194772720336914,23.156667709350586,23.233333587646484,23.123332977294922,23.126667022705078,117600
2013-12-02,20.145357131958008,23.100000381469727,23.219999313354492,23.073333740234375,23.15333366394043,175200
2013-12-03,20.21512222290039,23.18000030517578,23.25666618347168,23.043333053588867,23.043333053588867,682500
2013-12-04,20.122100830078125,23.073333740234375,23.233333587646484,22.92333221435547,23.133333206176758,844500
2013-12-05,20.162792205810547,23.1200008392334,23.226667404174805,23.083332061767578,23.09666633605957,149700
2013-12-06,20.398263931274414,23.389999389648438,23.44333267211914,23.350000381469727,23.363332748413086,279000
2013-12-09,20.44476318359375,23.44333267211914,23.540000915527344,23.416667938232422,23.49333381652832,190800
2013-12-10,20.38953399658203,23.3799991607666,23.48666763305664,23.343332290649414,23.426666259765625,130800
2013-12-11,20.212217330932617,23.176666259765625,23.43666648864746,23.133333206176758,23.399999618530273,322800
2013-12-12,20.04652214050293,22.98666763305664,23.190000534057617,22.940000534057617,23.166667938232422,168600
2013-12-13,20.005817413330078,22.940000534057617,23.06333351135254,22.893333435058594,23.059999465942383,137700
2013-12-16,20.25290870666504,23.22333335876465,23.366666793823242,23.093332290649414,23.21666717529297,281700
2013-12-17,20.465120315551758,23.46666717529297,23.523332595825195,23.24333381652832,23.24333381652832,166500
2013-12-18,20.572681427001953,23.59000015258789,23.65333366394043,23.126667022705078,23.479999542236328,381000
2013-12-19,20.488380432128906,23.49333381652832,23.600000381469727,23.399999618530273,23.600000381469727,192000
2013-12-20,20.67151641845703,23.703332901000977,23.753332138061523,23.510000228881836,23.510000228881836,908400
2013-12-23,20.825794219970703,23.803333282470703,23.829999923706055,23.696666717529297,23.719999313354492,435300
2013-12-24,20.872453689575195,23.856666564941406,23.940000534057617,23.833332061767578,23.836666107177734,77100
2013-12-26,20.954116821289062,23.950000762939453,24.0,23.906667709350586,23.956666946411133,252600
2013-12-27,20.971603393554688,23.969999313354492,24.03333282470703,23.959999084472656,23.969999313354492,1479600
2013-12-30,21.006610870361328,24.010000228881836,24.07666778564453,23.959999084472656,23.979999542236328,270900
2013-12-31,21.204917907714844,24.23666763305664,24.24333381652832,24.10333251953125,24.10333251953125,887100
2014-01-02,20.913288116455078,23.90333366394043,24.09000015258789,23.803333282470703,24.09000015258789,865800
2014-01-03,20.852035522460938,23.833332061767578,23.899999618530273,23.739999771118164,23.899999618530273,427800
2014-01-06,20.749961853027344,23.71666717529297,23.84000015258789,23.67333221435547,23.84000015258789,737400
2014-01-07,20.892866134643555,23.8799991607666,23.916667938232422,23.733333587646484,23.76333236694336,394800
2014-01-08,21.204917907714844,24.23666763305664,24.260000228881836,24.0,24.066667556762695,342600
2014-01-09,21.047433853149414,24.05666732788086,24.290000915527344,23.96666717529297,24.290000915527344,213300
2014-01-10,21.143680572509766,24.166667938232422,24.203332901000977,24.049999237060547,24.073333740234375,156000
2014-01-13,20.904541015625,23.893333435058594,24.203332901000977,23.816667556762695,24.126667022705078,543000
2014-01-14,21.353654861450195,24.406667709350586,24.453332901000977,23.953332901000977,23.953332901000977,383100
2014-01-15,21.543214797973633,24.623332977294922,24.706666946411133,24.503332138061523,24.540000915527344,759000
2014-01-16,21.432401657104492,24.496667861938477,24.626667022705078,24.450000762939453,24.549999237060547,601800
2014-01-17,21.315738677978516,24.363332748413086,24.520000457763672,24.30666732788086,24.373332977294922,545400
2014-01-21,21.432401657104492,24.496667861938477,24.510000228881836,24.309999465942383,24.456666946411133,510900
2014-01-22,21.662792205810547,24.760000228881836,24.796667098999023,24.446666717529297,24.49333381652832,448200
2014-01-23,21.446979522705078,24.51333236694336,24.639999389648438,24.383333206176758,24.626667022705078,285600
2014-01-24,20.948270797729492,23.94333267211914,24.406667709350586,23.926666259765625,24.366666793823242,1125900
2014-01-27,20.802465438842773,23.77666664123535,24.040000915527344,23.633333206176758,23.99333381652832,824700
2014-01-28,20.887033462524414,23.873332977294922,23.92333221435547,23.65333366394043,23.77666664123535,497400
2014-01-29,20.80829429626465,23.78333282470703,23.99333381652832,23.719999313354492,23.719999313354492,921600
2014-01-30,21.070770263671875,24.083332061767578,24.15333366394043,23.916667938232422,23.99333381652832,1313700
2014-01-31,20.97452163696289,23.97333335876465,24.06333351135254,23.76333236694336,23.780000686645508,524700
2014-02-03,20.504993438720703,23.43666648864746,23.953332901000977,23.386667251586914,23.953332901000977,1737900
2014-02-04,20.539987564086914,23.476667404174805,23.516666412353516,23.34000015258789,23.50666618347168,949500
2014-02-05,20.566234588623047,23.50666618347168,23.60333251953125,23.23666763305664,23.376667022705078,606300
2014-02-06,20.892866134643555,23.8799991607666,23.916667938232422,23.546667098999023,23.546667098999023,455700
2014-02-07,21.222421646118164,24.25666618347168,24.280000686645508,23.893333435058594,23.97333335876465,399300
2014-02-10,21.330324172973633,24.3799991607666,24.40999984741211,24.273332595825195,24.290000915527344,346800
2014-02-11,21.61029815673828,24.700000762939453,24.760000228881836,24.420000076293945,24.420000076293945,823800
2014-02-12,21.79986572265625,24.916667938232422,24.94333267211914,24.766666412353516,24.766666412353516,408000
2014-02-13,22.047754287719727,25.200000762939453,25.209999084472656,24.75666618347168,24.803333282470703,347400
2014-02-14,22.190654754638672,25.363332748413086,25.393333435058594,25.110000610351562,25.170000076293945,1166700
2014-02-18,22.248981475830078,25.43000030517578,25.450000762939453,25.239999771118164,25.39666748046875,169500
2014-02-19,22.22856330871582,25.406667709350586,25.520000457763672,25.336666107177734,25.363332748413086,139800
2014-02-20,22.38021469116211,25.579999923706055,25.606666564941406,25.3700008392334,25.416667938232422,285000
2014-02-21,22.283971786499023,25.469999313354492,25.676666259765625,25.40333366394043,25.6299991607666,390300
2014-02-24,22.37146759033203,25.56999969482422,25.726667404174805,25.566667556762695,25.59666633605957,167100
2014-02-25,22.25189781188965,25.433332443237305,25.59000015258789,25.31333351135254,25.510000228881836,243300
2014-02-26,22.403547286987305,25.606666564941406,25.786666870117188,25.496667861938477,25.520000457763672,164400
2014-02-27,22.400634765625,25.60333251953125,25.64666748046875,25.43000030517578,25.600000381469727,196800
2014-02-28,22.38313102722168,25.583332061767578,25.68000030517578,25.406667709350586,25.606666564941406,163800
2014-03-03,22.24314308166504,25.42333221435547,25.47333335876465,25.203332901000977,25.3799991607666,269400
2014-03-04,22.636856079101562,25.873332977294922,25.916667938232422,25.753332138061523,25.753332138061523,889800
2014-03-05,22.680601119995117,25.92333221435547,25.99333381652832,25.829999923706055,25.913333892822266,289200
2014-03-06,22.83808135986328,26.10333251953125,26.126667022705078,25.906667709350586,26.0,427800
2014-03-07,22.811838150024414,26.073333740234375,26.273332595825195,25.99333381652832,26.273332595825195,672000
2014-03-10,22.77392578125,26.030000686645508,26.133333206176758,25.90999984741211,26.083332061767578,150300
2014-03-11,22.648523330688477,25.886667251586914,26.15333366394043,25.81333351135254,26.083332061767578,178500
2014-03-12,22.829336166381836,26.093332290649414,26.10333251953125,25.719999313354492,25.770000457763672,145800
2014-03-13,22.458953857421875,25.670000076293945,26.209999084472656,25.536666870117188,26.170000076293945,778200
2014-03-14,22.33063316345215,25.523332595825195,25.74333381652832,25.520000457763672,25.639999389648438,178500
2014-03-17,22.607690811157227,25.84000015258789,25.93000030517578,25.690000534057617,25.690000534057617,150300
2014-03-18,22.9343204498291,26.213333129882812,26.22333335876465,25.843332290649414,25.940000534057617,538200
2014-03-19,22.913915634155273,26.190000534057617,26.366666793823242,26.036666870117188,26.219999313354492,785100
2014-03-20,23.3367862701416,26.67333221435547,26.68666648864746,26.079999923706055,26.126667022705078,533700
2014-03-21,23.132638931274414,26.440000534057617,26.786666870117188,26.3799991607666,26.75666618347168,396000
2014-03-24,23.039318084716797,26.333332061767578,26.59000015258789,26.1200008392334,26.56999969482422,727800
2014-03-25,23.21155548095703,26.459999084472656,26.606666564941406,26.323333740234375,26.386667251586914,309300
2014-03-26,22.94837188720703,26.15999984741211,26.766666412353516,26.15999984741211,26.74333381652832,384300
2014-03-27,22.778776168823242,25.96666717529297,26.25,25.89666748046875,26.166667938232422,543600
2014-03-28,22.927907943725586,26.136667251586914,26.343332290649414,26.030000686645508,26.046667098999023,214200
2014-03-31,23.30219078063965,26.56333351135254,26.64666748046875,26.309999465942383,26.356666564941406,696300
2014-04-01,23.673555374145508,26.98666763305664,26.98666763305664,26.68000030517578,26.68666648864746,621000
2014-04-02,23.63846778869629,26.946666717529297,27.040000915527344,26.80666732788086,27.036666870117188,542700
2014-04-03,23.673555374145508,26.98666763305664,27.233333587646484,26.876667022705078,26.989999771118164,354600
2014-04-04,23.003938674926758,26.22333335876465,27.200000762939453,26.18666648864746,27.200000762939453,977700
2014-04-07,22.796321868896484,25.98666763305664,26.373332977294922,25.84000015258789,26.156667709350586,797100
2014-04-08,23.094581604003906,26.32666778564453,26.343332290649414,26.023332595825195,26.02666664123535,181200
2014-04-09,23.337284088134766,26.60333251953125,26.616666793823242,26.316667556762695,26.446666717529297,174000
2014-04-10,22.61503028869629,25.780000686645508,26.643333435058594,25.753332138061523,26.643333435058594,1304400
2014-04-11,22.261215209960938,25.376667022705078,25.84666633605957,25.309999465942383,25.489999771118164,1170000
2014-04-14,22.4395809173584,25.579999923706055,25.71666717529297,25.34000015258789,25.583332061767578,1281000
2014-04-15,22.58578872680664,25.746667861938477,25.823333740234375,25.299999237060547,25.626667022705078,477900
2014-04-16,22.54776954650879,25.703332901000977,25.833332061767578,25.333332061767578,25.816667556762695,590700
2014-04-17,22.971773147583008,26.18666648864746,26.293333053588867,25.833332061767578,25.863332748413086,354600
2014-04-21,23.179378509521484,26.42333221435547,26.43000030517578,26.093332290649414,26.366666793823242,447300
2014-04-22,23.386995315551758,26.65999984741211,26.729999542236328,26.426666259765625,26.483333587646484,621000
2014-04-23,23.36652946472168,26.636667251586914,26.753332138061523,26.56999969482422,26.690000534057617,602100
2014-04-24,23.49810791015625,26.786666870117188,26.860000610351562,26.446666717529297,26.843332290649414,247800
2014-04-25,22.72907066345215,25.90999984741211,26.516666412353516,25.860000610351562,26.516666412353516,261900
2014-04-28,22.600412368774414,25.76333236694336,26.113332748413086,25.393333435058594,26.05666732788086,882900
2014-04-29,22.755382537841797,25.940000534057617,26.0,25.766666412353516,25.886667251586914,215100
2014-04-30,22.86942481994629,26.06999969482422,26.07666778564453,25.833332061767578,25.866666793823242,155700
2014-05-01,22.796321868896484,25.98666763305664,26.316667556762695,25.933332443237305,26.040000915527344,85500
2014-05-02,22.875274658203125,26.07666778564453,26.18666648864746,25.946666717529297,25.989999771118164,66300
2014-05-05,22.895742416381836,26.100000381469727,26.170000076293945,25.84666633605957,25.920000076293945,258900
2014-05-06,22.80801010131836,26.0,26.233333587646484,25.97333335876465,26.10333251953125,222600
2014-05-07,22.816795349121094,26.010000228881836,26.116666793823242,25.799999237060547,26.116666793823242,105600
2014-05-08,22.974695205688477,26.190000534057617,26.549999237060547,25.916667938232422,26.010000228881836,139200
2014-05-09,22.901594161987305,26.106666564941406,26.206666946411133,25.93000030517578,26.206666946411133,199800
2014-05-12,23.319738388061523,26.583332061767578,26.613332748413086,26.246667861938477,26.253332138061523,169500
2014-05-13,23.13551902770996,26.373332977294922,26.68666648864746,26.3700008392334,26.68666648864746,322200
2014-05-14,22.942529678344727,26.15333366394043,26.3799991607666,26.143333435058594,26.376667022705078,103200
2014-05-15,22.67351722717285,25.84666633605957,26.163333892822266,25.65999984741211,26.123332977294922,708900
2014-05-16,22.924983978271484,26.133333206176758,26.149999618530273,25.889999389648438,25.953332901000977,204300
2014-05-19,23.155986785888672,26.39666748046875,26.459999084472656,26.113332748413086,26.113332748413086,384600
2014-05-20,23.044872283935547,26.270000457763672,26.483333587646484,26.1299991607666,26.386667251586914,238200
2014-05-21,23.155986785888672,26.39666748046875,26.46666717529297,26.273332595825195,26.3700008392334,137100
2014-05-22,23.26125717163086,26.516666412353516,26.623332977294922,26.44333267211914,26.456666946411133,264300
2014-05-23,23.48348617553711,26.770000457763672,26.78333282470703,26.483333587646484,26.543333053588867,233700
2014-05-27,23.772972106933594,27.100000381469727,27.100000381469727,26.883333206176758,26.950000762939453,579900
2014-05-28,23.808061599731445,27.139999389648438,27.203332901000977,27.0,27.143333435058594,255000
2014-05-29,23.8519287109375,27.190000534057617,27.280000686645508,27.139999389648438,27.22333335876465,150900
2014-05-30,23.881168365478516,27.22333335876465,27.26333236694336,27.1200008392334,27.23666763305664,219600
2014-06-02,24.01274871826172,27.373332977294922,27.450000762939453,27.166667938232422,27.399999618530273,379500
2014-06-03,24.237903594970703,27.6299991607666,27.649999618530273,27.31333351135254,27.386667251586914,336900
2014-06-04,24.346101760864258,27.753332138061523,27.793333053588867,27.543333053588867,27.59000015258789,636600
2014-06-05,24.46599006652832,27.889999389648438,27.953332901000977,27.663333892822266,27.796667098999023,260700
2014-06-06,24.609268188476562,28.053333282470703,28.079999923706055,27.959999084472656,27.99333381652832,332700
2014-06-09,24.632665634155273,28.079999923706055,28.24333381652832,28.046667098999023,28.143333435058594,235200
2014-06-10,24.705768585205078,28.163333892822266,28.18000030517578,27.983333587646484,28.10333251953125,199200
2014-06-11,24.83442497253418,28.309999465942383,28.416667938232422,28.14666748046875,28.15333366394043,344100
2014-06-12,24.749631881713867,28.213333129882812,28.406667709350586,28.113332748413086,28.290000915527344,867300
2014-06-13,24.992328643798828,28.489999771118164,28.56999969482422,28.34000015258789,28.469999313354492,391500
2014-06-16,25.141450881958008,28.65999984741211,28.713333129882812,28.453332901000977,28.459999084472656,761100
2014-06-17,25.325679779052734,28.8700008392334,28.90999984741211,28.610000610351562,28.610000610351562,330600
2014-06-18,25.22040557861328,28.75,28.90999984741211,28.540000915527344,28.90999984741211,698100
2014-06-19,25.255495071411133,28.790000915527344,28.823333740234375,28.606666564941406,28.823333740234375,905100
2014-06-20,25.331523895263672,28.876667022705078,28.876667022705078,28.74333381652832,28.85333251953125,685800
2014-06-23,25.23795509338379,28.770000457763672,28.913333892822266,28.73666763305664,28.913333892822266,1428600
2014-06-24,25.033281326293945,28.456666946411133,28.883333206176758,28.399999618530273,28.76333236694336,1128000
2014-06-25,25.138832092285156,28.57666778564453,28.606666564941406,28.28333282470703,28.40333366394043,435300
2014-06-26,25.027420043945312,28.450000762939453,28.59666633605957,28.239999771118164,28.59666633605957,247800
2014-06-27,25.059661865234375,28.48666763305664,28.503332138061523,28.34666633605957,28.383333206176758,476700
2014-06-30,25.33530616760254,28.799999237060547,28.823333740234375,28.51333236694336,28.55666732788086,297000
2014-07-01,25.68132209777832,29.19333267211914,29.30666732788086,28.889999389648438,28.90999984741211,306900
2014-07-02,25.748767852783203,29.270000457763672,29.31333351135254,29.18000030517578,29.286666870117188,445800
2014-07-03,25.910036087036133,29.453332901000977,29.503332138061523,29.366666793823242,29.366666793823242,316800
2014-07-07,25.737031936645508,29.25666618347168,29.47333335876465,29.213333129882812,29.47333335876465,468000
2014-07-08,25.599218368530273,29.100000381469727,29.253332138061523,28.823333740234375,29.219999313354492,525900
2014-07-09,25.75463104248047,29.27666664123535,29.293333053588867,28.963333129882812,29.079999923706055,382800
2014-07-10,25.63733673095703,29.143333435058594,29.25,28.75666618347168,28.85333251953125,471000
2014-07-11,25.634401321411133,29.139999389648438,29.203332901000977,29.023332595825195,29.14666748046875,347700
2014-07-14,25.76049041748047,29.28333282470703,29.386667251586914,29.196666717529297,29.303333282470703,937500
2014-07-15,25.68425178527832,29.196666717529297,29.383333206176758,28.926666259765625,29.296667098999023,434700
2014-07-16,25.983354568481445,29.536666870117188,29.553333282470703,29.366666793823242,29.42333221435547,308100
2014-07-17,25.311847686767578,28.773332595825195,29.239999771118164,28.729999542236328,29.229999542236328,1110900
2014-07-18,25.64319610595703,29.149999618530273,29.176666259765625,28.850000381469727,28.886667251586914,605400
2014-07-21,25.719446182250977,29.23666763305664,29.296667098999023,29.043333053588867,29.086666107177734,355500
2014-07-22,25.88658332824707,29.426666259765625,29.476667404174805,29.293333053588867,29.35333251953125,342300
2014-07-23,25.294252395629883,28.753332138061523,29.28333282470703,28.73666763305664,29.28333282470703,797400
2014-07-24,25.059661865234375,28.48666763305664,28.74333381652832,28.47333335876465,28.739999771118164,921600
2014-07-25,24.56410026550293,27.92333221435547,28.31333351135254,27.860000610351562,28.27666664123535,2210100
2014-07-28,24.5406436920166,27.89666748046875,27.946666717529297,27.559999465942383,27.933332443237305,1801800
2014-07-29,24.496658325195312,27.84666633605957,28.116666793823242,27.843332290649414,27.98666763305664,577800
2014-07-30,24.734174728393555,28.116666793823242,28.203332901000977,27.950000762939453,28.086666107177734,1718400
2014-07-31,24.232749938964844,27.546667098999023,27.886667251586914,27.426666259765625,27.799999237060547,2455800
2014-08-01,24.311927795410156,27.636667251586914,27.786666870117188,27.399999618530273,27.503332138061523,587400
2014-08-04,24.41749382019043,27.75666618347168,27.836666107177734,27.489999771118164,27.709999084472656,720600
2014-08-05,24.15944480895996,27.463333129882812,27.770000457763672,27.366666793823242,27.666667938232422,1244100
2014-08-06,24.23862075805664,27.553333282470703,27.75,27.316667556762695,27.360000610351562,859800
2014-08-07,23.913124084472656,27.183332443237305,27.739999771118164,27.1200008392334,27.72333335876465,879000
2014-08-08,24.20928955078125,27.520000457763672,27.53333282470703,27.246667861938477,27.286666870117188,652500
2014-08-11,24.429216384887695,27.770000457763672,27.92333221435547,27.636667251586914,27.64666748046875,1435200
2014-08-12,24.411617279052734,27.75,27.80666732788086,27.51333236694336,27.75,196800
2014-08-13,24.643274307250977,28.01333236694336,28.01333236694336,27.793333053588867,27.793333053588867,407400
2014-08-14,24.690195083618164,28.066667556762695,28.110000610351562,27.963333129882812,28.01333236694336,469200
2014-08-15,24.951169967651367,28.363332748413086,28.459999084472656,28.036666870117188,28.286666870117188,622500
2014-08-18,25.047931671142578,28.47333335876465,28.479999542236328,28.266666412353516,28.463333129882812,488400
2014-08-19,25.226804733276367,28.676666259765625,28.719999313354492,28.516666412353516,28.546667098999023,712200
2014-08-20,25.437931060791016,28.916667938232422,28.950000762939453,28.636667251586914,28.636667251586914,262800
2014-08-21,25.534704208374023,29.02666664123535,29.043333053588867,28.850000381469727,28.90333366394043,409500
2014-08-22,25.552295684814453,29.046667098999023,29.166667938232422,28.926666259765625,29.010000228881836,467400
2014-08-25,25.461397171020508,28.94333267211914,29.226667404174805,28.889999389648438,29.226667404174805,247800
2014-08-26,25.464326858520508,28.946666717529297,29.053333282470703,28.916667938232422,28.97333335876465,153000
2014-08-27,25.511247634887695,29.0,29.023332595825195,28.82666778564453,28.959999084472656,356700
2014-08-28,25.593345642089844,29.093332290649414,29.110000610351562,28.809999465942383,28.850000381469727,207600
2014-08-29,25.786888122558594,29.31333351135254,29.399999618530273,29.196666717529297,29.25666618347168,240900
2014-09-02,25.66958999633789,29.18000030517578,29.416667938232422,29.049999237060547,29.356666564941406,214200
2014-09-03,25.73996353149414,29.260000228881836,29.3799991607666,29.196666717529297,29.293333053588867,238200
2014-09-04,25.81327247619629,29.343332290649414,29.553333282470703,29.266666412353516,29.336666107177734,270600
2014-09-05,26.027332305908203,29.586666107177734,29.59000015258789,29.31333351135254,29.363332748413086,445200
2014-09-08,26.09184455871582,29.65999984741211,29.823333740234375,29.546667098999023,29.553333282470703,474300
2014-09-09,25.85139274597168,29.386667251586914,29.690000534057617,29.34666633605957,29.666667938232422,190500
2014-09-10,25.842599868774414,29.376667022705078,29.426666259765625,29.196666717529297,29.356666564941406,162300
2014-09-11,25.910036087036133,29.453332901000977,29.453332901000977,29.163333892822266,29.28333282470703,250800
2014-09-12,25.587486267089844,29.086666107177734,29.416667938232422,29.02666664123535,29.416667938232422,624600
2014-09-15,25.273731231689453,28.729999542236328,29.156667709350586,28.71666717529297,29.14666748046875,652500
2014-09-16,25.713577270507812,29.229999542236328,29.270000457763672,28.670000076293945,28.683332443237305,1664400
2014-09-17,25.898311614990234,29.440000534057617,29.60333251953125,29.25666618347168,29.28333282470703,444000
2014-09-18,26.29418182373047,29.889999389648438,29.889999389648438,29.536666870117188,29.56333351135254,355500
2014-09-19,25.965757369995117,29.516666412353516,30.036666870117188,29.463333129882812,30.030000686645508,339000
2014-09-22,25.651994705200195,29.15999984741211,29.479999542236328,29.10333251953125,29.40999984741211,315600
2014-09-23,25.569887161254883,29.066667556762695,29.290000915527344,28.953332901000977,29.023332595825195,632700
2014-09-24,25.890398025512695,29.350000381469727,29.360000610351562,29.040000915527344,29.040000915527344,329100
2014-09-25,25.416990280151367,28.81333351135254,29.309999465942383,28.72333335876465,29.290000915527344,507900
2014-09-26,25.716907501220703,29.15333366394043,29.22333335876465,28.940000534057617,29.036666870117188,828300
2014-09-29,25.749263763427734,29.190000534057617,29.28333282470703,28.803333282470703,28.860000610351562,325800
2014-09-30,25.537546157836914,28.950000762939453,29.233333587646484,28.843332290649414,29.233333587646484,370800
2014-10-01,24.914180755615234,28.24333381652832,28.893333435058594,28.170000076293945,28.893333435058594,1676700
2014-10-02,24.761281967163086,28.06999969482422,28.23666763305664,27.566667556762695,28.23666763305664,584400
2014-10-03,24.9171199798584,28.246667861938477,28.43666648864746,28.09666633605957,28.30666732788086,489600
2014-10-06,24.699527740478516,28.0,28.34666633605957,27.816667556762695,28.296667098999023,429900
2014-10-07,24.229061126708984,27.46666717529297,27.96666717529297,27.46666717529297,27.906667709350586,1260600
2014-10-08,24.775976181030273,28.086666107177734,28.14666748046875,27.239999771118164,27.52666664123535,439200
2014-10-09,24.105573654174805,27.32666778564453,28.03333282470703,27.309999465942383,28.030000686645508,1307100
2014-10-10,22.444232940673828,25.44333267211914,26.573333740234375,25.213333129882812,26.566667556762695,3951300
2014-10-13,21.967872619628906,24.90333366394043,25.773332595825195,24.886667251586914,25.456666946411133,4425000
2014-10-14,22.364835739135742,25.35333251953125,25.833332061767578,25.143333435058594,25.350000381469727,3031200
2014-10-15,22.470685958862305,25.47333335876465,25.666667938232422,24.719999313354492,24.866666793823242,1984800
2014-10-16,22.817663192749023,25.866666793823242,26.043333053588867,25.116666793823242,25.123332977294922,990300
2014-10-17,22.98526954650879,26.05666732788086,26.5,26.016666412353516,26.329999923706055,1563000
2014-10-20,23.349872589111328,26.469999313354492,26.496667861938477,25.883333206176758,26.066667556762695,591900
2014-10-21,24.2114200592041,27.446666717529297,27.459999084472656,26.76333236694336,26.78333282470703,1086600
2014-10-22,23.86444854736328,27.053333282470703,27.69333267211914,27.040000915527344,27.656667709350586,2008500
2014-10-23,24.208477020263672,27.44333267211914,27.59000015258789,27.32666778564453,27.40999984741211,709500
2014-10-24,24.449586868286133,27.71666717529297,27.786666870117188,27.43000030517578,27.450000762939453,624900
2014-10-27,24.564260482788086,27.84666633605957,27.889999389648438,27.48666763305664,27.696666717529297,1352400
2014-10-28,24.914180755615234,28.24333381652832,28.253332138061523,27.899999618530273,27.99333381652832,1290900
2014-10-29,24.96416473388672,28.299999237060547,28.373332977294922,27.976667404174805,28.196666717529297,1864200
2014-10-30,24.66130256652832,27.956666946411133,28.196666717529297,27.606666564941406,28.166667938232422,1145100
2014-10-31,25.62575912475586,29.049999237060547,29.190000534057617,28.733333587646484,28.733333587646484,2241300
2014-11-03,25.80219078063965,29.25,29.406667709350586,29.049999237060547,29.093332290649414,1669500
2014-11-04,25.70808982849121,29.143333435058594,29.316667556762695,28.926666259765625,29.139999389648438,539700
2014-11-05,25.96685028076172,29.43666648864746,29.47333335876465,29.110000610351562,29.363332748413086,762900
2014-11-06,25.74338150024414,29.183332443237305,29.366666793823242,29.0,29.26333236694336,978000
2014-11-07,25.511085510253906,28.920000076293945,29.24333381652832,28.68666648864746,29.149999618530273,445200
2014-11-10,25.699277877807617,29.133333206176758,29.18000030517578,28.876667022705078,29.0,326100
2014-11-11,25.6492862701416,29.07666778564453,29.18000030517578,28.953332901000977,29.18000030517578,533700
2014-11-12,25.611061096191406,29.03333282470703,29.05666732788086,28.876667022705078,28.963333129882812,254700
2014-11-13,25.61400032043457,29.036666870117188,29.32666778564453,28.933332443237305,29.126667022705078,186600
2014-11-14,25.837465286254883,29.290000915527344,29.309999465942383,28.829999923706055,28.98666763305664,277500
2014-11-17,25.7198543548584,29.156667709350586,29.239999771118164,28.920000076293945,29.15333366394043,864900
2014-11-18,26.222665786743164,29.726667404174805,29.80666732788086,29.206666946411133,29.206666946411133,456900
2014-11-19,26.043291091918945,29.523332595825195,29.77666664123535,29.386667251586914,29.77666664123535,725700
2014-11-20,26.281476974487305,29.793333053588867,29.82666778564453,29.26333236694336,29.389999389648438,651300
2014-11-21,26.56964111328125,30.1200008392334,30.209999084472656,29.883333206176758,30.110000610351562,1091700
2014-11-24,26.82544708251953,30.40999984741211,30.426666259765625,30.133333206176758,30.18000030517578,533100
2014-11-25,26.83133888244629,30.416667938232422,30.510000228881836,30.350000381469727,30.5,610500
2014-11-26,27.398828506469727,31.059999465942383,31.066667556762695,30.43000030517578,30.43000030517578,552300
2014-11-28,27.475284576416016,31.14666748046875,31.233333587646484,30.956666946411133,31.123332977294922,333900
2014-12-01,27.12830352783203,30.753332138061523,31.17333221435547,30.639999389648438,31.010000228881836,930300
2014-12-02,27.298858642578125,30.946666717529297,30.956666946411133,30.55666732788086,30.683332443237305,538800
2014-12-03,27.87224769592285,31.59666633605957,31.626667022705078,31.083332061767578,31.09666633605957,1059600
2014-12-04,27.895763397216797,31.623332977294922,31.82666778564453,31.446666717529297,31.690000534057617,741000
2014-12-05,28.175106048583984,31.940000534057617,31.946666717529297,31.663333892822266,31.72333335876465,362100
2014-12-08,27.778152465820312,31.489999771118164,32.0099983215332,31.296667098999023,31.883333206176758,1208400
2014-12-09,27.77520751953125,31.48666763305664,31.553333282470703,30.956666946411133,31.043333053588867,645900
2014-12-10,27.245933532714844,30.886667251586914,31.489999771118164,30.829999923706055,31.323333740234375,667500
2014-12-11,27.37531280517578,31.03333282470703,31.406667709350586,30.963333129882812,31.023332595825195,1842900
2014-12-12,26.9224853515625,30.520000457763672,30.963333129882812,30.489999771118164,30.760000228881836,1188600
2014-12-15,26.672550201416016,30.23666763305664,30.969999313354492,30.136667251586914,30.666667938232422,1096800
2014-12-16,26.49024200439453,30.030000686645508,30.670000076293945,29.98666763305664,30.106666564941406,855900
2014-12-17,27.060684204101562,30.676666259765625,30.753332138061523,29.876667022705078,30.083332061767578,812100
2014-12-18,27.575254440307617,31.260000228881836,31.260000228881836,30.969999313354492,31.183332443237305,627600
2014-12-19,27.578197479248047,31.26333236694336,31.433332443237305,31.036666870117188,31.433332443237305,577500
2014-12-22,27.916345596313477,31.64666748046875,31.683332443237305,31.296667098999023,31.336666107177734,377700
2014-12-23,27.854595184326172,31.57666778564453,31.906667709350586,31.566667556762695,31.78333282470703,982500
2014-12-24,27.89639663696289,31.3700008392334,31.503332138061523,31.360000610351562,31.433332443237305,203400
2014-12-26,27.93196678161621,31.40999984741211,31.543333053588867,31.373332977294922,31.450000762939453,201000
2014-12-29,27.8519344329834,31.31999969482422,31.399999618530273,31.213333129882812,31.393333435058594,204600
2014-12-30,27.677043914794922,31.123332977294922,31.270000457763672,31.106666564941406,31.106666564941406,362700
2014-12-31,27.534757614135742,30.963333129882812,31.393333435058594,30.94333267211914,31.170000076293945,290100
2015-01-02,27.511045455932617,30.93666648864746,31.27666664123535,30.64666748046875,31.100000381469727,663000
2015-01-05,26.99230194091797,30.35333251953125,30.863332748413086,30.343332290649414,30.80666732788086,619500
2015-01-06,26.390567779541016,29.676666259765625,30.40333366394043,29.59000015258789,30.373332977294922,1123800
2015-01-07,26.65142250061035,29.969999313354492,30.10333251953125,29.670000076293945,29.84666633605957,721200
2015-01-08,27.442869186401367,30.860000610351562,30.90999984741211,30.273332595825195,30.273332595825195,633000
2015-01-09,27.457691192626953,30.876667022705078,31.0,30.50666618347168,30.983333587646484,420900
2015-01-12,26.930055618286133,30.28333282470703,30.74333381652832,30.136667251586914,30.74333381652832,572400
2015-01-13,26.666242599487305,29.98666763305664,30.876667022705078,29.833332061767578,30.503332138061523,520800
2015-01-14,26.515064239501953,29.816667556762695,30.113332748413086,29.510000228881836,29.696666717529297,1241700
2015-01-15,26.304603576660156,29.579999923706055,30.213333129882812,29.55666732788086,30.049999237060547,663000
2015-01-16,26.59213638305664,29.90333366394043,29.94333267211914,29.350000381469727,29.476667404174805,876900
2015-01-20,26.86781120300293,30.213333129882812,30.323333740234375,29.82666778564453,30.05666732788086,395400
2015-01-21,27.173118591308594,30.55666732788086,30.690000534057617,30.02666664123535,30.156667709350586,433500
2015-01-22,27.336156845092773,30.739999771118164,30.766666412353516,29.963333129882812,30.530000686645508,1371300
2015-01-23,27.2650089263916,30.65999984741211,30.799999237060547,30.510000228881836,30.60333251953125,564600
2015-01-26,27.31539535522461,30.71666717529297,30.786666870117188,30.366666793823242,30.593332290649414,353700
2015-01-27,26.829265594482422,30.170000076293945,30.453332901000977,29.983333587646484,30.323333740234375,1060800
2015-01-28,26.701807022094727,30.02666664123535,30.829999923706055,30.00666618347168,30.586666107177734,945900
2015-01-29,26.719594955444336,30.046667098999023,30.139999389648438,29.48666763305664,29.926666259765625,658200
2015-01-30,26.194927215576172,29.456666946411133,30.10333251953125,29.413333892822266,29.706666946411133,1456200
2015-02-02,26.26310157775879,29.53333282470703,29.626667022705078,28.916667938232422,29.510000228881836,927300
2015-02-03,26.728487014770508,30.05666732788086,30.06999969482422,29.616666793823242,29.65999984741211,631200
2015-02-04,26.829265594482422,30.170000076293945,30.383333206176758,29.96666717529297,29.976667404174805,1008000
2015-02-05,27.090124130249023,30.463333129882812,30.476667404174805,30.1299991607666,30.293333053588867,699000
2015-02-06,26.941913604736328,30.296667098999023,30.760000228881836,30.219999313354492,30.50666618347168,1006200
2015-02-09,26.657346725463867,29.976667404174805,30.253332138061523,29.899999618530273,30.253332138061523,1523400
2015-02-10,27.558475494384766,30.989999771118164,31.0,30.26333236694336,30.34666633605957,1259100
2015-02-11,27.647396087646484,31.09000015258789,31.200000762939453,30.889999389648438,30.99333381652832,965700
2015-02-12,28.08907127380371,31.586666107177734,31.59666633605957,31.183332443237305,31.183332443237305,935400
2015-02-13,28.287668228149414,31.809999465942383,31.90333366394043,31.536666870117188,31.729999542236328,737100
2015-02-17,28.376598358154297,31.90999984741211,31.946666717529297,31.700000762939453,31.796667098999023,2393400
2015-02-18,28.302492141723633,31.82666778564453,31.920000076293945,31.700000762939453,31.873332977294922,458700
2015-02-19,28.37957191467285,31.913333892822266,32.00666809082031,31.733333587646484,31.780000686645508,651600
2015-02-20,28.54851531982422,32.10333251953125,32.12666702270508,31.75,31.82666778564453,1902900
2015-02-23,28.37067222595215,31.90333366394043,32.06666564941406,31.790000915527344,32.06666564941406,673200
2015-02-24,28.750099182128906,32.33000183105469,32.34333419799805,31.68666648864746,31.90333366394043,842400
2015-02-25,28.60188102722168,32.163333892822266,32.336666107177734,32.06666564941406,32.2599983215332,387900
2015-02-26,28.79752540588379,32.383331298828125,32.45333480834961,32.21333312988281,32.31666564941406,295500
2015-02-27,28.711565017700195,32.28666687011719,32.4466667175293,32.186668395996094,32.37666702270508,350100
2015-03-02,29.500041961669922,33.17333221435547,33.189998626708984,32.55666732788086,32.560001373291016,865800
2015-03-03,28.954622268676758,32.560001373291016,33.05666732788086,32.516666412353516,33.05666732788086,1192200
2015-03-04,28.916086196899414,32.516666412353516,32.526668548583984,32.150001525878906,32.470001220703125,569700
2015-03-05,28.93387222290039,32.53666687011719,32.723331451416016,32.400001525878906,32.630001068115234,733500
2015-03-06,28.634490966796875,32.20000076293945,32.483333587646484,32.11000061035156,32.43000030517578,642600
2015-03-09,28.723417282104492,32.29999923706055,32.37666702270508,32.13999938964844,32.17333221435547,519900
2015-03-10,28.19281768798828,31.703332901000977,32.16666793823242,31.696666717529297,32.09000015258789,1150500
2015-03-11,28.255067825317383,31.773332595825195,32.099998474121094,31.76333236694336,31.863332748413086,356100
2015-03-12,28.246173858642578,31.76333236694336,31.773332595825195,31.416667938232422,31.440000534057617,1173300
2015-03-13,28.43588638305664,31.976667404174805,32.03333282470703,31.633333206176758,31.84000015258789,539100
2015-03-16,28.86865997314453,32.46333312988281,32.470001220703125,32.106666564941406,32.150001525878906,657600
2015-03-17,28.658201217651367,32.22666549682617,32.28333282470703,32.04666519165039,32.22666549682617,439800
2015-03-18,28.871631622314453,32.46666717529297,32.62333297729492,31.80666732788086,32.21666717529297,466500
2015-03-19,28.936840057373047,32.540000915527344,32.619998931884766,32.38666534423828,32.43333435058594,283200
2015-03-20,29.345897674560547,33.0,33.10333251953125,32.733333587646484,32.776668548583984,462300
2015-03-23,29.102827072143555,32.72666549682617,33.04666519165039,32.71333312988281,33.0099983215332,401100
2015-03-24,28.853843688964844,32.4466667175293,32.75,32.426666259765625,32.75,580200
2015-03-25,27.51311492919922,30.856666564941406,32.37333297729492,30.81999969482422,32.336666107177734,1159200
2015-03-26,27.135643005371094,30.433332443237305,30.6299991607666,29.760000228881836,30.139999389648438,1420500
2015-03-27,27.90543556213379,31.296667098999023,31.413333892822266,30.376667022705078,30.446666717529297,1165500
2015-03-30,28.2620906829834,31.696666717529297,31.780000686645508,31.316667556762695,31.5,1275300
2015-03-31,27.944063186645508,31.34000015258789,31.623332977294922,31.290000915527344,31.559999465942383,408900
2015-04-01,27.76276969909668,31.136667251586914,31.273332595825195,30.893333435058594,31.253332138061523,625500
2015-04-02,27.700347900390625,31.066667556762695,31.350000381469727,31.040000915527344,31.26333236694336,643800
2015-04-06,27.822208404541016,31.203332901000977,31.273332595825195,30.606666564941406,30.773332595825195,1060800
2015-04-07,27.83409881591797,31.21666717529297,31.483333587646484,31.156667709350586,31.209999084472656,1043700
2015-04-08,27.99756622314453,31.399999618530273,31.503332138061523,31.136667251586914,31.15333366394043,876300
2015-04-09,28.36313819885254,31.809999465942383,31.850000381469727,31.246667861938477,31.246667861938477,597600
2015-04-10,28.479045867919922,31.940000534057617,31.940000534057617,31.786666870117188,31.833332061767578,264900
2015-04-13,28.30963134765625,31.75,32.099998474121094,31.706666946411133,31.983333587646484,436500
2015-04-14,28.021347045898438,31.426666259765625,31.753332138061523,31.329999923706055,31.753332138061523,664200
2015-04-15,28.487972259521484,31.950000762939453,32.043331146240234,31.626667022705078,31.666667938232422,444300
2015-04-16,28.36611557006836,31.81333351135254,31.860000610351562,31.643333435058594,31.643333435058594,523200
2015-04-17,27.961904525756836,31.360000610351562,31.55666732788086,31.209999084472656,31.55666732788086,497700
2015-04-20,28.199678421020508,31.626667022705078,31.753332138061523,31.51333236694336,31.520000457763672,398100
2015-04-21,28.392858505249023,31.843332290649414,32.06666564941406,31.733333587646484,31.979999542236328,454500
2015-04-22,28.794095993041992,32.293331146240234,32.29999923706055,31.790000915527344,32.040000915527344,450900
2015-04-23,28.348281860351562,31.793333053588867,31.90333366394043,31.546667098999023,31.719999313354492,588900
2015-04-24,27.88165283203125,31.270000457763672,31.753332138061523,31.073333740234375,31.733333587646484,630600
2015-04-27,27.952983856201172,31.350000381469727,31.676666259765625,31.273332595825195,31.31333351135254,595200
2015-04-28,27.9797306060791,31.3799991607666,31.446666717529297,30.94333267211914,31.366666793823242,1202700
2015-04-29,27.825180053710938,31.206666946411133,31.299999237060547,30.883333206176758,31.143333435058594,784500
2015-04-30,27.584440231323242,30.93666648864746,31.266666412353516,30.74333381652832,31.149999618530273,2324100
2015-05-01,28.35124969482422,31.796667098999023,31.8700008392334,31.213333129882812,31.22333335876465,1523700
2015-05-04,28.29477882385254,31.733333587646484,31.93666648864746,31.649999618530273,31.8700008392334,662400
2015-05-05,27.679548263549805,31.043333053588867,31.586666107177734,31.01333236694336,31.50666618347168,748200
2015-05-06,27.646862030029297,31.00666618347168,31.303333282470703,30.780000686645508,31.15999984741211,1397400
2015-05-07,27.95001792907715,31.34666633605957,31.393333435058594,31.126667022705078,31.126667022705078,928500
2015-05-08,28.22939109802246,31.65999984741211,31.793333053588867,31.573333740234375,31.60333251953125,657000
2015-05-11,28.247220993041992,31.68000030517578,31.796667098999023,31.549999237060547,31.65999984741211,495000
2015-05-12,27.991619110107422,31.393333435058594,31.583332061767578,31.25,31.543333053588867,996000
2015-05-13,28.16400718688965,31.586666107177734,31.81333351135254,31.5,31.559999465942383,393900
2015-05-14,28.499860763549805,31.963333129882812,32.08000183105469,31.690000534057617,31.80666732788086,876300
2015-05-15,28.54741668701172,32.016666412353516,32.13666534423828,31.8799991607666,32.02333450317383,379200
2015-05-18,28.826799392700195,32.33000183105469,32.3466682434082,31.969999313354492,32.060001373291016,625500
2015-05-19,28.722766876220703,32.21333312988281,32.56666564941406,32.099998474121094,32.40999984741211,457200
2015-05-20,28.785179138183594,32.28333282470703,32.51333236694336,32.13999938964844,32.253334045410156,858600
2015-05-21,28.93082046508789,32.4466667175293,32.496665954589844,32.116668701171875,32.25666809082031,460200
2015-05-22,28.99026870727539,32.51333236694336,32.62666702270508,32.40666580200195,32.40666580200195,411000
2015-05-26,28.767353057861328,32.26333236694336,32.49333190917969,32.116668701171875,32.46333312988281,785400
2015-05-27,29.896759033203125,33.529998779296875,33.63999938964844,32.3466682434082,32.36333465576172,1316100
2015-05-28,29.92649269104004,33.563331604003906,33.723331451416016,33.34000015258789,33.563331604003906,1225800
2015-05-29,30.0394229888916,33.689998626708984,33.82666778564453,33.53333282470703,33.66999816894531,1813800
2015-06-01,30.057266235351562,33.709999084472656,33.93333435058594,33.529998779296875,33.8033332824707,1315800
2015-06-02,29.721405029296875,33.33333206176758,33.606666564941406,33.28333282470703,33.606666564941406,938700
2015-06-03,29.51930046081543,33.106666564941406,33.529998779296875,33.08333206176758,33.5,3604800
2015-06-04,29.251813888549805,32.80666732788086,33.08000183105469,32.706668853759766,32.96666717529297,1787400
2015-06-05,29.254785537719727,32.810001373291016,32.90666580200195,32.51333236694336,32.766666412353516,1308000
2015-06-08,28.704940795898438,32.19333267211914,32.84000015258789,32.106666564941406,32.84000015258789,1367700
2015-06-09,28.687108993530273,32.17333221435547,32.25666809082031,31.84666633605957,32.21333312988281,1645500
2015-06-10,29.04376220703125,32.573333740234375,32.686668395996094,32.30666732788086,32.323333740234375,1308900
2015-06-11,29.034847259521484,32.563331604003906,32.72666549682617,32.53333282470703,32.709999084472656,1614300
2015-06-12,28.773300170898438,32.27000045776367,32.426666259765625,32.22666549682617,32.426666259765625,657000
2015-06-15,28.71385383605957,32.20333480834961,32.22999954223633,31.78333282470703,31.93666648864746,828300
2015-06-16,28.794095993041992,32.293331146240234,32.37333297729492,32.06666564941406,32.143333435058594,679200
2015-06-17,28.81787109375,32.31999969482422,32.4466667175293,32.20000076293945,32.33000183105469,727200
2015-06-18,29.22507095336914,32.776668548583984,32.93000030517578,32.40666580200195,32.40666580200195,796800
2015-06-19,29.079425811767578,32.61333465576172,32.95000076293945,32.50666809082031,32.856666564941406,1072500
2015-06-22,29.326107025146484,32.88999938964844,32.973331451416016,32.72666549682617,32.883331298828125,899700
2015-06-23,29.180469512939453,32.72666549682617,33.0,32.616668701171875,32.95333480834961,976500
2015-06-24,28.872068405151367,32.29666519165039,32.67333221435547,32.290000915527344,32.59333419799805,742200
2015-06-25,28.8512020111084,32.27333450317383,32.4900016784668,32.19333267211914,32.383331298828125,973200
2015-06-26,28.133054733276367,31.469999313354492,31.983333587646484,31.343332290649414,31.983333587646484,1826700
2015-06-29,27.3433780670166,30.586666107177734,31.27666664123535,30.56333351135254,31.05666732788086,1572300
2015-06-30,27.44171905517578,30.696666717529297,30.933332443237305,30.559999465942383,30.866666793823242,4370400
2015-07-01,27.507274627685547,30.770000457763672,31.18000030517578,30.706666946411133,31.133333206176758,1442400
2015-07-02,27.635408401489258,30.913333892822266,31.010000228881836,30.78333282470703,30.829999923706055,1002300
2015-07-06,27.233125686645508,30.463333129882812,30.913333892822266,30.329999923706055,30.633333206176758,3059400
2015-07-07,27.146711349487305,30.366666793823242,30.479999542236328,29.446666717529297,30.476667404174805,2893200
2015-07-08,26.413663864135742,29.546667098999023,30.043333053588867,29.47333335876465,29.959999084472656,1993500
2015-07-09,26.076934814453125,29.170000076293945,30.15333366394043,29.15999984741211,30.083332061767578,3779700
2015-07-10,26.559675216674805,29.709999084472656,29.81333351135254,29.48666763305664,29.516666412353516,1492200
2015-07-13,26.783166885375977,29.959999084472656,30.020000457763672,29.746667861938477,29.969999313354492,1103700
2015-07-14,27.063270568847656,30.273332595825195,30.34666633605957,30.06999969482422,30.106666564941406,1011300
2015-07-15,26.902366638183594,30.093332290649414,30.34000015258789,29.956666946411133,30.34000015258789,1074900
2015-07-16,26.953020095825195,30.149999618530273,30.316667556762695,29.873332977294922,30.316667556762695,1657500
2015-07-17,26.89640235900879,30.086666107177734,30.133333206176758,29.850000381469727,30.133333206176758,1542000
2015-07-20,26.711645126342773,29.8799991607666,30.246667861938477,29.863332748413086,30.196666717529297,1096800
2015-07-21,26.717605590820312,29.886667251586914,30.149999618530273,29.843332290649414,29.893333435058594,678600
2015-07-22,26.053098678588867,29.143333435058594,29.22333335876465,28.81999969482422,29.10333251953125,3495300
2015-07-23,26.440486907958984,29.57666778564453,29.926666259765625,29.30666732788086,29.30666732788086,1139700
2015-07-24,25.91005516052246,28.983333587646484,29.72333335876465,28.953332901000977,29.663333892822266,2122800
2015-07-27,25.7193546295166,28.770000457763672,28.969999313354492,28.46666717529297,28.80666732788086,1569000
2015-07-28,26.25572967529297,29.3700008392334,29.546667098999023,28.690000534057617,28.916667938232422,2151900
2015-07-29,26.28849983215332,29.406667709350586,29.463333129882812,29.086666107177734,29.34666633605957,1403400
2015-07-30,26.392807006835938,29.523332595825195,29.6200008392334,29.17333221435547,29.253332138061523,3404700
2015-07-31,26.085874557495117,29.18000030517578,29.566667556762695,29.126667022705078,29.566667556762695,1690800
2015-08-03,26.002439498901367,29.086666107177734,29.206666946411133,28.926666259765625,29.149999618530273,1101900
2015-08-04,25.713388442993164,28.76333236694336,29.049999237060547,28.579999923706055,28.99333381652832,2780100
2015-08-05,26.038192749023438,29.126667022705078,29.329999923706055,28.916667938232422,28.93000030517578,1431300
2015-08-06,25.57334327697754,28.606666564941406,29.18000030517578,28.386667251586914,29.18000030517578,2950500
2015-08-07,25.7193546295166,28.770000457763672,28.799999237060547,28.463333129882812,28.489999771118164,946800
2015-08-10,26.35704231262207,29.483333587646484,29.53333282470703,28.98666763305664,29.023332595825195,1439100
2015-08-11,25.764047622680664,28.81999969482422,29.19333267211914,28.703332901000977,29.190000534057617,2166000
2015-08-12,25.913049697875977,28.98666763305664,29.126667022705078,28.24333381652832,28.469999313354492,2565600
2015-08-13,25.704450607299805,28.753332138061523,29.100000381469727,28.690000534057617,28.983333587646484,903300
2015-08-14,25.49287986755371,28.516666412353516,28.64666748046875,28.343332290649414,28.64666748046875,1231500
2015-08-17,25.710411071777344,28.760000228881836,28.81333351135254,28.253332138061523,28.39666748046875,794400
2015-08-18,25.22469139099121,28.21666717529297,28.719999313354492,28.17333221435547,28.71666717529297,1221600
2015-08-19,24.99822235107422,27.963333129882812,28.28333282470703,27.780000686645508,28.27666664123535,1461000
2015-08-20,24.05955696105957,26.913333892822266,27.67333221435547,26.90333366394043,27.65999984741211,2677500
2015-08-21,23.401004791259766,26.176666259765625,26.976667404174805,26.176666259765625,26.566667556762695,4139700
2015-08-24,22.876544952392578,25.59000015258789,26.726667404174805,24.286666870117188,24.65999984741211,5372700
2015-08-25,22.65007209777832,25.336666107177734,26.65333366394043,25.336666107177734,26.59666633605957,2749500
2015-08-26,23.779449462890625,26.600000381469727,26.633333206176758,25.626667022705078,26.126667022705078,3394800
2015-08-27,24.664472579956055,27.59000015258789,27.626667022705078,27.03333282470703,27.06333351135254,3912300
2015-08-28,24.8075008392334,27.75,27.80666732788086,27.489999771118164,27.489999771118164,2056200
2015-08-31,24.738971710205078,27.67333221435547,27.953332901000977,27.399999618530273,27.536666870117188,1644000
2015-09-01,23.865861892700195,26.696666717529297,27.386667251586914,26.566667556762695,26.843332290649414,2040000
2015-09-02,24.435020446777344,27.333332061767578,27.333332061767578,26.850000381469727,27.14666748046875,1447200
2015-09-03,24.625741958618164,27.546667098999023,27.90999984741211,27.456666946411133,27.540000915527344,952500
2015-09-04,24.19960594177246,27.06999969482422,27.399999618530273,26.963333129882812,27.166667938232422,998100
2015-09-08,25.27236557006836,28.270000457763672,28.280000686645508,27.663333892822266,27.666667938232422,2252400
2015-09-09,24.8075008392334,27.75,28.71666717529297,27.69333267211914,28.520000457763672,2599800
2015-09-10,24.917768478393555,27.873332977294922,28.126667022705078,27.476667404174805,27.73666763305664,1707600
2015-09-11,24.932659149169922,27.889999389648438,27.906667709350586,27.50666618347168,27.6299991607666,1901100
2015-09-14,24.989276885986328,27.953332901000977,28.100000381469727,27.873332977294922,28.02666664123535,1593000
2015-09-15,25.308122634887695,28.309999465942383,28.386667251586914,28.06999969482422,28.083332061767578,1239600
2015-09-16,25.36176109313965,28.3700008392334,28.40333366394043,28.07666778564453,28.24333381652832,1427100
2015-09-17,25.159128189086914,28.143333435058594,28.600000381469727,28.083332061767578,28.31999969482422,1956300
2015-09-18,24.721097946166992,27.65333366394043,28.010000228881836,27.546667098999023,27.72333335876465,1840500
2015-09-21,24.64659309387207,27.56999969482422,27.920000076293945,27.43666648864746,27.829999923706055,2055600
2015-09-22,24.104249954223633,26.963333129882812,27.176666259765625,26.85333251953125,27.100000381469727,2840700
2015-09-23,23.925458908081055,26.76333236694336,27.116666793823242,26.729999542236328,26.983333587646484,1437900
2015-09-24,23.87778091430664,26.709999084472656,26.876667022705078,26.003332138061523,26.510000228881836,4153500
2015-09-25,24.009033203125,26.706666946411133,27.100000381469727,26.450000762939453,26.92333221435547,1764900
2015-09-28,23.343782424926758,25.96666717529297,26.683332443237305,25.963333129882812,26.536666870117188,5704500
2015-09-29,23.49961280822754,26.139999389648438,26.386667251586914,25.860000610351562,26.036666870117188,1279800
2015-09-30,24.41058349609375,27.15333366394043,27.18000030517578,26.559999465942383,26.600000381469727,1386600
2015-10-01,24.119915008544922,26.829999923706055,27.139999389648438,26.363332748413086,27.139999389648438,2105100
2015-10-02,24.623342514038086,27.389999389648438,27.406667709350586,26.459999084472656,26.47333335876465,2045700
2015-10-05,25.102800369262695,27.92333221435547,28.05666732788086,27.56999969482422,27.656667709350586,2508300
2015-10-06,25.183713912963867,28.01333236694336,28.086666107177734,27.51333236694336,27.863332748413086,3105900
2015-10-07,25.51633644104004,28.383333206176758,28.559999465942383,27.90999984741211,28.25,1994100
2015-10-08,25.684154510498047,28.56999969482422,28.6200008392334,28.1200008392334,28.366666793823242,1840500
2015-10-09,25.525333404541016,28.393333435058594,28.65999984741211,28.22333335876465,28.623332977294922,1390800
2015-10-12,25.525333404541016,28.393333435058594,28.453332901000977,28.24333381652832,28.366666793823242,1982400
2015-10-13,25.210681915283203,28.043333053588867,28.350000381469727,28.016666412353516,28.19333267211914,1438200
2015-10-14,26.127655029296875,29.06333351135254,29.316667556762695,28.106666564941406,28.183332443237305,3415800
2015-10-15,26.373384475708008,29.336666107177734,29.559999465942383,29.086666107177734,29.27666664123535,2243400
2015-10-16,26.433317184448242,29.40333366394043,29.440000534057617,29.163333892822266,29.35333251953125,1426500
2015-10-19,26.424318313598633,29.393333435058594,29.593332290649414,29.17333221435547,29.309999465942383,1389000
2015-10-20,26.400348663330078,29.366666793823242,29.463333129882812,29.200000762939453,29.383333206176758,996900
2015-10-21,26.43930435180664,29.40999984741211,29.96666717529297,29.399999618530273,29.656667709350586,1579800
2015-10-22,27.356279373168945,30.43000030517578,30.479999542236328,29.833332061767578,29.889999389648438,2399100
2015-10-23,27.68890380859375,30.799999237060547,30.883333206176758,30.389999389648438,30.700000762939453,3199500
2015-10-26,27.19146156311035,30.246667861938477,30.65999984741211,30.09666633605957,30.65999984741211,3103200
2015-10-27,26.95471954345703,29.983333587646484,30.19333267211914,29.899999618530273,29.976667404174805,3168900
2015-10-28,27.353281021118164,30.426666259765625,30.50666618347168,30.06999969482422,30.196666717529297,3307800
2015-10-29,26.619098663330078,29.610000610351562,29.92333221435547,29.523332595825195,29.843332290649414,1950600
2015-10-30,26.831865310668945,29.84666633605957,29.953332901000977,29.670000076293945,29.72333335876465,1505400
2015-11-02,27.068599700927734,30.110000610351562,30.149999618530273,29.89666748046875,29.926666259765625,1122300
2015-11-03,27.209436416625977,30.266666412353516,30.389999389648438,30.01333236694336,30.01333236694336,1026300
2015-11-04,27.287349700927734,30.35333251953125,30.42333221435547,30.139999389648438,30.293333053588867,1472100
2015-11-05,26.714996337890625,29.71666717529297,30.260000228881836,29.67333221435547,30.21666717529297,2101800
2015-11-06,27.422199249267578,30.503332138061523,30.516666412353516,29.916667938232422,29.963333129882812,1913700
2015-11-09,27.155498504638672,30.206666946411133,30.426666259765625,30.049999237060547,30.426666259765625,1821900
2015-11-10,26.661056518554688,29.656667709350586,29.883333206176758,29.566667556762695,29.883333206176758,2517900
2015-11-11,26.682035446166992,29.68000030517578,29.99333381652832,29.65333366394043,29.726667404174805,1607400
2015-11-12,26.33742332458496,29.296667098999023,29.703332901000977,29.296667098999023,29.523332595825195,2419200
2015-11-13,26.100688934326172,29.03333282470703,29.39666748046875,28.920000076293945,29.286666870117188,1488300
2015-11-16,26.421329498291016,29.389999389648438,29.40999984741211,29.010000228881836,29.016666412353516,1824000
2015-11-17,26.598127365112305,29.586666107177734,29.816667556762695,29.389999389648438,29.43000030517578,2051700
2015-11-18,26.861827850341797,29.8799991607666,29.90999984741211,29.426666259765625,29.6299991607666,2264700
2015-11-19,26.924760818481445,29.950000762939453,30.22333335876465,29.790000915527344,29.950000762939453,1168200
2015-11-20,27.01166343688965,30.046667098999023,30.209999084472656,29.969999313354492,30.07666778564453,598200
2015-11-23,26.688026428222656,29.68666648864746,30.0,29.64666748046875,29.99333381652832,1169400
2015-11-24,27.00267219543457,30.036666870117188,30.09666633605957,29.496667861938477,29.623332977294922,1676700
2015-11-25,27.041629791259766,30.079999923706055,30.206666946411133,29.946666717529297,30.059999465942383,462300
2015-11-27,27.15849494934082,30.209999084472656,30.323333740234375,30.09666633605957,30.09666633605957,588600
2015-11-30,27.45216941833496,30.536666870117188,30.623332977294922,30.24333381652832,30.253332138061523,1134900
2015-12-01,27.877687454223633,31.010000228881836,31.01333236694336,30.663333892822266,30.733333587646484,1731600
2015-12-02,27.74583625793457,30.863332748413086,31.203332901000977,30.803333282470703,31.123332977294922,996900
2015-12-03,27.57802963256836,30.676666259765625,31.30666732788086,30.520000457763672,31.273332595825195,1847700
2015-12-04,28.054489135742188,31.206666946411133,31.290000915527344,30.593332290649414,30.643333435058594,1254900
2015-12-07,27.82674789428711,30.953332901000977,31.18000030517578,30.886667251586914,31.18000030517578,1502100
2015-12-08,27.59001350402832,30.690000534057617,30.78333282470703,30.399999618530273,30.540000915527344,1609200
2015-12-09,27.230417251586914,30.290000915527344,30.72333335876465,30.143333435058594,30.690000534057617,1364700
2015-12-10,27.362272262573242,30.43666648864746,30.68666648864746,30.24333381652832,30.26333236694336,1127400
2015-12-11,26.849853515625,29.866666793823242,30.233333587646484,29.81999969482422,30.126667022705078,2222100
2015-12-14,26.676036834716797,29.67333221435547,29.96666717529297,29.373332977294922,29.85333251953125,2588100
2015-12-15,27.077590942382812,30.1200008392334,30.23666763305664,29.803333282470703,29.90333366394043,1524000
2015-12-16,27.281360626220703,30.34666633605957,30.406667709350586,29.8700008392334,30.303333282470703,1255200
2015-12-17,26.906784057617188,29.93000030517578,30.600000381469727,29.90333366394043,30.523332595825195,1064700
2015-12-18,26.595134735107422,29.583332061767578,29.84000015258789,29.516666412353516,29.746667861938477,1937700
2015-12-21,27.050621032714844,30.09000015258789,30.116666793823242,29.74333381652832,29.76333236694336,953100
2015-12-22,27.092578887939453,30.136667251586914,30.23666763305664,29.899999618530273,30.18666648864746,796500
2015-12-23,27.281360626220703,30.34666633605957,30.373332977294922,30.126667022705078,30.17333221435547,1291200
2015-12-24,27.390371322631836,30.40333366394043,30.516666412353516,30.233333587646484,30.253332138061523,506700
2015-12-28,27.282262802124023,30.28333282470703,30.28333282470703,29.983333587646484,30.260000228881836,342900
2015-12-29,27.60057830810547,30.636667251586914,30.77666664123535,30.3799991607666,30.469999313354492,596400
2015-12-30,27.3513240814209,30.360000610351562,30.690000534057617,30.336666107177734,30.626667022705078,1165800
2015-12-31,26.978960037231445,29.946666717529297,30.253332138061523,29.93000030517578,30.239999771118164,776700
2016-01-04,26.66664695739746,29.600000381469727,29.600000381469727,29.166667938232422,29.343332290649414,1023000
2016-01-05,26.41438865661621,29.31999969482422,29.71666717529297,29.25666618347168,29.656667709350586,1329000
2016-01-06,25.501483917236328,28.30666732788086,28.816667556762695,28.239999771118164,28.690000534057617,1541100
2016-01-07,24.786762237548828,27.51333236694336,28.15999984741211,27.453332901000977,27.760000228881836,2026800
2016-01-08,24.429410934448242,27.116666793823242,27.80666732788086,27.046667098999023,27.703332901000977,1465200
2016-01-11,24.513492584228516,27.209999084472656,27.456666946411133,26.843332290649414,27.290000915527344,1000800
2016-01-12,24.717695236206055,27.43666648864746,27.696666717529297,27.05666732788086,27.510000228881836,1073700
2016-01-13,23.930912017822266,26.56333351135254,27.65333366394043,26.55666732788086,27.44333267211914,1756200
2016-01-14,24.42340850830078,27.110000610351562,27.253332138061523,26.333332061767578,26.696666717529297,1294200
2016-01-15,23.32130241394043,25.886667251586914,26.229999542236328,25.540000915527344,26.040000915527344,1663800
2016-01-19,23.360340118408203,25.93000030517578,26.49333381652832,25.703332901000977,26.273332595825195,986100
2016-01-20,23.513490676879883,26.100000381469727,26.360000610351562,25.3799991607666,25.60333251953125,1718700
2016-01-21,23.861846923828125,26.48666763305664,26.809999465942383,26.123332977294922,26.360000610351562,1162200
2016-01-22,24.297285079956055,26.969999313354492,27.15999984741211,26.80666732788086,26.989999771118164,1642800
2016-01-25,23.96094512939453,26.59666633605957,26.96666717529297,26.546667098999023,26.90999984741211,1261500
2016-01-26,24.183156967163086,26.843332290649414,27.053333282470703,26.586666107177734,26.670000076293945,1683300
2016-01-27,23.906888961791992,26.536666870117188,27.043333053588867,26.43000030517578,26.75666618347168,1650000
2016-01-28,23.852840423583984,26.476667404174805,26.793333053588867,26.260000228881836,26.64666748046875,525000
2016-01-29,24.933914184570312,27.676666259765625,27.68000030517578,26.696666717529297,26.696666717529297,1774500
2016-02-01,25.04502296447754,27.799999237060547,27.94333267211914,27.389999389648438,27.459999084472656,1923600
2016-02-02,24.21920394897461,26.883333206176758,27.5,26.80666732788086,27.5,1210200
2016-02-03,24.27625846862793,26.946666717529297,27.23666763305664,26.40333366394043,27.23666763305664,1507800
2016-02-04,24.69668197631836,27.413333892822266,27.583332061767578,26.92333221435547,26.946666717529297,1115400
2016-02-05,23.849836349487305,26.47333335876465,27.293333053588867,26.363332748413086,27.293333053588867,2381400
2016-02-08,23.249229431152344,25.80666732788086,26.036666870117188,25.39666748046875,26.02666664123535,3249300
2016-02-09,23.117090225219727,25.65999984741211,26.113332748413086,25.43666648864746,25.49333381652832,859200
2016-02-10,22.936920166015625,25.459999084472656,26.093332290649414,25.433332443237305,25.866666793823242,2616000
2016-02-11,22.75973892211914,25.26333236694336,25.406667709350586,24.933332443237305,25.05666732788086,1256100
2016-02-12,23.258237838745117,25.816667556762695,25.84666633605957,25.190000534057617,25.543333053588867,1213500
2016-02-16,24.075057983398438,26.72333335876465,26.860000610351562,26.07666778564453,26.15999984741211,1281300
2016-02-17,24.648630142211914,27.360000610351562,27.413333892822266,26.860000610351562,26.899999618530273,1126200
2016-02-18,24.531511306762695,27.229999542236328,27.59000015258789,27.203332901000977,27.566667556762695,1015200
2016-02-19,24.63962745666504,27.350000381469727,27.510000228881836,27.15999984741211,27.27666664123535,545400
2016-02-22,25.027008056640625,27.780000686645508,27.92333221435547,27.623332977294922,27.623332977294922,1787400
2016-02-23,24.633609771728516,27.343332290649414,27.69333267211914,27.290000915527344,27.643333435058594,764100
2016-02-24,24.960939407348633,27.706666946411133,27.766666412353516,26.850000381469727,27.016666412353516,1031700
2016-02-25,25.264244079589844,28.043333053588867,28.06999969482422,27.489999771118164,27.796667098999023,1239000
2016-02-26,25.42640495300293,28.22333335876465,28.32666778564453,28.10333251953125,28.290000915527344,921300
2016-02-29,25.366348266601562,28.156667709350586,28.649999618530273,28.156667709350586,28.27666664123535,1171200
2016-03-01,26.0510311126709,28.916667938232422,28.953332901000977,28.350000381469727,28.363332748413086,1164900
2016-03-02,26.213197708129883,29.09666633605957,29.113332748413086,28.866666793823242,28.873332977294922,1033200
2016-03-03,26.243221282958984,29.1299991607666,29.203332901000977,28.916667938232422,29.106666564941406,869400
2016-03-04,26.513492584228516,29.43000030517578,29.67333221435547,29.113332748413086,29.329999923706055,1378500
2016-03-07,26.633617401123047,29.56333351135254,29.670000076293945,29.14666748046875,29.25,1113600
2016-03-08,26.03000831604004,28.893333435058594,29.350000381469727,28.85333251953125,29.329999923706055,1032900
2016-03-09,26.213197708129883,29.09666633605957,29.170000076293945,28.8799991607666,28.97333335876465,578700
2016-03-10,26.345335006713867,29.24333381652832,29.52666664123535,28.850000381469727,29.280000686645508,2480700
2016-03-11,26.846820831298828,29.799999237060547,29.829999923706055,29.5,29.559999465942383,656100
2016-03-14,26.783767700195312,29.729999542236328,29.82666778564453,29.59666633605957,29.68666648864746,752400
2016-03-15,26.71468734741211,29.65333366394043,29.656667709350586,29.413333892822266,29.6299991607666,2064300
2016-03-16,26.954936981201172,29.920000076293945,29.956666946411133,29.46666717529297,29.46666717529297,1463400
2016-03-17,27.141111373901367,30.126667022705078,30.203332901000977,29.78333282470703,29.829999923706055,940200
2016-03-18,27.498483657836914,30.523332595825195,30.559999465942383,30.093332290649414,30.166667938232422,1722300
2016-03-21,27.53451919555664,30.56333351135254,30.600000381469727,30.303333282470703,30.42333221435547,672000
2016-03-22,27.52850914001465,30.55666732788086,30.67333221435547,30.34000015258789,30.413333892822266,653100
2016-03-23,27.168865203857422,30.066667556762695,30.446666717529297,30.059999465942383,30.420000076293945,735600
2016-03-24,27.150793075561523,30.046667098999023,30.06333351135254,29.719999313354492,29.8799991607666,602400
2016-03-28,27.13573455810547,30.030000686645508,30.14666748046875,29.90333366394043,30.110000610351562,476100
2016-03-29,27.509233474731445,30.44333267211914,30.46666717529297,29.760000228881836,29.899999618530273,1197600
2016-03-30,27.750194549560547,30.709999084472656,30.899999618530273,30.586666107177734,30.60333251953125,688800
2016-03-31,27.59658432006836,30.540000915527344,30.69333267211914,30.530000686645508,30.666667938232422,536700
2016-04-01,27.78634262084961,30.75,30.76333236694336,30.24333381652832,30.27666664123535,453000
2016-04-04,27.539352416992188,30.476667404174805,30.753332138061523,30.416667938232422,30.729999542236328,653700
2016-04-05,27.385732650756836,30.30666732788086,30.51333236694336,30.17333221435547,30.293333053588867,541500
2016-04-06,27.647777557373047,30.59666633605957,30.623332977294922,30.023332595825195,30.273332595825195,5235600
2016-04-07,27.22609519958496,30.1299991607666,30.479999542236328,30.016666412353516,30.479999542236328,1107300
2016-04-08,27.35260581970215,30.270000457763672,30.549999237060547,30.163333892822266,30.469999313354492,1175400
2016-04-11,27.346572875976562,30.26333236694336,30.709999084472656,30.253332138061523,30.413333892822266,789300
2016-04-12,27.30742835998535,30.219999313354492,30.336666107177734,29.833332061767578,30.303333282470703,1233000
2016-04-13,27.91887855529785,30.89666748046875,30.92333221435547,30.40999984741211,30.426666259765625,1008600
2016-04-14,27.705013275146484,30.65999984741211,30.706666946411133,30.35333251953125,30.626667022705078,725700
2016-04-15,27.467060089111328,30.39666748046875,30.636667251586914,30.363332748413086,30.593332290649414,1100100
2016-04-18,27.47006607055664,30.399999618530273,30.47333335876465,30.229999542236328,30.286666870117188,980100
2016-04-19,27.13573455810547,30.030000686645508,30.496667861938477,29.90333366394043,30.46666717529297,1293000
2016-04-20,27.394773483276367,30.316667556762695,30.453332901000977,29.950000762939453,29.953332901000977,1105500
2016-04-21,27.23212242126465,30.136667251586914,30.30666732788086,29.99333381652832,30.30666732788086,825300
2016-04-22,27.280315399169922,30.190000534057617,30.456666946411133,29.946666717529297,30.15999984741211,731400
2016-04-25,27.11766815185547,30.010000228881836,30.270000457763672,29.920000076293945,30.09666633605957,1796100
2016-04-26,27.47911262512207,30.40999984741211,30.68666648864746,30.233333587646484,30.23666763305664,1356300
2016-04-27,27.75922966003418,30.719999313354492,30.770000457763672,30.079999923706055,30.110000610351562,1516800
2016-04-28,27.0333309173584,29.916667938232422,30.72333335876465,29.836666107177734,30.55666732788086,1489500
2016-04-29,26.31946563720703,29.126667022705078,29.799999237060547,28.90333366394043,29.799999237060547,2604000
2016-05-02,26.518264770507812,29.34666633605957,29.386667251586914,28.976667404174805,29.203332901000977,1144200
2016-05-03,26.21704864501953,29.01333236694336,29.190000534057617,28.8799991607666,29.053333282470703,3286800
2016-05-04,25.918853759765625,28.683332443237305,29.00666618347168,28.583332061767578,28.803333282470703,2537100
2016-05-05,25.982101440429688,28.753332138061523,29.030000686645508,28.649999618530273,28.850000381469727,1178100
2016-05-06,26.01825523376465,28.793333053588867,28.81333351135254,28.39666748046875,28.6299991607666,1242000
2016-05-09,25.985122680664062,28.75666618347168,29.0,28.67333221435547,28.84666633605957,975000
2016-05-10,26.292360305786133,29.09666633605957,29.110000610351562,28.663333892822266,28.836666107177734,830100
2016-05-11,26.229101181030273,29.02666664123535,29.286666870117188,28.98666763305664,28.98666763305664,2676300
2016-05-12,25.759220123291016,28.50666618347168,29.14666748046875,28.27666664123535,29.093332290649414,1212000
2016-05-13,25.85259437561035,28.610000610351562,28.84666633605957,28.52666664123535,28.586666107177734,1603500
2016-05-16,26.268251419067383,29.06999969482422,29.266666412353516,28.52666664123535,28.626667022705078,712800
2016-05-17,26.096572875976562,28.8799991607666,29.18666648864746,28.793333053588867,29.02666664123535,624000
2016-05-18,26.503202438354492,29.329999923706055,29.583332061767578,28.760000228881836,28.760000228881836,2003400
2016-05-19,26.35561180114746,29.166667938232422,29.386667251586914,28.913333892822266,29.139999389648438,1394700
2016-05-20,27.153810501098633,30.049999237060547,30.079999923706055,29.516666412353516,29.520000457763672,1679400
2016-05-23,27.343568801879883,30.260000228881836,30.530000686645508,30.25,30.25,735900
2016-05-24,28.003204345703125,30.989999771118164,31.02666664123535,30.47333335876465,30.510000228881836,1587600
2016-05-25,28.16887092590332,31.17333221435547,31.25666618347168,30.933332443237305,31.18000030517578,1248600
2016-05-26,28.262252807617188,31.27666664123535,31.350000381469727,31.143333435058594,31.219999313354492,912300
2016-05-27,28.439964294433594,31.47333335876465,31.52666664123535,31.25,31.25,861600
2016-05-31,28.605621337890625,31.656667709350586,31.68666648864746,31.446666717529297,31.53333282470703,2144400
2016-06-01,28.7562313079834,31.823333740234375,31.863332748413086,31.50666618347168,31.6299991607666,1314300
2016-06-02,28.762250900268555,31.829999923706055,31.829999923706055,31.626667022705078,31.766666412353516,740700
2016-06-03,28.846586227416992,31.92333221435547,32.12333297729492,31.73666763305664,32.106666564941406,1316100
2016-06-06,28.780324935913086,31.850000381469727,32.11333465576172,31.796667098999023,31.94333267211914,1886100
2016-06-07,29.054418563842773,32.1533317565918,32.21666717529297,31.983333587646484,31.98666763305664,1399200
2016-06-08,29.04236602783203,32.13999938964844,32.223331451416016,32.040000915527344,32.1533317565918,418800
2016-06-09,29.07550811767578,32.176666259765625,32.19333267211914,31.823333740234375,31.933332443237305,1087200
2016-06-10,28.599597930908203,31.649999618530273,31.850000381469727,31.536666870117188,31.850000381469727,1038900
2016-06-13,28.45201301574707,31.48666763305664,31.836666107177734,31.420000076293945,31.446666717529297,1664400
2016-06-14,28.442964553833008,31.476667404174805,31.559999465942383,31.176666259765625,31.383333206176758,1265700
2016-06-15,28.439964294433594,31.47333335876465,31.690000534057617,31.420000076293945,31.636667251586914,706500
2016-06-16,28.43694496154785,31.469999313354492,31.489999771118164,30.93000030517578,31.163333892822266,4066500
2016-06-17,28.195980072021484,31.203332901000977,31.420000076293945,30.976667404174805,31.420000076293945,1817700
2016-06-20,28.509235382080078,31.549999237060547,31.926666259765625,31.53333282470703,31.656667709350586,1106100
2016-06-21,28.599580764770508,31.549999237060547,31.643333435058594,31.43666648864746,31.583332061767578,966600
2016-06-22,28.5723934173584,31.520000457763672,31.85333251953125,31.483333587646484,31.59666633605957,918900
2016-06-23,29.28549575805664,32.30666732788086,32.34333419799805,31.836666107177734,31.933332443237305,1099200
2016-06-24,27.696125030517578,30.553333282470703,31.43666648864746,30.43666648864746,30.940000534057617,2657100
2016-06-27,26.572078704833984,29.31333351135254,30.139999389648438,29.113332748413086,30.136667251586914,5307000
2016-06-28,27.267057418823242,30.079999923706055,30.139999389648438,29.690000534057617,29.770000457763672,2741700
2016-06-29,27.81698989868164,30.68666648864746,30.77666664123535,30.323333740234375,30.433332443237305,2353800
2016-06-30,28.294397354125977,31.213333129882812,31.246667861938477,30.666667938232422,30.726667404174805,1577400
2016-07-01,28.061738967895508,30.956666946411133,31.06333351135254,30.893333435058594,30.976667404174805,1338000
2016-07-05,27.54806137084961,30.389999389648438,30.713333129882812,30.206666946411133,30.713333129882812,2583300
2016-07-06,27.584321975708008,30.43000030517578,30.479999542236328,29.876667022705078,30.170000076293945,1725300
2016-07-07,27.919723510742188,30.799999237060547,31.02666664123535,30.476667404174805,30.476667404174805,1184100
2016-07-08,28.69627571105957,31.656667709350586,31.683332443237305,31.100000381469727,31.116666793823242,1075200
2016-07-11,29.01958656311035,32.01333236694336,32.150001525878906,31.873332977294922,31.89666748046875,960900
2016-07-12,29.39729118347168,32.43000030517578,32.540000915527344,32.246665954589844,32.30666732788086,3075300
2016-07-13,29.433549880981445,32.470001220703125,32.66666793823242,32.41999816894531,32.54666519165039,1431000
2016-07-14,29.64809226989746,32.706668853759766,32.79666519165039,32.5,32.76333236694336,1401300
2016-07-15,29.639019012451172,32.6966667175293,32.753334045410156,32.56666564941406,32.71333312988281,1151100
2016-07-18,30.074119567871094,33.176666259765625,33.23666763305664,33.016666412353516,33.11000061035156,1426200
2016-07-19,29.971397399902344,33.063331604003906,33.1533317565918,32.959999084472656,33.12333297729492,845400
2016-07-20,30.445791244506836,33.586666107177734,33.66999816894531,33.143333435058594,33.25,1967100
2016-07-21,30.23125648498535,33.349998474121094,33.63999938964844,33.21333312988281,33.619998931884766,1458000
2016-07-22,30.382333755493164,33.516666412353516,33.53666687011719,33.03333282470703,33.23666763305664,1398900
2016-07-25,30.55759048461914,33.709999084472656,33.77333450317383,33.5099983215332,33.5099983215332,710100
2016-07-26,31.742061614990234,35.016666412353516,35.17333221435547,34.03333282470703,34.03333282470703,4409700
2016-07-27,31.73903465270996,35.01333236694336,35.34333419799805,34.810001373291016,35.33000183105469,3430500
2016-07-28,31.56378936767578,34.81999969482422,35.0533332824707,34.66666793823242,34.856666564941406,2495700
2016-07-29,31.42477798461914,34.66666793823242,34.926666259765625,34.5099983215332,34.813331604003906,1017000
2016-08-01,31.448965072631836,34.69333267211914,34.81999969482422,34.573333740234375,34.74333190917969,1479300
2016-08-02,30.96550750732422,34.15999984741211,34.630001068115234,33.95333480834961,34.630001068115234,4523400
2016-08-03,31.004793167114258,34.20333480834961,34.209999084472656,33.970001220703125,33.97666549682617,1248900
2016-08-04,31.29487419128418,34.52333450317383,34.53666687011719,34.22666549682617,34.290000915527344,1218600
2016-08-05,31.69371795654297,34.96333312988281,35.0,34.676666259765625,34.72666549682617,1239000
2016-08-08,31.657451629638672,34.92333221435547,35.16666793823242,34.86000061035156,35.08333206176758,695700
2016-08-09,31.914297103881836,35.206668853759766,35.31999969482422,35.05666732788086,35.116668701171875,1128000
2016-08-10,31.69673728942871,34.96666717529297,35.276668548583984,34.81999969482422,35.23666763305664,2446800
2016-08-11,31.81760597229004,35.099998474121094,35.14666748046875,34.91666793823242,35.116668701171875,1129500
2016-08-12,31.96567726135254,35.26333236694336,35.34000015258789,35.130001068115234,35.16666793823242,575100
2016-08-15,32.40077209472656,35.74333190917969,35.83000183105469,35.336666107177734,35.336666107177734,683100
2016-08-16,32.174156188964844,35.49333190917969,35.686668395996094,35.45333480834961,35.686668395996094,1883100
2016-08-17,32.16809844970703,35.48666763305664,35.51333236694336,35.29666519165039,35.50666809082031,1782300
2016-08-18,32.40077209472656,35.74333190917969,35.746665954589844,35.46666717529297,35.496665954589844,693000
2016-08-19,32.67877197265625,36.04999923706055,36.13666534423828,35.776668548583984,35.776668548583984,1472400
2016-08-22,32.693870544433594,36.06666564941406,36.1533317565918,35.913333892822266,35.99333190917969,770700
2016-08-23,32.85402297973633,36.24333190917969,36.4033317565918,36.22666549682617,36.22666549682617,825600
2016-08-24,32.58207702636719,35.94333267211914,36.323333740234375,35.849998474121094,36.293331146240234,917700
2016-08-25,32.71501541137695,36.09000015258789,36.25666809082031,35.83333206176758,35.83333206176758,940200
2016-08-26,32.86006546020508,36.25,36.52333450317383,36.00666809082031,36.150001525878906,932100
2016-08-29,32.989986419677734,36.393333435058594,36.53333282470703,36.349998474121094,36.4033317565918,810900
2016-08-30,32.9265251159668,36.323333740234375,36.599998474121094,36.19333267211914,36.400001525878906,3181200
2016-08-31,32.9053955078125,36.29999923706055,36.35333251953125,36.0966682434082,36.313331604003906,1447200
2016-09-01,33.16523742675781,36.586666107177734,36.61333465576172,36.116668701171875,36.4033317565918,1393800
2016-09-02,33.13201904296875,36.54999923706055,36.776668548583984,36.383331298828125,36.75,1664400
2016-09-06,33.05646514892578,36.46666717529297,36.663333892822266,36.279998779296875,36.61333465576172,1085400
2016-09-07,32.805660247802734,36.189998626708984,36.526668548583984,36.12333297729492,36.52000045776367,3814200
2016-09-08,32.748260498046875,36.12666702270508,36.223331451416016,35.913333892822266,36.073333740234375,1353300
2016-09-09,31.58494758605957,34.84333419799805,35.84333419799805,34.73666763305664,35.84333419799805,2546400
2016-09-12,32.174156188964844,35.49333190917969,35.53333282470703,34.44333267211914,34.560001373291016,2162700
2016-09-13,31.89011573791504,35.18000030517578,35.616668701171875,35.003334045410156,35.31666564941406,1202100
2016-09-14,32.171138763427734,35.4900016784668,35.57666778564453,35.043331146240234,35.09000015258789,1094100
2016-09-15,32.91445541381836,36.310001373291016,36.37666702270508,35.426666259765625,35.473331451416016,1795500
2016-09-16,32.923519134521484,36.31999969482422,36.689998626708984,36.043331146240234,36.57666778564453,1916100
2016-09-19,32.962799072265625,36.36333465576172,36.89666748046875,36.24333190917969,36.54666519165039,1180500
2016-09-20,32.81473159790039,36.20000076293945,36.5966682434082,36.11000061035156,36.573333740234375,1076100
2016-09-21,33.26798629760742,36.70000076293945,36.75666809082031,36.223331451416016,36.380001068115234,1295700
2016-09-22,33.37675094604492,36.81999969482422,37.04999923706055,36.71333312988281,36.939998626708984,1056600
2016-09-23,33.035308837890625,36.44333267211914,36.78333282470703,36.39666748046875,36.766666412353516,818100
2016-09-26,32.70973587036133,35.93333435058594,36.1533317565918,35.78333282470703,36.03333282470703,1149300
2016-09-27,33.27411651611328,36.5533332824707,36.560001373291016,35.83000183105469,35.849998474121094,1034700
2016-09-28,33.340877532958984,36.62666702270508,36.813331604003906,36.4033317565918,36.686668395996094,840600
2016-09-29,33.750492095947266,37.07666778564453,37.30666732788086,36.24333190917969,36.643333435058594,2580900
2016-09-30,34.28453063964844,37.663333892822266,37.90666580200195,37.29666519165039,37.29666519165039,1372500
2016-10-03,34.05392837524414,37.40999984741211,37.91666793823242,37.336666107177734,37.753334045410156,3632100
2016-10-04,33.9659309387207,37.313331604003906,37.68333435058594,37.16999816894531,37.56666564941406,1019400
2016-10-05,34.2147331237793,37.586666107177734,37.849998474121094,37.34333419799805,37.43333435058594,3852600
2016-10-06,34.41500473022461,37.80666732788086,37.836666107177734,37.32666778564453,37.560001373291016,2603700
2016-10-07,34.36343002319336,37.75,37.866668701171875,37.40999984741211,37.866668701171875,1383900
2016-10-10,34.190467834472656,37.560001373291016,38.06999969482422,37.54666519165039,37.926666259765625,1210500
2016-10-11,33.47437286376953,36.77333450317383,37.51333236694336,36.45000076293945,37.51333236694336,1871400
2016-10-12,33.362117767333984,36.650001525878906,36.7599983215332,36.323333740234375,36.75,1567500
2016-10-13,32.9676628112793,36.21666717529297,36.323333740234375,35.633331298828125,36.323333740234375,2082000
2016-10-14,33.216468811035156,36.4900016784668,36.91666793823242,36.456668853759766,36.54666519165039,1365000
2016-10-17,33.04351806640625,36.29999923706055,36.650001525878906,36.279998779296875,36.45333480834961,701100
2016-10-18,33.42583465576172,36.720001220703125,36.869998931884766,36.650001525878906,36.746665954589844,891600
2016-10-19,33.286251068115234,36.56666564941406,36.61333465576172,36.220001220703125,36.400001525878906,1192200
2016-10-20,33.5198974609375,36.823333740234375,36.956668853759766,36.276668548583984,36.5,2059800
2016-10-21,33.4349250793457,36.72999954223633,36.766666412353516,36.383331298828125,36.529998779296875,1095900
2016-10-24,34.04786682128906,37.4033317565918,37.426666259765625,36.92333221435547,36.92333221435547,711000
2016-10-25,34.017520904541016,37.369998931884766,37.53666687011719,37.29999923706055,37.42333221435547,823500
2016-10-26,33.968963623046875,37.31666564941406,37.53666687011719,37.0533332824707,37.08333206176758,1119900
2016-10-27,33.81117630004883,37.143333435058594,37.766666412353516,37.09333419799805,37.68000030517578,1385700
2016-10-28,33.60789489746094,36.91999816894531,37.516666412353516,36.880001068115234,37.293331146240234,1798500
2016-10-31,33.789939880371094,37.119998931884766,37.29666519165039,37.04999923706055,37.04999923706055,913200
2016-11-01,33.48954772949219,36.790000915527344,37.41999816894531,36.38666534423828,37.12666702270508,1674000
2016-11-02,33.26805114746094,36.54666519165039,37.016666412353516,36.426666259765625,36.813331604003906,2461200
2016-11-03,33.21039962768555,36.483333587646484,36.8033332824707,36.349998474121094,36.563331604003906,1512600
2016-11-04,33.00102615356445,36.253334045410156,36.573333740234375,36.0,36.27000045776367,1259100
2016-11-07,33.92953872680664,37.27333450317383,37.29666519165039,36.779998779296875,36.926666259765625,4797900
2016-11-08,33.999305725097656,37.349998474121094,37.59000015258789,37.0533332824707,37.26333236694336,1226100
2016-11-09,33.83849334716797,37.17333221435547,37.293331146240234,36.33333206176758,36.51333236694336,3111000
2016-11-10,33.107208251953125,36.369998931884766,37.633331298828125,36.03333282470703,37.38999938964844,6669000
2016-11-11,34.375572204589844,37.76333236694336,37.823333740234375,36.78333282470703,36.78333282470703,2595300
2016-11-14,34.19654846191406,37.56666564941406,37.95333480834961,37.46666717529297,37.95000076293945,1340100
2016-11-15,34.83678436279297,38.27000045776367,38.369998931884766,37.630001068115234,37.720001220703125,1415100
2016-11-16,35.237308502197266,38.709999084472656,38.74333190917969,38.19333267211914,38.20333480834961,1212300
2016-11-17,35.61659240722656,39.12666702270508,39.31999969482422,38.62333297729492,38.856666564941406,1084500
2016-11-18,35.87450408935547,39.40999984741211,39.459999084472656,39.0099983215332,39.0099983215332,1064400
2016-11-21,36.11420822143555,39.67333221435547,39.733333587646484,39.393333435058594,39.529998779296875,1140300
2016-11-22,36.49957275390625,40.0966682434082,40.133331298828125,39.8466682434082,39.883331298828125,1418700
2016-11-23,36.54509353637695,40.14666748046875,40.22999954223633,39.900001525878906,40.11333465576172,1044000
2016-11-25,36.60881423950195,40.21666717529297,40.23666763305664,40.043331146240234,40.220001220703125,411900
2016-11-28,36.49957275390625,40.0966682434082,40.279998779296875,40.029998779296875,40.119998931884766,661500
2016-11-29,36.43281555175781,40.02333450317383,40.2599983215332,39.83333206176758,40.06666564941406,1172700
2016-11-30,36.22344970703125,39.793331146240234,40.106666564941406,39.776668548583984,40.003334045410156,591900
2016-12-01,34.45446014404297,37.849998474121094,39.76333236694336,37.62333297729492,39.76333236694336,3488400
2016-12-02,34.8792610168457,38.31666564941406,38.383331298828125,37.66666793823242,37.79666519165039,2997000
2016-12-05,35.30406188964844,38.78333282470703,38.90666580200195,38.39666748046875,38.650001525878906,1120500
2016-12-06,35.79258346557617,39.31999969482422,39.36333465576172,38.893333435058594,38.893333435058594,1454700
2016-12-07,36.5299186706543,40.130001068115234,40.22666549682617,39.16666793823242,39.29666519165039,1300500
2016-12-08,36.848514556884766,40.47999954223633,40.71666717529297,40.186668395996094,40.23666763305664,1262700
2016-12-09,36.72411346435547,40.34333419799805,40.88999938964844,40.060001373291016,40.80666732788086,1004400
2016-12-12,36.43585205078125,40.026668548583984,40.253334045410156,39.706668853759766,40.18333435058594,2093700
2016-12-13,36.860660552978516,40.49333190917969,40.75666809082031,40.11333465576172,40.16666793823242,1004100
2016-12-14,36.8272819519043,40.456668853759766,40.71666717529297,40.31666564941406,40.5099983215332,1989300
2016-12-15,37.455379486083984,41.14666748046875,41.323333740234375,40.5533332824707,40.62333297729492,2221200
2016-12-16,37.07609176635742,40.72999954223633,41.473331451416016,40.54666519165039,41.38999938964844,1474200
2016-12-19,37.4432487487793,41.133331298828125,41.290000915527344,40.78666687011719,40.836666107177734,1245600
2016-12-20,37.801292419433594,41.526668548583984,41.606666564941406,41.3466682434082,41.54666519165039,2156700
2016-12-21,37.80128479003906,41.43000030517578,41.616668701171875,41.36333465576172,41.516666412353516,787200
2016-12-22,37.983768463134766,41.630001068115234,41.89666748046875,41.473331451416016,41.88666534423828,869400
2016-12-23,38.17842483520508,41.84333419799805,41.866668701171875,41.52000045776367,41.59000015258789,480000
2016-12-27,38.64982986450195,42.36000061035156,42.42333221435547,41.90666580200195,41.926666259765625,1408500
2016-12-28,37.9168586730957,41.55666732788086,42.63666534423828,41.53333282470703,42.60333251953125,1738500
2016-12-29,37.9107780456543,41.54999923706055,41.54999923706055,41.11333465576172,41.366668701171875,1046700
2016-12-30,37.32379150390625,40.90666580200195,41.88666534423828,40.77333450317383,41.70000076293945,3403800
2017-01-03,37.32379150390625,40.90666580200195,41.49333190917969,40.55666732788086,41.04666519165039,2654100
2017-01-04,37.42720031738281,41.02000045776367,41.220001220703125,40.83000183105469,41.11000061035156,1354200
2017-01-05,37.10784912109375,40.66999816894531,41.2599983215332,40.59333419799805,41.043331146240234,942000
2017-01-06,37.40286636352539,40.99333190917969,41.11000061035156,40.51333236694336,40.77000045776367,875100
2017-01-09,37.7982292175293,41.426666259765625,41.59333419799805,41.11000061035156,41.13666534423828,883800
2017-01-10,37.98073196411133,41.62666702270508,41.723331451416016,41.400001525878906,41.456668853759766,690900
2017-01-11,38.11151123046875,41.77000045776367,41.776668548583984,41.46666717529297,41.66999816894531,1630200
2017-01-12,37.79215621948242,41.41999816894531,41.650001525878906,40.793331146240234,41.543331146240234,1354500
2017-01-13,38.03850173950195,41.689998626708984,41.790000915527344,41.43000030517578,41.47999954223633,849600
2017-01-17,37.42720031738281,41.02000045776367,41.563331604003906,40.883331298828125,41.53666687011719,1092600
2017-01-18,37.938148498535156,41.58000183105469,41.61000061035156,41.029998779296875,41.06999969482422,1156500
2017-01-19,37.76782989501953,41.393333435058594,41.86000061035156,41.366668701171875,41.516666412353516,2727600
2017-01-20,38.25445556640625,41.926666259765625,42.18333435058594,41.76333236694336,41.813331604003906,1929900
2017-01-23,38.0202522277832,41.66999816894531,41.86000061035156,41.3466682434082,41.77000045776367,1053900
2017-01-24,38.75626754760742,42.47666549682617,42.55666732788086,41.790000915527344,41.8466682434082,3734100
2017-01-25,39.33110809326172,43.106666564941406,43.206668853759766,42.709999084472656,43.04999923706055,2025600
2017-01-26,39.109073638916016,42.86333465576172,43.189998626708984,42.676666259765625,43.189998626708984,1262400
2017-01-27,39.595706939697266,43.39666748046875,43.40999984741211,43.08333206176758,43.08333206176758,977400
2017-01-30,39.39802169799805,43.18000030517578,43.20000076293945,42.63999938964844,43.20000076293945,1517400
2017-01-31,38.88706970214844,42.619998931884766,42.959999084472656,42.356666564941406,42.93333435058594,1455000
2017-02-01,39.50445556640625,43.29666519165039,43.31666564941406,42.86333465576172,43.08000183105469,1792200
2017-02-02,39.48622131347656,43.276668548583984,43.40999984741211,42.793331146240234,43.0,1416000
2017-02-03,39.68999481201172,43.5,43.58000183105469,43.35333251953125,43.52000045776367,869400
2017-02-06,39.829872131347656,43.6533317565918,43.686668395996094,43.313331604003906,43.586666107177734,923100
2017-02-07,39.97587203979492,43.813331604003906,43.97666549682617,43.586666107177734,43.90666580200195,594900
2017-02-08,40.05188751220703,43.89666748046875,44.06666564941406,43.66666793823242,43.94333267211914,771600
2017-02-09,39.7021598815918,43.51333236694336,44.016666412353516,43.459999084472656,43.87333297729492,1358100
2017-02-10,39.67781448364258,43.48666763305664,43.810001373291016,43.063331604003906,43.80666732788086,1551600
2017-02-13,39.75993728637695,43.57666778564453,43.866668701171875,43.5099983215332,43.606666564941406,929400
2017-02-14,39.65043640136719,43.456668853759766,43.59333419799805,43.186668395996094,43.59333419799805,608400
2017-02-15,39.95762634277344,43.793331146240234,43.836666107177734,43.356666564941406,43.58000183105469,703800
2017-02-16,40.02149200439453,43.86333465576172,43.936668395996094,43.58333206176758,43.84000015258789,930600
2017-02-17,40.228309631347656,44.09000015258789,44.0966682434082,43.49333190917969,43.63999938964844,996300
2017-02-21,40.79704284667969,44.71333312988281,44.72999954223633,44.2400016784668,44.2400016784668,2010900
2017-02-22,40.80617904663086,44.723331451416016,44.779998779296875,44.543331146240234,44.62666702270508,674700
2017-02-23,40.143150329589844,43.996665954589844,44.67333221435547,43.706668853759766,44.66999816894531,1778100
2017-02-24,40.11577606201172,43.96666717529297,43.973331451416016,43.133331298828125,43.293331146240234,1569600
2017-02-27,40.498992919921875,44.38666534423828,44.4033317565918,43.893333435058594,43.9900016784668,3659400
2017-02-28,39.981964111328125,43.81999969482422,44.46666717529297,43.72999954223633,44.46666717529297,1295400
2017-03-01,40.60543441772461,44.503334045410156,44.563331604003906,43.91999816894531,44.3466682434082,1316700
2017-03-02,40.18876266479492,44.04666519165039,44.71666717529297,44.0,44.606666564941406,1290300
2017-03-03,40.16747283935547,44.02333450317383,44.130001068115234,43.766666412353516,44.0966682434082,1290000
2017-03-06,40.18876266479492,44.04666519165039,44.12333297729492,43.53666687011719,43.900001525878906,1598400
2017-03-07,40.276981353759766,44.143333435058594,44.43333435058594,43.836666107177734,43.970001220703125,1624500
2017-03-08,40.37125015258789,44.246665954589844,44.61333465576172,44.15666580200195,44.323333740234375,1757100
2017-03-09,40.450321197509766,44.33333206176758,44.40666580200195,43.97999954223633,44.220001220703125,1020600
2017-03-10,40.91262435913086,44.84000015258789,44.93333435058594,44.5966682434082,44.5966682434082,2136300
2017-03-13,41.21979522705078,45.176666259765625,45.19333267211914,44.88999938964844,44.97666549682617,1147500
2017-03-14,41.09812927246094,45.043331146240234,45.09000015258789,44.67333221435547,45.05666732788086,1066800
2017-03-15,41.42356872558594,45.400001525878906,45.483333587646484,44.883331298828125,45.099998474121094,1108200
2017-03-16,41.3809928894043,45.35333251953125,45.55666732788086,45.266666412353516,45.54666519165039,932700
2017-03-17,41.466163635253906,45.4466667175293,45.5099983215332,45.3033332824707,45.5099983215332,1832100
2017-03-20,41.77333068847656,45.78333282470703,45.939998626708984,45.40666580200195,45.563331604003906,1138200
2017-03-21,40.794002532958984,44.709999084472656,45.98666763305664,44.62333297729492,45.900001525878906,1962600
2017-03-22,41.22587203979492,45.18333435058594,45.233333587646484,44.5966682434082,44.753334045410156,1676400
2017-03-23,41.1346321105957,45.08333206176758,45.279998779296875,44.95333480834961,45.176666259765625,1530900
2017-03-24,41.43437957763672,45.293331146240234,45.856666564941406,45.119998931884766,45.53666687011719,1596000
2017-03-27,41.49538040161133,45.36000061035156,45.46666717529297,44.67333221435547,44.86000061035156,1449900
2017-03-28,41.626495361328125,45.503334045410156,45.68000030517578,45.22999954223633,45.45000076293945,851400
2017-03-29,41.52587890625,45.393333435058594,45.52333450317383,45.25666809082031,45.52333450317383,1064400
2017-03-30,41.73932647705078,45.62666702270508,45.72666549682617,45.3466682434082,45.41666793823242,831000
2017-03-31,41.74237060546875,45.630001068115234,45.856666564941406,45.483333587646484,45.67333221435547,616500
2017-04-03,41.47708511352539,45.34000015258789,45.7599983215332,45.04666519165039,45.650001525878906,2164800
2017-04-04,41.26971435546875,45.11333465576172,45.40666580200195,44.983333587646484,45.05666732788086,1366800
2017-04-05,40.98308563232422,44.79999923706055,45.54999923706055,44.77000045776367,45.24333190917969,1259400
2017-04-06,41.047122955322266,44.869998931884766,44.970001220703125,44.413333892822266,44.77000045776367,1165500
2017-04-07,41.2239875793457,45.063331604003906,45.20000076293945,44.7599983215332,44.88666534423828,757200
2017-04-10,40.9068489074707,44.71666717529297,45.11000061035156,44.61000061035156,45.06666564941406,810300
2017-04-11,40.57752227783203,44.356666564941406,44.5099983215332,43.6966667175293,44.496665954589844,1602000
2017-04-12,39.87923812866211,43.59333419799805,44.293331146240234,43.4900016784668,44.233333587646484,1704600
2017-04-13,39.61394119262695,43.3033332824707,43.959999084472656,43.28666687011719,43.33333206176758,1309200
2017-04-17,40.10791015625,43.84333419799805,43.866668701171875,43.473331451416016,43.473331451416016,1329900
2017-04-18,40.2939453125,44.04666519165039,44.073333740234375,43.56999969482422,43.599998474121094,1325700
2017-04-19,40.50434112548828,44.276668548583984,44.68000030517578,44.209999084472656,44.40666580200195,1701600
2017-04-20,41.144691467285156,44.97666549682617,45.05666732788086,44.383331298828125,44.60333251953125,1669800
2017-04-21,40.970882415771484,44.78666687011719,44.87666702270508,44.40999984741211,44.83000183105469,1922400
2017-04-24,41.55940246582031,45.43000030517578,45.57666778564453,45.266666412353516,45.44333267211914,1482300
2017-04-25,41.983272552490234,45.893333435058594,45.96333312988281,45.540000915527344,45.650001525878906,1269900
2017-04-26,41.6386833190918,45.516666412353516,45.91666793823242,45.3466682434082,45.83000183105469,3504000
2017-04-27,42.224159240722656,46.15666580200195,46.220001220703125,45.753334045410156,45.84333419799805,1099200
2017-04-28,41.5045166015625,45.369998931884766,46.04666519165039,45.25,46.04666519165039,3133800
2017-05-01,41.91617202758789,45.81999969482422,45.83333206176758,45.253334045410156,45.47999954223633,2065500
2017-05-02,41.47403335571289,45.336666107177734,45.70000076293945,45.10333251953125,45.70000076293945,3398700
2017-05-03,41.617340087890625,45.49333190917969,45.560001373291016,45.08333206176758,45.0966682434082,1144800
2017-05-04,41.58686828613281,45.459999084472656,45.650001525878906,45.266666412353516,45.650001525878906,1219500
2017-05-05,41.75151062011719,45.63999938964844,45.63999938964844,45.21333312988281,45.58000183105469,902100
2017-05-08,41.58686828613281,45.459999084472656,45.70000076293945,45.37333297729492,45.616668701171875,801900
2017-05-09,41.99852752685547,45.90999984741211,46.043331146240234,45.459999084472656,45.52333450317383,1281000
2017-05-10,42.8889274597168,46.883331298828125,46.970001220703125,46.46333312988281,46.47666549682617,2503500
2017-05-11,43.04443359375,47.0533332824707,47.27000045776367,46.46666717529297,46.8466682434082,2091000
2017-05-12,43.16641616821289,47.186668395996094,47.24333190917969,46.91666793823242,47.116668701171875,573300
2017-05-15,43.834205627441406,47.91666793823242,47.9466667175293,47.25,47.38666534423828,1123200
2017-05-16,44.46238708496094,48.60333251953125,48.62333297729492,47.91666793823242,48.13999938964844,1067400
2017-05-17,42.544342041015625,46.50666809082031,48.130001068115234,46.46666717529297,48.03333282470703,3091200
2017-05-18,43.337181091308594,47.37333297729492,47.50666809082031,46.38666534423828,46.526668548583984,2103600
2017-05-19,43.815914154052734,47.89666748046875,48.063331604003906,47.77333450317383,47.81666564941406,2681100
2017-05-22,44.2946662902832,48.41999816894531,48.439998626708984,48.0966682434082,48.206668853759766,2000100
2017-05-23,44.1177978515625,48.22666549682617,48.46666717529297,47.856666564941406,48.46333312988281,760200
2017-05-24,44.40442657470703,48.540000915527344,48.630001068115234,48.31666564941406,48.54999923706055,1018800
2017-05-25,44.63010787963867,48.78666687011719,48.959999084472656,48.473331451416016,48.686668395996094,1013400
2017-05-26,44.83438491821289,49.0099983215332,49.03333282470703,48.46666717529297,48.746665954589844,789600
2017-05-30,45.13323211669922,49.336666107177734,49.456668853759766,48.95000076293945,49.00666809082031,1176900
2017-05-31,45.127140045166016,49.33000183105469,49.790000915527344,49.09333419799805,49.689998626708984,1605300
2017-06-01,45.172882080078125,49.380001068115234,49.52000045776367,49.099998474121094,49.52000045776367,1063200
2017-06-02,45.633331298828125,49.883331298828125,49.94333267211914,49.31999969482422,49.69333267211914,1297500
2017-06-05,45.74309539794922,50.003334045410156,50.27000045776367,49.8466682434082,49.866668701171875,986700
2017-06-06,45.89252853393555,50.16666793823242,50.5099983215332,49.74333190917969,49.81666564941406,1240800
2017-06-07,46.234046936035156,50.540000915527344,50.7400016784668,50.28333282470703,50.41666793823242,1262700
2017-06-08,47.07870101928711,51.46333312988281,51.483333587646484,50.5099983215332,50.95000076293945,1617600
2017-06-09,45.09967803955078,49.29999923706055,51.983333587646484,48.3033332824707,51.84000015258789,5103600
2017-06-12,44.84049606323242,49.016666412353516,49.1966667175293,47.60333251953125,48.68333435058594,5277300
2017-06-13,45.145423889160156,49.349998474121094,49.83333206176758,48.746665954589844,49.76333236694336,3216600
2017-06-14,44.67277908325195,48.83333206176758,49.5533332824707,48.290000915527344,49.5533332824707,2112300
2017-06-15,44.319053649902344,48.4466667175293,48.5966682434082,47.95333480834961,48.016666412353516,3531900
2017-06-16,44.14219284057617,48.253334045410156,48.810001373291016,48.10333251953125,48.573333740234375,1588800
2017-06-19,44.98076248168945,49.16999816894531,49.25,48.746665954589844,48.78666687011719,1455600
2017-06-20,44.47457504272461,48.616668701171875,49.4900016784668,48.606666564941406,49.43000030517578,1193100
2017-06-21,44.989906311035156,49.18000030517578,49.19333267211914,48.64666748046875,48.84333419799805,1386900
2017-06-22,44.8862419128418,49.06666564941406,49.28666687011719,48.83333206176758,49.16666793823242,1299900
2017-06-23,45.02041244506836,49.21333312988281,49.4900016784668,48.91999816894531,49.150001525878906,973200
2017-06-26,44.63314437866211,48.790000915527344,49.7599983215332,48.529998779296875,49.49333190917969,1882800
2017-06-27,43.44096374511719,47.369998931884766,48.496665954589844,47.349998474121094,48.496665954589844,1921500
2017-06-28,44.19295120239258,48.189998626708984,48.24333190917969,47.186668395996094,47.643333435058594,2285400
2017-06-29,43.092498779296875,46.9900016784668,47.996665954589844,46.3466682434082,47.996665954589844,2949300
2017-06-30,42.85710144042969,46.733333587646484,47.383331298828125,46.529998779296875,47.13666534423828,1492800
2017-07-03,42.27018737792969,46.09333419799805,47.17333221435547,46.07666778564453,47.11000061035156,1771800
2017-07-05,43.135276794433594,47.03666687011719,47.11000061035156,46.24333190917969,46.24333190917969,1918200
2017-07-06,42.94575881958008,46.83000183105469,47.233333587646484,46.380001068115234,46.599998474121094,2063100
2017-07-07,43.67023468017578,47.619998931884766,47.810001373291016,47.05666732788086,47.05666732788086,3374400
2017-07-10,44.17460632324219,48.16999816894531,48.293331146240234,47.503334045410156,47.8033332824707,978300
2017-07-11,44.54143142700195,48.56999969482422,48.59000015258789,48.01333236694336,48.043331146240234,965400
2017-07-12,45.25368118286133,49.3466682434082,49.45333480834961,48.883331298828125,49.05666732788086,1678200
2017-07-13,45.11305618286133,49.19333267211914,49.720001220703125,49.04666519165039,49.400001525878906,1532700
2017-07-14,45.718326568603516,49.85333251953125,49.880001068115234,49.3466682434082,49.46333312988281,1234500
2017-07-17,45.531864166259766,49.650001525878906,50.040000915527344,49.483333587646484,50.02333450317383,693300
2017-07-18,45.672481536865234,49.8033332824707,49.813331604003906,49.16999816894531,49.35333251953125,1017000
2017-07-19,46.094303131103516,50.26333236694336,50.276668548583984,49.91999816894531,50.09000015258789,1410600
2017-07-20,46.22882080078125,50.40999984741211,50.47666549682617,49.866668701171875,50.28333282470703,1527000
2017-07-21,45.83447265625,49.97999954223633,50.08000183105469,49.733333587646484,50.08000183105469,984000
2017-07-24,45.696929931640625,49.83000183105469,50.0533332824707,49.72999954223633,50.0533332824707,1212600
2017-07-25,45.65719223022461,49.78666687011719,49.90666580200195,49.27333450317383,49.72666549682617,1203600
2017-07-26,46.158504486083984,50.33333206176758,50.54999923706055,50.04999923706055,50.22999954223633,2004600
2017-07-27,45.455440521240234,49.56666564941406,50.54999923706055,48.97666549682617,50.483333587646484,2827800
2017-07-28,45.281192779541016,49.37666702270508,49.58000183105469,49.133331298828125,49.34000015258789,1205700
2017-07-31,44.929656982421875,48.99333190917969,49.63999938964844,48.856666564941406,49.383331298828125,1517400
2017-08-01,45.20781326293945,49.29666519165039,49.29999923706055,48.900001525878906,49.13999938964844,1002000
2017-08-02,44.8807487487793,48.939998626708984,49.686668395996094,48.599998474121094,49.58000183105469,1741200
2017-08-03,44.71261978149414,48.75666809082031,49.06666564941406,48.516666412353516,48.90999984741211,1347300
2017-08-04,44.73095703125,48.776668548583984,49.16999816894531,48.633331298828125,48.790000915527344,1283700
2017-08-07,45.50129699707031,49.616668701171875,49.63999938964844,48.9033317565918,48.9033317565918,949200
2017-08-08,45.369834899902344,49.473331451416016,50.0533332824707,49.313331604003906,49.65999984741211,818700
2017-08-09,45.217002868652344,49.30666732788086,49.35333251953125,48.86333465576172,49.08333206176758,706500
2017-08-10,43.95452117919922,47.93000030517578,49.0099983215332,47.88999938964844,48.99333190917969,1627500
2017-08-11,44.202117919921875,48.20000076293945,48.28333282470703,47.59333419799805,47.706668853759766,1044300
2017-08-14,45.32705307006836,49.426666259765625,49.483333587646484,48.776668548583984,48.78333282470703,1610100
2017-08-15,45.440155029296875,49.54999923706055,49.650001525878906,49.20000076293945,49.643333435058594,531300
2017-08-16,45.51351547241211,49.630001068115234,49.84000015258789,49.393333435058594,49.6533317565918,777900
2017-08-17,44.3641357421875,48.37666702270508,49.52333450317383,48.349998474121094,49.393333435058594,1209000
2017-08-18,44.431400299072266,48.45000076293945,48.810001373291016,48.209999084472656,48.663333892822266,1026900
2017-08-21,44.101261138916016,48.09000015258789,48.599998474121094,47.790000915527344,48.52000045776367,945900
2017-08-22,44.82876968383789,48.883331298828125,48.97999954223633,48.45000076293945,48.51333236694336,1046700
2017-08-23,45.01831817626953,49.09000015258789,49.22999954223633,48.37333297729492,48.42333221435547,1983900
2017-08-24,45.024417877197266,49.0966682434082,49.36333465576172,48.823333740234375,49.293331146240234,1294200
2017-08-25,44.80738067626953,48.86000061035156,49.366668701171875,48.78333282470703,49.279998779296875,684900
2017-08-28,44.94188690185547,49.00666809082031,49.02000045776367,48.7400016784668,48.93000030517578,552600
2017-08-29,45.0121955871582,49.08333206176758,49.209999084472656,48.37333297729492,48.38999938964844,1068900
2017-08-30,45.78252029418945,49.92333221435547,50.0,49.17333221435547,49.3466682434082,1998900
2017-08-31,46.234928131103516,50.41666793823242,50.483333587646484,50.016666412353516,50.09333419799805,1072200
2017-09-01,46.436683654785156,50.63666534423828,50.900001525878906,50.50666809082031,50.50666809082031,1591200
2017-09-05,45.800865173339844,49.94333267211914,50.52000045776367,49.516666412353516,50.456668853759766,2806500
2017-09-06,45.87422561645508,50.02333450317383,50.253334045410156,49.78666687011719,50.223331451416016,1044000
2017-09-07,45.95370101928711,50.11000061035156,50.30666732788086,49.893333435058594,50.119998931884766,873300
2017-09-08,45.41263198852539,49.52000045776367,50.11333465576172,49.336666107177734,50.07666778564453,1454100
2017-09-11,46.27772521972656,50.46333312988281,50.58000183105469,49.9033317565918,49.9033317565918,1305300
2017-09-12,46.485591888427734,50.689998626708984,50.836666107177734,50.40999984741211,50.526668548583984,742200
2017-09-13,46.577308654785156,50.790000915527344,50.90666580200195,50.413333892822266,50.66666793823242,772800
2017-09-14,46.76071548461914,50.9900016784668,51.290000915527344,50.56999969482422,50.57666778564453,1656900
2017-09-15,47.576881408691406,51.880001068115234,51.936668395996094,51.12666702270508,51.22999954223633,1424100
2017-09-18,48.20049285888672,52.560001373291016,52.880001068115234,52.18333435058594,52.18333435058594,1476900
2017-09-19,48.353328704833984,52.72666549682617,52.93000030517578,52.400001525878906,52.68333435058594,1382700
2017-09-20,47.68694305419922,52.0,52.78666687011719,51.29666519165039,52.78666687011719,2274900
2017-09-21,47.48214340209961,51.776668548583984,51.96333312988281,51.32666778564453,51.9033317565918,864300
2017-09-22,47.72361755371094,52.040000915527344,52.106666564941406,51.630001068115234,51.63999938964844,742200
2017-09-25,46.803504943847656,51.03666687011719,51.85333251953125,50.79666519165039,51.85333251953125,1795500
2017-09-26,46.72958755493164,50.790000915527344,51.39666748046875,50.643333435058594,51.39666748046875,1474200
2017-09-27,47.861270904541016,52.02000045776367,52.22999954223633,51.336666107177734,51.4033317565918,1166400
2017-09-28,48.21394348144531,52.4033317565918,52.43333435058594,51.83333206176758,51.96666717529297,819900
2017-09-29,48.63105010986328,52.856666564941406,52.926666259765625,52.3466682434082,52.61333465576172,918600
2017-10-02,48.95613479614258,53.209999084472656,53.41999816894531,52.810001373291016,53.09333419799805,1240500
2017-10-03,49.091064453125,53.356666564941406,53.483333587646484,53.0966682434082,53.27333450317383,536100
2017-10-04,49.20453643798828,53.47999954223633,53.47999954223633,52.97999954223633,53.290000915527344,873900
2017-10-05,49.247474670410156,53.526668548583984,53.71333312988281,53.21666717529297,53.706668853759766,538200
2017-10-06,49.44068908691406,53.73666763305664,53.753334045410156,53.33000183105469,53.33333206176758,742800
2017-10-09,49.817909240722656,54.14666748046875,54.19333267211914,53.88666534423828,53.9466667175293,835200
2017-10-10,50.097007751464844,54.45000076293945,54.633331298828125,53.90666580200195,54.633331298828125,756300
2017-10-11,50.440486907958984,54.823333740234375,54.836666107177734,54.34333419799805,54.41666793823242,859200
2017-10-12,50.28101348876953,54.650001525878906,55.0099983215332,54.606666564941406,54.8033332824707,584400
2017-10-13,50.603031158447266,55.0,55.19333267211914,54.76333236694336,54.90666580200195,531900
2017-10-16,50.84224319458008,55.2599983215332,55.27000045776367,54.88999938964844,55.16666793823242,543300
2017-10-17,50.79931640625,55.21333312988281,55.28666687011719,54.9466667175293,55.28666687011719,558900
2017-10-18,50.971046447753906,55.400001525878906,55.5,54.67333221435547,55.41666793823242,712200
2017-10-19,50.84224319458008,55.2599983215332,55.266666412353516,54.40999984741211,54.973331451416016,1063800
2017-10-20,51.10292434692383,55.543331146240234,55.81666564941406,55.459999084472656,55.69333267211914,1083600
2017-10-23,51.354400634765625,55.81666564941406,56.11333465576172,55.54999923706055,55.813331604003906,898500
2017-10-24,51.713226318359375,56.206668853759766,56.2599983215332,55.76333236694336,55.973331451416016,643500
2017-10-25,51.03545379638672,55.470001220703125,56.04666519165039,54.9033317565918,55.89666748046875,1568100
2017-10-26,51.33600616455078,55.79666519165039,55.913333892822266,55.49333190917969,55.56666564941406,1145100
2017-10-27,52.4094123840332,56.96333312988281,57.040000915527344,55.926666259765625,56.16999816894531,1058400
2017-10-30,52.55047607421875,57.116668701171875,57.356666564941406,56.78333282470703,56.78333282470703,1579200
2017-10-31,52.970638275146484,57.573333740234375,57.7400016784668,57.10333251953125,57.2599983215332,1031400
2017-11-01,52.77741622924805,57.36333465576172,58.08000183105469,56.86000061035156,58.040000915527344,1516500
2017-11-02,53.03810119628906,57.64666748046875,57.79666519165039,57.029998779296875,57.473331451416016,4100100
2017-11-03,53.9765625,58.66666793823242,58.66999816894531,57.45000076293945,57.926666259765625,2683800
2017-11-06,54.74021530151367,59.496665954589844,59.52333450317383,58.813331604003906,59.23666763305664,3057600
2017-11-07,54.691131591796875,59.44333267211914,59.58333206176758,59.03666687011719,59.43000030517578,1299300
2017-11-08,54.865936279296875,59.633331298828125,59.68333435058594,59.1533317565918,59.38666534423828,1204500
2017-11-09,53.76801300048828,58.439998626708984,59.116668701171875,57.723331451416016,59.116668701171875,3302400
2017-11-10,54.12376403808594,58.82666778564453,58.86333465576172,58.47666549682617,58.643333435058594,1166400
2017-11-13,54.280189514160156,58.996665954589844,59.063331604003906,58.516666412353516,58.599998474121094,1308900
2017-11-14,54.23112106323242,58.94333267211914,59.11000061035156,58.5099983215332,58.88666534423828,801900
2017-11-15,53.74348831176758,58.413333892822266,58.65999984741211,57.939998626708984,58.526668548583984,1175700
2017-11-16,54.543941497802734,59.28333282470703,59.526668548583984,58.65666580200195,58.65666580200195,1093500
2017-11-17,54.30472183227539,59.02333450317383,59.63999938964844,58.92333221435547,59.633331298828125,1887300
2017-11-20,54.951812744140625,59.72666549682617,59.823333740234375,59.20333480834961,59.356666564941406,1792800
2017-11-21,55.58052444458008,60.40999984741211,60.48666763305664,60.003334045410156,60.119998931884766,3603000
2017-11-22,55.24317932128906,60.043331146240234,60.62666702270508,59.95333480834961,60.62333297729492,1203900
2017-11-24,55.74000930786133,60.58333206176758,60.62333297729492,60.21666717529297,60.29999923706055,556800
2017-11-27,55.04075622558594,59.823333740234375,60.21666717529297,59.723331451416016,60.21666717529297,1692900
2017-11-28,55.06529998779297,59.849998474121094,60.060001373291016,59.483333587646484,60.060001373291016,1971300
2017-11-29,52.6394157409668,57.21333312988281,59.79999923706055,56.633331298828125,59.78333282470703,5576700
2017-11-30,52.92155456542969,57.52000045776367,58.116668701171875,57.163333892822266,57.84333419799805,4293300
2017-12-01,52.34806442260742,56.89666748046875,57.23666763305664,55.503334045410156,56.97666549682617,4877700
2017-12-04,51.09066390991211,55.529998779296875,57.643333435058594,55.18333435058594,57.573333740234375,4886400
2017-12-05,51.13052749633789,55.573333740234375,56.586666107177734,54.8466682434082,55.25,5340300
2017-12-06,51.2961311340332,55.753334045410156,55.85333251953125,54.793331146240234,55.026668548583984,2170500
2017-12-07,51.7960319519043,56.29666519165039,56.470001220703125,55.93333435058594,56.163333892822266,2917500
2017-12-08,51.529212951660156,56.00666809082031,56.96666717529297,55.956668853759766,56.939998626708984,1965900
2017-12-11,51.8389778137207,56.34333419799805,56.4900016784668,55.939998626708984,56.0966682434082,5248200
2017-12-12,51.33293914794922,55.793331146240234,56.223331451416016,55.71666717529297,56.223331451416016,1307700
2017-12-13,51.32374572753906,55.78333282470703,56.276668548583984,55.75,55.98666763305664,980100
2017-12-14,51.2716064453125,55.72666549682617,56.0966682434082,55.59000015258789,55.81999969482422,889200
2017-12-15,52.075103759765625,56.599998474121094,56.746665954589844,55.709999084472656,56.016666412353516,3382500
2017-12-18,53.19145202636719,57.813331604003906,57.84333419799805,57.0,57.293331146240234,3488700
2017-12-19,53.13521957397461,57.64666748046875,57.86000061035156,57.349998474121094,57.70000076293945,2278500
2017-12-20,53.52235794067383,58.06666564941406,58.323333740234375,57.56999969482422,58.253334045410156,1342200
2017-12-21,52.95702362060547,57.45333480834961,58.25666809082031,57.369998931884766,58.25666809082031,1750500
2017-12-22,52.92628479003906,57.41999816894531,57.45000076293945,57.03333282470703,57.253334045410156,877800
2017-12-26,52.39783477783203,56.8466682434082,56.900001525878906,56.369998931884766,56.6966667175293,680100
2017-12-27,52.56682205200195,57.029998779296875,57.31999969482422,56.776668548583984,56.849998474121094,794100
2017-12-28,52.714290618896484,57.189998626708984,57.33333206176758,57.09000015258789,57.209999084472656,789000
2017-12-29,52.17353820800781,56.60333251953125,57.28333282470703,56.599998474121094,57.28333282470703,760200
2018-01-02,53.58993148803711,58.13999938964844,58.163333892822266,56.84000015258789,56.90999984741211,2860200
2018-01-03,54.52705764770508,59.15666580200195,59.17333221435547,58.323333740234375,58.456668853759766,1326900
2018-01-04,54.83430099487305,59.4900016784668,59.689998626708984,59.01333236694336,59.59333419799805,1335000
2018-01-05,55.14768981933594,59.83000183105469,60.07666778564453,59.40999984741211,59.75666809082031,1170600
2018-01-08,55.58090591430664,60.29999923706055,60.48666763305664,59.68333435058594,59.869998931884766,1622700
2018-01-09,55.03401184082031,59.706668853759766,60.459999084472656,59.63999938964844,60.459999084472656,1464600
2018-01-10,54.37342834472656,58.9900016784668,59.27333450317383,58.516666412353516,59.029998779296875,2030400
2018-01-11,54.6991081237793,59.34333419799805,59.37333297729492,58.936668395996094,59.18000030517578,1047300
2018-01-12,54.99406814575195,59.663333892822266,59.790000915527344,59.186668395996094,59.40666580200195,1101900
2018-01-16,55.175331115722656,59.86000061035156,60.563331604003906,59.5099983215332,60.16999816894531,1462500
2018-01-17,56.776100158691406,61.5966682434082,61.68000030517578,60.356666564941406,60.41999816894531,1136700
2018-01-18,57.031124114990234,61.87333297729492,62.176666259765625,61.503334045410156,61.57666778564453,3163800
2018-01-19,57.08948516845703,61.936668395996094,62.25,61.56999969482422,62.1533317565918,1188600
2018-01-22,57.51348876953125,62.39666748046875,62.413333892822266,61.75666809082031,62.0533332824707,1247700
2018-01-23,57.9743537902832,62.89666748046875,62.9033317565918,62.46333312988281,62.69333267211914,1467000
2018-01-24,56.64706039428711,61.456668853759766,62.459999084472656,61.02000045776367,62.246665954589844,3006000
2018-01-25,55.66386032104492,60.38999938964844,62.28333282470703,60.38999938964844,62.12666702270508,2254800
2018-01-26,57.44282150268555,62.31999969482422,62.33000183105469,61.176666259765625,61.206668853759766,1667700
2018-01-29,57.359859466552734,62.22999954223633,62.66666793823242,61.49333190917969,62.09333419799805,1626000
2018-01-30,56.219970703125,60.99333190917969,61.689998626708984,60.913333892822266,61.33333206176758,1948500
2018-01-31,56.677764892578125,61.4900016784668,61.93000030517578,61.150001525878906,61.709999084472656,1163700
2018-02-01,56.39817810058594,61.186668395996094,62.09000015258789,60.90666580200195,61.0,1255500
2018-02-02,54.88037109375,59.540000915527344,60.72999954223633,59.5099983215332,60.68333435058594,3241800
2018-02-05,52.29643630981445,56.73666763305664,59.973331451416016,56.56999969482422,58.65666580200195,3915600
2018-02-06,54.1890754699707,58.790000915527344,58.86000061035156,55.73666763305664,55.866668701171875,4045500
2018-02-07,53.027687072753906,57.529998779296875,58.93000030517578,57.52000045776367,58.40666580200195,3262200
2018-02-08,50.80015182495117,55.11333465576172,57.959999084472656,55.06666564941406,57.79999923706055,4162200
2018-02-09,52.26264190673828,56.70000076293945,57.099998474121094,54.393333435058594,56.366668701171875,5947800
2018-02-12,53.267330169677734,57.790000915527344,58.16666793823242,56.91999816894531,57.45333480834961,2956200
2018-02-13,53.20588684082031,57.723331451416016,57.84333419799805,57.23666763305664,57.426666259765625,1481700
2018-02-14,54.453311920166016,59.07666778564453,59.16666793823242,57.15999984741211,57.27333450317383,1199100
2018-02-15,55.101600646972656,59.779998779296875,59.790000915527344,58.393333435058594,59.633331298828125,1732500
2018-02-16,54.90496826171875,59.56666564941406,60.313331604003906,59.483333587646484,59.483333587646484,929700
2018-02-20,55.8758659362793,60.619998931884766,61.16666793823242,59.31999969482422,59.380001068115234,2507400
2018-02-21,55.23372268676758,59.92333221435547,61.0,59.883331298828125,60.95333480834961,1435500
2018-02-22,55.110816955566406,59.790000915527344,60.413333892822266,59.59333419799805,60.27000045776367,1460700
2018-02-23,56.29063415527344,61.06999969482422,61.06999969482422,60.233333587646484,60.426666259765625,1424700
2018-02-26,57.5042610168457,62.38666534423828,62.400001525878906,61.426666259765625,61.43333435058594,1090500
2018-02-27,57.313777923583984,62.18000030517578,63.2400016784668,62.18000030517578,62.413333892822266,1369200
2018-02-28,56.80374526977539,61.62666702270508,62.7400016784668,61.56666564941406,62.616668701171875,1266600
2018-03-01,55.90659713745117,60.6533317565918,61.883331298828125,59.9466667175293,61.84333419799805,2850300
2018-03-02,56.85598373413086,61.68333435058594,61.79666519165039,59.82666778564453,59.96666717529297,1392600
2018-03-05,57.366004943847656,62.23666763305664,62.53666687011719,61.07666778564453,61.35333251953125,1251000
2018-03-06,58.2293701171875,63.17333221435547,63.3466682434082,62.5,62.83000183105469,1779000
2018-03-07,58.41679000854492,63.37666702270508,63.456668853759766,62.516666412353516,62.516666412353516,1167300
2018-03-08,58.469024658203125,63.43333435058594,63.78666687011719,63.08333206176758,63.75,1147200
2018-03-09,59.68264389038086,64.75,64.77666473388672,63.793331146240234,63.94333267211914,1586400
2018-03-12,60.31557846069336,65.4366683959961,65.7699966430664,65.0199966430664,65.22666931152344,1860300
2018-03-13,59.384620666503906,64.42666625976562,65.7699966430664,64.14666748046875,65.22666931152344,4230000
2018-03-14,59.37846374511719,64.41999816894531,64.78333282470703,63.83000183105469,64.78333282470703,1641000
2018-03-15,59.33237838745117,64.37000274658203,64.79000091552734,64.03666687011719,64.58999633789062,1073100
2018-03-16,59.30780029296875,64.34333038330078,64.72666931152344,64.27333068847656,64.45999908447266,1035000
2018-03-19,58.17713928222656,63.116668701171875,64.0633316040039,62.223331451416016,63.76333236694336,2781600
2018-03-20,58.604217529296875,63.58000183105469,63.78666687011719,63.16666793823242,63.25,760800
2018-03-21,58.71482849121094,63.70000076293945,64.5199966430664,63.426666259765625,63.50666809082031,1380300
2018-03-22,57.167869567871094,61.900001525878906,63.24333190917969,61.8466682434082,62.59333419799805,1752000
2018-03-23,55.265350341796875,59.84000015258789,61.900001525878906,59.81666564941406,61.790000915527344,3847500
2018-03-26,57.5711555480957,62.336666107177734,62.35333251953125,60.46333312988281,61.24333190917969,2399700
2018-03-27,55.453147888183594,60.043331146240234,62.99333190917969,59.53333282470703,62.81666564941406,3221700
2018-03-28,54.25251770019531,58.74333190917969,60.176666259765625,58.483333587646484,59.630001068115234,2980200
2018-03-29,55.42851638793945,60.016666412353516,60.586666107177734,58.709999084472656,59.13999938964844,2504100
2018-04-02,53.31049728393555,57.723331451416016,59.93333435058594,57.1533317565918,59.49333190917969,2379600
2018-04-03,54.320255279541016,58.81666564941406,58.97666549682617,57.810001373291016,58.44333267211914,1673400
2018-04-04,55.019073486328125,59.573333740234375,59.72999954223633,57.106666564941406,57.12333297729492,2024700
2018-04-05,54.4556999206543,58.96333312988281,60.02333450317383,58.58000183105469,59.9466667175293,1725000
2018-04-06,52.80870819091797,57.18000030517578,58.793331146240234,56.92333221435547,58.15666580200195,1179900
2018-04-09,53.14118194580078,57.540000915527344,59.20333480834961,57.50666809082031,57.85333251953125,1113000
2018-04-10,54.84053421020508,59.380001068115234,59.72666549682617,58.48666763305664,58.86000061035156,1904100
2018-04-11,54.86206817626953,59.4033317565918,59.926666259765625,58.94333267211914,59.04999923706055,1226400
2018-04-12,55.89643859863281,60.52333450317383,60.686668395996094,59.823333740234375,59.87666702270508,1911300
2018-04-13,55.48393249511719,60.07666778564453,61.336666107177734,59.86000061035156,61.22999954223633,1289400
2018-04-16,55.58244323730469,60.18333435058594,60.50666809082031,59.68333435058594,60.43333435058594,849300
2018-04-17,56.63528823852539,61.323333740234375,61.46666717529297,60.53666687011719,60.65999984741211,1097700
2018-04-18,56.07807159423828,60.720001220703125,61.06666564941406,60.18000030517578,60.93000030517578,1453500
2018-04-19,53.65222930908203,58.09333419799805,59.619998931884766,57.88999938964844,59.5533332824707,5532900
2018-04-20,53.018043518066406,57.40666580200195,58.37666702270508,57.1533317565918,58.08000183105469,3552000
2018-04-23,52.31306076049805,56.643333435058594,57.753334045410156,56.5,57.62333297729492,2047200
2018-04-24,51.89130783081055,56.186668395996094,57.65999984741211,55.689998626708984,57.13666534423828,3480900
2018-04-25,51.82664489746094,56.116668701171875,56.52000045776367,55.22999954223633,56.436668395996094,4432800
2018-04-26,52.88566589355469,57.26333236694336,57.31999969482422,56.643333435058594,57.003334045410156,4609200
2018-04-27,52.5162467956543,56.86333465576172,58.04999923706055,56.58000183105469,57.9900016784668,3309000
2018-04-30,51.940555572509766,56.2400016784668,57.1966667175293,55.996665954589844,56.766666412353516,1802100
2018-05-01,52.793304443359375,57.163333892822266,57.22666549682617,56.03333282470703,56.099998474121094,3127800
2018-05-02,52.55935287475586,56.90999984741211,57.400001525878906,56.66999816894531,57.220001220703125,1543200
2018-05-03,52.87334442138672,57.25,57.5,56.03333282470703,56.46333312988281,2396700
2018-05-04,54.113990783691406,58.59333419799805,58.6966667175293,56.68000030517578,56.939998626708984,1977900
2018-05-07,54.63733673095703,59.15999984741211,59.436668395996094,58.86000061035156,59.073333740234375,1185000
2018-05-08,54.96057891845703,59.5099983215332,59.59333419799805,58.893333435058594,59.12333297729492,1206300
2018-05-09,55.797935485839844,60.41666793823242,60.459999084472656,59.5966682434082,59.72999954223633,1043700
2018-05-10,56.813838958740234,61.516666412353516,61.543331146240234,60.720001220703125,60.75666809082031,1242900
2018-05-11,56.39823532104492,61.06666564941406,61.63666534423828,60.956668853759766,61.16666793823242,1857900
2018-05-14,57.087825775146484,61.813331604003906,62.55666732788086,61.70333480834961,61.83000183105469,1653900
2018-05-15,56.46904754638672,61.143333435058594,61.58000183105469,60.70333480834961,61.40666580200195,1263900
2018-05-16,57.19557571411133,61.93000030517578,62.063331604003906,61.106666564941406,61.62666702270508,1221300
2018-05-17,57.02934265136719,61.75,62.253334045410156,61.28666687011719,61.78666687011719,1301400
2018-05-18,56.21354675292969,60.866668701171875,61.28666687011719,60.650001525878906,61.20000076293945,2072700
2018-05-21,56.77690124511719,61.47666549682617,62.08333206176758,60.936668395996094,61.76333236694336,1473300
2018-05-22,57.093990325927734,61.81999969482422,62.290000915527344,61.61000061035156,62.0,1496400
2018-05-23,57.401832580566406,62.1533317565918,62.17333221435547,61.08333206176758,61.34000015258789,1039200
2018-05-24,57.63273239135742,62.4033317565918,62.53666687011719,61.630001068115234,62.1966667175293,1136100
2018-05-25,58.097572326660156,62.90666580200195,62.996665954589844,62.29999923706055,62.400001525878906,1400700
2018-05-29,57.746639251708984,62.526668548583984,63.0533332824707,62.09333419799805,62.63999938964844,1538400
2018-05-30,58.12221145629883,62.93333435058594,63.4033317565918,62.62333297729492,62.866668701171875,2143500
2018-05-31,57.70044708251953,62.47666549682617,63.116668701171875,62.37666702270508,62.83000183105469,1606500
2018-06-01,59.014976501464844,63.900001525878906,63.900001525878906,62.813331604003906,63.03666687011719,1060500
2018-06-04,59.48291015625,64.40666961669922,64.4800033569336,63.82666778564453,64.06999969482422,1170900
2018-06-05,59.766117095947266,64.71333312988281,64.88666534423828,64.33333587646484,64.57666778564453,641400
2018-06-06,60.144779205322266,65.12333679199219,65.12333679199219,64.4433364868164,64.79000091552734,1268100
2018-06-07,59.609127044677734,64.5433349609375,65.26000213623047,64.08000183105469,65.1866683959961,2082900
2018-06-08,59.07654571533203,63.96666717529297,64.08999633789062,63.45333480834961,63.80666732788086,2429700
2018-06-11,58.96263885498047,63.84333419799805,64.16666412353516,63.633331298828125,63.869998931884766,1277700
2018-06-12,59.267398834228516,64.17333221435547,64.21666717529297,63.599998474121094,64.00666809082031,932400
2018-06-13,59.17814254760742,64.07666778564453,64.75666809082031,64.00666809082031,64.21333312988281,9156900
2018-06-14,59.53216552734375,64.45999908447266,64.7699966430664,64.07333374023438,64.44667053222656,1635600
2018-06-15,59.479835510253906,64.40333557128906,64.4800033569336,63.81666564941406,64.0433349609375,1122600
2018-06-18,58.90721893310547,63.78333282470703,63.99333190917969,63.19333267211914,63.99333190917969,1675800
2018-06-19,58.260738372802734,63.08333206176758,63.130001068115234,62.12333297729492,62.83000183105469,2631000
2018-06-20,58.5408821105957,63.38666534423828,63.709999084472656,63.0966682434082,63.44333267211914,2007300
2018-06-21,57.814361572265625,62.599998474121094,63.84000015258789,62.50666809082031,63.813331604003906,1245900
2018-06-22,57.35564422607422,62.10333251953125,62.94333267211914,61.983333587646484,62.9033317565918,1116300
2018-06-25,55.66863250732422,60.276668548583984,61.436668395996094,59.503334045410156,61.436668395996094,5441100
2018-06-26,55.86634063720703,60.28333282470703,60.58333206176758,59.983333587646484,60.266666412353516,11004000
2018-06-27,54.53185272216797,58.84333419799805,60.74333190917969,58.813331604003906,60.60333251953125,2364000
2018-06-28,54.9457893371582,59.290000915527344,59.42333221435547,58.59000015258789,58.66666793823242,4067700
2018-06-29,55.06007766723633,59.413333892822266,60.13666534423828,59.413333892822266,59.83333206176758,1278000
2018-07-02,55.40605926513672,59.78666687011719,59.79999923706055,58.4466667175293,58.900001525878906,2097300
2018-07-03,54.395931243896484,58.6966667175293,60.12666702270508,58.63999938964844,60.040000915527344,1141500
2018-07-05,55.850887298583984,60.266666412353516,60.276668548583984,59.220001220703125,59.220001220703125,1341000
2018-07-06,56.53666305541992,61.00666809082031,61.106666564941406,59.939998626708984,60.26333236694336,2263200
2018-07-09,56.89808654785156,61.39666748046875,61.63666534423828,60.68000030517578,61.619998931884766,1360200
2018-07-10,57.50046920776367,62.04666519165039,62.176666259765625,61.41666793823242,61.5099983215332,1403400
2018-07-11,56.02388000488281,60.45333480834961,61.40999984741211,60.4033317565918,61.04666519165039,1998600
2018-07-12,56.40073776245117,60.86000061035156,60.94333267211914,59.91999816894531,60.29666519165039,2267400
2018-07-13,56.19686508178711,60.63999938964844,61.03333282470703,60.54999923706055,61.03333282470703,802200
2018-07-16,56.119651794433594,60.55666732788086,60.96333312988281,60.50666809082031,60.72666549682617,612600
2018-07-17,56.9259033203125,61.426666259765625,61.4466667175293,60.0533332824707,60.150001525878906,4140600
2018-07-18,57.36456298828125,61.900001525878906,62.00666809082031,61.5,61.70333480834961,923400
2018-07-19,57.23789978027344,61.76333236694336,62.01333236694336,61.36000061035156,61.779998779296875,871500
2018-07-20,56.969154357910156,61.473331451416016,61.81666564941406,61.15999984741211,61.70000076293945,871800
2018-07-23,57.0463752746582,61.55666732788086,61.65999984741211,60.36333465576172,61.15666580200195,1001100
2018-07-24,56.425472259521484,60.88666534423828,62.2400016784668,60.79999923706055,61.939998626708984,1884000
2018-07-25,56.63862609863281,61.116668701171875,61.16999816894531,60.08000183105469,60.86000061035156,10230000
2018-07-26,57.74451446533203,62.310001373291016,62.349998474121094,61.52333450317383,61.52333450317383,7296300
2018-07-27,57.48812484741211,62.03333282470703,62.913333892822266,61.57666778564453,62.35333251953125,5193300
2018-07-30,56.9259033203125,61.426666259765625,62.176666259765625,61.12333297729492,62.00666809082031,2500200
2018-07-31,57.30277633666992,61.83333206176758,62.6966667175293,61.723331451416016,61.836666107177734,2271000
2018-08-01,57.2193717956543,61.74333190917969,62.38999938964844,61.47666549682617,61.893333435058594,3727800
2018-08-02,57.781578063964844,62.349998474121094,62.43000030517578,60.96666717529297,61.186668395996094,2253300
2018-08-03,57.902061462402344,62.47999954223633,62.53666687011719,62.0966682434082,62.38999938964844,1344300
2018-08-06,58.25111770629883,62.856666564941406,62.866668701171875,62.02333450317383,62.36000061035156,777900
2018-08-07,58.7144889831543,63.356666564941406,63.39666748046875,62.91666793823242,63.15999984741211,9879900
2018-08-08,58.85041809082031,63.503334045410156,63.633331298828125,63.116668701171875,63.366668701171875,1116600
2018-08-09,58.2696533203125,62.87666702270508,63.310001373291016,62.86333465576172,63.220001220703125,2218800
2018-08-10,56.8239631652832,61.31666564941406,61.84333419799805,61.026668548583984,61.573333740234375,3248100
2018-08-13,56.907379150390625,61.40666580200195,61.939998626708984,61.33333206176758,61.426666259765625,1687500
2018-08-14,56.79307556152344,61.28333282470703,61.86333465576172,61.233333587646484,61.766666412353516,1609500
2018-08-15,56.00535583496094,60.43333435058594,61.0099983215332,59.810001373291016,60.75666809082031,3067800
2018-08-16,55.934288024902344,60.356666564941406,60.91666793823242,60.19333267211914,60.83333206176758,1419900
2018-08-17,55.51726150512695,59.90666580200195,60.06666564941406,59.01333236694336,59.81999969482422,2195400
2018-08-20,55.46784210205078,59.85333251953125,60.206668853759766,59.18000030517578,59.9900016784668,957300
2018-08-21,56.54903793334961,61.02000045776367,61.18000030517578,60.029998779296875,60.043331146240234,2549100
2018-08-22,56.814697265625,61.30666732788086,61.38666534423828,60.52000045776367,60.893333435058594,1440300
2018-08-23,56.87957000732422,61.37666702270508,61.83000183105469,61.276668548583984,61.276668548583984,1847700
2018-08-24,57.704345703125,62.266666412353516,62.29999923706055,61.63999938964844,61.650001525878906,1685100
2018-08-27,58.62181854248047,63.25666809082031,63.72666549682617,62.63666534423828,62.77333450317383,17873700
2018-08-28,58.847320556640625,63.5,63.77333450317383,62.88666534423828,63.59333419799805,1616100
2018-08-29,59.00177764892578,63.66666793823242,63.86333465576172,63.276668548583984,63.5,4280400
2018-08-30,58.47353744506836,63.0966682434082,63.7599983215332,63.0099983215332,63.52000045776367,1811400
2018-08-31,58.791717529296875,63.439998626708984,63.53666687011719,63.00666809082031,63.00666809082031,1099800
2018-09-04,59.26433563232422,63.95000076293945,63.97666549682617,63.073333740234375,63.209999084472656,1289700
2018-09-05,58.977054595947266,63.63999938964844,64.0633316040039,63.10333251953125,63.88999938964844,1579500
2018-09-06,57.413970947265625,61.95333480834961,63.45333480834961,61.88666534423828,63.400001525878906,1494000
2018-09-07,57.17612075805664,61.6966667175293,62.59333419799805,61.54999923706055,61.836666107177734,8400900
2018-09-10,57.781578063964844,62.349998474121094,62.366668701171875,61.77333450317383,62.13666534423828,951000
2018-09-11,57.22246551513672,61.746665954589844,62.18333435058594,61.41666793823242,62.099998474121094,1734900
2018-09-12,56.56137466430664,61.03333282470703,61.060001373291016,59.70000076293945,60.95000076293945,2111400
2018-09-13,57.207008361816406,61.72999954223633,62.503334045410156,61.50666809082031,61.706668853759766,2159700
2018-09-14,57.849544525146484,62.42333221435547,62.66999816894531,61.90666580200195,62.086666107177734,1979100
2018-09-17,57.043277740478516,61.5533332824707,62.356666564941406,61.47666549682617,62.19333267211914,1527600
2018-09-18,57.534454345703125,62.08333206176758,62.459999084472656,61.8033332824707,61.8033332824707,1312800
2018-09-19,57.62404251098633,62.18000030517578,62.47666549682617,61.91999816894531,62.106666564941406,1104900
2018-09-20,58.32217788696289,62.93333435058594,63.17333221435547,62.58000183105469,62.66999816894531,1450200
2018-09-21,58.16463851928711,62.76333236694336,63.22666549682617,62.599998474121094,62.99333190917969,1707600
2018-09-24,58.365421295166016,62.97999954223633,63.0099983215332,62.12666702270508,62.25666809082031,833400
2018-09-25,57.43558883666992,61.97666549682617,62.82666778564453,61.810001373291016,62.82666778564453,1470300
2018-09-26,56.842041015625,61.06666564941406,61.78666687011719,61.0,61.41666793823242,1049700
2018-09-27,57.056129455566406,61.29666519165039,61.540000915527344,61.08333206176758,61.26333236694336,1055700
2018-09-28,57.416053771972656,61.68333435058594,61.900001525878906,61.043331146240234,61.22666549682617,2376600
2018-10-01,57.6146354675293,61.89666748046875,62.4033317565918,61.75,62.0,1025100
2018-10-02,57.6146354675293,61.89666748046875,62.75,61.733333587646484,61.733333587646484,2016900
2018-10-03,57.6673698425293,61.95333480834961,62.38666534423828,61.400001525878906,62.16666793823242,1986300
2018-10-04,56.646575927734375,60.856666564941406,61.630001068115234,60.33000183105469,61.526668548583984,1919100
2018-10-05,55.306190490722656,59.41666793823242,60.93333435058594,58.86333465576172,60.87333297729492,2436900
2018-10-08,54.68876647949219,58.753334045410156,59.46666717529297,58.246665954589844,58.93333435058594,2152200
2018-10-09,54.62670135498047,58.686668395996094,58.983333587646484,58.323333740234375,58.43000030517578,1609800
2018-10-10,52.21589279174805,56.0966682434082,57.959999084472656,56.04999923706055,57.92333221435547,6056400
2018-10-11,51.69460678100586,55.53666687011719,57.21333312988281,55.10333251953125,55.99333190917969,4370400
2018-10-12,52.634742736816406,56.54666519165039,57.356666564941406,55.723331451416016,57.03666687011719,4856100
2018-10-15,52.203460693359375,56.08333206176758,56.709999084472656,55.880001068115234,56.3033332824707,3884100
2018-10-16,53.90375518798828,57.90999984741211,57.9900016784668,56.643333435058594,56.706668853759766,1955100
2018-10-17,53.68967819213867,57.68000030517578,58.4466667175293,57.279998779296875,58.33333206176758,2425500
2018-10-18,52.346187591552734,56.23666763305664,57.4466667175293,56.026668548583984,57.44333267211914,4058700
2018-10-19,51.56119918823242,55.393333435058594,56.90666580200195,55.15666580200195,56.58333206176758,3382800
2018-10-22,51.877681732177734,55.733333587646484,56.060001373291016,55.21666717529297,55.68333435058594,3923700
2018-10-23,51.60773849487305,55.44333267211914,55.75,53.67333221435547,54.276668548583984,4304700
2018-10-24,48.22265625,51.80666732788086,54.516666412353516,51.71333312988281,54.516666412353516,9218700
2018-10-25,49.29930877685547,52.96333312988281,53.366668701171875,52.02333450317383,52.10333251953125,9226500
2018-10-26,48.442955017089844,52.043331146240234,52.959999084472656,51.1966667175293,51.810001373291016,3910200
2018-10-29,47.937198638916016,51.5,53.34000015258789,50.526668548583984,53.0966682434082,4422600
2018-10-30,49.929161071777344,53.63999938964844,53.69333267211914,51.349998474121094,51.349998474121094,2495700
2018-10-31,50.56211853027344,54.31999969482422,54.7400016784668,53.84000015258789,54.473331451416016,3495900
2018-11-01,52.93571472167969,56.869998931884766,57.0,54.66999816894531,54.709999084472656,3511500
2018-11-02,52.1383056640625,56.01333236694336,56.92333221435547,55.31999969482422,56.619998931884766,3240000
2018-11-05,51.66358947753906,55.503334045410156,55.93333435058594,54.56999969482422,55.926666259765625,2405100
2018-11-06,52.26552200317383,56.150001525878906,56.366668701171875,55.383331298828125,55.383331298828125,1184400
2018-11-07,52.85813903808594,56.78666687011719,56.973331451416016,56.16666793823242,56.88999938964844,1827900
2018-11-08,52.71541213989258,56.633331298828125,57.003334045410156,56.08333206176758,56.34000015258789,1706100
2018-11-09,51.710121154785156,55.5533332824707,56.043331146240234,55.06999969482422,55.9900016784668,1690200
2018-11-12,49.401695251464844,53.073333740234375,54.71666717529297,52.9033317565918,54.606666564941406,2249100
2018-11-13,50.08119583129883,53.8033332824707,54.87333297729492,53.51333236694336,53.51333236694336,2411100
2018-11-14,50.30149841308594,54.040000915527344,54.81999969482422,53.52333450317383,54.30666732788086,3722100
2018-11-15,52.00178909301758,55.866668701171875,56.063331604003906,53.74333190917969,53.75666809082031,4985100
2018-11-16,51.375030517578125,55.19333267211914,55.44333267211914,53.83333206176758,53.84000015258789,4494300
2018-11-19,49.41099166870117,53.08333206176758,55.08000183105469,53.029998779296875,54.91999816894531,2579100
2018-11-20,49.47306442260742,53.150001525878906,53.836666107177734,51.50666809082031,51.56666564941406,3124200
2018-11-21,49.67784118652344,53.369998931884766,54.15666580200195,53.349998474121094,53.74333190917969,2259900
2018-11-23,49.70576477050781,53.400001525878906,53.81666564941406,52.93000030517578,52.96333312988281,1488000
2018-11-26,50.60556411743164,54.366668701171875,54.369998931884766,53.586666107177734,54.11333465576172,1907400
2018-11-27,50.68002700805664,54.4466667175293,54.90666580200195,53.8033332824707,54.073333740234375,2013000
2018-11-28,51.86525344848633,55.720001220703125,55.74333190917969,53.97999954223633,55.06666564941406,1681200
2018-11-29,51.486732482910156,55.313331604003906,55.8466682434082,55.17333221435547,55.58333206176758,2874300
2018-11-30,52.203460693359375,56.08333206176758,56.09000015258789,54.75666809082031,55.276668548583984,1842600
2018-12-03,53.574886322021484,57.55666732788086,57.983333587646484,56.99333190917969,57.77333450317383,2338500
2018-12-04,51.01200485229492,54.8033332824707,57.233333587646484,54.72999954223633,57.099998474121094,2076900
2018-12-06,50.75138854980469,54.52333450317383,54.52333450317383,52.996665954589844,53.27000045776367,5354400
2018-12-07,48.858734130859375,52.4900016784668,54.52333450317383,52.19333267211914,54.439998626708984,1956000
2018-12-10,49.48546600341797,53.163333892822266,53.40666580200195,52.17333221435547,52.30666732788086,1613100
2018-12-11,49.80195236206055,53.503334045410156,54.75666809082031,53.20000076293945,54.11333465576172,2491500
2018-12-12,50.509368896484375,54.26333236694336,55.0966682434082,53.936668395996094,54.37666702270508,1403700
2018-12-13,50.40387725830078,54.150001525878906,54.936668395996094,53.91666793823242,54.67333221435547,1341000
2018-12-14,49.69024658203125,53.383331298828125,54.436668395996094,53.336666107177734,53.52333450317383,1363500
2018-12-17,49.046329498291016,52.58000183105469,53.973331451416016,52.246665954589844,53.19333267211914,1176300
2018-12-18,49.69303894042969,53.27333450317383,54.099998474121094,53.01333236694336,53.02333450317383,2520300
2018-12-19,47.5787239074707,51.00666809082031,53.58000183105469,50.78666687011719,52.97666549682617,3022800
2018-12-20,47.24911880493164,50.6533317565918,51.810001373291016,49.97666549682617,50.983333587646484,3256500
2018-12-21,46.446922302246094,49.793331146240234,51.55666732788086,49.65666580200195,50.97666549682617,2780100
2018-12-24,45.085044860839844,48.33333206176758,49.913333892822266,48.33333206176758,49.36000061035156,2641800
2018-12-26,47.79015350341797,51.233333587646484,51.233333587646484,48.26333236694336,49.133331298828125,4233900
2018-12-27,48.10419464111328,51.56999969482422,51.57666778564453,49.84000015258789,50.4466667175293,2700600
2018-12-28,48.44932556152344,51.939998626708984,52.880001068115234,51.526668548583984,51.82666778564453,1011000
2018-12-31,48.78822708129883,52.3033332824707,52.709999084472656,51.7599983215332,52.47999954223633,2207700
2019-01-02,49.102291107177734,52.63999938964844,53.11000061035156,51.18000030517578,51.233333587646484,2292000
2019-01-03,46.23859786987305,49.56999969482422,51.76333236694336,49.54666519165039,51.439998626708984,3070200
2019-01-04,48.324947357177734,51.80666732788086,51.98666763305664,50.31666564941406,50.496665954589844,2537400
2019-01-07,49.217315673828125,52.76333236694336,53.27000045776367,51.74333190917969,51.959999084472656,1679700
2019-01-08,49.002769470214844,52.53333282470703,53.33333206176758,51.86000061035156,53.33333206176758,1529700
2019-01-09,50.26205825805664,53.883331298828125,54.11000061035156,53.0099983215332,53.0099983215332,2304600
2019-01-10,50.70668411254883,54.36000061035156,54.45000076293945,53.313331604003906,53.349998474121094,1256700
2019-01-11,51.25082015991211,54.94333267211914,55.393333435058594,53.9466667175293,54.12333297729492,1290300
2019-01-14,50.417510986328125,54.04999923706055,54.41666793823242,53.77333450317383,54.323333740234375,853500
2019-01-15,50.56365966796875,54.206668853759766,54.790000915527344,53.983333587646484,54.19333267211914,882000
2019-01-16,50.100364685058594,53.709999084472656,54.62666702270508,53.709999084472656,54.3033332824707,856800
2019-01-17,50.56365966796875,54.206668853759766,54.62666702270508,53.040000915527344,53.336666107177734,3133500
2019-01-18,51.87889099121094,55.616668701171875,55.95000076293945,54.606666564941406,54.776668548583984,1574400
2019-01-22,50.38642120361328,54.016666412353516,55.08000183105469,53.616668701171875,55.08000183105469,2130600
2019-01-23,50.03196334838867,53.63666534423828,54.53666687011719,53.163333892822266,54.31666564941406,2110500
2019-01-24,52.93917465209961,56.753334045410156,56.95000076293945,54.836666107177734,54.856666564941406,5947200
2019-01-25,54.03675842285156,57.93000030517578,58.16999816894531,56.58000183105469,56.97999954223633,3126600
2019-01-28,52.97026824951172,56.78666687011719,57.24333190917969,55.643333435058594,55.823333740234375,2450400
2019-01-29,52.20537567138672,55.96666717529297,56.973331451416016,55.869998931884766,56.790000915527344,4396500
2019-01-30,53.71961975097656,57.59000015258789,57.793331146240234,56.31999969482422,56.96666717529297,3142800
2019-01-31,53.694725036621094,57.563331604003906,58.08000183105469,57.03333282470703,57.473331451416016,1481700
2019-02-01,54.338375091552734,58.253334045410156,58.53333282470703,57.60333251953125,57.630001068115234,1515000
2019-02-04,54.61198043823242,58.54666519165039,58.5533332824707,57.79999923706055,58.220001220703125,627600
2019-02-05,54.86072540283203,58.813331604003906,59.0966682434082,58.393333435058594,58.496665954589844,1295400
2019-02-06,56.33765411376953,60.39666748046875,60.87666702270508,59.540000915527344,59.540000915527344,2575800
2019-02-07,55.115692138671875,59.086666107177734,59.93000030517578,58.56666564941406,59.65666580200195,3459900
2019-02-08,55.019309997558594,58.983333587646484,59.106666564941406,57.95333480834961,58.27333450317383,1882800
2019-02-11,55.28981018066406,59.27333450317383,59.426666259765625,58.8033332824707,59.119998931884766,741600
2019-02-12,56.458919525146484,60.526668548583984,60.676666259765625,59.91666793823242,60.003334045410156,2019900
2019-02-13,56.63925552368164,60.720001220703125,61.189998626708984,60.540000915527344,60.82666778564453,906600
2019-02-14,56.79160690307617,60.883331298828125,61.33333206176758,60.4466667175293,60.51333236694336,1004700
2019-02-15,57.08388900756836,61.1966667175293,61.53333282470703,60.866668701171875,61.366668701171875,742500
2019-02-19,57.00614547729492,61.11333465576172,61.50666809082031,60.84333419799805,60.91666793823242,1182900
2019-02-20,57.491207122802734,61.633331298828125,62.02000045776367,61.2599983215332,61.2599983215332,1036800
2019-02-21,57.06523513793945,61.176666259765625,61.776668548583984,61.0,61.63999938964844,1152900
2019-02-22,57.677764892578125,61.83333206176758,61.92333221435547,61.41666793823242,61.65666580200195,880800
2019-02-25,58.15348434448242,62.34333419799805,63.07666778564453,62.29999923706055,62.76333236694336,2355600
2019-02-26,57.78969955444336,61.95333480834961,62.41999816894531,61.7599983215332,62.17333221435547,865200
2019-02-27,57.0963134765625,61.209999084472656,61.70333480834961,60.543331146240234,61.70333480834961,2977800
2019-02-28,57.13052749633789,61.246665954589844,61.42333221435547,60.75,60.95000076293945,1236000
2019-03-01,57.63733673095703,61.790000915527344,62.09000015258789,61.150001525878906,61.83000183105469,1433400
2019-03-04,57.6435661315918,61.79666519165039,62.43333435058594,61.029998779296875,62.21666717529297,1755600
2019-03-05,57.42280197143555,61.560001373291016,61.90999984741211,61.276668548583984,61.630001068115234,1330500
2019-03-06,56.474464416503906,60.543331146240234,61.53666687011719,60.5,61.38999938964844,1412400
2019-03-07,55.86503601074219,59.88999938964844,60.3033332824707,59.483333587646484,60.3033332824707,2994000
2019-03-08,55.81529235839844,59.836666107177734,59.88666534423828,58.63666534423828,58.85333251953125,1491000
2019-03-11,57.11498260498047,61.22999954223633,61.52333450317383,60.06666564941406,60.13666534423828,1993800
2019-03-12,57.32951736450195,61.459999084472656,61.81999969482422,60.926666259765625,61.45333480834961,1968300
2019-03-13,57.55961608886719,61.706668853759766,62.22999954223633,61.65666580200195,61.883331298828125,1230000
2019-03-14,57.245574951171875,61.369998931884766,62.029998779296875,61.366668701171875,61.7400016784668,1775700
2019-03-15,58.90594482421875,63.150001525878906,63.643333435058594,62.09333419799805,62.11000061035156,3952800
2019-03-18,58.81576919555664,63.0533332824707,63.61333465576172,62.64666748046875,63.293331146240234,2697000
2019-03-19,59.57756423950195,63.869998931884766,64.0633316040039,63.47666549682617,63.483333587646484,1991400
2019-03-20,59.01947021484375,63.099998474121094,64.0633316040039,62.71333312988281,63.733333587646484,2508600
2019-03-21,61.05850601196289,65.27999877929688,65.71333312988281,63.15999984741211,63.15999984741211,2802300
2019-03-22,59.33749008178711,63.439998626708984,65.0999984741211,63.38666534423828,65.00666809082031,4417200
2019-03-25,58.595455169677734,62.64666748046875,63.57666778564453,62.12333297729492,62.9900016784668,2944800
2019-03-26,59.15665817260742,63.246665954589844,63.813331604003906,62.77333450317383,63.526668548583984,3840900
2019-03-27,58.32733917236328,62.36000061035156,63.529998779296875,61.880001068115234,63.31999969482422,3970800
2019-03-28,58.230682373046875,62.25666809082031,63.02333450317383,61.81666564941406,62.46333312988281,1386600
2019-03-29,59.09429931640625,63.18000030517578,63.33000183105469,62.81999969482422,62.996665954589844,1725900
2019-04-01,60.569000244140625,64.75666809082031,64.83333587646484,63.883331298828125,64.11000061035156,1964400
2019-04-02,60.659420013427734,64.85333251953125,65.00666809082031,64.46666717529297,64.79000091552734,1459500
2019-04-03,62.00005340576172,66.28666687011719,66.88333129882812,65.62000274658203,65.63666534423828,3218100
2019-04-04,62.134124755859375,66.43000030517578,66.84333038330078,66.06999969482422,66.20333099365234,1617300
2019-04-05,62.58308792114258,66.91000366210938,66.94000244140625,66.43000030517578,66.82666778564453,1223700
2019-04-08,62.7296257019043,67.06666564941406,67.13999938964844,66.47666931152344,66.62000274658203,1380300
2019-04-09,62.0780143737793,66.37000274658203,66.68333435058594,66.02333068847656,66.68333435058594,1483500
2019-04-10,62.55814743041992,66.88333129882812,67.09666442871094,66.23666381835938,66.2933349609375,1267500
2019-04-11,62.50513458251953,66.82666778564453,67.3133316040039,66.65666961669922,67.0566635131836,935400
2019-04-12,63.37187576293945,67.75333404541016,67.80000305175781,67.23999786376953,67.44667053222656,1030500
2019-04-15,62.901126861572266,67.25,67.86333465576172,66.8933334350586,67.86333465576172,1770000
2019-04-16,64.9151840209961,69.40333557128906,69.46333312988281,67.67666625976562,67.67666625976562,3216900
2019-04-17,65.99083709716797,70.55332946777344,71.40666961669922,70.0,70.82666778564453,3275700
2019-04-18,66.0001449584961,70.5633316040039,70.76333618164062,70.22666931152344,70.66666412353516,1083900
2019-04-22,65.95028686523438,70.51000213623047,70.71333312988281,69.91666412353516,70.34333038330078,912300
2019-04-23,66.62993621826172,71.23666381835938,71.5,70.73666381835938,70.90333557128906,2014800
2019-04-24,67.24729919433594,71.89666748046875,72.66666412353516,71.25333404541016,71.28333282470703,2025900
2019-04-25,66.06562042236328,70.63333129882812,71.76000213623047,70.0433349609375,71.65666961669922,2073300
2019-04-26,65.52005767822266,70.05000305175781,70.08333587646484,68.6066665649414,69.29000091552734,3381000
2019-04-29,65.44207763671875,69.96666717529297,70.22666931152344,69.63333129882812,70.08333587646484,2680200
2019-04-30,65.95964050292969,70.5199966430664,70.63999938964844,69.8066635131836,69.8066635131836,3088800
2019-05-01,65.43273162841797,69.9566650390625,71.52666473388672,69.87999725341797,71.10333251953125,4019100
2019-05-02,66.06253814697266,70.62999725341797,71.40666961669922,69.75333404541016,69.91666412353516,3420000
2019-05-03,66.58009338378906,71.18333435058594,71.19999694824219,70.33000183105469,71.0566635131836,2269800
2019-05-06,65.4950942993164,70.02333068847656,70.04666900634766,68.55332946777344,68.70333099365234,2262900
2019-05-07,63.883201599121094,68.30000305175781,69.25666809082031,67.52333068847656,69.09666442871094,3237000
2019-05-08,63.337589263916016,67.71666717529297,68.77999877929688,67.586669921875,67.73666381835938,3103200
2019-05-09,62.63921356201172,66.97000122070312,67.2699966430664,65.44999694824219,66.66666412353516,2978700
2019-05-10,62.7296257019043,67.06666564941406,67.43333435058594,65.44999694824219,66.3566665649414,3901200
2019-05-13,59.79580307006836,63.93000030517578,65.2300033569336,63.630001068115234,64.83333587646484,4856400
2019-05-14,61.17387008666992,65.40333557128906,65.74666595458984,64.41999816894531,64.7300033569336,2954100
2019-05-15,61.644630432128906,65.90666961669922,66.3566665649414,64.663330078125,64.72666931152344,5173800
2019-05-16,60.67189407348633,64.86666870117188,65.5633316040039,64.4566650390625,64.98666381835938,6997800
2019-05-17,59.49025344848633,63.60333251953125,65.11333465576172,63.32666778564453,63.82666778564453,5014200
2019-05-20,57.11762619018555,61.06666564941406,62.03666687011719,60.633331298828125,61.53333282470703,4640700
2019-05-21,58.28678894042969,62.31666564941406,62.64666748046875,61.79999923706055,62.293331146240234,5167500
2019-05-22,57.05527877807617,61.0,61.630001068115234,60.813331604003906,61.12333297729492,3254100
2019-05-23,56.166717529296875,60.04999923706055,60.08333206176758,59.06666564941406,59.93000030517578,3725400
2019-05-24,55.67723083496094,59.526668548583984,60.793331146240234,59.473331451416016,60.34333419799805,2273100
2019-05-28,55.2002067565918,59.016666412353516,60.073333740234375,58.883331298828125,59.866668701171875,2389200
2019-05-29,55.39973068237305,59.22999954223633,59.51333236694336,58.356666564941406,58.526668548583984,4244400
2019-05-30,55.867401123046875,59.72999954223633,60.209999084472656,59.246665954589844,59.380001068115234,2000100
2019-05-31,55.03496170043945,58.84000015258789,59.80666732788086,58.79999923706055,58.983333587646484,3330600
2019-06-03,55.16590881347656,58.97999954223633,60.13999938964844,58.676666259765625,59.50666809082031,2988000
2019-06-04,57.579071044921875,61.560001373291016,61.560001373291016,59.586666107177734,60.099998474121094,3156600
2019-06-05,57.164390563964844,61.116668701171875,62.23666763305664,60.31999969482422,62.08000183105469,3273600
2019-06-06,57.95631790161133,61.96333312988281,62.176666259765625,60.98666763305664,61.206668853759766,957000
2019-06-07,58.61104202270508,62.663333892822266,62.793331146240234,62.02000045776367,62.22999954223633,1468500
2019-06-10,60.03898239135742,64.19000244140625,64.97333526611328,63.436668395996094,63.436668395996094,3907800
2019-06-11,60.27907180786133,64.44667053222656,65.51000213623047,63.956668853759766,65.37999725341797,3400500
2019-06-12,58.87917709350586,62.95000076293945,63.84333419799805,62.86333465576172,63.7599983215332,1450500
2019-06-13,59.16289138793945,63.253334045410156,63.53333282470703,62.823333740234375,63.4033317565918,1143000
2019-06-14,57.6725959777832,61.65999984741211,61.93000030517578,61.2400016784668,61.4033317565918,2081700
2019-06-17,57.245906829833984,60.95333480834961,61.619998931884766,60.93333435058594,61.39666748046875,1074600
2019-06-18,59.72218704223633,63.59000015258789,64.03333282470703,61.60333251953125,61.60333251953125,2850000
2019-06-19,59.84115219116211,63.71666717529297,64.12666320800781,63.3466682434082,64.02666473388672,1431300
2019-06-20,60.34518051147461,64.25333404541016,65.23332977294922,63.956668853759766,64.9366683959961,3371400
2019-06-21,60.00080871582031,63.88666534423828,64.51667022705078,63.766666412353516,64.02999877929688,1333200
2019-06-24,60.06343078613281,63.95333480834961,64.25666809082031,63.79666519165039,63.96666717529297,2115900
2019-06-25,59.23381042480469,63.06999969482422,64.33999633789062,63.00666809082031,64.1066665649414,1416600
2019-06-26,61.1466064453125,65.1066665649414,65.45333099365234,64.36666870117188,64.4800033569336,1755300
2019-06-27,62.03569412231445,66.05332946777344,66.38333129882812,65.43333435058594,65.43333435058594,1559700
2019-06-28,62.11396408081055,66.13666534423828,66.71666717529297,65.98999786376953,66.586669921875,2529900
2019-07-01,63.67924880981445,67.80332946777344,69.58999633789062,67.34666442871094,69.01667022705078,4752000
2019-07-02,62.88408279418945,66.9566650390625,67.66999816894531,66.6500015258789,67.60333251953125,1378800
2019-07-03,62.596073150634766,66.6500015258789,66.99666595458984,66.14666748046875,66.95333099365234,738000
2019-07-05,62.23920440673828,66.2699966430664,66.31999969482422,65.51667022705078,65.77999877929688,934200
2019-07-08,61.757080078125,65.75666809082031,65.94667053222656,65.34333038330078,65.66666412353516,581400
2019-07-09,62.14213562011719,66.16666412353516,66.27333068847656,65.21333312988281,65.37999725341797,1347300
2019-07-10,62.64303207397461,66.69999694824219,67.63333129882812,66.59333038330078,66.8933334350586,1424100
2019-07-11,62.81831359863281,66.88666534423828,67.13666534423828,66.48666381835938,67.0,2578800
2019-07-12,63.96100616455078,68.10333251953125,68.17333221435547,67.0566635131836,67.0566635131836,1315500
2019-07-15,64.52137756347656,68.69999694824219,68.9566650390625,68.3066635131836,68.41666412353516,684300
2019-07-16,63.835777282714844,67.97000122070312,68.5199966430664,67.6066665649414,68.38333129882812,1124400
2019-07-17,64.02674102783203,68.17333221435547,68.4800033569336,67.93000030517578,68.36333465576172,786900
2019-07-18,64.9533920288086,69.16000366210938,69.31999969482422,68.1500015258789,68.1500015258789,1041600
2019-07-19,64.87826538085938,69.08000183105469,69.71666717529297,69.01000213623047,69.41999816894531,1311900
2019-07-22,66.11798858642578,70.4000015258789,70.5,69.38333129882812,69.38333129882812,2729700
2019-07-23,66.96636962890625,71.30332946777344,71.30332946777344,70.5,70.8066635131836,1297500
2019-07-24,69.00748443603516,73.47666931152344,73.6066665649414,71.79666900634766,71.79666900634766,2436300
2019-07-25,67.84919738769531,72.24333190917969,72.98666381835938,72.02999877929688,72.95333099365234,1846500
2019-07-26,67.83041381835938,72.22333526611328,72.76333618164062,72.16666412353516,72.76333618164062,626400
2019-07-29,68.0151138305664,72.41999816894531,72.48999786376953,71.48999786376953,72.0999984741211,2041800
2019-07-30,67.86174011230469,72.25666809082031,72.40666961669922,71.43333435058594,71.7066650390625,789600
2019-07-31,65.61082458496094,69.86000061035156,71.81999969482422,69.163330078125,71.70999908447266,1374600
2019-08-01,64.31475067138672,68.4800033569336,71.55999755859375,67.88999938964844,69.5633316040039,2578800
2019-08-02,63.3661994934082,67.47000122070312,68.37666320800781,66.87000274658203,67.78666687011719,2328900
2019-08-05,60.63005065917969,64.5566635131836,65.55000305175781,63.970001220703125,65.49333190917969,2511300
2019-08-06,61.40330123901367,65.37999725341797,66.21333312988281,64.65333557128906,65.62999725341797,1479000
2019-08-07,61.79148864746094,65.7933349609375,66.0,64.33999633789062,64.33999633789062,2180400
2019-08-08,63.503944396972656,67.61666870117188,67.63999938964844,65.97000122070312,66.40666961669922,2165400
2019-08-09,62.395713806152344,66.4366683959961,67.17666625976562,65.9800033569336,66.9000015258789,1893600
2019-08-12,61.57862854003906,65.56666564941406,66.33000183105469,65.27666473388672,65.74666595458984,1178100
2019-08-13,63.39750289916992,67.50333404541016,68.08000183105469,65.12999725341797,65.56666564941406,2205000
2019-08-14,61.4471435546875,65.42666625976562,66.4566650390625,65.08999633789062,65.9433364868164,2766300
2019-08-15,61.33444595336914,65.3066635131836,65.96666717529297,64.73999786376953,65.78666687011719,965700
2019-08-16,62.96860122680664,67.04666900634766,67.23332977294922,65.99333190917969,65.99333190917969,1509900
2019-08-19,64.12693786621094,68.27999877929688,68.9000015258789,67.97666931152344,68.65333557128906,4550400
2019-08-20,63.889015197753906,68.02666473388672,68.4433364868164,67.663330078125,68.25666809082031,732600
2019-08-21,64.41181945800781,68.58333587646484,68.93000030517578,68.2933349609375,68.586669921875,700200
2019-08-22,64.41181945800781,68.58333587646484,68.97000122070312,67.87000274658203,68.7300033569336,5985600
2019-08-23,61.6130485534668,65.60333251953125,68.21666717529297,65.41666412353516,67.74333190917969,1682700
2019-08-26,62.135868072509766,66.16000366210938,66.70333099365234,65.90333557128906,66.59666442871094,997800
2019-08-27,61.904205322265625,65.913330078125,66.97000122070312,65.59666442871094,66.63999938964844,1290600
2019-08-28,62.2955436706543,66.33000183105469,66.4800033569336,65.20333099365234,65.66999816894531,726000
2019-08-29,63.79195785522461,67.92333221435547,68.32666778564453,67.35333251953125,67.50333404541016,3748500
2019-08-30,64.09249114990234,68.24333190917969,68.86333465576172,67.9433364868164,68.58333587646484,1014600
2019-09-03,63.0374870300293,67.12000274658203,67.76667022705078,66.73332977294922,67.48999786376953,2833500
2019-09-04,64.73113250732422,68.92333221435547,68.97333526611328,68.14666748046875,68.14666748046875,1387800
2019-09-05,66.7221908569336,71.0433349609375,71.87666320800781,70.21333312988281,70.40666961669922,2037600
2019-09-06,66.9006118774414,71.23332977294922,71.43333435058594,70.76000213623047,71.23332977294922,1273500
2019-09-09,67.14480590820312,71.49333190917969,72.08999633789062,71.22333526611328,71.52333068847656,962400
2019-09-10,67.44532775878906,71.8133316040039,71.8133316040039,70.70999908447266,71.27333068847656,1291800
2019-09-11,68.45652770996094,72.88999938964844,72.93000030517578,71.7699966430664,72.22666931152344,1415400
2019-09-12,68.60990905761719,73.05332946777344,73.7699966430664,72.63333129882812,73.62000274658203,1719900
2019-09-13,68.47218322753906,72.90666961669922,73.26333618164062,72.56999969482422,73.14666748046875,1309500
2019-09-16,68.03076934814453,72.4366683959961,72.73666381835938,71.75333404541016,72.3566665649414,840900
2019-09-17,68.1810302734375,72.59666442871094,72.69000244140625,71.8566665649414,72.3066635131836,667800
2019-09-18,68.30625915527344,72.7300033569336,72.7300033569336,71.66000366210938,72.68000030517578,654900
2019-09-19,67.85855865478516,72.25333404541016,73.05000305175781,72.23666381835938,72.82333374023438,1057500
2019-09-20,66.60948181152344,70.92333221435547,72.45333099365234,70.66666412353516,72.45333099365234,1944900
2019-09-23,67.39527130126953,71.76000213623047,72.10333251953125,70.86000061035156,70.913330078125,2110800
2019-09-24,66.28205871582031,70.26000213623047,71.97000122070312,69.88333129882812,71.72666931152344,1169400
2019-09-25,67.39213562011719,71.4366683959961,71.66666412353516,69.29000091552734,69.89666748046875,1033500
2019-09-26,67.47702026367188,71.52666473388672,71.73666381835938,70.81666564941406,71.43333435058594,1050600
2019-09-27,65.89842987060547,69.85333251953125,71.2933349609375,69.2933349609375,71.14666748046875,2070000
2019-09-30,66.48016357421875,70.47000122070312,70.59666442871094,69.85333251953125,70.163330078125,1079700
2019-10-01,65.85753631591797,69.80999755859375,71.86333465576172,69.62333679199219,70.9566650390625,1820400
2019-10-02,64.89529418945312,68.79000091552734,69.45333099365234,68.336669921875,69.42666625976562,1328700
2019-10-03,66.03678131103516,70.0,70.01667022705078,67.97666931152344,68.86000061035156,1603500
2019-10-04,67.13423919677734,71.163330078125,71.2699966430664,70.2066650390625,70.3566665649414,1213200
2019-10-07,66.74118041992188,70.74666595458984,71.4433364868164,70.70999908447266,71.11666870117188,1224600
2019-10-08,64.67515563964844,68.5566635131836,70.02666473388672,68.47666931152344,69.836669921875,2052000
2019-10-09,65.73175811767578,69.67666625976562,70.1500015258789,69.30000305175781,69.4366683959961,1358400
2019-10-10,66.3732681274414,70.3566665649414,71.12000274658203,69.75,69.75,1116300
2019-10-11,67.93927001953125,72.01667022705078,72.84666442871094,71.6433334350586,71.66666412353516,1947300
2019-10-14,67.92985534667969,72.00666809082031,72.12333679199219,71.6066665649414,71.96666717529297,1111200
2019-10-15,69.42354583740234,73.58999633789062,73.73666381835938,72.33000183105469,72.45333099365234,1204800
2019-10-16,68.43927001953125,72.54666900634766,73.51333618164062,72.336669921875,73.17333221435547,1761600
2019-10-17,68.55562591552734,72.66999816894531,73.56666564941406,72.26667022705078,73.37666320800781,1289700
2019-10-18,67.82923126220703,71.9000015258789,72.7699966430664,71.26000213623047,72.54000091552734,807600
2019-10-21,69.16566467285156,73.31666564941406,73.32333374023438,72.41999816894531,72.5999984741211,1299900
2019-10-22,68.56189727783203,72.67666625976562,73.57333374023438,72.67666625976562,73.53333282470703,1130400
2019-10-23,67.24117279052734,71.27666473388672,71.96333312988281,70.83999633789062,71.33999633789062,1599300
2019-10-24,68.9046630859375,73.04000091552734,73.11000061035156,72.1500015258789,72.23666381835938,1912200
2019-10-25,70.34490966796875,74.56666564941406,74.63999938964844,73.24333190917969,73.28333282470703,1859700
2019-10-28,71.62477111816406,75.92333221435547,75.98332977294922,75.01333618164062,75.12333679199219,1158600
2019-10-29,70.88262939453125,75.13666534423828,76.50333404541016,75.13666534423828,75.98999786376953,1158300
2019-10-30,70.90777587890625,75.163330078125,75.72666931152344,74.66666412353516,75.70999908447266,1061400
2019-10-31,70.54930114746094,74.78333282470703,75.03666687011719,73.80999755859375,75.03666687011719,862800
2019-11-01,72.16876220703125,76.5,76.5,75.13999938964844,75.48999786376953,1989600
2019-11-04,73.7756576538086,78.20333099365234,78.28333282470703,77.44999694824219,77.47000122070312,1991100
2019-11-05,73.81656646728516,78.24666595458984,78.87999725341797,78.02333068847656,78.44000244140625,1091700
2019-11-06,73.32284545898438,77.72333526611328,78.12000274658203,76.93333435058594,78.09666442871094,1633800
2019-11-07,73.7662353515625,78.1933364868164,79.05000305175781,77.87000274658203,78.88333129882812,1491600
2019-11-08,74.13729858398438,78.586669921875,78.63666534423828,77.43333435058594,77.8933334350586,1048500
2019-11-11,73.83226776123047,78.26333618164062,78.38333129882812,77.62666320800781,77.92333221435547,836400
2019-11-12,73.98322296142578,78.42333221435547,79.02999877929688,78.11666870117188,78.45999908447266,1444200
2019-11-13,74.06182861328125,78.50666809082031,78.69667053222656,77.61333465576172,77.99333190917969,929700
2019-11-14,73.81656646728516,78.24666595458984,78.31666564941406,77.6500015258789,78.08999633789062,973800
2019-11-15,74.4926528930664,78.96333312988281,79.62999725341797,78.59666442871094,79.28333282470703,977400
2019-11-18,74.32283020019531,78.78333282470703,79.26667022705078,78.39666748046875,78.9566650390625,777000
2019-11-19,73.9517593383789,78.38999938964844,79.26667022705078,77.9566650390625,79.1500015258789,731700
2019-11-20,73.08070373535156,77.46666717529297,78.413330078125,76.87333679199219,78.02333068847656,1412700
2019-11-21,72.30083465576172,76.63999938964844,77.31999969482422,76.30332946777344,76.92666625976562,2084400
2019-11-22,72.2253646850586,76.55999755859375,77.28333282470703,76.37999725341797,76.86000061035156,1028400
2019-11-25,73.95805358886719,78.39666748046875,78.47333526611328,77.29000091552734,77.29000091552734,1229100
2019-11-26,73.68132781982422,78.10333251953125,78.38666534423828,77.74666595458984,78.26667022705078,2139600
2019-11-27,74.2127914428711,78.66666412353516,78.67666625976562,78.31666564941406,78.41999816894531,775200
2019-11-29,73.41718292236328,77.82333374023438,78.40333557128906,77.72333526611328,78.40333557128906,615000
2019-12-02,72.28828430175781,76.62666320800781,77.98332977294922,76.46333312988281,77.90333557128906,1428900
2019-12-03,71.16878509521484,75.44000244140625,75.51667022705078,74.61666870117188,74.9800033569336,1932300
2019-12-04,72.29457092285156,76.63333129882812,76.96666717529297,76.41000366210938,76.4800033569336,1081500
2019-12-05,72.65619659423828,77.01667022705078,77.33333587646484,76.68000030517578,77.163330078125,1404600
2019-12-06,73.70647430419922,78.12999725341797,78.3566665649414,77.83000183105469,77.97000122070312,1002300
2019-12-09,73.3699951171875,77.77333068847656,78.38333129882812,77.76333618164062,78.3133316040039,492900
2019-12-10,73.68132781982422,78.10333251953125,78.61333465576172,77.80999755859375,78.18333435058594,522600
2019-12-11,75.19075775146484,79.70333099365234,79.82333374023438,78.25333404541016,78.3066635131836,1458900
2019-12-12,77.22846984863281,81.86333465576172,82.00333404541016,79.58333587646484,79.58333587646484,2190300
2019-12-13,76.88883209228516,81.50333404541016,82.75,81.13333129882812,81.90666961669922,1735800
2019-12-16,77.62476348876953,81.99333190917969,82.70333099365234,81.93000030517578,82.11000061035156,2099100
2019-12-17,77.97504425048828,82.36333465576172,82.52333068847656,81.93333435058594,82.4433364868164,974100
2019-12-18,77.93400573730469,82.31999969482422,82.52666473388672,82.0199966430664,82.52666473388672,963900
2019-12-19,78.56201171875,82.98332977294922,82.98332977294922,82.25333404541016,82.6500015258789,1063500
2019-12-20,79.30989074707031,83.77333068847656,83.97000122070312,83.16999816894531,83.55999755859375,1035600
2019-12-23,79.5623779296875,84.04000091552734,84.47333526611328,83.93333435058594,84.43000030517578,1356300
2019-12-24,79.6917495727539,84.17666625976562,84.24666595458984,83.75,84.22666931152344,504300
2019-12-26,79.78325653076172,84.27333068847656,84.53333282470703,83.95999908447266,84.53333282470703,654000
2019-12-27,79.62549591064453,84.1066665649414,84.62000274658203,83.82333374023438,84.62000274658203,1104000
2019-12-30,79.02587890625,83.47333526611328,84.086669921875,82.9000015258789,84.086669921875,1118700
2019-12-31,79.24049377441406,83.69999694824219,83.74333190917969,83.0,83.04000091552734,604500
2020-01-02,80.87832641601562,85.43000030517578,85.43000030517578,84.33333587646484,84.75333404541016,1275300
2020-01-03,79.36986541748047,83.836669921875,84.56999969482422,83.65333557128906,84.11333465576172,1235100
2020-01-06,78.54306030273438,82.96333312988281,83.2300033569336,82.41999816894531,82.78333282470703,1615200
2020-01-07,79.98839569091797,84.48999786376953,84.82333374023438,83.5,83.99666595458984,1146600
2020-01-08,79.91581726074219,84.413330078125,84.98332977294922,84.05332946777344,84.65666961669922,1297800
2020-01-09,80.42074584960938,84.94667053222656,85.586669921875,84.14666748046875,85.586669921875,639600
2020-01-10,79.95367431640625,84.45333099365234,85.48666381835938,84.2066650390625,85.48666381835938,1952100
2020-01-13,80.88778686523438,85.44000244140625,85.55999755859375,84.78333282470703,85.0433349609375,950100
2020-01-14,81.06449127197266,85.62666320800781,86.34666442871094,85.18000030517578,85.66666412353516,896400
2020-01-15,80.20614624023438,84.72000122070312,85.78666687011719,84.37000274658203,85.74666595458984,1516500
2020-01-16,81.47473907470703,86.05999755859375,86.09333038330078,85.3133316040039,85.37333679199219,1708500
2020-01-17,82.08698272705078,86.7066650390625,86.7066650390625,86.02666473388672,86.58333587646484,1016700
2020-01-21,82.03962707519531,86.65666961669922,86.9566650390625,86.2933349609375,86.36666870117188,1653300
2020-01-22,82.59187316894531,87.23999786376953,88.20999908447266,87.04000091552734,87.2933349609375,1251300
2020-01-23,83.21670532226562,87.9000015258789,87.9800033569336,86.77666473388672,87.57333374023438,1077300
2020-01-24,82.33312225341797,86.96666717529297,89.30999755859375,86.36000061035156,89.18333435058594,1626300
2020-01-27,79.18999481201172,83.64666748046875,84.66999816894531,83.47666931152344,84.5,3212100
2020-01-28,81.0266342163086,85.586669921875,85.88666534423828,84.12333679199219,84.59333038330078,2410500
2020-01-29,79.53713989257812,84.01333618164062,85.49666595458984,83.96333312988281,85.28333282470703,1242300
2020-01-30,79.54029846191406,84.01667022705078,84.26333618164062,82.36666870117188,83.55000305175781,1741800
2020-01-31,76.7032699584961,81.0199966430664,83.3133316040039,80.63333129882812,83.24666595458984,2155500
2020-02-03,77.56163787841797,81.92666625976562,82.12666320800781,81.21333312988281,81.26667022705078,1719300
2020-02-04,79.98522186279297,84.48666381835938,84.61333465576172,83.69000244140625,84.11000061035156,2465100
2020-02-05,81.82818603515625,86.43333435058594,86.58000183105469,85.15666961669922,86.09666442871094,2009100
2020-02-06,81.87552642822266,86.48332977294922,86.52666473388672,85.44000244140625,86.40333557128906,1068600
2020-02-07,79.9442138671875,84.4433364868164,85.61666870117188,84.33999633789062,85.46666717529297,1550700
2020-02-10,81.06449127197266,85.62666320800781,85.67333221435547,83.65666961669922,83.65666961669922,1212900
2020-02-11,82.70234680175781,87.3566665649414,87.86333465576172,86.4566650390625,86.4566650390625,1132500
2020-02-12,83.97723388671875,88.70333099365234,88.83333587646484,88.25333404541016,88.33333587646484,1554900
2020-02-13,84.06558990478516,88.79666900634766,89.37333679199219,87.86333465576172,87.97000122070312,1681800
2020-02-14,83.78475189208984,88.5,89.78666687011719,88.0566635131836,89.49333190917969,1366800
2020-02-18,82.70865631103516,87.36333465576172,87.50333404541016,86.69667053222656,87.15666961669922,2409900
2020-02-19,84.79459381103516,89.56666564941406,89.73332977294922,88.47333526611328,88.47333526611328,1575300
2020-02-20,83.5638427734375,88.26667022705078,89.52333068847656,86.96666717529297,89.28666687011719,2301300
2020-02-21,81.08026123046875,85.6433334350586,87.7300033569336,85.30332946777344,87.65333557128906,2479200
2020-02-24,77.19556427001953,81.54000091552734,82.78666687011719,81.0,81.62333679199219,3786600
2020-02-25,74.89505767822266,79.11000061035156,82.75666809082031,78.63666534423828,82.63333129882812,5127600
2020-02-26,74.99603271484375,79.21666717529297,80.9566650390625,78.73332977294922,79.76000213623047,4525200
2020-02-27,71.53417205810547,75.55999755859375,78.4366683959961,75.42333221435547,76.86000061035156,4172100
2020-02-28,73.14675903320312,77.26333618164062,77.7699966430664,72.7066650390625,72.92666625976562,4788900
2020-03-02,75.73763275146484,80.0,80.0,76.10333251953125,78.63333129882812,4137600
2020-03-03,73.07102966308594,77.18333435058594,81.40333557128906,76.66666412353516,80.3566665649414,2729700
2020-03-04,76.80426025390625,81.12666320800781,81.12666320800781,77.7300033569336,78.88666534423828,3355800
2020-03-05,74.4911117553711,78.68333435058594,80.72000122070312,78.02666473388672,79.11666870117188,3548700
2020-03-06,72.86275482177734,76.96333312988281,77.69000244140625,75.11000061035156,76.2933349609375,4851600
2020-03-09,66.63964080810547,70.38999938964844,74.26000213623047,70.0,70.82333374023438,6082500
2020-03-10,71.01348114013672,75.01000213623047,75.07666778564453,70.69999694824219,73.33333587646484,3859500
2020-03-11,67.03409576416016,70.8066635131836,73.6933364868164,70.02999877929688,72.63666534423828,2262900
2020-03-12,59.68438720703125,63.043331146240234,68.55999755859375,62.936668395996094,65.86333465576172,5859900
2020-03-13,66.08739471435547,69.8066635131836,70.05999755859375,63.0533332824707,66.80332946777344,4420200
2020-03-16,56.02376174926758,59.176666259765625,65.62333679199219,58.54999923706055,62.66666793823242,4817100
2020-03-17,60.9530029296875,64.38333129882812,65.0,58.106666564941406,60.753334045410156,4079100
2020-03-18,55.94486618041992,59.09333419799805,62.26333236694336,55.93000030517578,60.10333251953125,4131600
2020-03-19,57.38387680053711,60.61333465576172,62.496665954589844,56.793331146240234,58.0099983215332,2945100
2020-03-20,55.74919509887695,58.88666534423828,63.92333221435547,58.586666107177734,62.81666564941406,2942700
2020-03-23,57.7404670715332,60.9900016784668,61.970001220703125,58.10333251953125,59.53666687011719,2787600
2020-03-24,63.98566436767578,67.586669921875,67.78333282470703,64.62000274658203,64.81666564941406,5754600
2020-03-25,63.15159225463867,66.47666931152344,70.16999816894531,65.51667022705078,67.95333099365234,2496000
2020-03-26,67.39801788330078,70.94667053222656,71.23666381835938,67.60333251953125,68.22000122070312,3301800
2020-03-27,64.05406951904297,67.42666625976562,69.71333312988281,67.19667053222656,68.7066650390625,2500800
2020-03-30,66.28335571289062,69.77333068847656,69.9800033569336,67.63333129882812,68.13333129882812,3341400
2020-03-31,64.98189544677734,68.40333557128906,70.95999908447266,67.8066635131836,69.78333282470703,4342200
2020-04-01,61.425777435302734,64.66000366210938,67.73666381835938,63.973331451416016,66.15333557128906,2938800
2020-04-02,63.2560920715332,66.586669921875,66.74333190917969,63.96666717529297,64.10333251953125,3537900
2020-04-03,62.05910873413086,65.32666778564453,67.32666778564453,64.46666717529297,66.48332977294922,3110400
2020-04-06,68.38915252685547,71.98999786376953,72.31666564941406,68.163330078125,68.163330078125,5011800
2020-04-07,68.14531707763672,71.73332977294922,74.7933349609375,71.6500015258789,74.50666809082031,6696300
2020-04-08,70.42527770996094,74.13333129882812,74.40666961669922,71.91999816894531,72.94000244140625,3915900
2020-04-09,68.9021224975586,72.52999877929688,75.7699966430664,71.81999969482422,75.19000244140625,6792300
2020-04-13,69.68113708496094,73.3499984741211,73.56999969482422,71.66999816894531,72.25333404541016,3968100
2020-04-14,72.89521026611328,76.73332977294922,76.73332977294922,74.94667053222656,75.12666320800781,5871300
2020-04-15,70.72611236572266,74.44999694824219,75.12333679199219,73.75,75.12333679199219,3620400
2020-04-16,72.7115707397461,76.54000091552734,76.70333099365234,74.7933349609375,75.80000305175781,3338100
2020-04-17,73.27523040771484,77.13333129882812,78.0433349609375,76.18333435058594,77.88666534423828,2772600
2020-04-20,71.68241119384766,75.4566650390625,77.10333251953125,75.3566665649414,75.97333526611328,2713200
2020-04-21,68.17064666748047,71.76000213623047,74.663330078125,71.52666473388672,74.27999877929688,3653100
2020-04-22,72.29673767089844,76.10333251953125,76.46333312988281,73.72333526611328,74.0999984741211,3341100
2020-04-23,71.57475280761719,75.34333038330078,76.88999938964844,75.07666778564453,76.1066665649414,2933100
2020-04-24,73.06307220458984,76.91000366210938,77.08000183105469,74.663330078125,75.2933349609375,2887200
2020-04-27,74.0383529663086,77.9366683959961,78.71333312988281,77.57666778564453,77.90333557128906,3212400
2020-04-28,73.65521240234375,77.53333282470703,79.78666687011719,77.44667053222656,79.38999938964844,4094100
2020-04-29,77.151123046875,81.21333312988281,81.5433349609375,78.76333618164062,78.91000366210938,3975900
2020-04-30,74.42787170410156,78.34666442871094,80.97000122070312,78.21333312988281,80.87000274658203,5172300
2020-05-01,70.79891204833984,74.52666473388672,76.70333099365234,74.16666412353516,76.28666687011719,6033600
2020-05-04,71.38792419433594,75.14666748046875,75.23999786376953,73.52333068847656,73.81666564941406,3381300
2020-05-05,72.58805084228516,76.41000366210938,77.83333587646484,75.95333099365234,76.54666900634766,4506300
2020-05-06,73.47786712646484,77.34666442871094,78.53666687011719,77.12333679199219,77.24333190917969,4407900
2020-05-07,74.13968658447266,78.0433349609375,79.01000213623047,77.65333557128906,78.71333312988281,2825700
2020-05-08,76.32781982421875,80.34666442871094,80.43000030517578,78.63666534423828,78.86000061035156,3885600
2020-05-11,76.25499725341797,80.2699966430664,80.98999786376953,79.44667053222656,79.59333038330078,3498300
2020-05-12,74.2315444946289,78.13999938964844,81.08333587646484,78.07333374023438,80.8133316040039,3764100
2020-05-13,72.80023193359375,76.63333129882812,78.87999725341797,75.47333526611328,78.5199966430664,6889500
2020-05-14,74.7477035522461,78.68333435058594,78.76000213623047,74.70333099365234,75.9800033569336,6521700
2020-05-15,73.2023696899414,77.0566635131836,77.31999969482422,75.58000183105469,76.04666900634766,5657100
2020-05-18,76.5653305053711,80.59666442871094,81.02666473388672,78.88666534423828,78.88666534423828,4940700
2020-05-19,76.31515502929688,80.33333587646484,82.1933364868164,80.30332946777344,80.61333465576172,4308000
2020-05-20,79.12711334228516,83.2933349609375,83.836669921875,81.98666381835938,81.98666381835938,3791100
2020-05-21,77.13529968261719,81.19667053222656,83.38333129882812,81.0633316040039,83.31999969482422,3809700
2020-05-22,77.47730255126953,81.5566635131836,81.6933364868164,80.2699966430664,81.27666473388672,2462400
2020-05-26,78.2911148071289,82.413330078125,84.1433334350586,82.30332946777344,83.73999786376953,4310400
2020-05-27,79.49757385253906,83.68333435058594,83.68333435058594,80.32666778564453,82.66666412353516,5297400
2020-05-28,77.76229858398438,81.8566665649414,84.1866683959961,81.40666961669922,83.06999969482422,4460100
2020-05-29,79.75409698486328,83.95333099365234,84.17666625976562,81.87333679199219,82.12666320800781,6282000
2020-06-01,79.32343292236328,83.5,83.8933334350586,82.75666809082031,83.5199966430664,2780100
2020-06-02,81.03653717041016,85.30332946777344,85.36666870117188,83.3499984741211,83.73999786376953,3159900
2020-06-03,83.37670135498047,87.76667022705078,88.16666412353516,86.54666900634766,86.56999969482422,1781700
2020-06-04,84.13666534423828,88.56666564941406,89.22333526611328,87.15666961669922,87.43333435058594,1948500
2020-06-05,86.19813537597656,90.73666381835938,92.05332946777344,90.25666809082031,90.68333435058594,2878200
2020-06-08,86.02078247070312,90.55000305175781,91.41999816894531,89.65666961669922,91.27666473388672,2531400
2020-06-09,86.0873031616211,90.62000274658203,90.9433364868164,89.23999786376953,89.63666534423828,1958400
2020-06-10,86.39128875732422,90.94000244140625,91.80332946777344,90.56666564941406,91.22333526611328,2579400
2020-06-11,80.90355682373047,85.163330078125,88.92333221435547,85.06999969482422,88.63333129882812,3992100
2020-06-12,82.00553894042969,86.32333374023438,88.0566635131836,84.39666748046875,87.34333038330078,4613400
2020-06-15,83.11087036132812,87.29666900634766,87.43333435058594,83.94667053222656,84.23999786376953,2132400
2020-06-16,84.7325439453125,89.0,90.43333435058594,87.413330078125,89.86333465576172,3384300
2020-06-17,85.39263916015625,89.6933364868164,90.5,89.15666961669922,89.84666442871094,1371300
2020-06-18,85.23394012451172,89.52666473388672,90.00666809082031,89.12999725341797,89.57333374023438,1340400
2020-06-19,84.82139587402344,89.09333038330078,90.93333435058594,88.8499984741211,90.6500015258789,2271300
2020-06-22,85.44656372070312,89.75,89.95999908447266,88.13999938964844,89.0,1286100
2020-06-23,85.751220703125,90.06999969482422,91.00666809082031,89.91000366210938,90.62333679199219,1177800
2020-06-24,83.86933898925781,88.09333038330078,90.05332946777344,87.413330078125,89.58000183105469,1974000
2020-06-25,84.4691390991211,88.72333526611328,88.89666748046875,86.6433334350586,87.98666381835938,1376400
2020-06-26,82.88555908203125,87.05999755859375,88.91999816894531,86.84333038330078,88.83333587646484,1637700
2020-06-29,83.78999328613281,88.01000213623047,88.0433349609375,85.98666381835938,87.08333587646484,2664900
2020-06-30,85.9606704711914,90.29000091552734,90.62666320800781,88.336669921875,88.41000366210938,4086000
2020-07-01,84.8594741821289,89.13333129882812,90.40666961669922,89.05000305175781,90.37333679199219,1909200
2020-07-02,85.897216796875,90.22333526611328,91.0633316040039,89.94999694824219,90.51000213623047,1787400
2020-07-06,88.16626739501953,92.6066665649414,92.95999908447266,91.70999908447266,91.99666595458984,2312700
2020-07-07,87.1253433227539,91.51333618164062,92.9800033569336,91.36666870117188,92.413330078125,1893000
2020-07-08,88.3058853149414,92.75333404541016,92.83333587646484,91.48666381835938,92.20999908447266,1610700
2020-07-09,89.47691345214844,93.98332977294922,94.55332946777344,91.77666473388672,93.19999694824219,2007900
2020-07-10,89.17544555664062,93.66666412353516,94.34666442871094,92.76000213623047,94.23332977294922,966000
2020-07-13,87.70926666259766,92.12666320800781,96.01667022705078,91.94999694824219,94.99333190917969,2951700
2020-07-14,89.15955352783203,93.6500015258789,93.88333129882812,90.28333282470703,91.47666931152344,3124200
2020-07-15,89.00408172607422,93.48666381835938,94.40333557128906,92.05332946777344,94.4000015258789,2247000
2020-07-16,88.67085266113281,93.13666534423828,93.4366683959961,91.99333190917969,92.4000015258789,1344600
2020-07-17,89.11831665039062,93.6066665649414,93.98666381835938,93.1500015258789,93.4433364868164,1340400
2020-07-20,90.87960815429688,95.4566650390625,95.72333526611328,93.14666748046875,93.76333618164062,1783200
2020-07-21,90.4162826538086,94.97000122070312,96.29000091552734,94.58000183105469,96.163330078125,1593900
2020-07-22,90.71460723876953,95.28333282470703,96.00666809082031,94.51000213623047,95.2300033569336,1240500
2020-07-23,89.3277587890625,93.82666778564453,96.07666778564453,93.0,95.33333587646484,2006100
2020-07-24,87.92507934570312,92.35333251953125,93.66999816894531,90.92333221435547,92.16666412353516,2717400
2020-07-27,90.6638412475586,95.2300033569336,95.2699966430664,93.45333099365234,93.5199966430664,2324400
2020-07-28,88.91204071044922,93.38999938964844,94.65666961669922,93.20333099365234,94.53333282470703,1822500
2020-07-29,90.74315643310547,95.3133316040039,95.70333099365234,94.12000274658203,94.22000122070312,1452000
2020-07-30,92.52983093261719,97.19000244140625,97.27999877929688,95.01333618164062,95.03666687011719,2717400
2020-07-31,92.15535736083984,96.79666900634766,97.4800033569336,95.31999969482422,97.43333435058594,1928400
2020-08-03,93.82778930664062,98.55332946777344,98.79000091552734,97.37333679199219,97.38666534423828,1654200
2020-08-04,95.2051010131836,100.0,100.086669921875,98.50333404541016,98.55332946777344,1452900
2020-08-05,95.10670471191406,99.89666748046875,100.33999633789062,99.19999694824219,99.84333038330078,1741500
2020-08-06,95.05594635009766,99.84333038330078,100.00666809082031,98.83000183105469,99.81999969482422,1096200
2020-08-07,93.9991683959961,98.73332977294922,100.0999984741211,97.53333282470703,99.7300033569336,1364700
2020-08-10,93.99601745605469,98.7300033569336,99.1500015258789,97.30000305175781,99.02999877929688,1326900
2020-08-11,93.01539611816406,97.69999694824219,99.63666534423828,97.4000015258789,98.61666870117188,2116500
2020-08-12,96.02069091796875,100.8566665649414,101.12333679199219,98.21333312988281,98.52999877929688,1945800
2020-08-13,95.06546020507812,99.85333251953125,100.95999908447266,99.3566665649414,100.8566665649414,1522200
2020-08-14,95.00833892822266,99.7933349609375,100.95999908447266,99.44000244140625,100.17333221435547,1088700
2020-08-17,96.07781219482422,100.91666412353516,101.3933334350586,100.38666534423828,100.61666870117188,928500
2020-08-18,95.57005310058594,100.38333129882812,101.5633316040039,100.09666442871094,101.48999786376953,1020300
2020-08-19,95.02738189697266,99.8133316040039,100.69000244140625,99.51000213623047,100.50666809082031,1197600
2020-08-20,94.18319702148438,98.92666625976562,99.38333129882812,98.19000244140625,98.66666412353516,1899300
2020-08-21,94.82110595703125,99.59666442871094,99.67333221435547,98.3566665649414,98.73332977294922,1239300
2020-08-24,95.80807495117188,100.63333129882812,100.99333190917969,99.84666442871094,100.75,1043700
2020-08-25,96.7379150390625,101.61000061035156,101.69000244140625,100.62999725341797,100.83333587646484,1089900
2020-08-26,97.04888916015625,101.9366683959961,102.30000305175781,101.41666412353516,101.83999633789062,1019700
2020-08-27,95.94452667236328,100.77666473388672,102.38333129882812,100.13666534423828,102.38333129882812,1660200
2020-08-28,97.71533203125,102.63666534423828,102.67666625976562,100.72333526611328,100.9000015258789,1711200
2020-08-31,97.4963607788086,102.40666961669922,103.26667022705078,101.75,102.56666564941406,1013400
2020-09-01,99.43220520019531,104.44000244140625,104.51000213623047,102.69000244140625,103.22666931152344,1414200
2020-09-02,102.31373596191406,107.46666717529297,108.086669921875,105.07333374023438,106.086669921875,2971800
2020-09-03,96.60779571533203,101.47333526611328,105.97666931152344,100.76667022705078,105.73999786376953,3921000
2020-09-04,95.60494995117188,100.41999816894531,102.1500015258789,96.83999633789062,100.79666900634766,3466800
2020-09-08,91.13667297363281,95.72666931152344,98.58999633789062,95.586669921875,96.8133316040039,3036000
2020-09-09,93.61833190917969,98.33333587646484,99.15333557128906,96.86333465576172,98.15333557128906,1914600
2020-09-10,92.34894561767578,97.0,99.9566650390625,96.43000030517578,99.663330078125,1914000
2020-09-11,92.32355499267578,96.97333526611328,98.6866683959961,95.91666412353516,97.67666625976562,1524300
2020-09-14,94.17054748535156,98.913330078125,99.53333282470703,98.15333557128906,98.91666412353516,1155600
2020-09-15,95.79537200927734,100.62000274658203,101.3133316040039,100.09333038330078,100.26667022705078,1259700
2020-09-16,94.89726257324219,99.67666625976562,101.46333312988281,99.52333068847656,101.34333038330078,1217400
2020-09-17,94.84967041015625,99.62666320800781,99.78666687011719,96.79666900634766,97.13666534423828,1714800
2020-09-18,93.36446380615234,98.06666564941406,100.336669921875,96.79000091552734,100.08333587646484,1210800
2020-09-21,93.1962661743164,97.88999938964844,97.88999938964844,95.3933334350586,96.22000122070312,2331600
2020-09-22,94.15782165527344,98.9000015258789,99.03666687011719,96.80000305175781,98.51667022705078,1096200
2020-09-23,91.98536682128906,96.2699966430664,99.0999984741211,95.913330078125,98.56999969482422,1896000
2020-09-24,92.76250457763672,97.08333587646484,98.43333435058594,95.40333557128906,95.47333526611328,2350500
2020-09-25,94.03649139404297,98.41666412353516,98.72666931152344,95.79666900634766,97.25333404541016,1614300
2020-09-28,96.6258773803711,101.12666320800781,101.22666931152344,99.16666412353516,99.8133316040039,1836000
2020-09-29,96.85201263427734,101.36333465576172,102.3133316040039,101.05999755859375,101.21333312988281,1915500
2020-09-30,97.01764678955078,101.53666687011719,102.53666687011719,100.9433364868164,101.29666900634766,1947600
2020-10-01,99.09423065185547,103.70999908447266,103.90666961669922,102.4433364868164,102.91666412353516,2045400
2020-10-02,96.1226577758789,100.5999984741211,102.69667053222656,100.45999908447266,101.02999877929688,2008500
2020-10-05,99.1260986328125,103.74333190917969,103.836669921875,101.37999725341797,101.51667022705078,1540200
2020-10-06,98.65471649169922,103.25,105.73666381835938,102.82666778564453,103.82666778564453,1888800
2020-10-07,100.54341125488281,105.22666931152344,105.55000305175781,104.70333099365234,104.72000122070312,1249200
2020-10-08,101.78872680664062,106.52999877929688,106.74666595458984,105.8566665649414,106.19000244140625,979800
2020-10-09,103.57868194580078,108.40333557128906,108.7066650390625,107.66000366210938,108.06999969482422,1967400
2020-10-12,105.11703491210938,110.01333618164062,110.57666778564453,109.29000091552734,109.836669921875,1591500
2020-10-13,104.92911529541016,109.81666564941406,110.75333404541016,109.31999969482422,110.19999694824219,2298900
2020-10-14,104.50553131103516,109.37333679199219,110.61000061035156,108.75,110.27333068847656,1562400
2020-10-15,104.2252426147461,109.08000183105469,109.2933349609375,107.11000061035156,107.33333587646484,1207200
2020-10-16,103.72837829589844,108.55999755859375,110.03333282470703,108.47333526611328,109.83333587646484,865800
2020-10-19,103.2060546875,108.01333618164062,110.09666442871094,107.5999984741211,109.44999694824219,1208700
2020-10-20,103.03726196289062,107.836669921875,108.7933349609375,107.58333587646484,108.5,1048800
2020-10-21,102.34611511230469,107.11333465576172,108.30999755859375,107.02666473388672,108.09333038330078,1074300
2020-10-22,102.38751220703125,107.15666961669922,107.71333312988281,105.8566665649414,107.24666595458984,905100
2020-10-23,102.02759552001953,106.77999877929688,106.77999877929688,105.7699966430664,106.74666595458984,786000
2020-10-26,99.8172378540039,104.46666717529297,106.24666595458984,103.10333251953125,105.86666870117188,1671300
2020-10-27,99.42548370361328,104.0566635131836,105.44667053222656,103.69667053222656,105.19000244140625,890100
2020-10-28,96.17046356201172,100.6500015258789,102.41666412353516,100.48332977294922,102.41666412353516,1481100
2020-10-29,98.6101303100586,103.20333099365234,104.27999877929688,100.52666473388672,100.66666412353516,1504500
2020-10-30,97.29472351074219,101.82666778564453,102.77999877929688,100.4800033569336,102.11333465576172,1337100
2020-11-02,97.64188385009766,102.19000244140625,103.25,101.3133316040039,102.77999877929688,1456200
2020-11-03,99.48279571533203,104.11666870117188,105.0,103.06999969482422,103.08999633789062,1385100
2020-11-04,102.96078491210938,107.75666809082031,108.31666564941406,105.06666564941406,106.336669921875,3026700
2020-11-05,107.58538818359375,112.59666442871094,112.87666320800781,110.7699966430664,110.87000274658203,2808600
2020-11-06,109.34031677246094,114.43333435058594,114.8499984741211,111.96666717529297,112.33000183105469,2016000
2020-11-09,108.06631469726562,113.0999984741211,117.92333221435547,113.09333038330078,117.50666809082031,1920900
2020-11-10,104.82400512695312,109.7066650390625,112.56666564941406,109.42333221435547,112.086669921875,1862100
2020-11-11,108.60140991210938,113.66000366210938,113.86000061035156,111.38999938964844,111.4000015258789,1670400
2020-11-12,107.26054382324219,112.25666809082031,114.11000061035156,111.66000366210938,113.83999633789062,1203600
2020-11-13,108.57589721679688,113.63333129882812,114.58000183105469,112.81999969482422,113.59333038330078,1070700
2020-11-16,111.27677154541016,116.45999908447266,116.45999908447266,114.25,114.5633316040039,1456200
2020-11-17,110.35950469970703,115.5,116.08000183105469,114.6433334350586,116.04666900634766,1371600
2020-11-18,109.53778839111328,114.63999938964844,116.5,114.56666564941406,115.70333099365234,1361100
2020-11-19,111.15576934814453,116.33333587646484,116.4433364868164,113.7066650390625,114.2300033569336,1056300
2020-11-20,110.6365966796875,115.79000091552734,117.3566665649414,115.65333557128906,116.37333679199219,1369500
2020-11-23,112.21317291259766,117.44000244140625,117.8499984741211,115.93333435058594,116.3066635131836,1374900
2020-11-24,112.82469177246094,118.08000183105469,118.29000091552734,116.26000213623047,118.28333282470703,1824600
2020-11-25,112.57626342773438,117.81999969482422,118.72666931152344,117.33333587646484,118.25333404541016,974100
2020-11-27,113.9171371459961,119.22333526611328,119.91999816894531,118.56666564941406,118.56666564941406,1713300
2020-11-30,115.23572540283203,120.60333251953125,120.74333190917969,117.913330078125,119.42333221435547,1874100
2020-12-01,117.13714599609375,122.59333038330078,123.37000274658203,121.2699966430664,121.66666412353516,2005200
2020-12-02,117.48111724853516,122.95333099365234,123.55999755859375,122.12666320800781,122.25,2141400
2020-12-03,117.63401794433594,123.11333465576172,124.38999938964844,122.94667053222656,123.66666412353516,1096800
2020-12-04,120.84127044677734,126.47000122070312,126.54666900634766,123.47000122070312,123.66666412353516,1624500
2020-12-07,121.45278930664062,127.11000061035156,127.19999694824219,125.9000015258789,127.1866683959961,1657800
2020-12-08,121.84454345703125,127.5199966430664,128.01666259765625,126.39666748046875,127.0199966430664,1203000
2020-12-09,118.41114807128906,123.92666625976562,127.88333129882812,123.17333221435547,127.03666687011719,1949400
2020-12-10,118.24551391601562,123.75333404541016,124.81666564941406,122.45333099365234,122.86666870117188,1967400
2020-12-11,117.09574127197266,122.55000305175781,123.41000366210938,121.20333099365234,122.87666320800781,1605900
2020-12-14,118.40328979492188,123.66666412353516,124.413330078125,123.16666412353516,123.44000244140625,1313400
2020-12-15,120.0532455444336,125.38999938964844,125.8066635131836,124.51000213623047,125.33333587646484,1102500
2020-12-16,120.12348937988281,125.46333312988281,125.9800033569336,124.47000122070312,125.9800033569336,1342500
2020-12-17,120.34368896484375,125.6933364868164,126.28666687011719,125.1433334350586,126.28666687011719,1240200
2020-12-18,119.62879943847656,124.94667053222656,126.09333038330078,124.29666900634766,125.86000061035156,1160100
2020-12-21,119.09580993652344,124.38999938964844,124.49666595458984,122.32333374023438,123.36666870117188,1799700
2020-12-22,118.92029571533203,124.2066650390625,124.5,123.16999816894531,124.41999816894531,668700
2020-12-23,118.02666473388672,123.27333068847656,124.61666870117188,123.16666412353516,124.413330078125,1257000
2020-12-24,119.07987213134766,124.37333679199219,124.43000030517578,123.5566635131836,123.93000030517578,574200
2020-12-28,118.94900512695312,124.23666381835938,125.9000015258789,124.05332946777344,125.83333587646484,1108500
2020-12-29,118.64263916015625,123.91666412353516,124.87666320800781,122.5433349609375,124.87666320800781,1334700
2020-12-30,120.63092041015625,125.99333190917969,126.20333099365234,124.48666381835938,124.60333251953125,1159800
2020-12-31,121.01390838623047,126.3933334350586,126.58999633789062,125.2066650390625,126.12333679199219,1193100
2021-01-04,120.50646209716797,125.86333465576172,129.92666625976562,124.95333099365234,127.21333312988281,2487600
2021-01-05,122.97026824951172,128.43666076660156,128.43666076660156,125.66666412353516,125.76333618164062,1670700
2021-01-06,122.57133483886719,128.02000427246094,130.5366668701172,126.8566665649414,127.03333282470703,3215100
2021-01-07,127.19574737548828,132.85000610351562,133.17666625976562,129.89332580566406,129.89332580566406,1809000
2021-01-08,127.26277923583984,132.9199981689453,135.3699951171875,131.36000061035156,134.75332641601562,2119800
2021-01-11,128.55210876464844,134.26666259765625,135.3300018310547,131.6666717529297,131.76666259765625,1627500
2021-01-12,129.33082580566406,135.0800018310547,136.3866729736328,133.90333557128906,135.1300048828125,4503900
2021-01-13,129.54147338867188,135.3000030517578,136.6266632080078,134.77000427246094,136.3300018310547,1200000
2021-01-14,132.2861328125,138.1666717529297,139.75332641601562,136.97999572753906,136.97999572753906,1748400
2021-01-15,129.59573364257812,135.35667419433594,138.1666717529297,134.5800018310547,138.01333618164062,2403900
2021-01-19,134.0414276123047,140.0,140.0933380126953,137.25999450683594,137.5833282470703,2517000
2021-01-20,133.56268310546875,139.5,141.99667358398438,139.17333984375,141.52000427246094,1851000
2021-01-21,135.49356079101562,141.51666259765625,142.0833282470703,139.3733367919922,140.82333374023438,2540400
2021-01-22,133.19570922851562,139.11666870117188,140.97332763671875,139.0433349609375,140.36666870117188,1668300
2021-01-25,133.3871612548828,139.31666564941406,140.63999938964844,136.63333129882812,140.27999877929688,1683300
2021-01-26,131.22019958496094,137.05332946777344,139.39332580566406,137.0399932861328,139.39332580566406,1224900
2021-01-27,124.40959930419922,129.94000244140625,134.68333435058594,129.41000366210938,134.6666717529297,5391300
2021-01-28,127.13829803466797,132.7899932861328,134.69667053222656,131.51333618164062,132.55667114257812,3369900
2021-01-29,124.92027282714844,130.47332763671875,133.7133331298828,130.0399932861328,133.23666381835938,2761800
2021-02-01,129.85423278808594,135.6266632080078,136.0399932861328,132.2566680908203,132.69667053222656,1923300
2021-02-02,131.96060180664062,137.82666015625,138.0,135.96665954589844,137.88999938964844,2429400
2021-02-03,129.27978515625,135.02667236328125,138.75,134.6666717529297,138.35333251953125,2767800
2021-02-04,130.3394012451172,136.13333129882812,136.24000549316406,133.65333557128906,134.60000610351562,1832400
2021-02-05,129.44888305664062,135.20333862304688,137.14999389648438,135.0,137.14999389648438,1462800
2021-02-08,133.3329315185547,139.25999450683594,139.3633270263672,136.10667419433594,136.1133270263672,1947300
2021-02-09,132.94039916992188,138.85000610351562,139.8300018310547,138.07666015625,138.85667419433594,1383300
2021-02-10,133.2021026611328,139.1233367919922,140.72999572753906,137.336669921875,140.0,2220300
2021-02-11,137.81378173828125,143.94000244140625,144.0433349609375,140.27333068847656,140.27333068847656,2112600
2021-02-12,139.51800537109375,145.72000122070312,146.00332641601562,142.78334045410156,143.51666259765625,1925100
2021-02-16,140.22010803222656,146.45333862304688,147.99000549316406,145.82666015625,147.4566650390625,3152400
2021-02-17,137.8169403076172,143.94332885742188,145.73333740234375,141.97000122070312,145.19667053222656,2785200
2021-02-18,136.3999481201172,142.4633331298828,143.1233367919922,140.67999267578125,142.1566619873047,2247600
2021-02-19,139.6871795654297,145.89666748046875,146.76333618164062,144.32666015625,144.6233367919922,2254500
2021-02-22,134.62548828125,140.61000061035156,145.01333618164062,140.11666870117188,144.0,2652000
2021-02-23,133.61376953125,139.55332946777344,140.60667419433594,134.02667236328125,138.02667236328125,4029300
2021-02-24,137.94778442382812,144.0800018310547,144.23333740234375,137.43333435058594,138.68333435058594,3144900
2021-02-25,130.09042358398438,135.8733367919922,143.3433380126953,135.30999755859375,142.39999389648438,5339700
2021-02-26,133.0552978515625,138.97000122070312,140.25332641601562,135.35000610351562,138.10000610351562,4558800
2021-03-01,137.29676818847656,143.39999389648438,143.5500030517578,140.0066680908203,141.07666015625,2316600
2021-03-02,133.17971801757812,139.10000610351562,143.97999572753906,138.94332885742188,143.97999572753906,3177600
2021-03-03,129.10427856445312,134.8433380126953,139.54666137695312,133.5800018310547,139.24667358398438,4425900
2021-03-04,122.89048767089844,128.35333251953125,135.0399932861328,126.44999694824219,134.4066619873047,7243500
2021-03-05,126.57667541503906,132.20333862304688,132.64999389648438,125.18333435058594,131.30667114257812,6307800
2021-03-08,119.74687957763672,125.06999969482422,132.57000732421875,125.0199966430664,132.03334045410156,7349100
2021-03-09,127.18618774414062,132.83999633789062,133.73333740234375,129.21665954589844,129.60000610351562,4132800
2021-03-10,124.78620147705078,130.3333282470703,135.17333984375,130.3333282470703,135.1300048828125,4082400
2021-03-11,130.03936767578125,135.82000732421875,136.5933380126953,133.50332641601562,134.2100067138672,3689400
2021-03-12,128.66700744628906,134.3866729736328,134.63333129882812,132.3733367919922,133.3333282470703,3153600
2021-03-15,131.37979125976562,137.22000122070312,137.4066619873047,134.1266632080078,135.10667419433594,3894900
2021-03-16,133.07762145996094,138.9933319091797,141.1999969482422,138.18333435058594,138.8433380126953,6785100
2021-03-17,134.7531280517578,140.7433319091797,141.84666442871094,136.03334045410156,137.07333374023438,5773800
2021-03-18,129.1776885986328,134.9199981689453,139.05999755859375,134.76333618164062,138.7866668701172,6042900
2021-03-19,130.77342224121094,136.586669921875,137.7933349609375,133.46665954589844,135.19000244140625,6614100
2021-03-22,133.54042053222656,139.47666931152344,141.11000061035156,137.74000549316406,138.26333618164062,3130200
2021-03-23,130.02978515625,135.80999755859375,140.26333618164062,135.18333435058594,140.01666259765625,5638800
2021-03-24,128.24578857421875,133.94667053222656,138.6300048828125,133.88333129882812,138.07000732421875,6608100
2021-03-25,128.3819580078125,133.836669921875,134.48666381835938,130.27333068847656,131.6300048828125,5580000
2021-03-26,134.7193603515625,140.44332885742188,140.6999969482422,133.85000610351562,133.94000244140625,6493800
2021-03-29,132.65379333496094,138.2899932861328,139.663330078125,136.63333129882812,139.1300048828125,6540600
2021-03-30,132.3372344970703,137.9600067138672,138.25,136.3300018310547,137.1999969482422,4263600
2021-03-31,135.56991577148438,141.3300018310547,142.39999389648438,138.99000549316406,139.26333618164062,5968200
2021-04-01,140.5547637939453,146.52667236328125,146.61000061035156,143.73666381835938,143.7899932861328,7380000
2021-04-05,143.3909454345703,149.48333740234375,149.9199981689453,147.15333557128906,148.93666076660156,6504000
2021-04-06,141.7890167236328,147.81333923339844,149.52000427246094,146.3433380126953,148.60333251953125,5913000
2021-04-07,141.69627380371094,147.71665954589844,148.47332763671875,146.59666442871094,147.96665954589844,3296400
2021-04-08,143.31097412109375,149.39999389648438,149.57000732421875,148.03334045410156,149.30332946777344,4276500
2021-04-09,142.8633575439453,148.93333435058594,149.0800018310547,147.56666564941406,148.19000244140625,2466000
2021-04-12,141.3285369873047,147.3333282470703,148.15333557128906,146.06666564941406,148.15333557128906,2607900
2021-04-13,141.10470581054688,147.10000610351562,148.6666717529297,145.63333129882812,148.4566650390625,3328500
2021-04-14,139.55397033691406,145.48333740234375,147.93333435058594,144.68666076660156,146.82000732421875,4996200
2021-04-15,141.89129638671875,147.9199981689453,148.22666931152344,145.84666442871094,146.97666931152344,5672400
2021-04-16,141.2262420654297,147.22666931152344,148.22332763671875,146.90333557128906,147.9199981689453,2712600
2021-04-19,137.51394653320312,143.35667419433594,146.63333129882812,142.0399932861328,146.14332580566406,8922300
2021-04-20,135.55392456054688,141.31333923339844,143.47999572753906,140.47999572753906,142.8866729736328,5374500
2021-04-21,139.1095733642578,145.02000427246094,145.07333374023438,140.83999633789062,141.42333984375,4321800
2021-04-22,136.08148193359375,141.8633270263672,144.913330078125,141.0,144.72000122070312,5433000
2021-04-23,138.56272888183594,144.4499969482422,145.04666137695312,142.27000427246094,142.44332885742188,3996300
2021-04-26,141.10154724121094,147.09666442871094,147.27999877929688,144.3766632080078,144.6366729736328,3577800
2021-04-27,140.04315185546875,145.9933319091797,147.77999877929688,145.5500030517578,147.67333984375,4878300
2021-04-28,137.9167938232422,143.77667236328125,145.25332641601562,143.61000061035156,145.18333435058594,2356200
2021-04-29,138.81214904785156,144.7100067138672,145.9066619873047,142.61000061035156,145.82000732421875,3237000
2021-04-30,134.94320678710938,140.67666625976562,143.42666625976562,140.336669921875,142.586669921875,3900000
2021-05-03,133.5395050048828,139.2133331298828,141.82333374023438,138.43666076660156,141.67666625976562,3222900
2021-05-04,131.28851318359375,136.86666870117188,137.45333862304688,134.336669921875,137.39999389648438,6061800
2021-05-05,132.11024475097656,137.72332763671875,139.42666625976562,136.69000244140625,138.5833282470703,4808700
2021-05-06,133.1942138671875,138.85333251953125,138.8866729736328,135.90333557128906,137.46665954589844,3656400
2021-05-07,135.0231170654297,140.75999450683594,141.72000122070312,139.60333251953125,140.26666259765625,2871600
2021-05-10,129.0182647705078,134.5,139.52999877929688,134.26333618164062,139.52999877929688,6354600
2021-05-11,129.19090270996094,134.67999267578125,135.05332946777344,129.92999267578125,130.39666748046875,6719400
2021-05-12,123.9278793334961,129.19332885742188,132.64332580566406,128.67333984375,131.8633270263672,7754100
2021-05-13,125.5074234008789,130.83999633789062,132.86666870117188,129.52999877929688,131.43333435058594,4862400
2021-05-14,129.39236450195312,134.88999938964844,136.11000061035156,131.4566650390625,132.74667358398438,4663500
2021-05-17,128.26365661621094,133.7133331298828,133.82666015625,131.47999572753906,133.63999938964844,3365100
2021-05-18,127.2308349609375,132.6366729736328,135.22666931152344,132.55999755859375,134.97000122070312,2354700
2021-05-19,129.7121124267578,135.22332763671875,135.3633270263672,129.51666259765625,130.06666564941406,4127400
2021-05-20,133.12384033203125,138.77999877929688,139.35333251953125,136.13333129882812,136.23333740234375,5020800
2021-05-21,132.38839721679688,138.01333618164062,139.81333923339844,137.78334045410156,139.75999450683594,5250000
2021-05-24,135.73294067382812,141.5,142.26333618164062,139.3333282470703,139.4566650390625,3373800
2021-05-25,136.13583374023438,141.9199981689453,142.9933319091797,141.1199951171875,142.5399932861328,4363500
2021-05-26,136.50039672851562,142.3000030517578,142.9166717529297,141.0066680908203,142.02333068847656,2492400
2021-05-27,137.07591247558594,142.89999389648438,143.61666870117188,141.6666717529297,142.0366668701172,3302700
2021-05-28,138.34852600097656,144.22666931152344,144.9199981689453,143.18666076660156,143.44000244140625,2179500
2021-06-01,137.96163940429688,143.82333374023438,146.4633331298828,143.0800018310547,145.31666564941406,3373500
2021-06-02,138.80252075195312,144.6999969482422,145.2866668701172,143.2566680908203,143.7133331298828,2140500
2021-06-03,136.41722106933594,142.2133331298828,143.6999969482422,141.54666137695312,143.07666015625,3247500
2021-06-04,139.72979736328125,145.6666717529297,145.9566650390625,143.43333435058594,143.43333435058594,2821500
2021-06-07,138.64266967773438,144.53334045410156,145.2433319091797,143.69332885742188,144.97666931152344,2376300
2021-06-08,137.84971618652344,143.7066650390625,145.913330078125,142.6233367919922,145.66000366210938,2534400
2021-06-09,137.1718292236328,143.0,144.60000610351562,143.0,144.18333435058594,2607000
2021-06-10,138.74755859375,144.47000122070312,145.03334045410156,142.7566680908203,143.05667114257812,2165100
2021-06-11,139.44859313964844,145.1999969482422,145.1999969482422,144.086669921875,144.90333557128906,1765200
2021-06-14,141.43023681640625,147.26333618164062,147.26333618164062,144.7133331298828,145.56666564941406,3673800
2021-06-15,140.2713165283203,146.05667114257812,147.76666259765625,145.57666015625,146.8699951171875,2388300
2021-06-16,138.95240783691406,144.68333435058594,146.93333435058594,143.53334045410156,146.50999450683594,3614700
2021-06-17,140.4506072998047,146.2433319091797,147.31333923339844,144.17666625976562,144.2866668701172,3873000
2021-06-18,137.0892333984375,142.7433319091797,145.34666442871094,141.9566650390625,145.24000549316406,2889900
2021-06-21,137.59506225585938,143.27000427246094,143.52000427246094,141.69332885742188,142.9066619873047,2233200
2021-06-22,138.24490356445312,143.94667053222656,144.36000061035156,142.67999267578125,143.48333740234375,1737900
2021-06-23,138.82115173339844,144.54666137695312,145.36000061035156,144.25999450683594,144.30667114257812,1889400
2021-06-24,141.18048095703125,147.00332641601562,147.39332580566406,145.8000030517578,145.95333862304688,1428300
2021-06-25,140.79635620117188,146.60333251953125,147.8633270263672,146.19000244140625,147.6266632080078,1343100
2021-06-28,144.15769958496094,150.10333251953125,150.72666931152344,147.50999450683594,147.50999450683594,2651100
2021-06-29,145.28778076171875,151.27999877929688,151.5,149.43333435058594,149.92666625976562,1748100
2021-06-30,145.409423828125,151.4066619873047,151.69667053222656,150.39666748046875,151.13999938964844,1317300
2021-07-01,143.3253936767578,149.23666381835938,151.25332641601562,148.72999572753906,151.25332641601562,2264100
2021-07-02,144.1993408203125,150.14666748046875,150.50999450683594,148.97332763671875,150.163330078125,1827000
2021-07-06,143.95281982421875,149.88999938964844,151.0399932861328,147.97999572753906,150.55332946777344,2001900
2021-07-07,141.77273559570312,147.6199951171875,150.84666442871094,146.99667358398438,150.8333282470703,1888200
2021-07-08,139.95120239257812,145.72332763671875,146.4199981689453,143.40333557128906,144.50999450683594,2000100
2021-07-09,142.23373413085938,148.10000610351562,148.3766632080078,145.14999389648438,146.20333862304688,1833000
2021-07-12,144.05848693847656,150.0,150.0,148.1666717529297,148.73333740234375,3949800
2021-07-13,143.48219299316406,149.39999389648438,150.04666137695312,148.60667419433594,149.3733367919922,2122200
2021-07-14,142.81954956054688,148.7100067138672,151.69667053222656,148.28334045410156,150.4199981689453,2256600
2021-07-15,139.65025329589844,145.41000366210938,148.31333923339844,144.30667114257812,147.9933319091797,2657100
2021-07-16,136.61544799804688,142.25,146.60000610351562,141.91000366210938,145.8633270263672,2571600
2021-07-19,136.47781372070312,142.10667419433594,142.33999633789062,139.50332641601562,140.30667114257812,4068000
2021-07-20,138.3377685546875,144.0433349609375,145.1366729736328,141.0,142.7899932861328,3201000
2021-07-21,142.5858612060547,148.46665954589844,148.5366668701172,144.5933380126953,144.5933380126953,2039400
2021-07-22,141.74392700195312,147.58999633789062,148.39999389648438,146.49667358398438,147.72332763671875,1185000
2021-07-23,142.46742248535156,148.3433380126953,148.49000549316406,146.51333618164062,148.27999877929688,1312500
2021-07-26,142.51223754882812,148.38999938964844,148.72000122070312,147.4066619873047,147.77333068847656,1123200
2021-07-27,139.89678955078125,145.6666717529297,147.96665954589844,142.58999633789062,147.96665954589844,2508000
2021-07-28,142.1824951171875,148.04666137695312,148.6699981689453,145.4933319091797,146.19667053222656,2289600
2021-07-29,145.08291625976562,151.06666564941406,151.52999877929688,148.55332946777344,148.61000061035156,2303700
2021-07-30,146.2705535888672,152.30332946777344,152.6133270263672,149.6999969482422,149.6999969482422,2320200
2021-08-02,147.19570922851562,153.26666259765625,155.1666717529297,152.88999938964844,153.76333618164062,2864100
2021-08-03,148.3162078857422,154.43333435058594,154.43333435058594,151.80999755859375,153.60667419433594,1769100
2021-08-04,149.8272247314453,156.0066680908203,156.7566680908203,154.50332641601562,154.73333740234375,1626000
2021-08-05,149.85281372070312,156.03334045410156,157.1266632080078,155.14666748046875,156.7566680908203,1420200
2021-08-06,149.10690307617188,155.2566680908203,156.0366668701172,154.85000610351562,155.11666870117188,1233000
2021-08-09,148.60107421875,154.72999572753906,155.97332763671875,154.07666015625,155.88333129882812,1065900
2021-08-10,146.87559509277344,152.93333435058594,155.22666931152344,151.81666564941406,154.9600067138672,2695500
2021-08-11,146.37301635742188,152.41000366210938,153.56333923339844,150.6199951171875,153.35000610351562,1296900
2021-08-12,144.8011932373047,150.77333068847656,151.91000366210938,149.52333068847656,151.91000366210938,1531500
2021-08-13,145.71035766601562,151.72000122070312,151.7433319091797,150.29666137695312,150.42666625976562,1060200
2021-08-16,145.16937255859375,151.1566619873047,151.54666137695312,149.88999938964844,151.14666748046875,1143900
2021-08-17,142.35858154296875,148.22999572753906,149.89999389648438,146.8433380126953,149.89999389648438,1850700
2021-08-18,140.47621154785156,146.27000427246094,148.92999267578125,146.07666015625,148.02333068847656,1879200
2021-08-19,141.62867736816406,147.47000122070312,148.27667236328125,144.22666931152344,145.35333251953125,2175600
2021-08-20,142.69151306152344,148.57666015625,148.83999633789062,146.80667114257812,147.8633270263672,1798200
2021-08-23,146.70912170410156,152.75999450683594,152.9633331298828,150.1199951171875,150.1199951171875,2181000
2021-08-24,146.70912170410156,152.75999450683594,153.6666717529297,152.49667358398438,153.1999969482422,1662900
2021-08-25,147.82640075683594,153.92333984375,155.05999755859375,153.27667236328125,153.3633270263672,2274300
2021-08-26,147.9640655517578,154.06666564941406,154.6666717529297,152.80667114257812,153.74000549316406,2284500
2021-08-27,150.78761291503906,157.0066680908203,157.19332885742188,153.93666076660156,154.15333557128906,2404500
2021-08-30,151.08851623535156,157.32000732421875,158.8433380126953,156.7566680908203,157.64666748046875,2519400
2021-08-31,149.88162231445312,156.06333923339844,157.6999969482422,154.84666442871094,157.49000549316406,2107800
2021-09-01,149.06529235839844,155.2133331298828,157.00332641601562,155.2133331298828,156.84666442871094,1632600
2021-09-02,149.62229919433594,155.7933349609375,156.27333068847656,155.19000244140625,155.9499969482422,1501500
2021-09-03,150.74278259277344,156.9600067138672,157.57000732421875,155.47332763671875,155.82000732421875,1356000
2021-09-07,150.18898010253906,156.38333129882812,157.04666137695312,155.4566650390625,157.0399932861328,1640700
2021-09-08,148.26495361328125,154.3800048828125,155.82666015625,153.03334045410156,155.6666717529297,3087900
2021-09-09,148.78680419921875,154.92333984375,155.83999633789062,154.18333435058594,154.27667236328125,3921000
2021-09-10,149.9680633544922,156.15333557128906,158.52667236328125,156.13999938964844,156.19667053222656,2959200
2021-09-13,151.4054718017578,157.64999389648438,157.97666931152344,155.51666259765625,157.72666931152344,2835900
2021-09-14,151.4118194580078,157.6566619873047,158.85333251953125,156.93666076660156,158.05332946777344,2581500
2021-09-15,152.2826385498047,158.56333923339844,158.56666564941406,156.44332885742188,157.77999877929688,3770400
2021-09-16,152.57394409179688,158.86666870117188,159.39666748046875,156.76333618164062,157.4166717529297,1655100
2021-09-17,150.14093017578125,156.3333282470703,158.44667053222656,155.6266632080078,158.44667053222656,2426700
2021-09-20,146.42420959472656,152.4633331298828,153.5933380126953,150.21665954589844,153.0,3124800
2021-09-21,146.85643005371094,152.913330078125,154.05999755859375,151.52333068847656,153.60333251953125,2214000
2021-09-22,149.90402221679688,156.086669921875,156.44667053222656,153.55332946777344,154.11666870117188,1309200
2021-09-23,151.9016571044922,158.1666717529297,158.6666717529297,156.26333618164062,156.82666015625,2407200
2021-09-24,151.7274169921875,157.60000610351562,157.93666076660156,156.3333282470703,156.5833282470703,1191900
2021-09-27,151.35833740234375,157.21665954589844,157.8333282470703,154.99000549316406,155.913330078125,1339800
2021-09-28,145.4375457763672,151.06666564941406,155.14332580566406,151.06666564941406,154.24667358398438,5448000
2021-09-29,143.1430206298828,148.68333435058594,151.84666442871094,148.39332580566406,151.40333557128906,6776400
2021-09-30,143.08522033691406,148.6233367919922,151.07333374023438,148.5833282470703,150.0933380126953,4524900
2021-10-01,143.17828369140625,148.72000122070312,149.4933319091797,146.27667236328125,149.2133331298828,3114900
2021-10-04,139.49098205566406,144.88999938964844,148.0399932861328,144.44667053222656,147.9499969482422,4161900
2021-10-05,141.60260009765625,147.0833282470703,148.10333251953125,145.33999633789062,145.5833282470703,3156000
2021-10-06,142.15463256835938,147.6566619873047,147.77000427246094,144.94332885742188,145.44667053222656,3410700
2021-10-07,143.8169403076172,149.38333129882812,151.3633270263672,149.19332885742188,149.56333923339844,1913400
2021-10-08,142.34393310546875,147.85333251953125,150.1133270263672,147.73333740234375,149.9199981689453,1672200
2021-10-11,141.39083862304688,146.8633270263672,149.35333251953125,146.80999755859375,147.26666259765625,1532100
2021-10-12,139.6257781982422,145.02999877929688,148.0066680908203,144.4199981689453,147.7899932861328,3201900
2021-10-13,140.43128967285156,145.86666870117188,146.77333068847656,145.38999938964844,146.0800018310547,1756500
2021-10-14,144.7892608642578,150.39332580566406,150.4066619873047,148.14332580566406,148.55667114257812,2486100
2021-10-15,145.75521850585938,151.39666748046875,151.85000610351562,150.6300048828125,151.49667358398438,1639500
2021-10-18,146.9297637939453,152.61666870117188,152.6666717529297,149.63333129882812,150.49667358398438,1352700
2021-10-19,148.73008728027344,154.48666381835938,154.48666381835938,152.27000427246094,152.96665954589844,1394100
2021-10-20,148.4219970703125,154.1666717529297,154.77000427246094,153.5,153.92999267578125,1261500
2021-10-21,149.9174346923828,155.72000122070312,155.9199981689453,153.10667419433594,153.17666625976562,1303200
2021-10-22,148.23590087890625,153.97332763671875,156.5,153.7066650390625,154.89999389648438,3284400
2021-10-25,149.25315856933594,155.02999877929688,155.9199981689453,154.1999969482422,154.75999450683594,1684800
2021-10-26,149.36549377441406,155.14666748046875,156.8000030517578,154.60000610351562,156.2433319091797,1879200
2021-10-27,148.2936553955078,154.03334045410156,155.83999633789062,153.48666381835938,154.20333862304688,3226200
2021-10-28,151.63758850097656,157.5066680908203,157.63333129882812,155.80999755859375,156.08999633789062,3278100
2021-10-29,152.314697265625,158.2100067138672,158.22999572753906,156.0,156.17666625976562,2135700
2021-11-01,154.79852294921875,160.7899932861328,160.82666015625,158.0,158.39999389648438,2547300
2021-11-02,156.72401428222656,162.7899932861328,162.79666137695312,160.70333862304688,160.70333862304688,2225400
2021-11-03,158.53074645996094,164.6666717529297,164.86666870117188,162.3699951171875,163.0,2175000
2021-11-04,163.86431884765625,170.2066650390625,170.97000122070312,165.6199951171875,166.52667236328125,4080900
2021-11-05,165.68389892578125,172.09666442871094,173.4166717529297,170.38999938964844,171.26666259765625,4534800
2021-11-08,167.92384338378906,174.42333984375,175.55999755859375,172.5366668701172,173.163330078125,2921400
2021-11-09,167.92384338378906,174.42333984375,176.3633270263672,172.5433349609375,176.163330078125,2722800
2021-11-10,162.97218322753906,169.27999877929688,173.49000549316406,168.5433349609375,171.14999389648438,3934200
2021-11-11,166.4187774658203,172.86000061035156,173.27333068847656,170.75,172.0800018310547,2283000
2021-11-12,168.04580688476562,174.5500030517578,175.3766632080078,172.50332641601562,173.4600067138672,1970400
2021-11-15,167.92062377929688,174.4199981689453,175.85667419433594,172.6266632080078,175.85667419433594,2318100
2021-11-16,170.43663024902344,177.03334045410156,177.35333251953125,173.42333984375,173.63333129882812,2023200
2021-11-17,169.24923706054688,175.8000030517578,177.1233367919922,174.94000244140625,177.1233367919922,1575600
2021-11-18,172.07969665527344,178.74000549316406,179.6366729736328,177.03334045410156,178.99667358398438,1997100
2021-11-19,172.55780029296875,179.23666381835938,180.4499969482422,177.8766632080078,178.76666259765625,3405900
2021-11-22,170.0579071044922,176.63999938964844,182.7066650390625,176.39999389648438,180.26666259765625,4422600
2021-11-23,169.37437438964844,175.92999267578125,177.6366729736328,172.97332763671875,176.4499969482422,2422800
2021-11-24,171.23568725585938,177.8633270263672,177.95333862304688,172.80332946777344,174.5500030517578,2117100
2021-11-26,166.4700927734375,172.913330078125,176.086669921875,171.63999938964844,174.5066680908203,2448000
2021-11-29,172.86912536621094,179.55999755859375,179.9600067138672,174.81666564941406,175.47666931152344,2412300
2021-11-30,169.83966064453125,176.413330078125,180.52999877929688,174.9066619873047,178.85333251953125,3264300
2021-12-01,168.4822540283203,175.00332641601562,182.16000366210938,174.9933319091797,179.0,3112500
2021-12-02,168.7261199951172,175.2566680908203,176.47666931152344,171.8766632080078,173.1999969482422,3124500
2021-12-03,168.29928588867188,174.81333923339844,179.49667358398438,172.85000610351562,177.73666381835938,2490900
2021-12-06,168.0843505859375,174.58999633789062,175.1233367919922,169.1266632080078,174.47332763671875,2091600
2021-12-07,176.5659942626953,183.39999389648438,183.75999450683594,178.4933319091797,178.4933319091797,2692200
2021-12-08,175.41717529296875,182.2066650390625,182.586669921875,180.32666015625,182.42666625976562,1666500
2021-12-09,171.38327026367188,178.01666259765625,182.93666076660156,177.86000061035156,181.1300048828125,1674000
2021-12-10,173.0006866455078,179.69667053222656,182.1999969482422,177.47332763671875,181.336669921875,2020500
2021-12-13,168.392333984375,174.6266632080078,180.19332885742188,174.32000732421875,180.1133270263672,2286600
2021-12-14,167.58229064941406,173.7866668701172,174.70333862304688,171.52333068847656,172.48333740234375,2888100
2021-12-15,173.73455810546875,180.1666717529297,180.3300018310547,171.8000030517578,174.13999938964844,2344200
2021-12-16,166.1551055908203,172.30667114257812,181.41000366210938,171.27333068847656,180.89999389648438,2797800
2021-12-17,165.76300048828125,171.89999389648438,174.63999938964844,170.0399932861328,170.61000061035156,2702100
2021-12-20,164.46438598632812,170.55332946777344,171.88333129882812,168.69332885742188,169.39999389648438,2145900
2021-12-21,170.3980712890625,176.7066650390625,176.7899932861328,172.01333618164062,174.39666748046875,1624200
2021-12-22,172.1691436767578,178.5433349609375,178.5433349609375,174.88333129882812,175.79666137695312,2134800
2021-12-23,173.8341522216797,180.27000427246094,181.43666076660156,178.89666748046875,178.89999389648438,2100300
2021-12-27,178.59779357910156,185.2100067138672,185.25,180.8866729736328,180.92999267578125,2503500
2021-12-28,176.62742614746094,183.1666717529297,186.0933380126953,182.32000732421875,186.06666564941406,1974900
2021-12-29,176.89739990234375,183.44667053222656,184.5933380126953,182.32333374023438,183.09666442871094,1254900
2021-12-30,174.8959503173828,181.32000732421875,183.76333618164062,180.7566680908203,183.00332641601562,1361700
2021-12-31,174.36862182617188,180.77333068847656,182.7133331298828,180.75332641601562,181.5066680908203,1217400
2022-01-03,177.83465576171875,184.36666870117188,184.54666137695312,181.27333068847656,181.99000549316406,1699800
2022-01-04,177.28805541992188,183.8000030517578,186.33999633789062,179.3733367919922,185.18666076660156,3504600
2022-01-05,171.26593017578125,177.55667114257812,183.9600067138672,177.39666748046875,182.39332580566406,3751800
2022-01-06,172.59703063964844,178.93666076660156,179.77333068847656,175.60667419433594,177.52999877929688,2934300
2022-01-07,167.59092712402344,173.74667358398438,179.4166717529297,173.20333862304688,178.76333618164062,2284500
2022-01-10,167.65200805664062,173.80999755859375,174.18666076660156,168.0,171.59666442871094,5377500
2022-01-11,170.80612182617188,177.0800018310547,177.2866668701172,171.94667053222656,173.22666931152344,3157200
2022-01-12,172.06011962890625,178.3800048828125,180.02333068847656,176.60333251953125,178.7899932861328,3571500
2022-01-13,168.04421997070312,174.21665954589844,182.61666870117188,173.77333068847656,181.10667419433594,3268800
2022-01-14,172.0665283203125,178.3866729736328,178.55332946777344,172.81333923339844,172.836669921875,3401700
2022-01-18,164.3756866455078,170.413330078125,175.55999755859375,170.0399932861328,175.5366668701172,7686000
2022-01-19,159.53993225097656,165.39999389648438,172.85333251953125,165.28334045410156,171.79666137695312,9931800
2022-01-20,154.53707885742188,160.2133331298828,168.0,160.0,166.67666625976562,8349900
2022-01-21,151.96485900878906,157.54666137695312,163.61666870117188,157.19667053222656,159.0933380126953,13946100
2022-01-24,153.70111083984375,159.34666442871094,159.64332580566406,148.97666931152344,154.25332641601562,15465300
2022-01-25,147.96514892578125,153.39999389648438,157.16000366210938,152.51666259765625,155.25,10710300
2022-01-26,150.23831176757812,155.7566680908203,162.2566680908203,153.39999389648438,157.7066650390625,8508000
2022-01-27,143.55062866210938,148.82333374023438,157.48666381835938,148.32333374023438,157.29666137695312,8400900
2022-01-28,146.30287170410156,151.67666625976562,151.67666625976562,144.42666625976562,148.70333862304688,7173000
2022-01-31,154.16090393066406,159.82333374023438,160.06666564941406,151.59666442871094,152.43666076660156,7846800
2022-02-01,155.4437255859375,161.15333557128906,161.64666748046875,157.1300048828125,161.3866729736328,4068900
2022-02-02,159.36956787109375,165.22332763671875,165.63999938964844,162.086669921875,164.41000366210938,5229000
2022-02-03,152.43431091308594,158.03334045410156,163.72999572753906,157.42666625976562,161.06666564941406,6506400
2022-02-04,153.30882263183594,158.94000244140625,160.3000030517578,155.1666717529297,157.29666137695312,5061300
2022-02-07,153.2220001220703,158.85000610351562,161.50332641601562,158.25,159.3333282470703,3501900
2022-02-08,157.09642028808594,162.86666870117188,163.19667053222656,157.913330078125,158.17666625976562,2941200
2022-02-09,162.25038146972656,168.2100067138672,168.22999572753906,162.94667053222656,165.01333618164062,5061000
2022-02-10,157.1928253173828,162.96665954589844,169.2933349609375,162.0399932861328,164.10667419433594,4614000
2022-02-11,149.19337463378906,154.67333984375,164.42666625976562,153.56333923339844,163.24000549316406,7881900
2022-02-14,149.3348388671875,154.82000732421875,157.94667053222656,152.8000030517578,155.1999969482422,5697300
2022-02-15,157.57545471191406,163.3633270263672,163.7866668701172,157.75,158.1699981689453,4881000
2022-02-16,157.6269073486328,163.4166717529297,164.02333068847656,159.92999267578125,161.35667419433594,2713200
2022-02-17,151.70767211914062,157.27999877929688,161.47000122070312,157.0366668701172,161.24667358398438,6003000
2022-02-18,150.01321411132812,155.52333068847656,157.93333435058594,153.36000061035156,157.35333251953125,5866200
2022-02-22,149.10009765625,154.57666015625,158.2866668701172,152.1233367919922,153.8433380126953,8370000
2022-02-23,145.54727172851562,150.89332580566406,158.0,150.4066619873047,156.3699951171875,6525600
2022-02-24,150.87167358398438,156.413330078125,156.663330078125,144.67666625976562,145.02667236328125,8669100
2022-02-25,153.38600158691406,159.02000427246094,159.02000427246094,154.19000244140625,156.4066619873047,7065000
2022-02-28,152.45358276367188,158.05332946777344,159.4566650390625,154.8699951171875,156.9499969482422,4359300
2022-03-01,146.9266357421875,152.32333374023438,158.3300018310547,150.65333557128906,157.413330078125,4265700
2022-03-02,151.5983428955078,157.1666717529297,158.26333618164062,153.23333740234375,153.58999633789062,2850600
2022-03-03,148.41848754882812,153.8699951171875,158.17333984375,152.93333435058594,158.1266632080078,4177800
2022-03-04,144.4797821044922,149.7866668701172,153.7133331298828,148.10000610351562,152.3699951171875,4443300
2022-03-07,137.232666015625,142.27333068847656,151.30332946777344,142.2433319091797,150.23333740234375,5869200
2022-03-08,139.8627166748047,145.0,150.29666137695312,140.85333251953125,143.2433319091797,7909500
2022-03-09,145.72412109375,151.07666015625,152.21665954589844,148.17333984375,149.8800048828125,4699800
2022-03-10,142.73394775390625,147.97666931152344,148.5500030517578,145.06666564941406,148.40333557128906,4805700
2022-03-11,139.66981506347656,144.8000030517578,150.39999389648438,144.5066680908203,150.1233367919922,6524400
2022-03-14,135.149169921875,140.1133270263672,145.11666870117188,139.45333862304688,144.36666870117188,5683800
2022-03-15,141.3610382080078,146.55332946777344,146.89999389648438,140.6300048828125,141.51666259765625,3980400
2022-03-16,148.6403350830078,154.10000610351562,154.1233367919922,147.42333984375,149.0399932861328,4868700
2022-03-17,149.55667114257812,155.0500030517578,155.0500030517578,151.17666625976562,152.35333251953125,4133100
2022-03-18,152.47610473632812,158.07666015625,158.71665954589844,153.01666259765625,153.97000122070312,5004600
2022-03-21,152.17388916015625,157.76333618164062,159.05667114257812,154.94332885742188,157.46665954589844,4801500
2022-03-22,153.01626586914062,158.6366729736328,160.51333618164062,157.32000732421875,157.47666931152344,2886600
2022-03-23,149.16122436523438,154.63999938964844,159.11000061035156,154.59666442871094,157.18666076660156,3530400
2022-03-24,156.69100952148438,162.13999938964844,162.26666259765625,155.3000030517578,155.94000244140625,5002500
2022-03-25,156.33665466308594,161.77333068847656,162.39999389648438,159.08999633789062,161.9600067138672,3103200
2022-03-28,157.5511016845703,163.02999877929688,163.02999877929688,158.48666381835938,160.80332946777344,2735700
2022-03-29,161.1621856689453,166.76666259765625,167.02999877929688,163.39999389648438,165.6300048828125,3093600
2022-03-30,156.00807189941406,161.43333435058594,166.06333923339844,160.57666015625,165.47666931152344,3269100
2022-03-31,152.45819091796875,157.75999450683594,162.02999877929688,157.336669921875,161.31333923339844,3369300
2022-04-01,149.50425720214844,154.70333862304688,158.79666137695312,152.39332580566406,158.42666625976562,5391900
2022-04-04,151.93313598632812,157.21665954589844,157.43666076660156,154.52333068847656,155.10667419433594,2705100
2022-04-05,144.93963623046875,149.97999572753906,156.06333923339844,149.5800018310547,155.92999267578125,4054800
2022-04-06,141.3350372314453,146.25,148.9066619873047,145.0,146.6666717529297,4836900
2022-04-07,141.64427185058594,146.57000732421875,147.88333129882812,143.50332641601562,146.0500030517578,3511800
2022-04-08,138.1298065185547,142.93333435058594,145.4066619873047,142.70333862304688,145.35333251953125,4500300
2022-04-11,135.29183959960938,139.99667358398438,142.0,139.67333984375,140.82000732421875,4291800
2022-04-12,134.8795166015625,139.57000732421875,144.01333618164062,138.83999633789062,142.9566650390625,5894700
2022-04-13,137.7819366455078,142.57333374023438,143.55999755859375,139.60667419433594,140.47332763671875,3309000
2022-04-14,133.97113037109375,138.6300048828125,143.5366668701172,138.4499969482422,143.50332641601562,5903400
2022-04-18,136.2904510498047,141.02999877929688,142.27667236328125,137.76666259765625,137.93666076660156,3630300
2022-04-19,139.276611328125,144.1199951171875,144.42333984375,139.75332641601562,140.46665954589844,3036600
2022-04-20,138.96737670898438,143.8000030517578,147.6699981689453,143.2933349609375,146.39999389648438,3826200
2022-04-21,135.25961303710938,139.9633331298828,147.19000244140625,139.24000549316406,145.57000732421875,3600300
2022-04-22,132.25094604492188,136.85000610351562,140.52000427246094,136.6199951171875,139.7433319091797,4569000
2022-04-25,134.4865264892578,139.163330078125,139.1999969482422,135.32666015625,135.73333740234375,6353700
2022-04-26,128.5238800048828,132.9933319091797,137.52333068847656,132.836669921875,137.28334045410156,5844000
2022-04-27,127.82162475585938,132.26666259765625,135.57333374023438,131.22999572753906,131.52667236328125,4350300
2022-04-28,134.86660766601562,139.55667114257812,141.04666137695312,133.22332763671875,134.92333984375,4923300
2022-04-29,129.1037139892578,133.5933380126953,140.27000427246094,133.2066650390625,137.60000610351562,4188300
2022-05-02,133.41383361816406,138.05332946777344,138.2066650390625,132.6699981689453,133.71665954589844,4635300
2022-05-03,134.5187225341797,139.19667053222656,140.2899932861328,136.72999572753906,137.68666076660156,2300100
2022-05-04,139.7372589111328,144.59666442871094,144.836669921875,135.89999389648438,140.22999572753906,4259400
2022-05-05,132.96929931640625,137.5933380126953,142.21665954589844,135.5433349609375,142.00332641601562,4597200
2022-05-06,131.78384399414062,136.36666870117188,139.40333557128906,133.7933349609375,136.3333282470703,3950400
2022-05-09,125.0738525390625,129.42333984375,135.04666137695312,128.663330078125,133.4199981689453,5058600
2022-05-10,127.91826629638672,132.36666870117188,134.81333923339844,129.47666931152344,133.3300018310547,4476600
2022-05-11,124.13966369628906,128.4566650390625,134.32666015625,128.0833282470703,131.23666381835938,5066100
2022-05-12,124.8934326171875,129.23666381835938,130.31333923339844,125.77666473388672,126.87000274658203,5345100
2022-05-13,131.26840209960938,135.8333282470703,136.78334045410156,130.80667114257812,131.50332641601562,4724400
2022-05-16,129.2711944580078,133.76666259765625,135.8733367919922,133.25999450683594,134.45333862304688,2372400
2022-05-17,135.54953002929688,140.26333618164062,140.6233367919922,136.74000549316406,137.2566680908203,3193200
2022-05-18,128.71714782714844,133.19332885742188,139.8633270263672,132.6266632080078,137.94667053222656,3581100
2022-05-19,127.9376220703125,132.3866729736328,135.7866668701172,131.23333740234375,132.5433349609375,3303300
2022-05-20,127.86993408203125,132.31666564941406,135.00332641601562,126.38999938964844,134.9933319091797,4083900
2022-05-23,128.42079162597656,132.8866729736328,133.24000549316406,130.27667236328125,131.2899932861328,3639300
2022-05-24,125.29287719726562,129.64999389648438,131.19000244140625,128.17333984375,130.75332641601562,2865600
2022-05-25,127.54780578613281,131.98333740234375,133.22332763671875,128.65333557128906,128.77333068847656,2512500
2022-05-26,132.53118896484375,137.13999938964844,137.75332641601562,130.5366668701172,130.74667358398438,2966700
2022-05-27,137.98167419433594,142.77999877929688,143.01666259765625,139.30332946777344,139.30332946777344,3165600
2022-05-31,137.27297973632812,142.04666137695312,143.30667114257812,139.86666870117188,142.53334045410156,2807100
2022-06-01,135.0953369140625,139.7933349609375,143.49000549316406,137.86000061035156,142.77000427246094,2466000
2022-06-02,139.8016815185547,144.663330078125,144.80667114257812,139.0366668701172,139.30667114257812,2005800
2022-06-03,135.62042236328125,140.336669921875,142.3300018310547,139.68666076660156,141.52999877929688,2065500
2022-06-06,135.85556030273438,140.5800018310547,143.75999450683594,139.64666748046875,143.2866668701172,2241900
2022-06-07,136.94119262695312,141.70333862304688,142.10333251953125,137.83999633789062,138.91000366210938,1866600
2022-06-08,134.02584838867188,138.68666076660156,141.5,137.63999938964844,140.92666625976562,3396000
2022-06-09,130.2215576171875,134.54666137695312,139.67666625976562,134.5433349609375,137.28334045410156,2517000
2022-06-10,125.5951919555664,129.76666259765625,133.47666931152344,129.49667358398438,132.3333282470703,3599100
2022-06-13,118.34922790527344,122.27999877929688,126.6433334350586,121.80999755859375,125.0,4042800
2022-06-14,119.0073471069336,122.95999908447266,124.17333221435547,121.51667022705078,123.62333679199219,2831100
2022-06-15,121.05274200439453,125.07333374023438,127.27333068847656,122.2699966430664,124.41000366210938,3811200
2022-06-16,113.75834655761719,117.53666687011719,121.5433349609375,116.0566635131836,121.41999816894531,3921300
2022-06-17,114.2197036743164,118.01333618164062,118.86666870117188,115.3066635131836,117.80000305175781,3400200
2022-06-21,117.21036529541016,121.10333251953125,122.92333221435547,120.41666412353516,120.50333404541016,2830200
2022-06-22,115.98763275146484,119.83999633789062,121.55332946777344,118.83999633789062,119.01667022705078,4106700
2022-06-23,115.200439453125,119.02666473388672,120.65333557128906,117.15333557128906,120.55000305175781,2178900
2022-06-24,120.30426788330078,124.30000305175781,124.30000305175781,120.62666320800781,120.88999938964844,3783600
2022-06-27,119.9751968383789,123.95999908447266,125.73332977294922,123.00666809082031,125.42333221435547,2497500
2022-06-28,117.04906463623047,120.9366683959961,126.14666748046875,120.74666595458984,124.6933364868164,3039900
2022-06-29,114.28744506835938,118.08333587646484,119.41999816894531,116.61666870117188,119.27999877929688,3393600
2022-06-30,112.79049682617188,116.53666687011719,118.86000061035156,114.69999694824219,116.42666625976562,3285600
2022-07-01,108.7997055053711,112.413330078125,115.21666717529297,110.95999908447266,114.59666442871094,3875100
2022-07-05,109.65789031982422,113.30000305175781,113.30000305175781,108.9000015258789,109.56666564941406,3391200
2022-07-06,110.19342803955078,113.85333251953125,115.1866683959961,112.16999816894531,113.41000366210938,2672100
2022-07-07,115.1262435913086,118.94999694824219,119.54666900634766,116.52666473388672,116.52666473388672,2866200
2022-07-08,115.6747055053711,119.51667022705078,120.33333587646484,116.87333679199219,117.22666931152344,2334000
2022-07-11,113.0098876953125,116.76333618164062,118.2933349609375,116.00333404541016,117.7066650390625,2490000
2022-07-12,113.3260498046875,117.08999633789062,118.38666534423828,116.23666381835938,117.52333068847656,4494300
2022-07-13,113.96482849121094,117.75,118.69000244140625,114.46666717529297,114.69999694824219,3564600
2022-07-14,116.3812255859375,120.24666595458984,120.76000213623047,115.72333526611328,117.4366683959961,3186900
2022-07-15,119.15898132324219,123.11666870117188,123.3133316040039,120.16999816894531,122.08333587646484,2984100
2022-07-18,118.77828216552734,122.72333526611328,126.11666870117188,121.9433364868164,125.15666961669922,2959200
2022-07-19,124.01439666748047,128.13333129882812,128.82666015625,124.30332946777344,124.66000366210938,3116700
2022-07-20,127.176025390625,131.39999389648438,132.02333068847656,127.1500015258789,127.94000244140625,4845300
2022-07-21,129.2537078857422,133.54666137695312,133.63333129882812,130.19667053222656,132.0833282470703,2753400
2022-07-22,126.06945037841797,130.2566680908203,133.17333984375,129.07666015625,133.11666870117188,4548000
2022-07-25,125.2726058959961,129.43333435058594,129.53334045410156,127.2699966430664,129.2566680908203,2862900
2022-07-26,123.18524932861328,127.27666473388672,129.22332763671875,126.80332946777344,128.57333374023438,2510400
2022-07-27,128.82139587402344,133.10000610351562,134.17333984375,129.1699981689453,129.55999755859375,3214200
2022-07-28,130.40867614746094,134.74000549316406,135.02999877929688,130.48666381835938,133.39332580566406,3532200
2022-07-29,131.41200256347656,135.77667236328125,136.1566619873047,132.3333282470703,132.7899932861328,3840900
2022-08-01,131.91854858398438,136.3000030517578,137.47666931152344,133.92666625976562,134.81333923339844,3812100
2022-08-02,131.6668701171875,136.0399932861328,138.10667419433594,134.19000244140625,134.75999450683594,2124900
2022-08-03,135.3253936767578,139.82000732421875,140.0933380126953,135.93333435058594,136.02000427246094,2860800
2022-08-04,136.3029022216797,140.8300018310547,141.25332641601562,139.08999633789062,139.49667358398438,1919100
2022-08-05,135.24151611328125,139.73333740234375,140.93666076660156,137.72666931152344,138.36000061035156,3279900
2022-08-08,133.1960906982422,137.6199951171875,139.336669921875,135.50332641601562,137.80667114257812,3061200
2022-08-09,127.09217834472656,131.31333923339844,134.5800018310547,129.5066680908203,134.44000244140625,4368900
2022-08-10,132.36697387695312,136.76333618164062,137.01666259765625,133.01666259765625,134.81333923339844,3456000
2022-08-11,132.19601440429688,136.586669921875,140.6199951171875,136.2866668701172,137.92333984375,2403900
2022-08-12,136.06417846679688,140.5833282470703,140.9633331298828,136.99667358398438,137.49667358398438,2049600
2022-08-15,136.57069396972656,141.10667419433594,141.5,139.0,139.9566650390625,1325100
2022-08-16,135.17373657226562,139.663330078125,141.0,138.10333251953125,140.38333129882812,1566900
2022-08-17,131.90884399414062,136.2899932861328,137.58999633789062,134.38333129882812,137.52333068847656,2640000
2022-08-18,134.91563415527344,139.39666748046875,140.32666015625,136.1666717529297,136.66000366210938,1698900
2022-08-19,131.2733154296875,135.63333129882812,138.17333984375,134.93666076660156,137.47666931152344,2323500
2022-08-22,126.33399963378906,130.52999877929688,133.13333129882812,129.89666748046875,132.88333129882812,2903400
2022-08-23,126.96308898925781,131.17999267578125,133.17999267578125,130.47332763671875,130.6233367919922,2430600
2022-08-24,127.282470703125,131.50999450683594,131.9633331298828,129.99000549316406,131.02999877929688,1251900
2022-08-25,131.9475555419922,136.3300018310547,136.49000549316406,131.56333923339844,131.6366729736328,2679300
2022-08-26,124.46279907226562,128.59666442871094,136.33999633789062,128.39332580566406,136.02333068847656,2838000
2022-08-29,121.94961547851562,126.0,128.70333862304688,125.7933349609375,127.2300033569336,2575200
2022-08-30,120.53012084960938,124.53333282470703,127.40666961669922,123.00333404541016,127.3566665649414,3212700
2022-08-31,119.2686767578125,123.2300033569336,125.086669921875,122.15333557128906,125.08333587646484,2974800
2022-09-01,117.05551147460938,120.9433364868164,120.95999908447266,117.19667053222656,120.086669921875,4537800
2022-09-02,115.7715072631836,119.61666870117188,123.663330078125,119.09333038330078,122.8066635131836,3841200
2022-09-06,114.43582916259766,118.23666381835938,120.25333404541016,117.33000183105469,119.59666442871094,2692500
2022-09-07,116.3715591430664,120.23666381835938,121.25333404541016,117.81666564941406,118.71333312988281,1699500
2022-09-08,118.33308410644531,122.26333618164062,122.72000122070312,118.33333587646484,119.06999969482422,2823300
2022-09-09,121.172119140625,125.19667053222656,125.84333038330078,123.87333679199219,123.87333679199219,2066400
2022-09-12,121.76249694824219,125.8066635131836,126.43000030517578,124.29666900634766,125.73666381835938,2610900
2022-09-13,114.20034790039062,117.99333190917969,122.0633316040039,117.63666534423828,121.02333068847656,4065000
2022-09-14,115.49726867675781,119.33333587646484,120.16000366210938,117.55332946777344,118.87999725341797,2722800
2022-09-15,113.5809097290039,117.35333251953125,119.91999816894531,116.5566635131836,118.52999877929688,2432700
2022-09-16,114.26162719726562,118.0566635131836,118.18333435058594,115.18000030517578,116.0633316040039,3392100
2022-09-19,114.8617172241211,118.67666625976562,119.30332946777344,116.49666595458984,116.55000305175781,2146200
2022-09-20,113.3357162475586,117.0999984741211,118.0999984741211,116.16999816894531,117.52999877929688,2630700
2022-09-21,112.19041442871094,115.91666412353516,121.11666870117188,115.91666412353516,117.31666564941406,3535200
2022-09-22,109.13846588134766,112.76333618164062,115.73999786376953,112.09666442871094,115.25333404541016,2936100
2022-09-23,107.677001953125,111.25333404541016,111.7300033569336,109.23666381835938,111.43000030517578,3881700
2022-09-26,106.06228637695312,108.99333190917969,111.96333312988281,108.79666900634766,110.26667022705078,2881500
2022-09-27,107.04837036132812,110.00666809082031,111.78666687011719,108.42666625976562,110.97333526611328,2977200
2022-09-28,108.56641387939453,111.56666564941406,112.00333404541016,108.6433334350586,109.09666442871094,4045200
2022-09-29,105.18974304199219,108.09666442871094,109.73332977294922,106.37000274658203,109.52666473388672,3009000
2022-09-30,103.38623809814453,106.24333190917969,109.45333099365234,106.08000183105469,106.69999694824219,2722800
2022-10-03,106.9607925415039,109.91666412353516,111.14666748046875,106.68333435058594,107.45333099365234,3747300
2022-10-04,111.97879028320312,115.07333374023438,115.20999908447266,113.16666412353516,113.4566650390625,3182400
2022-10-05,112.89350128173828,116.01333618164062,117.1866683959961,112.16000366210938,113.16666412353516,2505600
2022-10-06,112.44263458251953,115.55000305175781,118.02666473388672,115.12000274658203,115.8933334350586,2850000
2022-10-07,105.69573974609375,108.61666870117188,112.42333221435547,107.96666717529297,112.1066665649414,3969000
2022-10-10,102.10174560546875,104.92333221435547,108.32333374023438,103.41999816894531,108.1933364868164,4665000
2022-10-11,99.23108673095703,101.97333526611328,104.01000213623047,100.54000091552734,103.05332946777344,4818600
2022-10-12,98.26769256591797,100.98332977294922,102.37999725341797,100.66000366210938,101.83999633789062,3107400
2022-10-13,101.09618377685547,103.88999938964844,105.80332946777344,95.94000244140625,97.03333282470703,4911600
2022-10-14,96.88263702392578,99.55999755859375,105.34333038330078,99.23666381835938,105.34333038330078,3887100
2022-10-17,98.93589782714844,101.66999816894531,103.06999969482422,100.86666870117188,102.20999908447266,3760500
2022-10-18,99.27649688720703,102.0199966430664,105.53666687011719,100.22000122070312,104.8499984741211,3558900
2022-10-19,99.91223907470703,102.67333221435547,103.64666748046875,100.9800033569336,101.2933349609375,3043500
2022-10-20,100.53179168701172,103.30999755859375,106.46333312988281,102.72333526611328,103.23999786376953,3567300
2022-10-21,104.26853942871094,107.1500015258789,107.41666412353516,102.58999633789062,103.04000091552734,3703200
2022-10-24,104.71939849853516,107.61333465576172,108.08000183105469,105.0999984741211,107.51000213623047,3784200
2022-10-25,107.11000061035156,110.06999969482422,110.80999755859375,107.8933334350586,108.06666564941406,2770800
2022-10-26,106.05580139160156,108.98666381835938,111.57333374023438,107.26667022705078,107.79666900634766,4811700
2022-10-27,104.17445373535156,107.05332946777344,110.7300033569336,106.913330078125,109.69999694824219,3589500
2022-10-28,108.2582778930664,111.25,111.413330078125,106.97333526611328,107.25,4192500
2022-10-31,105.90010833740234,108.82666778564453,110.55332946777344,108.2699966430664,110.24666595458984,2394900
2022-11-01,106.75320434570312,109.70333099365234,111.37666320800781,109.04666900634766,111.01333618164062,2810400
2022-11-02,103.38300323486328,106.23999786376953,112.32666778564453,106.0999984741211,110.39666748046875,3193800
2022-11-03,101.99796295166016,104.81666564941406,106.4433364868164,103.16000366210938,104.25333404541016,3752100
2022-11-04,106.71751403808594,109.66666412353516,109.94667053222656,107.08999633789062,108.59666442871094,4601700
2022-11-07,109.02378845214844,112.03666687011719,112.46666717529297,109.23666381835938,110.68333435058594,3548700
2022-11-08,111.42412567138672,114.50333404541016,115.85333251953125,112.18333435058594,114.13333129882812,3901200
2022-11-09,107.86256408691406,110.84333038330078,113.01000213623047,110.67333221435547,112.5633316040039,3578700
2022-11-10,119.02408599853516,122.3133316040039,122.61666870117188,116.2066650390625,117.18333435058594,5347500
2022-11-11,122.66675567626953,126.0566635131836,126.79666900634766,121.50333404541016,122.91000366210938,6114000
2022-11-14,121.3238754272461,124.67666625976562,127.12666320800781,124.63333129882812,125.37333679199219,3683100
2022-11-15,124.84003448486328,128.2899932861328,130.19667053222656,126.55000305175781,129.8433380126953,4897800
2022-11-16,119.68579864501953,122.99333190917969,125.61666870117188,122.21666717529297,125.36666870117188,4775700
2022-11-17,120.62322235107422,123.9566650390625,124.51000213623047,120.22333526611328,120.44000244140625,3961500
2022-11-18,120.89244842529297,124.23332977294922,126.0566635131836,122.88999938964844,126.02999877929688,3105300
2022-11-21,118.88786315917969,122.17333221435547,123.31999969482422,121.78666687011719,122.87999725341797,1815000
2022-11-22,122.42996215820312,125.8133316040039,125.91000366210938,122.1866683959961,123.22000122070312,3290700
2022-11-23,123.90911102294922,127.33333587646484,128.55999755859375,125.663330078125,125.68000030517578,3905400
2022-11-25,122.258056640625,125.63666534423828,127.0,125.63666534423828,126.5566635131836,1164000
2022-11-28,119.20249938964844,122.49666595458984,125.38999938964844,121.6500015258789,124.07666778564453,3197700
2022-11-29,118.74187469482422,122.02333068847656,123.55332946777344,121.27666473388672,122.86333465576172,1828200
2022-11-30,125.86505889892578,129.3433380126953,129.43333435058594,121.33999633789062,122.4800033569336,4166100
2022-12-01,124.96004486083984,128.413330078125,130.2433319091797,126.62333679199219,130.11000061035156,4130700
2022-12-02,123.54904174804688,126.96333312988281,127.163330078125,124.55332946777344,125.1933364868164,3110400
2022-12-05,121.98558807373047,125.3566665649414,127.31666564941406,124.22333526611328,126.0999984741211,2709300
2022-12-06,119.4198226928711,122.72000122070312,125.47333526611328,121.4800033569336,125.34333038330078,2182200
2022-12-07,119.16355895996094,122.4566650390625,123.31666564941406,121.18000030517578,121.41000366210938,2111400
2022-12-08,122.60838317871094,125.99666595458984,126.086669921875,122.38333129882812,123.20333099365234,2694300
2022-12-09,121.47309112548828,124.83000183105469,127.03666687011719,124.38333129882812,125.44000244140625,1749000
2022-12-12,123.62364959716797,127.04000091552734,127.17666625976562,123.58000183105469,124.21666717529297,2178900
2022-12-13,125.74834442138672,128.8633270263672,132.97999572753906,127.25,132.40333557128906,4521000
2022-12-14,123.86175537109375,126.93000030517578,130.08999633789062,125.44667053222656,128.5500030517578,3972000
2022-12-15,118.62155151367188,121.55999755859375,124.80332946777344,121.3933334350586,124.26333618164062,3881100
2022-12-16,117.72380828857422,120.63999938964844,121.96333312988281,119.44999694824219,120.913330078125,2465700
2022-12-19,116.26656341552734,119.14666748046875,120.79000091552734,117.91666412353516,120.51333618164062,2231700
2022-12-20,115.55745697021484,118.41999816894531,119.50666809082031,117.3933334350586,117.66000366210938,2275500
2022-12-21,118.15968322753906,121.086669921875,121.48666381835938,119.01667022705078,119.24666595458984,2291700
2022-12-22,113.38461303710938,116.1933364868164,118.92333221435547,113.74666595458984,118.73332977294922,5403300
2022-12-23,113.48221588134766,116.2933349609375,116.29666900634766,114.01333618164062,115.1866683959961,2571900
2022-12-27,111.43295288085938,114.1933364868164,115.47666931152344,113.66666412353516,115.37000274658203,3494400
2022-12-28,109.79032135009766,112.51000213623047,114.84666442871094,112.05000305175781,113.4566650390625,2682000
2022-12-29,113.29353332519531,116.0999984741211,116.63999938964844,113.91999816894531,114.34333038330078,3263100
2022-12-30,113.18944549560547,115.99333190917969,116.1866683959961,113.61333465576172,114.44000244140625,2010000
2023-01-03,112.0867691040039,114.86333465576172,118.16666412353516,114.16666412353516,117.9566650390625,2844600
2023-01-04,114.97196960449219,117.81999969482422,118.47333526611328,115.69999694824219,117.05000305175781,3257100
2023-01-05,113.03334045410156,115.83333587646484,117.48666381835938,115.6433334350586,116.65666961669922,2671800
2023-01-06,118.29302978515625,121.22333526611328,121.86000061035156,115.8133316040039,117.4000015258789,4898400
2023-01-09,120.47237396240234,123.4566650390625,126.26333618164062,122.66000366210938,123.44667053222656,4581300
2023-01-10,122.03044128417969,125.05332946777344,125.22333526611328,122.3933334350586,123.03333282470703,2825400
2023-01-11,123.60478973388672,126.66666412353516,126.72000122070312,124.07666778564453,125.12999725341797,2682000
2023-01-12,125.1075439453125,128.2066650390625,128.97999572753906,124.72000122070312,127.3499984741211,3324000
2023-01-13,125.62474822998047,128.73666381835938,128.75,126.38666534423828,126.5433349609375,2079000
2023-01-17,125.76785278320312,128.88333129882812,130.18666076660156,127.6933364868164,128.29666137695312,3017400
2023-01-18,125.1075439453125,128.2066650390625,131.2433319091797,128.16000366210938,130.32666015625,3512700
2023-01-19,121.59783172607422,124.61000061035156,127.13333129882812,124.2066650390625,127.06666564941406,3775200
2023-01-20,125.40355682373047,128.50999450683594,128.58999633789062,124.66999816894531,125.94999694824219,3352500
2023-01-23,131.7008819580078,134.9633331298828,135.413330078125,129.50332641601562,129.7100067138672,5726700
2023-01-24,130.70553588867188,133.94332885742188,135.1999969482422,133.13333129882812,133.31666564941406,2370300
2023-01-25,131.0601348876953,134.30667114257812,134.54666137695312,130.57666015625,131.586669921875,3301200
2023-01-26,133.26870727539062,136.57000732421875,136.7433319091797,133.60000610351562,135.84666442871094,3896700
2023-01-27,132.41978454589844,135.6999969482422,136.8733367919922,133.8633270263672,134.2100067138672,4289700
2023-01-30,128.90353393554688,132.09666442871094,134.66000366210938,131.99000549316406,133.85000610351562,4384500
2023-01-31,131.30731201171875,134.55999755859375,134.6233367919922,131.71665954589844,131.8433380126953,3104100
2023-02-01,138.15435791015625,141.57666015625,143.0066680908203,135.10667419433594,135.22666931152344,7244100
2023-02-02,141.35508728027344,144.85667419433594,146.0366668701172,142.2133331298828,143.02667236328125,7456200
2023-02-03,138.5967254638672,142.02999877929688,145.2933349609375,141.27667236328125,141.6366729736328,5555400
2023-02-06,136.34580993652344,139.72332763671875,141.8733367919922,139.09666442871094,139.80999755859375,2496300
2023-02-07,140.68177795410156,144.1666717529297,144.85667419433594,139.91000366210938,140.26333618164062,3285300
2023-02-08,137.65670776367188,141.06666564941406,144.38333129882812,140.73666381835938,143.2066650390625,3522000
2023-02-09,138.0080108642578,141.42666625976562,145.18666076660156,140.3800048828125,143.57666015625,3015600
2023-02-10,135.81236267089844,139.17666625976562,140.3866729736328,137.663330078125,139.97999572753906,2947800
2023-02-13,137.80953979492188,141.22332763671875,141.6300048828125,138.6133270263672,139.8333282470703,2122500
2023-02-14,140.31094360351562,143.7866668701172,144.22000122070312,138.92666625976562,139.97666931152344,3252000
2023-02-15,140.8834228515625,144.3733367919922,144.44667053222656,141.24000549316406,142.2899932861328,2143500
2023-02-16,137.4290008544922,140.8333282470703,143.25999450683594,140.60333251953125,141.77333068847656,3444900
2023-02-17,135.2886962890625,138.63999938964844,140.41000366210938,137.38333129882812,140.0,3064200
2023-02-21,130.90719604492188,134.14999389648438,138.0933380126953,133.88999938964844,136.48333740234375,2208600
2023-02-22,130.27943420410156,133.5066680908203,135.47000122070312,132.6999969482422,134.4633331298828,2285700
2023-02-23,134.5633544921875,137.89666748046875,138.55332946777344,135.19000244140625,138.0,4617000
2023-02-24,132.1530303955078,135.42666625976562,136.13999938964844,134.41000366210938,135.4499969482422,2842200
2023-02-27,132.8523406982422,136.14332580566406,137.7100067138672,136.0933380126953,137.69000244140625,2040900
2023-02-28,133.30775451660156,136.61000061035156,138.4566650390625,135.53334045410156,135.82666015625,1582500
2023-03-01,133.34352111816406,136.64666748046875,138.31333923339844,136.10667419433594,137.1133270263672,1922400
2023-03-02,134.4104461669922,137.74000549316406,138.39666748046875,133.47666931152344,134.52000427246094,3108300
2023-03-03,136.48243713378906,139.8633270263672,140.01666259765625,136.67333984375,137.7100067138672,2408700
2023-03-06,134.89508056640625,138.23666381835938,141.4600067138672,137.9066619873047,140.25332641601562,2177100
2023-03-07,133.47366333007812,136.77999877929688,138.96665954589844,136.22999572753906,138.38333129882812,1899000
2023-03-08,137.0224151611328,140.4166717529297,140.57000732421875,137.3300018310547,137.3300018310547,2088300
2023-03-09,134.29983520507812,137.6266632080078,142.41000366210938,137.4166717529297,140.23666381835938,3889800
2023-03-10,131.70411682128906,134.96665954589844,138.72332763671875,134.32666015625,138.36666870117188,3320700
2023-03-13,131.74317932128906,135.0066680908203,136.6666717529297,132.16000366210938,133.55667114257812,3512700
2023-03-14,135.59445190429688,138.95333862304688,139.81333923339844,136.7066650390625,137.36000061035156,2743200
2023-03-15,134.0135955810547,137.3333282470703,137.64666748046875,134.42999267578125,136.96665954589844,3527100
2023-03-16,139.24732971191406,142.69667053222656,143.00999450683594,136.1366729736328,136.73333740234375,3730200
2023-03-17,138.38531494140625,141.81333923339844,144.07666015625,141.0399932861328,142.97000122070312,2828400
2023-03-20,139.84906005859375,143.31333923339844,143.77333068847656,140.9166717529297,142.08999633789062,2155800
2023-03-21,140.12551879882812,143.59666442871094,146.0,141.46665954589844,144.47999572753906,2899500
2023-03-22,138.73333740234375,142.1699981689453,147.4166717529297,142.13333129882812,143.60000610351562,3313200
2023-03-23,142.5134735107422,145.67666625976562,147.6300048828125,143.13333129882812,144.27667236328125,4039800
2023-03-24,140.04164123535156,143.14999389648438,144.88999938964844,141.6999969482422,144.49667358398438,3120600
2023-03-27,138.3981475830078,141.47000122070312,144.10667419433594,140.97332763671875,143.6666717529297,1806300
2023-03-28,137.36114501953125,140.41000366210938,141.25999450683594,138.27000427246094,141.14332580566406,2737500
2023-03-29,141.77647399902344,144.92333984375,145.93333435058594,142.48666381835938,142.75332641601562,3140400
2023-03-30,144.11131286621094,147.30999755859375,148.27333068847656,146.26666259765625,146.75999450683594,2602200
2023-03-31,145.00482177734375,148.22332763671875,148.44667053222656,145.95333862304688,146.19000244140625,2151000
2023-04-03,143.7526092529297,146.94332885742188,147.9166717529297,145.1266632080078,147.35667419433594,1876800
2023-04-04,141.07211303710938,144.20333862304688,147.25332641601562,143.39666748046875,147.2100067138672,2324100
2023-04-05,138.6263885498047,141.70333862304688,142.78334045410156,140.2066650390625,142.663330078125,3343800
2023-04-06,137.9122314453125,140.97332763671875,142.01333618164062,139.32333374023438,140.41000366210938,1894800
2023-04-10,140.3481903076172,143.4633331298828,143.56333923339844,139.5366668701172,139.75999450683594,1927200
2023-04-11,139.61117553710938,142.7100067138672,144.35667419433594,142.43666076660156,144.2566680908203,1823100
2023-04-12,137.05787658691406,140.10000610351562,144.1666717529297,139.9633331298828,144.1233367919922,2598900
2023-04-13,138.1861572265625,141.25332641601562,142.0833282470703,139.2933349609375,140.4166717529297,3013500
2023-04-14,137.97093200683594,141.03334045410156,142.82666015625,139.49667358398438,141.1199951171875,1963500
2023-04-17,137.97093200683594,141.03334045410156,141.1233367919922,139.09666442871094,139.51666259765625,2206500
2023-04-18,138.56765747070312,141.64332580566406,143.36000061035156,140.57000732421875,142.13333129882812,2765100
2023-04-19,137.05136108398438,140.0933380126953,140.42999267578125,139.23666381835938,139.76333618164062,1264500
2023-04-20,136.92416381835938,139.9633331298828,142.06333923339844,138.5500030517578,138.69000244140625,2391900
2023-04-21,135.91981506347656,138.93666076660156,139.47999572753906,137.7133331298828,139.47999572753906,2157600
2023-04-24,135.30999755859375,138.31333923339844,139.47666931152344,137.3800048828125,138.68666076660156,2074800
2023-04-25,130.7642364501953,133.6666717529297,137.5,133.5800018310547,137.48666381835938,2482500
2023-04-26,131.4620819091797,134.3800048828125,135.7566680908203,133.69332885742188,135.05667114257812,1926300
2023-04-27,132.01641845703125,134.94667053222656,135.11666870117188,131.52999877929688,134.2066650390625,3116700
2023-04-28,134.39697265625,137.3800048828125,137.413330078125,134.97332763671875,135.57333374023438,2359200
2023-05-01,135.61326599121094,138.6233367919922,139.02667236328125,137.57000732421875,137.92999267578125,1803900
2023-05-02,134.64474487304688,137.63333129882812,139.46665954589844,136.2899932861328,138.67666625976562,2115600
2023-05-03,133.09909057617188,136.05332946777344,138.50999450683594,135.95333862304688,136.86000061035156,2525400
2023-05-04,132.35232543945312,135.2899932861328,136.45333862304688,134.07666015625,134.97666931152344,2102700
2023-05-05,135.29696655273438,138.3000030517578,138.8800048828125,134.77333068847656,135.4566650390625,1619400
2023-05-08,135.8676300048828,138.88333129882812,138.97999572753906,137.0,138.14666748046875,1365300
2023-05-09,133.5556182861328,136.52000427246094,137.0933380126953,135.9633331298828,136.91000366210938,2348400
2023-05-10,134.91542053222656,137.91000366210938,138.8866729736328,136.57666015625,138.05332946777344,2766600
2023-05-11,134.03172302246094,137.0066680908203,138.24667358398438,135.7066650390625,137.9499969482422,1854600
2023-05-12,133.90780639648438,136.8800048828125,138.06666564941406,135.58999633789062,137.49667358398438,1383300
2023-05-15,137.5437774658203,140.59666442871094,140.6233367919922,136.86666870117188,137.27000427246094,1799100
2023-05-16,137.2861328125,140.3333282470703,141.92999267578125,140.13999938964844,140.13999938964844,2047500
2023-05-17,140.6775665283203,143.8000030517578,144.35333251953125,140.72999572753906,141.61666870117188,1986000
2023-05-18,145.12222290039062,148.3433380126953,148.70333862304688,144.3333282470703,144.44000244140625,3429300
2023-05-19,144.3754425048828,147.5800018310547,148.24667358398438,146.6566619873047,147.91000366210938,2877600
2023-05-22,144.87437438964844,148.08999633789062,148.47999572753906,146.18666076660156,146.25,2299800
2023-05-23,143.08412170410156,146.25999450683594,148.06666564941406,145.93666076660156,147.09666442871094,1553100
2023-05-24,140.52427673339844,143.64332580566406,144.2433319091797,142.1266632080078,143.31666564941406,4341000
2023-05-25,149.8832244873047,153.2100067138672,153.8000030517578,148.61666870117188,150.24667358398438,12973800
2023-05-26,159.67913818359375,163.22332763671875,164.06333923339844,155.4933319091797,155.54666137695312,8010900
2023-05-30,159.54542541503906,163.086669921875,167.67333984375,162.42333984375,167.0,7862700
2023-05-31,155.4496307373047,158.89999389648438,162.5366668701172,158.82666015625,160.3300018310547,5358600
2023-06-01,158.12364196777344,161.63333129882812,163.01333618164062,158.23333740234375,159.8699951171875,7343700
2023-06-02,157.7518768310547,161.25332641601562,163.3333282470703,160.0800018310547,162.86666870117188,3318900
2023-06-05,155.30943298339844,158.7566680908203,160.75332641601562,157.94332885742188,160.663330078125,2710800
2023-06-06,157.18447875976562,160.67333984375,161.45333862304688,157.39666748046875,157.6366729736328,3235500
2023-06-07,156.9529571533203,160.22000122070312,163.7899932861328,159.85667419433594,161.51666259765625,3906300
2023-06-08,158.55955505371094,161.86000061035156,162.25999450683594,159.8633270263672,160.69000244140625,2724900
2023-06-09,158.97747802734375,162.2866668701172,164.80332946777344,161.52333068847656,163.69332885742188,2519400
2023-06-12,164.09759521484375,167.51333618164062,167.67333984375,163.99000549316406,164.19000244140625,2638500
2023-06-13,166.29515075683594,169.7566680908203,170.85667419433594,167.82666015625,170.2066650390625,4164300
2023-06-14,168.65603637695312,172.1666717529297,172.25,168.1366729736328,169.1233367919922,8500500
2023-06-15,167.26171875,170.7433319091797,172.00332641601562,169.52000427246094,170.18333435058594,6561300
2023-06-16,165.7172088623047,169.1666717529297,172.47999572753906,168.92333984375,172.4633331298828,4956300
2023-06-20,164.37513732910156,167.79666137695312,169.8699951171875,166.32000732421875,168.38999938964844,2024400
2023-06-21,160.3685302734375,163.7066650390625,167.57666015625,163.51666259765625,166.7433319091797,4128300
2023-06-22,161.11631774902344,164.47000122070312,165.15333557128906,162.3699951171875,162.5933380126953,3656400
2023-06-23,158.27870178222656,161.57333374023438,162.60000610351562,160.836669921875,161.82000732421875,2057400
2023-06-26,158.79136657714844,162.09666442871094,165.20333862304688,162.08999633789062,162.7066650390625,2434800
2023-06-27,164.33921813964844,167.75999450683594,168.0433349609375,162.0500030517578,162.6666717529297,2763600
2023-06-28,163.07225036621094,166.46665954589844,167.8766632080078,164.8733367919922,165.05332946777344,2912400
2023-06-29,163.1179962158203,166.51333618164062,167.25999450683594,165.13333129882812,167.14332580566406,1674600
2023-06-30,165.63882446289062,169.086669921875,169.76333618164062,167.74667358398438,168.34666442871094,1618200
2023-07-03,167.11148071289062,170.58999633789062,171.0,168.71665954589844,169.8633270263672,809400
2023-07-05,163.41839599609375,166.82000732421875,169.8000030517578,166.76666259765625,169.4499969482422,2821800
2023-07-06,161.35791015625,164.71665954589844,164.9933319091797,162.63999938964844,163.98666381835938,3454200
2023-07-07,161.42649841308594,164.7866668701172,167.4066619873047,164.52000427246094,165.02667236328125,1824300
2023-07-10,164.78652954101562,168.21665954589844,168.3633270263672,165.1366729736328,165.30332946777344,1833600
2023-07-11,164.79307556152344,168.22332763671875,169.10667419433594,165.79666137695312,168.8000030517578,2370300
2023-07-12,167.86256408691406,171.35667419433594,171.6666717529297,169.69332885742188,170.6566619873047,4269300
2023-07-13,171.3303680419922,174.89666748046875,175.2933349609375,172.5066680908203,173.17333984375,2791200
2023-07-14,169.1883087158203,172.7100067138672,176.48333740234375,171.99667358398438,174.9166717529297,5124900
2023-07-17,173.23733520507812,176.8433380126953,177.71665954589844,171.7100067138672,172.77333068847656,2926200
2023-07-18,173.5573272705078,177.1699981689453,177.75332641601562,174.70333862304688,176.0833282470703,2669400
2023-07-19,171.49688720703125,175.06666564941406,177.52667236328125,174.6300048828125,177.39999389648438,2483400
2023-07-20,165.2600555419922,168.6999969482422,172.5399932861328,167.93333435058594,171.94332885742188,5085600
2023-07-21,166.75230407714844,170.22332763671875,171.81333923339844,169.27000427246094,170.5366668701172,2527800
2023-07-24,166.7457733154297,170.21665954589844,171.42666625976562,169.3333282470703,170.22000122070312,1544400
2023-07-25,169.55076599121094,173.0800018310547,174.11000061035156,171.1999969482422,171.1999969482422,1869300
2023-07-26,167.20947265625,170.69000244140625,172.13333129882812,168.82333374023438,170.9199981689453,2618700
2023-07-27,170.35400390625,173.89999389648438,177.5366668701172,172.92666625976562,175.1300048828125,3826500
2023-07-28,174.07327270507812,177.69667053222656,178.3000030517578,175.47999572753906,177.2133331298828,2821500
2023-07-31,174.79490661621094,178.43333435058594,178.9600067138672,177.3300018310547,178.34666442871094,1628400
2023-08-01,174.90591430664062,178.54666137695312,178.92333984375,176.25332641601562,176.8000030517578,1343400
2023-08-02,168.2119598388672,171.7133331298828,176.32666015625,170.69000244140625,176.27999877929688,4657800
2023-08-03,167.78091430664062,171.27333068847656,172.50999450683594,169.02333068847656,169.6566619873047,4354800
2023-08-04,167.5164337158203,171.00332641601562,173.3800048828125,169.1199951171875,170.65333557128906,4139400
2023-08-07,169.27969360351562,172.80332946777344,173.02333068847656,171.18666076660156,172.23333740234375,2262900
2023-08-08,166.5857696533203,170.05332946777344,170.24667358398438,167.77333068847656,170.10333251953125,2767500
2023-08-09,163.52940368652344,166.93333435058594,170.00332641601562,166.59666442871094,169.93666076660156,3228000
2023-08-10,162.86981201171875,166.25999450683594,170.05332946777344,165.1300048828125,168.26666259765625,3831600
2023-08-11,158.9219970703125,162.22999572753906,164.3333282470703,161.93666076660156,164.22000122070312,3882000
2023-08-14,163.5065460205078,166.91000366210938,166.9499969482422,161.0500030517578,161.60667419433594,3127200
2023-08-15,160.77671813964844,164.1233367919922,166.5800018310547,163.93333435058594,166.04666137695312,2276700
2023-08-16,157.6648406982422,160.94667053222656,164.11000061035156,160.82000732421875,163.94667053222656,2840100
2023-08-17,156.12355041503906,159.3733367919922,161.61000061035156,158.8699951171875,161.24667358398438,2624400
2023-08-18,156.96275329589844,160.22999572753906,160.80332946777344,157.30667114257812,157.6366729736328,2315700
2023-08-21,161.4722442626953,164.8333282470703,165.07666015625,160.72999572753906,160.98666381835938,2757900
2023-08-22,160.04852294921875,163.3800048828125,167.05332946777344,162.82333374023438,166.85000610351562,2055300
2023-08-23,163.3204345703125,166.72000122070312,167.30667114257812,162.25332641601562,162.43666076660156,3027300
2023-08-24,157.92279052734375,161.2100067138672,169.9566650390625,160.8433380126953,169.86666870117188,4848600
2023-08-25,158.6019744873047,161.90333557128906,163.2899932861328,158.6666717529297,161.1699981689453,3435900
2023-08-28,160.6101837158203,163.95333862304688,164.4066619873047,162.28334045410156,163.49667358398438,1689300
2023-08-29,164.82899475097656,168.25999450683594,168.81333923339844,162.89666748046875,163.13333129882812,2730000
2023-08-30,165.6061553955078,169.05332946777344,169.74667358398438,166.55667114257812,167.7566680908203,3073800
2023-08-31,166.75230407714844,170.22332763671875,171.20333862304688,168.44332885742188,168.44332885742188,2109000
2023-09-01,167.1865997314453,170.6666717529297,171.75,169.43333435058594,171.36000061035156,1891200
2023-09-05,167.13111877441406,170.61000061035156,171.94667053222656,169.14999389648438,170.06333923339844,1871100
2023-09-06,165.92291259765625,169.3766632080078,171.25999450683594,167.47332763671875,170.13333129882812,2008200
2023-09-07,162.1253204345703,165.5,165.97332763671875,163.413330078125,165.49000549316406,3877500
2023-09-08,161.2860870361328,164.64332580566406,166.35000610351562,163.9566650390625,165.14999389648438,1333800
2023-09-11,161.1946563720703,164.5500030517578,166.74000549316406,162.3300018310547,166.7100067138672,1422900
2023-09-12,159.82652282714844,163.15333557128906,165.93666076660156,163.0366668701172,163.4633331298828,1720500
2023-09-13,160.6461181640625,163.99000549316406,165.64666748046875,162.93333435058594,163.10667419433594,2927700
2023-09-14,161.7954864501953,165.163330078125,165.85667419433594,163.60000610351562,165.5800018310547,2022000
2023-09-15,157.12603759765625,160.39666748046875,164.18333435058594,159.5833282470703,164.18333435058594,2901000
2023-09-18,157.6615753173828,160.94332885742188,161.53334045410156,158.8433380126953,159.1666717529297,1722600
2023-09-19,156.33255004882812,159.586669921875,160.5500030517578,158.73666381835938,160.4633331298828,1553700
2023-09-20,153.7659912109375,156.96665954589844,160.98666381835938,156.913330078125,160.31333923339844,2122800
2023-09-21,150.92837524414062,154.07000732421875,156.0800018310547,154.0,155.0933380126953,2532900
2023-09-22,152.18553161621094,155.35333251953125,156.90333557128906,154.7433319091797,155.5366668701172,2395500
2023-09-25,153.29901123046875,156.49000549316406,156.63333129882812,153.91000366210938,154.6266632080078,1587600
2023-09-26,150.51553344726562,153.10333251953125,155.05999755859375,152.42333984375,154.6666717529297,2349000
2023-09-27,151.84275817871094,154.45333862304688,155.61666870117188,152.1566619873047,154.35667419433594,2727300
2023-09-28,154.65438842773438,157.31333923339844,158.97332763671875,153.49667358398438,154.13333129882812,3674400
2023-09-29,155.21475219726562,157.88333129882812,160.1666717529297,157.39666748046875,159.58999633789062,2802600
2023-10-02,155.99795532226562,158.67999267578125,159.92999267578125,156.7566680908203,158.22666931152344,2466600
2023-10-03,152.77012634277344,155.39666748046875,159.41000366210938,154.3000030517578,157.20333862304688,2685900
2023-10-04,154.79856872558594,157.4600067138672,157.93333435058594,155.01333618164062,156.15333557128906,3280200
2023-10-05,154.04815673828125,156.69667053222656,158.10667419433594,155.25,157.5,1902300
2023-10-06,157.35791015625,160.06333923339844,160.8433380126953,154.86000061035156,155.88999938964844,3818700
2023-10-09,156.9646759033203,159.663330078125,160.1133270263672,157.1699981689453,158.3866729736328,2082000
2023-10-10,158.97674560546875,161.7100067138672,163.14999389648438,159.5,160.16000366210938,1863300
2023-10-11,160.17286682128906,162.92666625976562,163.2566680908203,160.99000549316406,162.26333618164062,2983200
2023-10-12,160.58250427246094,163.3433380126953,165.68666076660156,161.77000427246094,163.19667053222656,3051600
2023-10-13,156.21096801757812,158.89666748046875,163.86000061035156,158.58999633789062,163.6699981689453,2544900
2023-10-16,158.42294311523438,161.14666748046875,161.7433319091797,159.27667236328125,159.43333435058594,1732500
2023-10-17,157.26614379882812,159.97000122070312,161.11000061035156,156.11000061035156,157.92999267578125,2450100
2023-10-18,154.4315643310547,157.086669921875,158.43333435058594,156.2566680908203,157.23666381835938,2865900
2023-10-19,152.05245971679688,154.6666717529297,158.94332885742188,154.11000061035156,158.51666259765625,4398300
2023-10-20,149.85357666015625,152.42999267578125,155.74667358398438,152.15333557128906,154.6566619873047,3013200
2023-10-23,149.00160217285156,151.56333923339844,154.17333984375,149.9166717529297,151.52667236328125,2846100
2023-10-24,151.02346801757812,153.6199951171875,153.9199981689453,151.77000427246094,152.48666381835938,2233500
2023-10-25,144.91844177246094,147.41000366210938,152.10000610351562,146.6366729736328,151.58999633789062,3244200
2023-10-26,144.05662536621094,146.53334045410156,149.79666137695312,145.8699951171875,148.06333923339844,4508100
2023-10-27,145.60659790039062,148.11000061035156,149.50999450683594,147.43333435058594,148.6133270263672,2436900
2023-10-30,143.65679931640625,146.1266632080078,147.99667358398438,144.5399932861328,147.05332946777344,2743200
2023-10-31,144.97088623046875,147.4633331298828,147.8433380126953,144.40333557128906,146.25332641601562,1911600
2023-11-01,148.38221740722656,150.93333435058594,151.07000732421875,147.47999572753906,147.47999572753906,3542100
2023-11-02,151.7542266845703,154.3633270263672,155.46665954589844,152.35333251953125,153.92999267578125,2726700
2023-11-03,155.74237060546875,158.4199981689453,159.57000732421875,155.78334045410156,156.07333374023438,2326800
2023-11-06,155.45396423339844,158.1266632080078,159.11666870117188,156.6300048828125,158.67666625976562,1740000
2023-11-07,156.44363403320312,159.13333129882812,159.8300018310547,157.5366668701172,157.77999877929688,1556400
2023-11-08,156.60093688964844,159.2933349609375,160.0399932861328,158.19332885742188,159.28334045410156,2233800
2023-11-09,155.85047912597656,158.52999877929688,162.24000549316406,158.2100067138672,160.3333282470703,2383200
2023-11-10,162.13575744628906,164.92333984375,165.43666076660156,159.85333251953125,160.51666259765625,2229000
2023-11-13,160.55625915527344,163.31666564941406,163.8766632080078,162.25332641601562,163.6266632080078,1956000
2023-11-14,166.49415588378906,169.35667419433594,169.86000061035156,167.1566619873047,167.44667053222656,2765100
2023-11-15,167.70339965820312,170.586669921875,171.86000061035156,169.3000030517578,170.41000366210938,5104800
2023-11-16,167.78529357910156,170.6699981689453,171.17666625976562,169.29666137695312,169.8699951171875,2275500
2023-11-17,168.9650115966797,171.8699951171875,172.20333862304688,169.86000061035156,170.13999938964844,1815300
2023-11-20,171.45555114746094,174.40333557128906,175.0,171.6266632080078,171.68333435058594,1482000
2023-11-21,168.25062561035156,171.14332580566406,172.97332763671875,170.26333618164062,172.97332763671875,3018600
2023-11-22,168.78805541992188,171.69000244140625,174.40333557128906,171.2100067138672,172.2866668701172,2044200
2023-11-24,168.90931701660156,171.81333923339844,172.0066680908203,171.07666015625,171.67999267578125,516600
2023-11-27,168.67335510253906,171.57333374023438,173.02999877929688,170.75,171.17666625976562,1816800
2023-11-28,167.68698120117188,170.57000732421875,171.47332763671875,169.1999969482422,170.58999633789062,1852200
2023-11-29,169.5057373046875,172.4199981689453,175.00999450683594,172.1300048828125,172.98666381835938,3665700
2023-11-30,168.32272338867188,171.21665954589844,172.8633270263672,169.836669921875,172.69000244140625,2419500
2023-12-01,169.1125030517578,172.02000427246094,172.33999633789062,169.0,170.3300018310547,1719600
2023-12-04,167.21836853027344,170.0933380126953,170.44000244140625,167.63999938964844,170.26666259765625,1810500
2023-12-05,166.26806640625,169.1266632080078,169.57666015625,167.72332763671875,168.4633331298828,2568300
2023-12-06,165.24237060546875,168.0833282470703,171.67999267578125,167.8866729736328,171.5833282470703,2683500
2023-12-07,169.6728515625,172.58999633789062,173.1233367919922,168.99000549316406,169.6666717529297,1916700
2023-12-08,171.01316833496094,173.95333862304688,174.7133331298828,172.11000061035156,172.18333435058594,4207200
2023-12-11,176.84616088867188,179.8866729736328,180.44667053222656,175.39666748046875,175.5833282470703,3977100
2023-12-12,178.12094116210938,181.18333435058594,181.2100067138672,178.663330078125,178.97999572753906,2226600
2023-12-13,180.86376953125,183.97332763671875,185.02333068847656,180.5366668701172,181.2100067138672,5724900
2023-12-14,185.87753295898438,189.07333374023438,189.60667419433594,185.4600067138672,185.4600067138672,3372300
2023-12-15,186.56906127929688,189.77667236328125,191.91000366210938,189.36666870117188,189.6266632080078,3956100
2023-12-18,186.05125427246094,189.25,190.086669921875,187.52667236328125,189.77333068847656,2272200
2023-12-19,187.044189453125,190.25999450683594,190.64332580566406,189.27999877929688,189.52000427246094,1910100
2023-12-20,181.4994354248047,184.2566680908203,189.56333923339844,184.2566680908203,188.46665954589844,3355800
2023-12-21,186.5231170654297,189.35667419433594,189.70333862304688,187.3633270263672,188.24000549316406,2589300
2023-12-22,187.12071228027344,189.9633331298828,191.10000610351562,188.61000061035156,190.25999450683594,2363400
2023-12-26,190.42715454101562,193.32000732421875,194.086669921875,190.8333282470703,190.8333282470703,1906500
2023-12-27,190.9163818359375,193.81666564941406,194.53334045410156,192.74667358398438,194.20333862304688,1877400
2023-12-28,190.55848693847656,193.45333862304688,194.6366729736328,193.1999969482422,194.26666259765625,1053000
2023-12-29,189.1597137451172,192.03334045410156,193.8800048828125,191.0,193.4933319091797,1452300
2024-01-02,182.3465576171875,185.11666870117188,188.78334045410156,183.5433349609375,188.78334045410156,3256800
2024-01-03,178.42941284179688,181.13999938964844,182.8733367919922,180.42333984375,181.8433380126953,4069800
2024-01-04,176.9288787841797,179.61666870117188,181.44332885742188,177.8800048828125,178.27999877929688,3737100
2024-01-05,177.91061401367188,180.6133270263672,182.1999969482422,179.3866729736328,179.95333862304688,3888900
2024-01-08,183.70590209960938,186.49667358398438,186.98333740234375,181.80667114257812,181.85667419433594,3202200
2024-01-09,183.76828002929688,186.55999755859375,187.9933319091797,184.11666870117188,184.39332580566406,2944200
2024-01-10,183.15097045898438,185.93333435058594,187.02333068847656,183.5833282470703,186.98333740234375,2821800
2024-01-11,183.827392578125,186.6199951171875,187.8333282470703,182.97332763671875,186.19667053222656,3692100
2024-01-12,183.01638793945312,185.79666137695312,187.77667236328125,184.89666748046875,186.8699951171875,2277000
2024-01-16,185.6103057861328,188.42999267578125,189.70333862304688,185.07000732421875,186.02667236328125,4151400
2024-01-17,183.9094696044922,186.70333862304688,186.92333984375,183.5366668701172,186.5066680908203,4971000
2024-01-18,189.98057556152344,192.86666870117188,193.1199951171875,189.80999755859375,191.8866729736328,3552000
2024-01-19,197.41102600097656,200.41000366210938,200.6699981689453,194.30332946777344,195.29666137695312,5326800
2024-01-22,198.05787658691406,201.06666564941406,203.69332885742188,199.22332763671875,202.07000732421875,5288400
2024-01-23,199.37127685546875,202.39999389648438,202.63999938964844,199.22999572753906,201.13999938964844,3282000
2024-01-24,202.27383422851562,205.34666442871094,208.07666015625,203.13333129882812,204.73666381835938,6283800
2024-01-25,201.71237182617188,204.77667236328125,209.26333618164062,203.7433319091797,209.1266632080078,3916800
2024-01-26,196.2749481201172,199.2566680908203,201.9499969482422,198.56666564941406,200.586669921875,5781300
2024-01-29,198.31727600097656,201.3300018310547,201.3300018310547,198.19000244140625,199.64999389648438,3467400
2024-01-30,195.25379943847656,198.22000122070312,201.35333251953125,197.39332580566406,200.1266632080078,3059100
2024-01-31,192.42674255371094,195.35000610351562,198.92333984375,193.60667419433594,195.13999938964844,6573600
2024-02-01,193.3789520263672,196.31666564941406,196.80332946777344,193.74667358398438,196.13999938964844,3464100
2024-02-02,195.8480987548828,198.82333374023438,199.28334045410156,195.77667236328125,196.30999755859375,4801200
2024-02-05,198.5241241455078,201.5399932861328,202.5433349609375,198.30999755859375,200.52000427246094,4735200
2024-02-06,196.20928955078125,199.19000244140625,202.26666259765625,196.95333862304688,202.11000061035156,3624000
2024-02-07,199.21035766601562,202.23666381835938,202.42666625976562,198.51333618164062,200.60000610351562,4839300
2024-02-08,202.63502502441406,205.7133331298828,207.1999969482422,202.79666137695312,202.8733367919922,2760900
2024-02-09,206.67041015625,209.80999755859375,210.14332580566406,205.75,206.96665954589844,3518700
2024-02-12,206.29605102539062,209.42999267578125,213.30667114257812,208.586669921875,209.8333282470703,4299900
2024-02-13,202.05711364746094,205.1266632080078,207.34666442871094,202.36666870117188,203.35667419433594,6551400
2024-02-14,206.6211395263672,209.75999450683594,209.86666870117188,206.85333251953125,207.7566680908203,3236400
2024-02-15,206.42410278320312,209.55999755859375,211.3800048828125,208.6300048828125,211.1233367919922,2845500
2024-02-16,205.25523376464844,208.3733367919922,212.75,207.7566680908203,211.13333129882812,4103100
2024-02-20,201.80101013183594,204.86666870117188,207.16000366210938,201.7100067138672,206.4199981689453,5547600
2024-02-21,201.33804321289062,204.39666748046875,204.44667053222656,201.47999572753906,202.5500030517578,4471500
2024-02-22,211.26065063476562,214.47000122070312,215.6266632080078,211.50332641601562,212.44332885742188,6676500
2024-02-23,208.9818878173828,212.1566619873047,216.66000366210938,211.02667236328125,215.5500030517578,5105100
2024-02-26,211.0439453125,214.25,215.2066650390625,212.75999450683594,214.29666137695312,3759000
2024-02-27,210.8337860107422,214.0366668701172,215.8333282470703,213.48333740234375,215.28334045410156,4560900
2024-02-28,208.463134765625,211.6300048828125,212.75999450683594,210.6366729736328,211.6666717529297,2923800
2024-02-29,214.11065673828125,217.3633270263672,217.8000030517578,213.5833282470703,214.25332641601562,3382800
2024-03-01,223.2222442626953,226.6133270263672,227.58999633789062,219.6266632080078,219.8766632080078,6123000
2024-03-04,225.41558837890625,228.83999633789062,231.3433380126953,227.57666015625,229.1266632080078,7328400
2024-03-05,220.99606323242188,224.35333251953125,227.64332580566406,221.89332580566406,226.07333374023438,7260000
2024-03-06,226.4269256591797,229.86666870117188,232.28334045410156,227.31333923339844,229.02667236328125,5531700
2024-03-07,234.1922607421875,237.75,238.7100067138672,232.64999389648438,232.7899932861328,4799600
2024-03-08,224.71624755859375,228.1300048828125,240.00999450683594,227.97000122070312,238.5500030517578,10483000
2024-03-11,221.7315673828125,225.10000610351562,226.7899932861328,222.52000427246094,225.5,4499800
2024-03-12,226.33169555664062,229.77000427246094,229.88999938964844,223.99000549316406,227.97999572753906,3598400
2024-03-13,220.8154754638672,224.1699981689453,227.3699951171875,222.80999755859375,227.0500030517578,3264600
2024-03-14,217.04281616210938,220.33999633789062,224.83999633789062,218.1199951171875,223.57000732421875,4662100
2024-03-15,215.4864501953125,218.75999450683594,221.3699951171875,217.10000610351562,217.39999389648438,4105300
2024-03-18,215.31900024414062,218.58999633789062,223.33999633789062,218.3699951171875,222.5,3143300
2024-03-19,213.51634216308594,216.75999450683594,217.69000244140625,212.64999389648438,215.75,3558700
2024-03-20,217.15115356445312,220.4499969482422,221.02999877929688,215.52999877929688,217.27999877929688,3386600
2024-03-21,222.0369873046875,225.17999267578125,229.27999877929688,224.75999450683594,227.3699951171875,4059800
2024-03-22,222.30322265625,225.4499969482422,227.10000610351562,223.4499969482422,224.16000366210938,2658900
2024-03-25,221.4355010986328,224.57000732421875,226.61000061035156,221.7100067138672,222.25,2283500
2024-03-26,219.76907348632812,222.8800048828125,226.8800048828125,222.8300018310547,226.19000244140625,4414200
2024-03-27,222.52999877929688,225.67999267578125,225.75999450683594,221.39999389648438,225.38999938964844,4161700
2024-03-28,222.76666259765625,225.9199981689453,227.0,224.91000366210938,225.4199981689453,1794300
2024-04-01,225.1134490966797,228.3000030517578,231.4499969482422,226.05999755859375,226.05999755859375,3000900
2024-04-02,221.642578125,224.77999877929688,225.25999450683594,222.39999389648438,224.5399932861328,2383500
2024-04-03,222.26376342773438,225.41000366210938,226.99000549316406,222.13999938964844,222.1699981689453,1860600
2024-04-04,215.9728546142578,219.02999877929688,229.1699981689453,218.55999755859375,228.50999450683594,3744000
2024-04-05,218.53651428222656,221.6300048828125,223.0,218.5800018310547,220.0,2428300
2024-04-08,219.0985870361328,222.1999969482422,224.11000061035156,221.30999755859375,222.94000244140625,1866900
2024-04-09,221.4552001953125,224.58999633789062,225.3000030517578,220.75999450683594,224.44000244140625,3170100
2024-04-10,217.4124298095703,220.49000549316406,223.42999267578125,219.22999572753906,220.83999633789062,3610500
2024-04-11,222.3229522705078,225.47000122070312,225.8699951171875,220.05999755859375,221.8800048828125,2455300
2024-04-12,215.02621459960938,218.07000732421875,221.75999450683594,217.63999938964844,221.49000549316406,3210400
2024-04-15,212.3047637939453,215.30999755859375,221.86000061035156,214.24000549316406,221.0500030517578,3170800
2024-04-16,213.91197204589844,216.94000244140625,218.0,214.50999450683594,215.39999389648438,2452300
2024-04-17,207.423828125,210.36000061035156,217.44000244140625,209.89999389648438,217.10000610351562,4798600
2024-04-18,203.74591064453125,206.6300048828125,210.22999572753906,205.97000122070312,208.86000061035156,5372700
2024-04-19,195.62091064453125,198.38999938964844,206.1199951171875,197.42999267578125,204.8000030517578,6406600
2024-04-22,198.8452911376953,201.66000366210938,203.11000061035156,198.02000427246094,200.44000244140625,4493800
2024-04-23,202.9965057373047,205.8699951171875,206.86000061035156,202.5,203.0500030517578,3645400
2024-04-24,205.62925720214844,208.5399932861328,212.5,206.74000549316406,211.3800048828125,4077600
2024-04-25,209.4452362060547,212.41000366210938,213.8300018310547,206.92999267578125,208.0399932861328,3902900
2024-04-26,213.87254333496094,216.89999389648438,217.82000732421875,211.66000366210938,212.14999389648438,3812600
2024-04-29,215.49951171875,218.5500030517578,218.75999450683594,214.97000122070312,216.52000427246094,3247300
2024-04-30,211.00318908691406,213.99000549316406,220.0,213.92999267578125,217.60000610351562,3583500
2024-05-01,203.8740692138672,206.75999450683594,213.83999633789062,205.58999633789062,210.00999450683594,7023200
2024-05-02,208.45919799804688,211.41000366210938,212.16000366210938,206.52000427246094,210.3000030517578,3955500
2024-05-03,213.15272521972656,216.1699981689453,217.41000366210938,214.47999572753906,215.85000610351562,3467100
2024-05-06,217.580078125,220.66000366210938,220.67999267578125,217.16000366210938,218.00999450683594,2441500
2024-05-07,215.65728759765625,218.7100067138672,221.57000732421875,218.7100067138672,220.97999572753906,2859500
2024-05-08,215.86434936523438,218.9199981689453,219.1300048828125,216.3699951171875,216.60000610351562,3212000
2024-05-09,215.0558319091797,218.10000610351562,219.33999633789062,217.05999755859375,218.92999267578125,1874300
2024-05-10,217.1659393310547,220.24000549316406,222.4199981689453,219.27000427246094,220.49000549316406,3079200
2024-05-13,217.61952209472656,220.6999969482422,222.0800018310547,220.3300018310547,221.1999969482422,1843200
2024-05-14,221.23828125,224.3699951171875,224.55999755859375,220.32000732421875,220.52999877929688,2149400
2024-05-15,227.45034790039062,230.6699981689453,230.82000732421875,225.5,226.75,3106200
2024-05-16,226.3361358642578,229.5399932861328,232.44000244140625,229.4600067138672,230.6199951171875,2878400
2024-05-17,225.05429077148438,228.24000549316406,231.39999389648438,226.4199981689453,231.0,1806100
2024-05-20,230.00421142578125,233.25999450683594,234.72000122070312,228.85000610351562,229.27000427246094,2555300
2024-05-21,229.26466369628906,232.50999450683594,232.88999938964844,230.07000732421875,230.17999267578125,2178700
2024-05-22,231.9565887451172,235.24000549316406,235.85000610351562,232.80999755859375,234.6699981689453,3488500
2024-05-23,230.65496826171875,233.9199981689453,240.9199981689453,232.16000366210938,240.8300018310547,4704800
2024-05-24,235.23020935058594,238.55999755859375,239.35000610351562,235.0,236.0399932861328,2450100
2024-05-28,239.2039794921875,242.58999633789062,243.6300048828125,238.85000610351562,241.35000610351562,2824200
2024-05-29,234.26390075683594,237.5800018310547,239.17999267578125,237.25999450683594,238.1300048828125,2061100
2024-05-30,232.63693237304688,235.92999267578125,238.3300018310547,234.69000244140625,237.64999389648438,1536800
2024-05-31,230.7437286376953,234.00999450683594,237.36000061035156,227.5,236.77999877929688,2991000
2024-06-03,231.118408203125,234.38999938964844,237.9499969482422,230.1999969482422,237.8000030517578,1815900
2024-06-04,229.31398010253906,232.55999755859375,234.36000061035156,230.7899932861328,234.0,2246900
2024-06-05,239.34202575683594,242.72999572753906,242.88999938964844,235.86000061035156,236.6999969482422,3749400
2024-06-06,237.3798065185547,240.74000549316406,242.97000122070312,238.94000244140625,242.97000122070312,2261300
2024-06-07,236.66986083984375,240.02000427246094,241.5500030517578,238.35000610351562,240.83999633789062,2052600
2024-06-10,240.08155822753906,243.47999572753906,244.1699981689453,237.8300018310547,238.16000366210938,1824300
2024-06-11,240.27902221679688,243.3699951171875,243.7100067138672,239.5,241.89999389648438,1662100
2024-06-12,247.0518798828125,250.22999572753906,251.16000366210938,247.1699981689453,247.6999969482422,3101600
2024-06-13,249.73731994628906,252.9499969482422,254.0800018310547,249.50999450683594,252.05999755859375,3469400
2024-06-14,248.83888244628906,252.0399932861328,252.77999877929688,249.72999572753906,250.8000030517578,2567600
2024-06-17,252.76832580566406,256.0199890136719,256.5,250.6199951171875,253.72999572753906,3057900
2024-06-18,255.98695373535156,259.2799987792969,260.6499938964844,256.489990234375,257.0,3071500
2024-06-20,249.03639221191406,252.24000549316406,260.1199951171875,250.82000732421875,259.6600036621094,3921500
2024-06-21,246.60760498046875,249.77999877929688,252.69000244140625,246.94000244140625,250.13999938964844,3156800
2024-06-24,239.56817626953125,242.64999389648438,249.0399932861328,242.52000427246094,247.52999877929688,3958300
2024-06-25,243.2507781982422,246.3800048828125,246.52000427246094,241.7899932861328,244.60000610351562,2551800
2024-06-26,242.302978515625,245.4199981689453,247.66000366210938,242.7100067138672,246.2100067138672,1933800
2024-06-27,241.0590057373047,244.16000366210938,246.75,242.6999969482422,244.94000244140625,2363600
2024-06-28,243.49761962890625,246.6300048828125,251.4600067138672,244.6699981689453,245.85000610351562,3851300
2024-07-01,243.48773193359375,246.6199951171875,246.91000366210938,241.97000122070312,246.49000549316406,2330400
2024-07-02,246.9136505126953,250.08999633789062,250.1699981689453,245.0,245.1999969482422,1617400
2024-07-03,251.0307159423828,254.25999450683594,255.5800018310547,249.3800048828125,250.72000122070312,1392200
2024-07-05,251.52432250976562,254.75999450683594,256.8299865722656,253.27999877929688,256.2799987792969,1823900
2024-07-08,256.2929992675781,259.5899963378906,259.8999938964844,256.69000244140625,256.7099914550781,2295500
2024-07-09,256.1745300292969,259.4700012207031,262.0799865722656,257.1300048828125,260.75,2374700
2024-07-10,262.1180419921875,265.489990234375,266.0,260.5799865722656,261.8699951171875,3075800
2024-07-11,253.4989471435547,256.760009765625,267.239990234375,255.97000122070312,267.1499938964844,4689600
2024-07-12,256.5892639160156,259.8900146484375,264.4200134277344,256.55999755859375,257.8399963378906,2929500
2024-07-15,256.87554931640625,260.17999267578125,263.6300048828125,258.5899963378906,261.3500061035156,3202200
2024-07-16,258.4650573730469,261.7900085449219,262.1400146484375,257.5899963378906,261.5299987792969,2595100
2024-07-17,240.08157348632812,243.1699981689453,253.66000366210938,242.77999877929688,252.75,9101600
2024-07-18,240.80227661132812,243.89999389648438,247.52000427246094,239.64999389648438,247.41000366210938,5274000
2024-07-19,233.43702697753906,236.44000244140625,243.6999969482422,236.0399932861328,243.55999755859375,4983500
2024-07-22,243.1125946044922,246.24000549316406,246.44000244140625,239.5,241.52000427246094,4941700
2024-07-23,239.4891815185547,242.57000732421875,245.0800018310547,241.83999633789062,242.88999938964844,2418700
2024-07-24,226.7530059814453,229.6699981689453,239.88999938964844,229.35000610351562,239.25999450683594,5738900
2024-07-25,221.6980438232422,224.5500030517578,232.05999755859375,220.6300048828125,227.7100067138672,8437600
2024-07-26,226.4568328857422,229.3699951171875,231.2100067138672,226.91000366210938,229.6699981689453,3805500
2024-07-29,225.98292541503906,228.88999938964844,234.8300018310547,228.02999877929688,231.60000610351562,2926800
2024-07-30,217.77847290039062,220.5800018310547,230.55999755859375,219.82000732421875,230.0,8083500
2024-07-31,232.39047241210938,235.3800048828125,235.60000610351562,228.97000122070312,230.72000122070312,7494100
2024-08-01,215.6459197998047,218.4199981689453,233.2100067138672,215.58999633789062,231.39999389648438,8576300
2024-08-02,204.18338012695312,206.80999755859375,211.4499969482422,204.2100067138672,209.05999755859375,13105400
2024-08-05,200.5797119140625,203.16000366210938,208.67999267578125,192.8699951171875,193.08999633789062,9247100
2024-08-06,202.39633178710938,205.0,210.47999572753906,201.74000549316406,205.05999755859375,6602300
2024-08-07,196.75888061523438,199.2899932861328,213.17999267578125,198.85000610351562,211.5,5292500
2024-08-08,210.334228515625,213.0399932861328,213.25999450683594,201.24000549316406,205.47000122070312,6243200
2024-08-09,209.0902099609375,211.77999877929688,213.67999267578125,208.75,211.49000549316406,3454500
2024-08-12,210.29473876953125,213.0,215.5500030517578,210.3000030517578,212.10000610351562,4365200
2024-08-13,218.83486938476562,221.64999389648438,221.97999572753906,214.6699981689453,215.99000549316406,4525400
2024-08-14,218.28201293945312,221.08999633789062,224.5399932861328,217.49000549316406,223.64999389648438,3769900
2024-08-15,228.7769775390625,231.72000122070312,232.6199951171875,225.0399932861328,226.07000732421875,4332100
2024-08-16,228.293212890625,231.22999572753906,232.22000122070312,228.02999877929688,229.58999633789062,3966100
2024-08-19,232.17330932617188,235.16000366210938,235.1999969482422,227.66000366210938,230.3300018310547,2197800
2024-08-20,229.102783203125,232.0500030517578,235.5500030517578,230.27000427246094,233.9499969482422,2587700
2024-08-21,232.35101318359375,235.33999633789062,236.50999450683594,232.63999938964844,233.2100067138672,1832200
2024-08-22,224.41311645507812,227.3000030517578,237.5,226.6199951171875,236.6999969482422,2969600
2024-08-23,230.42576599121094,233.38999938964844,235.0,229.6999969482422,230.9199981689453,3452900
2024-08-26,224.6402130126953,227.52999877929688,233.2100067138672,226.6999969482422,232.47000122070312,2148200
2024-08-27,227.128173828125,230.0500030517578,230.80999755859375,223.80999755859375,225.8800048828125,2024700
2024-08-28,223.03089904785156,225.89999389648438,230.6999969482422,223.6199951171875,229.08999633789062,3480000
2024-08-29,222.38912963867188,225.25,231.02000427246094,224.2100067138672,227.10000610351562,4084600
2024-08-30,228.204345703125,231.13999938964844,231.75,227.27999877929688,230.55999755859375,3249700
2024-09-03,210.7883758544922,213.5,226.8300018310547,212.27999877929688,226.8000030517578,7214300
2024-09-04,211.47947692871094,214.1999969482422,217.49000549316406,210.52000427246094,211.11000061035156,4435800
2024-09-05,210.34410095214844,213.0500030517578,216.3800048828125,210.86000061035156,211.1999969482422,3988300
2024-09-06,201.33993530273438,203.92999267578125,211.61000061035156,202.86000061035156,211.4499969482422,5596300
2024-09-09,205.3187713623047,207.9600067138672,208.67999267578125,204.55999755859375,207.24000549316406,4078600
2024-09-10,207.48094177246094,210.14999389648438,210.3800048828125,204.9600067138672,208.33999633789062,2390600
2024-09-11,217.11695861816406,219.91000366210938,220.33999633789062,207.1699981689453,211.58999633789062,6521400
2024-09-12,216.15928649902344,218.94000244140625,220.97000122070312,215.6300048828125,218.6999969482422,4739100
2024-09-13,220.01963806152344,222.85000610351562,223.4499969482422,220.32000732421875,220.85000610351562,5268000
2024-09-16,217.08737182617188,219.8800048828125,221.0,217.0399932861328,219.6699981689453,2469800
2024-09-17,217.35391235351562,220.14999389648438,223.1699981689453,218.22999572753906,222.64999389648438,2304100
2024-09-18,214.95477294921875,217.72000122070312,224.2100067138672,217.5,221.17999267578125,4671900
2024-09-19,224.10707092285156,226.99000549316406,230.05999755859375,224.16000366210938,225.97000122070312,4624700
2024-09-20,220.82920837402344,223.6699981689453,225.57000732421875,220.44000244140625,224.7100067138672,4550800
2024-09-23,221.6881561279297,224.5399932861328,225.5500030517578,222.9499969482422,224.75,2454200
2024-09-24,224.3736114501953,227.25999450683594,228.6300048828125,223.97000122070312,226.5500030517578,4314700
2024-09-25,225.9195556640625,228.27000427246094,229.77000427246094,225.85000610351562,225.97999572753906,2191200
2024-09-26,233.99551391601562,236.42999267578125,238.3800048828125,230.2899932861328,237.72000122070312,5537400
2024-09-27,230.28411865234375,232.67999267578125,237.17999267578125,231.47000122070312,237.14999389648438,2303600
2024-09-30,228.2156524658203,230.58999633789062,232.11000061035156,227.3000030517578,229.7899932861328,2693300
2024-10-01,221.82217407226562,224.1300048828125,231.1999969482422,222.3300018310547,230.5,3926500
2024-10-02,224.8110809326172,227.14999389648438,229.64999389648438,223.25999450683594,224.57000732421875,1762100
2024-10-03,225.6127471923828,227.9600067138672,230.8300018310547,225.2100067138672,225.36000061035156,2110700
2024-10-04,228.7006378173828,231.0800018310547,232.8800048828125,228.38999938964844,232.49000549316406,2685000
2024-10-07,228.0771026611328,230.4499969482422,232.25999450683594,228.77999877929688,229.60000610351562,2006800
2024-10-08,230.32374572753906,232.72000122070312,233.5399932861328,228.94000244140625,230.4499969482422,2508500
2024-10-09,232.72869873046875,235.14999389648438,235.47999572753906,230.8800048828125,232.49000549316406,2019100
2024-10-10,231.09568786621094,233.5,234.7899932861328,230.64999389648438,231.99000549316406,1886400
2024-10-11,233.03553771972656,235.4600067138672,236.19000244140625,231.6699981689453,231.7899932861328,4572900
2024-10-14,237.33082580566406,239.8000030517578,240.2899932861328,236.80999755859375,236.9600067138672,2142500
2024-10-15,225.01890563964844,227.36000061035156,240.47000122070312,225.72000122070312,239.24000549316406,6421200
2024-10-16,225.01890563964844,227.36000061035156,230.1199951171875,226.41000366210938,230.1199951171875,3776600
2024-10-17,226.7904815673828,229.14999389648438,233.8699951171875,229.14999389648438,233.3000030517578,2407800
2024-10-18,226.9983367919922,229.36000061035156,231.30999755859375,228.4199981689453,231.3000030517578,1643700
2024-10-21,226.57272338867188,228.92999267578125,229.5399932861328,225.97999572753906,228.44000244140625,2034300
2024-10-22,225.7315216064453,228.0800018310547,228.80999755859375,226.27999877929688,227.67999267578125,2476400
2024-10-23,223.71249389648438,226.0399932861328,228.50999450683594,222.8699951171875,227.64999389648438,2260000
2024-10-24,224.9595489501953,227.3000030517578,228.2100067138672,225.5800018310547,228.07000732421875,2247900
2024-10-25,227.21604919433594,229.5800018310547,233.07000732421875,229.3699951171875,229.4499969482422,2209600
2024-10-28,227.35462951660156,229.72000122070312,231.30999755859375,228.3699951171875,229.5,1508500
2024-10-29,232.94642639160156,235.3699951171875,236.4600067138672,228.86000061035156,229.9199981689453,3135000
2024-10-30,224.73191833496094,227.07000732421875,230.74000549316406,226.97999572753906,229.2899932861328,4324400
2024-10-31,216.0126190185547,218.25999450683594,224.99000549316406,216.55999755859375,224.89999389648438,6120800
2024-11-01,218.3087158203125,220.5800018310547,222.75999450683594,219.30999755859375,220.02000427246094,2130100
2024-11-04,217.0518035888672,219.30999755859375,222.4600067138672,218.5,219.92999267578125,1727700
2024-11-05,219.58546447753906,221.8699951171875,222.07000732421875,219.13999938964844,219.41000366210938,2273700
2024-11-06,225.9888458251953,228.33999633789062,229.1699981689453,224.30999755859375,226.36000061035156,3644000
2024-11-07,230.69981384277344,233.10000610351562,233.41000366210938,231.32000732421875,231.8300018310547,3154600
2024-11-08,228.97772216796875,231.36000061035156,233.19000244140625,230.13999938964844,231.8300018310547,1769200
2024-11-11,223.2473602294922,225.57000732421875,229.17999267578125,222.77999877929688,229.17999267578125,4250400
2024-11-12,220.81268310546875,223.11000061035156,225.14999389648438,220.14999389648438,224.77999877929688,3259700
2024-11-13,216.12147521972656,218.3699951171875,222.1300048828125,217.97000122070312,221.5,3057500
2024-11-14,215.99285888671875,218.24000549316406,221.3699951171875,217.83999633789062,220.5,2523600
2024-11-15,209.03521728515625,211.2100067138672,215.6699981689453,210.58999633789062,214.57000732421875,4748200
2024-11-18,211.73709106445312,213.94000244140625,214.3300018310547,210.24000549316406,211.14999389648438,2422300
2024-11-19,212.1428985595703,214.35000610351562,214.80999755859375,212.47000122070312,213.3300018310547,2363400
2024-11-20,210.51979064941406,212.7100067138672,213.67999267578125,209.64999389648438,213.07000732421875,3995000
2024-11-21,213.85507202148438,216.0800018310547,217.25999450683594,210.89999389648438,215.0500030517578,4245400
2024-11-22,213.94412231445312,216.1699981689453,216.6999969482422,214.55999755859375,215.6199951171875,2672600
2024-11-25,216.03240966796875,218.27999877929688,220.3000030517578,216.8800048828125,218.97000122070312,2787700
2024-11-26,213.23155212402344,215.4499969482422,220.58999633789062,213.77000427246094,220.0,2783900
2024-11-27,210.3712921142578,212.55999755859375,214.41000366210938,208.88999938964844,214.25,3122300
2024-11-29,213.1820526123047,215.39999389648438,218.02000427246094,214.0800018310547,214.1199951171875,2505300
2024-12-02,218.78378295898438,221.05999755859375,222.47000122070312,216.52000427246094,216.6999969482422,3707000
2024-12-03,217.54664611816406,219.80999755859375,221.05999755859375,219.02000427246094,219.64999389648438,1914900
2024-12-04,220.42669677734375,222.72000122070312,224.32000732421875,221.13999938964844,224.14999389648438,2681200
2024-12-05,216.2600555419922,218.50999450683594,222.66000366210938,217.88999938964844,222.3300018310547,2422000
2024-12-06,217.5664825439453,219.8300018310547,220.3800048828125,218.0,218.60000610351562,1822900
2024-12-09,216.5173797607422,218.77000427246094,221.5399932861328,217.3800048828125,218.5,1574800
2024-12-10,211.37091064453125,213.57000732421875,219.5800018310547,212.19000244140625,219.42999267578125,2566600
2024-12-11,216.6856231689453,218.94000244140625,220.22999572753906,215.39999389648438,216.72999572753906,3233900
2024-12-12,215.00311279296875,217.24000549316406,218.17999267578125,215.4600067138672,217.38999938964844,2680200
2024-12-13,221.000732421875,223.3000030517578,224.66000366210938,220.00999450683594,222.3000030517578,3720600
2024-12-16,225.09808349609375,227.44000244140625,228.5800018310547,222.38999938964844,224.00999450683594,4774000
2024-12-17,221.9141387939453,223.8699951171875,226.17999267578125,222.55999755859375,224.83999633789062,2397300
2024-12-18,213.7064971923828,215.58999633789062,227.16000366210938,213.9499969482422,225.35000610351562,4426000
2024-12-19,210.1181182861328,211.97000122070312,216.55999755859375,211.4499969482422,216.08999633789062,3255700
2024-12-20,212.9432373046875,214.82000732421875,217.77999877929688,210.3000030517578,210.80999755859375,4681100
2024-12-23,219.3864288330078,221.32000732421875,221.60000610351562,216.47000122070312,216.47000122070312,3044300
2024-12-24,221.6465301513672,223.60000610351562,223.67999267578125,221.35000610351562,222.77999877929688,1252300
2024-12-26,221.5771026611328,223.52999877929688,224.9499969482422,221.69000244140625,221.97999572753906,1303500
2024-12-27,219.70362854003906,221.63999938964844,222.72000122070312,218.85000610351562,222.19000244140625,1933000
2024-12-30,215.3817138671875,217.27999877929688,219.30999755859375,215.6699981689453,217.83999633789062,2566900
2024-12-31,213.6073760986328,215.49000549316406,218.82000732421875,214.63999938964844,217.92999267578125,1354500
2025-01-02,214.92576599121094,216.82000732421875,220.22000122070312,214.9600067138672,217.67999267578125,2409100
2025-01-03,220.52638244628906,222.47000122070312,223.0399932861328,217.9600067138672,218.25,2623200
2025-01-06,226.9101104736328,228.91000366210938,231.8000030517578,227.25999450683594,227.25999450683594,4176500
2025-01-07,223.81736755371094,225.7899932861328,231.88999938964844,224.55999755859375,231.6999969482422,3694800
2025-01-08,221.5870361328125,223.5399932861328,225.4600067138672,221.11000061035156,225.0500030517578,3141400
2025-01-10,216.29368591308594,218.1999969482422,220.8800048828125,216.77999877929688,220.74000549316406,4038000
2025-01-13,215.62954711914062,217.52999877929688,217.83999633789062,213.66000366210938,213.85000610351562,2310000
2025-01-14,217.0470733642578,218.9600067138672,220.75,216.1199951171875,219.35000610351562,1492800
2025-01-15,221.2599334716797,223.2100067138672,224.64999389648438,221.6699981689453,222.47999572753906,2900200
2025-01-16,221.5870361328125,223.5399932861328,227.7899932861328,223.52999877929688,227.25,3029500
2025-01-17,227.73287963867188,229.74000549316406,230.32000732421875,227.36000061035156,228.5800018310547,3785500
2025-01-21,230.41917419433594,232.4499969482422,234.5800018310547,229.8000030517578,231.80999755859375,3201500
2025-01-22,233.74986267089844,235.80999755859375,238.33999633789062,234.32000732421875,234.8300018310547,3461100
2025-01-23,233.3136749267578,235.3699951171875,235.3800048828125,231.17999267578125,232.02999877929688,2567100
2025-01-24,228.625,230.63999938964844,235.47999572753906,229.7100067138672,235.47999572753906,2229900
2025-01-27,210.6930694580078,212.5500030517578,219.61000061035156,209.74000549316406,219.0,16943600
2025-01-28,211.63475036621094,213.5,214.77000427246094,208.97999572753906,213.6199951171875,9118300
2025-01-29,212.50704956054688,214.3800048828125,216.17999267578125,212.14999389648438,215.55999755859375,2430800
2025-01-30,216.82896423339844,218.74000549316406,219.99000549316406,215.75999450683594,217.00999450683594,4653800
2025-01-31,216.22430419921875,218.1300048828125,224.2899932861328,217.47000122070312,219.99000549316406,3867800
2025-02-03,212.32864379882812,214.1999969482422,216.85000610351562,210.9600067138672,212.38999938964844,3646800
2025-02-04,214.5093994140625,216.39999389648438,217.27000427246094,213.42999267578125,213.72000122070312,3742300
2025-02-05,218.66281127929688,220.58999633789062,221.0399932861328,214.47999572753906,215.8300018310547,2200500
2025-02-06,218.3753662109375,220.3000030517578,220.6999969482422,217.8800048828125,219.0500030517578,3111700
2025-02-07,214.9752960205078,216.8699951171875,222.0800018310547,215.38999938964844,220.80999755859375,3297400
2025-02-10,217.7805938720703,219.6999969482422,220.25,218.4199981689453,218.4499969482422,2698600
2025-02-11,217.9788360595703,219.89999389648438,221.1699981689453,217.88999938964844,217.88999938964844,1549700
2025-02-12,218.21673583984375,220.13999938964844,220.22000122070312,215.9499969482422,216.44000244140625,2017500
2025-02-13,220.8931427001953,222.83999633789062,222.99000549316406,219.88999938964844,219.9499969482422,2546800
2025-02-14,221.1211700439453,223.07000732421875,223.77000427246094,221.9199981689453,222.82000732421875,1566200
2025-02-18,224.77891540527344,226.75999450683594,227.47000122070312,223.47000122070312,224.6999969482422,3605000
2025-02-19,228.51597595214844,230.52999877929688,231.6199951171875,226.25999450683594,227.14999389648438,2635700
2025-02-20,229.05126953125,231.07000732421875,233.44000244140625,228.75,232.0,2642300
2025-02-21,222.02320861816406,223.97999572753906,231.85000610351562,223.1300048828125,231.75999450683594,2947000
2025-02-24,216.80914306640625,218.72000122070312,225.33999633789062,218.5399932861328,224.97000122070312,3372800
2025-02-25,212.33856201171875,214.2100067138672,219.22000122070312,213.5800018310547,218.4499969482422,3514200
2025-02-26,216.0359649658203,217.94000244140625,219.8000030517578,215.5800018310547,216.9499969482422,2562600
2025-02-27,203.4568328857422,205.25,219.5,204.9199981689453,219.17999267578125,4349100
2025-02-28,206.69827270507812,208.52000427246094,210.0500030517578,203.1199951171875,205.3699951171875,3722100
2025-03-03,199.39263916015625,201.14999389648438,211.64999389648438,199.32000732421875,211.50999450683594,5067800
2025-03-04,200.50283813476562,202.27000427246094,207.6199951171875,196.6999969482422,200.8000030517578,5487900
2025-03-05,204.82476806640625,206.6300048828125,207.2899932861328,200.57000732421875,204.5399932861328,3312100
2025-03-06,196.30982971191406,198.0399932861328,203.72000122070312,197.3300018310547,199.5800018310547,5088700
2025-03-07,202.06906127929688,203.85000610351562,204.5399932861328,196.47999572753906,198.8000030517578,3713300
2025-03-10,192.721435546875,194.4199981689453,200.27999877929688,191.55999755859375,198.82000732421875,5410800
2025-03-11,190.44154357910156,192.1199951171875,196.30999755859375,189.11000061035156,194.52000427246094,3776600
2025-03-12,194.366943359375,196.0800018310547,198.69000244140625,194.32000732421875,196.6999969482422,3143000
2025-03-13,193.3955078125,195.10000610351562,199.24000549316406,193.17999267578125,196.07000732421875,2504200
2025-03-14,199.36289978027344,201.1199951171875,201.7100067138672,198.32000732421875,198.5,3696800
2025-03-17,202.6539306640625,204.44000244140625,206.25999450683594,200.2100067138672,200.30999755859375,2743100
2025-03-18,199.9651336669922,201.47000122070312,203.0500030517578,200.17999267578125,202.11000061035156,2470800
2025-03-19,201.59288024902344,203.11000061035156,206.42999267578125,200.0,201.5,2330800
2025-03-20,199.9850311279297,201.49000549316406,203.72000122070312,200.36000061035156,200.52000427246094,2265900
2025-03-21,197.89077758789062,199.3800048828125,200.13999938964844,196.3699951171875,197.94000244140625,2873400
2025-03-24,203.76654052734375,205.3000030517578,206.66000366210938,203.3300018310547,203.57000732421875,3947000
2025-03-25,202.66482543945312,204.19000244140625,205.7100067138672,203.55999755859375,205.0500030517578,1419100
2025-03-26,196.98756408691406,198.47000122070312,204.05999755859375,196.44000244140625,203.22000122070312,3595300
2025-03-27,193.10675048828125,194.55999755859375,197.0399932861328,193.3800048828125,195.8699951171875,3545900
2025-03-28,187.27066040039062,188.67999267578125,194.24000549316406,187.44000244140625,193.2899932861328,4122300
2025-03-31,186.7644805908203,188.1699981689453,188.3000030517578,182.1199951171875,184.6999969482422,3843000
2025-04-01,186.86375427246094,188.27000427246094,188.33999633789062,183.8000030517578,187.4499969482422,3108800
2025-04-02,188.06468200683594,189.47999572753906,192.02000427246094,184.72999572753906,185.38999938964844,2784800
2025-04-03,169.08750915527344,170.36000061035156,181.13999938964844,169.99000549316406,179.75,9982600
2025-04-04,156.45260620117188,157.6300048828125,165.77000427246094,154.61000061035156,163.9199981689453,13988400
2025-04-07,160.06541442871094,161.27000427246094,170.4199981689453,148.30999755859375,152.02999877929688,18686500
2025-04-08,153.7032928466797,154.86000061035156,169.85000610351562,151.11000061035156,167.63999938964844,11023300
2025-04-09,182.24847412109375,183.6199951171875,185.55999755859375,154.94000244140625,156.10000610351562,23539500
2025-04-10,167.3505859375,168.61000061035156,175.64999389648438,162.38999938964844,174.55999755859375,14499000
2025-04-11,170.9733123779297,172.25999450683594,173.11000061035156,164.4199981689453,166.97999572753906,9890900
2025-04-14,172.10479736328125,173.39999389648438,177.5500030517578,170.7899932861328,177.5500030517578,5657400
2025-04-15,172.8094940185547,174.11000061035156,176.6300048828125,173.25,174.32000732421875,3201100
2025-04-16,166.1396942138672,167.38999938964844,169.5800018310547,161.8300018310547,166.3300018310547,10205000
2025-04-17,165.30596923828125,166.5500030517578,168.75,164.80999755859375,168.57000732421875,4921000
2025-04-21,162.41770935058594,163.63999938964844,163.89999389648438,160.25999450683594,163.13999938964844,4769700
2025-04-22,165.57395935058594,166.82000732421875,168.02000427246094,164.6199951171875,165.22999572753906,4996000
2025-04-23,171.77728271484375,173.07000732421875,177.13999938964844,172.35000610351562,175.25,7323800
2025-04-24,181.66287231445312,183.02999877929688,183.55999755859375,176.5399932861328,177.8000030517578,6873400
2025-04-25,183.42958068847656,184.80999755859375,186.1199951171875,180.66000366210938,181.1999969482422,4224900
2025-04-28,183.10205078125,184.47999572753906,185.75999450683594,180.44000244140625,183.88999938964844,2875400
2025-04-29,181.14674377441406,182.50999450683594,184.5399932861328,181.25,182.24000549316406,3527000
2025-04-30,182.4668426513672,183.83999633789062,184.3800048828125,176.77000427246094,178.0,3580500
2025-05-01,182.2187042236328,183.58999633789062,187.35000610351562,183.47000122070312,186.0,3997600
2025-05-02,188.610595703125,190.02999877929688,191.8699951171875,187.8300018310547,187.9499969482422,4581400
2025-05-05,187.1614990234375,188.57000732421875,190.4600067138672,187.92999267578125,188.19000244140625,3323200
2025-05-06,185.3749542236328,186.77000427246094,188.25,184.27000427246094,185.25999450683594,2844600
2025-05-07,188.62051391601562,190.0399932861328,190.5800018310547,184.80999755859375,186.5800018310547,3001100
2025-05-08,190.30783081054688,191.74000549316406,195.0399932861328,190.47000122070312,192.50999450683594,3457700
2025-05-09,192.4913787841797,193.94000244140625,195.6300048828125,192.27999877929688,194.47999572753906,2808500
2025-05-12,206.3173370361328,207.8699951171875,209.38999938964844,204.99000549316406,206.8000030517578,10675600
2025-05-13,212.163330078125,213.75999450683594,214.82000732421875,208.41000366210938,208.6999969482422,5693600
2025-05-14,213.18565368652344,214.7899932861328,216.6999969482422,213.2100067138672,215.2100067138672,4162800
2025-05-15,211.81597900390625,213.41000366210938,215.0,210.91000366210938,212.69000244140625,4216900
2025-05-16,211.53805541992188,213.1300048828125,213.55999755859375,210.67999267578125,213.55999755859375,2521500
2025-05-19,210.26760864257812,211.85000610351562,212.38999938964844,208.1699981689453,208.22000122070312,5334700
2025-05-20,209.95993041992188,211.5399932861328,211.6199951171875,209.41000366210938,210.0399932861328,2968000
2025-05-21,206.11883544921875,207.6699981689453,213.89999389648438,206.35000610351562,209.75,5007700
2025-05-22,204.2131805419922,205.75,209.47000122070312,205.5800018310547,207.52999877929688,5397300
2025-05-23,201.0469970703125,202.55999755859375,203.66000366210938,199.92999267578125,200.47000122070312,9527500
2025-05-27,207.72674560546875,209.2899932861328,210.22999572753906,205.27000427246094,206.9600067138672,6057600
2025-05-28,206.6845703125,208.24000549316406,210.4600067138672,207.75,209.83999633789062,6769200
2025-05-29,207.52821350097656,209.08999633789062,213.1699981689453,207.75,213.02999877929688,8600400
2025-05-30,203.4092254638672,204.94000244140625,207.8699951171875,201.1199951171875,207.82000732421875,10781000
2025-06-02,206.47613525390625,208.02999877929688,208.8300018310547,204.2899932861328,204.4199981689453,6034900
2025-06-03,212.02438354492188,213.6199951171875,214.13999938964844,206.7100067138672,208.14999389648438,8905100
2025-06-04,215.18064880371094,216.8000030517578,217.6199951171875,213.5399932861328,215.38999938964844,7339500
2025-06-05,214.27745056152344,215.88999938964844,220.27999877929688,214.41000366210938,218.47000122070312,10941600
2025-06-06,215.7165985107422,217.33999633789062,220.22999572753906,217.2100067138672,218.0,7582100
2025-06-09,220.79837036132812,222.4600067138672,224.41000366210938,219.1300048828125,219.3300018310547,7712000
2025-06-10,225.6220703125,227.32000732421875,228.0800018310547,222.99000549316406,223.5399932861328,7676200
2025-06-11,224.86773681640625,226.55999755859375,229.8000030517578,224.27000427246094,228.89999389648438,10405600
2025-06-12,225.17539978027344,226.8699951171875,228.0,224.60000610351562,224.94000244140625,5149200
2025-06-13,219.30958557128906,220.9600067138672,224.5800018310547,220.3000030517578,221.99000549316406,10484600
2025-06-16,226.23570251464844,227.44000244140625,228.5800018310547,223.24000549316406,223.58999633789062,5772500
2025-06-17,224.44522094726562,225.63999938964844,229.63999938964844,225.47999572753906,226.4499969482422,7290000
2025-06-18,225.36036682128906,226.55999755859375,229.19000244140625,225.10000610351562,226.85000610351562,6657600
2025-06-20,223.91802978515625,225.11000061035156,229.0800018310547,222.16000366210938,228.7899932861328,8202300
2025-06-23,225.3106231689453,226.50999450683594,227.88999938964844,221.86000061035156,225.02000427246094,7115100
2025-06-24,233.85513305664062,235.10000610351562,235.36000061035156,230.4600067138672,230.57000732421875,7017500
2025-06-25,235.95396423339844,237.2100067138672,237.24000549316406,234.8000030517578,236.66000366210938,5252500
2025-06-26,237.80413818359375,239.07000732421875,239.64999389648438,237.17999267578125,239.0399932861328,4350100
2025-06-27,237.59523010253906,238.86000061035156,241.22999572753906,236.3699951171875,239.30999755859375,4520500
2025-06-30,237.43606567382812,238.6999969482422,240.1699981689453,237.55999755859375,240.1699981689453,4925300
2025-07-01,236.36180114746094,237.6199951171875,239.17999267578125,234.0800018310547,236.6999969482422,10892900
2025-07-02,240.85787963867188,242.13999938964844,243.1199951171875,237.0,237.08999633789062,5979000
2025-07-03,242.05149841308594,243.33999633789062,244.1999969482422,242.6999969482422,243.14999389648438,3069400
2025-07-07,237.51565551757812,238.77999877929688,242.1300048828125,237.75,241.2899932861328,4859200
2025-07-08,242.05149841308594,243.33999633789062,245.39999389648438,240.11000061035156,241.05999755859375,7276200
2025-07-09,242.82736206054688,244.1199951171875,246.52999877929688,241.8800048828125,244.00999450683594,4415300
2025-07-10,245.24452209472656,246.5500030517578,247.52000427246094,244.27000427246094,246.4199981689453,4868500
2025-07-11,244.86654663085938,246.1699981689453,247.07000732421875,244.05999755859375,245.00999450683594,2649600
2025-07-14,242.53890991210938,243.8300018310547,244.74000549316406,240.35000610351562,244.14999389648438,5522600
2025-07-15,244.9560546875,246.25999450683594,249.9600067138672,246.10000610351562,248.7899932861328,6042100
2025-07-16,244.2895965576172,245.58999633789062,245.6699981689453,239.22000122070312,244.27999877929688,8348900
2025-07-17,245.224609375,246.52999877929688,247.1300048828125,243.91000366210938,245.5399932861328,4801100
2025-07-18,245.42356872558594,246.72999572753906,248.3699951171875,244.8800048828125,247.9499969482422,3758500
2025-07-21,245.64239501953125,246.9499969482422,250.19000244140625,246.9499969482422,247.36000061035156,4672600
2025-07-22,242.2504425048828,243.5399932861328,246.5,240.69000244140625,246.0399932861328,6871000
2025-07-23,240.77830505371094,242.05999755859375,242.39999389648438,239.05999755859375,241.72000122070312,5952600
2025-07-24,240.2809295654297,241.55999755859375,242.08999633789062,239.4600067138672,241.58999633789062,4166800
2025-07-25,240.26101684570312,241.5399932861328,241.6699981689453,239.10000610351562,240.10000610351562,3511400
2025-07-28,244.44874572753906,245.75,246.0,243.91000366210938,244.2100067138672,6433000
2025-07-29,244.8864288330078,246.19000244140625,249.52999877929688,244.5,247.2899932861328,5299700
2025-07-30,246.63710021972656,247.9499969482422,249.5,245.8699951171875,248.36000061035156,5300500
2025-07-31,238.75904846191406,240.02999877929688,245.2899932861328,237.66000366210938,245.0399932861328,9419300
2025-08-01,235.98382568359375,237.24000549316406,239.61000061035156,232.3300018310547,235.50999450683594,8549000
2025-08-04,239.1270751953125,240.39999389648438,240.86000061035156,237.77000427246094,238.75999450683594,6189500
2025-08-05,237.46591186523438,238.72999572753906,242.4499969482422,235.8800048828125,241.75999450683594,5149700
2025-08-06,235.6754608154297,236.92999267578125,237.4600067138672,233.6699981689453,236.55999755859375,4966500
2025-08-07,239.5647430419922,240.83999633789062,243.3699951171875,238.88999938964844,242.0399932861328,6073400
2025-08-08,241.583984375,242.8699951171875,243.17999267578125,240.2899932861328,241.00999450683594,5301300
2025-08-11,241.12643432617188,242.41000366210938,246.50999450683594,241.9499969482422,243.77999877929688,4127900
2025-08-12,248.8354034423828,250.16000366210938,250.3800048828125,242.7100067138672,244.24000549316406,10091500
2025-08-13,252.53570556640625,253.8800048828125,254.10000610351562,251.0399932861328,252.1300048828125,6022400
2025-08-14,252.7943115234375,254.13999938964844,255.05999755859375,250.0500030517578,250.36000061035156,5315700
2025-08-15,247.00515747070312,248.32000732421875,252.27000427246094,247.6199951171875,252.19000244140625,6840100
2025-08-18,247.7312774658203,249.0500030517578,249.33999633789062,247.47999572753906,247.5399932861328,4978200
2025-08-19,243.8519287109375,245.14999389648438,250.0399932861328,244.72000122070312,249.07000732421875,3508000
2025-08-20,242.44940185546875,243.74000549316406,244.63999938964844,237.10000610351562,244.63999938964844,9423100
2025-08-21,241.07669067382812,242.36000061035156,244.1199951171875,241.0,242.47000122070312,4581100
2025-08-22,247.77105712890625,249.08999633789062,251.99000549316406,242.44000244140625,243.1199951171875,6527700
2025-08-25,247.1941375732422,248.50999450683594,249.6300048828125,247.27000427246094,248.85000610351562,3654200
2025-08-26,249.52175903320312,250.85000610351562,251.61000061035156,249.50999450683594,249.57000732421875,3762000
2025-08-27,250.00914001464844,251.33999633789062,251.66000366210938,248.82000732421875,249.8800048828125,4195400
2025-08-28,251.21275329589844,252.5500030517578,254.32000732421875,250.89999389648438,252.32000732421875,5060200
2025-08-29,244.0210418701172,245.32000732421875,248.94000244140625,244.1699981689453,248.94000244140625,8672600
2025-09-02,241.54420471191406,242.8300018310547,242.92999267578125,238.14999389648438,238.6699981689453,6659200
2025-09-03,240.40029907226562,241.67999267578125,243.4199981689453,239.22999572753906,243.22999572753906,5473300
2025-09-04,242.8771209716797,244.1699981689453,244.52000427246094,238.75,240.05999755859375,11842200
2025-09-05,245.7418670654297,247.0500030517578,248.5,244.1300048828125,247.85000610351562,17105500
2025-09-08,247.53233337402344,248.85000610351562,249.9199981689453,247.55999755859375,248.41000366210938,10290500
2025-09-09,247.74122619628906,249.05999755859375,249.67999267578125,247.22999572753906,249.11000061035156,9305200
2025-09-10,252.1079864501953,253.4499969482422,254.2100067138672,251.86000061035156,253.02999877929688,13398400
2025-09-11,253.8387908935547,255.19000244140625,256.510009765625,254.6199951171875,254.80999755859375,10286200
2025-09-12,254.28639221191406,255.63999938964844,256.3999938964844,254.16000366210938,255.80999755859375,7144200
2025-09-15,256.4349365234375,257.79998779296875,257.8399963378906,254.52999877929688,255.1999969482422,7239200
2025-09-16,257.751708984375,258.5799865722656,259.04998779296875,256.5799865722656,258.2900085449219,7543300
2025-09-17,257.7018737792969,258.5299987792969,260.739990234375,254.8300018310547,257.94000244140625,6566900
2025-09-18,266.71295166015625,267.57000732421875,268.9800109863281,264.1400146484375,265.05999755859375,12601600
2025-09-19,265.0083923339844,265.8599853515625,267.3999938964844,263.6000061035156,267.29998779296875,5839100
2025-09-22,268.9656677246094,269.8299865722656,270.6600036621094,266.5799865722656,266.6499938964844,5721400
2025-09-23,268.6466979980469,269.510009765625,272.1300048828125,267.9100036621094,270.7900085449219,6068300
2025-09-24,268.2380065917969,269.1000061035156,269.760009765625,265.6099853515625,268.739990234375,7825500
2025-09-25,267.3807678222656,268.239990234375,268.94000244140625,261.79998779296875,264.5799865722656,11157800
2025-09-26,267.9688720703125,268.8299865722656,269.4200134277344,265.739990234375,268.5299987792969,7244300
2025-09-29,268.06854248046875,268.92999267578125,272.79998779296875,268.8699951171875,271.7200012207031,5954900
2025-09-30,270.2515563964844,271.1199951171875,271.45001220703125,267.760009765625,268.8500061035156,7091800
2025-10-01,275.454833984375,276.3399963378906,276.70001220703125,268.8800048828125,269.3800048828125,9339600
2025-10-02,280.7877197265625,281.69000244140625,282.5400085449219,279.6099853515625,281.5,7250000
2025-10-03,279.0632629394531,279.9599914550781,284.3399963378906,278.4800109863281,282.95001220703125,8629100
2025-10-06,287.4363098144531,288.3599853515625,292.510009765625,288.3500061035156,290.989990234375,11275000
2025-10-07,281.0069580078125,281.9100036621094,291.4800109863281,281.5299987792969,290.9800109863281,9952000
2025-10-08,290.6061706542969,291.5400085449219,291.8599853515625,281.4800109863281,282.0,9301700
2025-10-09,289.2604675292969,290.19000244140625,291.6099853515625,287.4700012207031,291.0799865722656,7603500
2025-10-10,271.11871337890625,271.989990234375,291.6300048828125,271.4599914550781,290.82000732421875,26691200
2025-10-13,283.95751953125,284.8699951171875,285.95001220703125,280.3399963378906,282.7799987792969,8703400
2025-10-14,278.13616943359375,279.0299987792969,284.7699890136719,277.3599853515625,278.5,8476000
2025-10-15,286.7186279296875,287.6400146484375,288.0199890136719,281.8399963378906,286.25,7595200
2025-10-16,288.0543518066406,288.9800109863281,292.260009765625,285.94000244140625,291.0799865722656,7410400
2025-10-17,287.2469482421875,288.1700134277344,289.6400146484375,283.7200012207031,286.8900146484375,6261500
2025-10-20,292.0315246582031,292.9700012207031,295.0,290.5,290.6099853515625,5832300
2025-10-21,290.39678955078125,291.3299865722656,292.70001220703125,289.2200012207031,292.5,3965200
2025-10-22,283.2198486328125,284.1300048828125,289.8299865722656,278.4599914550781,288.1099853515625,7875300
2025-10-23,290.1276550292969,291.05999755859375,291.8599853515625,282.25,282.489990234375,5374800
2025-10-24,294.9122619628906,295.8599853515625,298.2200012207031,295.44000244140625,296.3299865722656,4621200
2025-10-27,303.10595703125,304.0799865722656,305.010009765625,300.4100036621094,301.42999267578125,5165000
2025-10-28,303.47479248046875,304.45001220703125,305.9700012207031,302.3800048828125,303.4599914550781,4156400
2025-10-29,308.6083068847656,309.6000061035156,312.7900085449219,306.9700012207031,309.8699951171875,4503100
2025-10-30,304.43170166015625,305.4100036621094,311.1199951171875,305.3800048828125,307.94000244140625,4630700
2025-10-31,305.5680236816406,306.54998779296875,311.32000732421875,304.260009765625,308.70001220703125,5163900
2025-11-03,307.3922119140625,308.3800048828125,311.75,307.1300048828125,310.3999938964844,3750800
2025-11-04,295.31103515625,296.260009765625,304.75,295.54998779296875,300.3399963378906,5288800
2025-11-05,304.49151611328125,305.4700012207031,309.1700134277344,296.8900146484375,297.2099914550781,4949400
2025-11-06,296.5470275878906,297.5,305.8900146484375,295.3500061035156,305.0,8548300
2025-11-07,293.4370422363281,294.3800048828125,294.45001220703125,283.5899963378906,292.6400146484375,13798600
2025-11-10,301.0326232910156,302.0,303.3599853515625,298.5400085449219,302.44000244140625,6030800
2025-11-11,294.2045593261719,295.1499938964844,300.0199890136719,294.69000244140625,299.0400085449219,5877900
2025-11-12,298.7100830078125,299.6700134277344,301.69000244140625,297.5,300.2200012207031,4145000
2025-11-13,288.45306396484375,289.3800048828125,297.1300048828125,286.45001220703125,295.94000244140625,10980600
2025-11-14,287.59576416015625,288.5199890136719,292.79998779296875,279.4100036621094,280.6199951171875,7142000
2025-11-17,282.6517028808594,283.55999755859375,291.5299987792969,280.239990234375,286.07000732421875,8188700
2025-11-18,276.0927734375,276.9800109863281,281.4100036621094,274.0899963378906,279.5400085449219,11103100
2025-11-19,280.7079162597656,281.6099853515625,285.1400146484375,276.82000732421875,278.1400146484375,5108100
2025-11-20,267.2412109375,268.1000061035156,289.989990234375,267.0,288.8999938964844,13398300
2025-11-21,269.96246337890625,270.8299865722656,274.760009765625,260.44000244140625,268.2699890136719,15355900
2025-11-24,281.7944641113281,282.70001220703125,284.04998779296875,273.6199951171875,273.7799987792969,6424800
2025-11-25,282.6716003417969,283.5799865722656,284.3399963378906,272.760009765625,278.9599914550781,5942800
2025-11-26,290.4566345214844,291.3900146484375,294.0799865722656,286.6099853515625,286.7200012207031,5818300
2025-11-28,295.78948974609375,296.739990234375,296.989990234375,291.8299865722656,293.25,3038000
2025-12-01,295.9689025878906,296.9200134277344,299.4200134277344,292.5299987792969,292.8699951171875,3933000
2025-12-02,301.86993408203125,302.8399963378906,304.8399963378906,298.69000244140625,300.45001220703125,5086900
2025-12-03,308.3690490722656,309.3599853515625,309.57000732421875,301.4700012207031,304.5,3867100
2025-12-04,305.2989196777344,306.2799987792969,308.2699890136719,304.5899963378906,307.8399963378906,4639700
2025-12-05,308.408935546875,309.3999938964844,312.8299865722656,308.92999267578125,309.29998779296875,4338100
2025-12-08,311.7581787109375,312.760009765625,314.0799865722656,309.8699951171875,311.92999267578125,3620900
2025-12-09,311.1800231933594,312.17999267578125,312.8500061035156,309.44000244140625,310.7799987792969,2775300
2025-12-10,315.31671142578125,316.3299865722656,317.3500061035156,310.55999755859375,312.010009765625,5093800
2025-12-11,313.5124816894531,314.5199890136719,314.7799987792969,305.7900085449219,312.79998779296875,6504700
2025-12-12,298.5207214355469,299.4800109863281,311.6000061035156,297.9599914550781,310.79998779296875,13813600
2025-12-15,297.055419921875,298.010009765625,303.5,297.2300109863281,302.6000061035156,5241800
2025-12-16,295.6838073730469,296.20001220703125,298.9200134277344,293.0799865722656,296.7099914550781,5850400
2025-12-17,284.7329406738281,285.2300109863281,298.17999267578125,284.42999267578125,297.32000732421875,10422000
2025-12-18,291.53106689453125,292.0400085449219,296.9599914550781,290.8399963378906,295.7200012207031,6740400
2025-12-19,299.2875061035156,299.80999755859375,301.69000244140625,294.5,294.6700134277344,5075000
2025-12-22,303.31048583984375,303.8399963378906,306.94000244140625,302.54998779296875,306.7300109863281,4019000
2025-12-23,304.42852783203125,304.9599914550781,305.1199951171875,301.3699951171875,302.2099914550781,2708600
2025-12-24,305.60650634765625,306.1400146484375,306.5,304.7099914550781,305.0,1723200
2025-12-26,305.50665283203125,306.0400085449219,307.5400085449219,305.2900085449219,307.3999938964844,1860900
2025-12-29,304.78790283203125,305.32000732421875,306.4599914550781,301.8900146484375,303.3699951171875,3620700
2025-12-30,304.3886413574219,304.9200134277344,307.4800109863281,304.70001220703125,306.0799865722656,2984800
2025-12-31,300.6251525878906,301.1499938964844,306.1199951171875,301.1099853515625,305.6400146484375,2954200
2026-01-02,313.143310546875,313.69000244140625,315.80999755859375,308.55999755859375,308.55999755859375,8491300
2026-01-05,317.5057067871094,318.05999755859375,322.6400146484375,316.8800048828125,320.70001220703125,7923200
2026-01-06,327.77777099609375,328.3500061035156,329.1499938964844,322.0,322.07000732421875,7579900
2026-01-07,324.3238220214844,324.8900146484375,325.95001220703125,322.1099853515625,325.04998779296875,4528500
2026-01-08,319.0230407714844,319.5799865722656,324.19000244140625,316.3999938964844,324.19000244140625,5408300
2026-01-09,328.20703125,328.7799987792969,330.6700134277344,321.1099853515625,322.79998779296875,7323100
2026-01-12,329.7742919921875,330.3500061035156,331.3800048828125,325.5299987792969,325.70001220703125,5159600
2026-01-13,332.7191162109375,333.29998779296875,336.4200134277344,331.8900146484375,332.8500061035156,3835900
2026-01-14,331.32159423828125,331.8999938964844,331.989990234375,327.17999267578125,331.0299987792969,5468900
2026-01-15,336.63232421875,337.2200012207031,344.54998779296875,337.2200012207031,343.1000061035156,6531500
2026-01-16,341.8731689453125,342.4700012207031,345.4100036621094,340.2200012207031,343.510009765625,5127300
2026-01-20,336.7621154785156,337.3500061035156,343.19000244140625,335.9599914550781,336.20001220703125,6232600
2026-01-21,347.5332946777344,348.1400146484375,351.3299865722656,340.29998779296875,341.8399963378906,7204200
2026-01-22,348.0623779296875,348.6700134277344,354.6000061035156,347.3699951171875,354.3599853515625,4662000
2026-01-23,344.1092529296875,344.7099914550781,348.0299987792969,342.1700134277344,346.3900146484375,4335900
2026-01-26,342.4721374511719,343.07000732421875,345.5,341.1300048828125,343.2900085449219,4458700
2026-01-27,350.4681701660156,351.0799865722656,353.20001220703125,346.6499938964844,348.1600036621094,5293600
2026-01-28,359.831787109375,360.4599914550781,362.0400085449219,356.7200012207031,358.5299987792969,5364000
2026-01-29,360.50067138671875,361.1300048828125,363.79998779296875,347.7200012207031,361.17999267578125,8446200
2026-01-30,345.69647216796875,346.29998779296875,360.19000244140625,343.7099914550781,356.0,8719100
2026-02-02,352.0753479003906,352.69000244140625,356.1099853515625,341.8999938964844,342.3699951171875,7758000
2026-02-03,345.03765869140625,345.6400146484375,357.1199951171875,338.0899963378906,355.9100036621094,8371200
2026-02-04,329.8042297363281,330.3800048828125,345.3900146484375,323.3299865722656,342.17999267578125,15231400
2026-02-05,330.2534484863281,330.8299865722656,335.4700012207031,324.0400085449219,326.5400085449219,10406500
2026-02-06,347.90264892578125,348.510009765625,349.55999755859375,335.8699951171875,337.3999938964844,9096100
2026-02-09,352.15521240234375,352.7699890136719,354.739990234375,343.8800048828125,344.8399963378906,7091400
2026-02-10,350.81756591796875,351.42999267578125,355.0400085449219,348.1199951171875,353.5199890136719,6252400
2026-02-11,359.572265625,360.20001220703125,362.2799987792969,351.3999938964844,358.82000732421875,7497000
2026-02-12,350.887451171875,351.5,365.3800048828125,351.04998779296875,363.4599914550781,9488000
2026-02-13,354.0419006347656,354.6600036621094,357.6099853515625,348.67999267578125,352.79998779296875,5963000
2026-02-17,353.48291015625,354.1000061035156,357.1000061035156,345.32000732421875,349.80999755859375,4068900
2026-02-18,357.2962646484375,357.9200134277344,361.6700134277344,353.6000061035156,355.82000732421875,5681200
2026-02-19,355.2198791503906,355.8399963378906,356.32000732421875,351.7699890136719,354.17999267578125,5576400
2026-02-20,358.8035888671875,359.42999267578125,361.3299865722656,352.79998779296875,353.5899963378906,6013600
2026-02-23,356.19818115234375,356.82000732421875,360.3800048828125,352.8500061035156,357.57000732421875,6339800
2026-02-24,361.4090881347656,362.0400085449219,364.739990234375,358.0400085449219,361.6000061035156,6206000
2026-02-25,367.3586730957031,368.0,368.82000732421875,365.510009765625,366.20001220703125,4539900
2026-02-26,356.17816162109375,356.79998779296875,366.4800109863281,350.4100036621094,366.3800048828125,13329100
2026-02-27,351.6760559082031,352.2900085449219,354.0299987792969,348.3399963378906,349.6000061035156,6250200
2026-03-02,351.43646240234375,352.04998779296875,352.3299865722656,343.3399963378906,343.7900085449219,7284000
2026-03-03,334.1965637207031,334.7799987792969,339.30999755859375,330.8900146484375,338.0899963378906,17946100
2026-03-04,340.9447937011719,341.5400085449219,343.80999755859375,336.7900085449219,339.9599914550781,10649900
2026-03-05,337.1713562011719,337.760009765625,343.7200012207031,330.57000732421875,338.8999938964844,7239300
2026-03-06,322.94622802734375,323.510009765625,335.0400085449219,321.489990234375,328.3999938964844,8733700
2026-03-09,335.7837829589844,336.3699951171875,337.1700134277344,316.2200012207031,318.30999755859375,9824600
2026-03-10,338.21954345703125,338.80999755859375,345.55999755859375,336.30999755859375,336.30999755859375,7471000
2026-03-11,341.49383544921875,342.0899963378906,345.3999938964844,340.45001220703125,340.5,6215100
2026-03-12,329.61456298828125,330.19000244140625,337.54998779296875,328.6400146484375,337.3399963378906,8008100
2026-03-13,330.7425842285156,331.32000732421875,338.3999938964844,329.7900085449219,333.8800048828125,6450800
2026-03-16,337.2412414550781,337.8299865722656,342.0400085449219,336.32000732421875,338.8900146484375,8018200
2026-03-17,339.8663024902344,340.25,341.1600036621094,336.7900085449219,340.55999755859375,4472100
2026-03-18,337.9085388183594,338.2900085449219,343.44000244140625,338.2900085449219,340.5299987792969,6363900
2026-03-19,339.8163757324219,340.20001220703125,342.7699890136719,326.760009765625,328.760009765625,8292100
2026-03-20,332.1350402832031,332.510009765625,341.25,327.94000244140625,339.7099914550781,9441300
2026-03-23,336.2104187011719,336.5899963378906,344.92999267578125,335.1199951171875,340.1199951171875,8151000
2026-03-24,340.6354064941406,341.0199890136719,343.2200012207031,333.6199951171875,333.7900085449219,5287500
2026-03-25,344.86065673828125,345.25,347.67999267578125,342.1400146484375,344.1700134277344,5869000
2026-03-26,328.4791564941406,328.8500061035156,339.8900146484375,328.5199890136719,339.45001220703125,10172400
2026-03-27,323.115234375,323.4800109863281,329.95001220703125,322.1600036621094,326.8399963378906,6334800
2026-03-30,309.4406433105469,309.7900085449219,327.6300048828125,307.260009765625,326.75,13204800
2026-03-31,328.28936767578125,328.6600036621094,329.17999267578125,314.8800048828125,315.6000061035156,14036500
2026-04-01,338.1582336425781,338.5400085449219,342.6499938964844,332.3500061035156,333.489990234375,10130800
2026-04-02,339.22698974609375,339.6099853515625,340.3900146484375,325.0299987792969,325.1099853515625,6521000
2026-04-06,343.7119445800781,344.1000061035156,345.7699890136719,339.9200134277344,341.5199890136719,3105000
2026-04-07,347.3678283691406,347.760009765625,347.94000244140625,338.4700012207031,343.0400085449219,4026000
2026-04-08,369.9822692871094,370.3999938964844,371.1499938964844,362.1300048828125,367.8900146484375,9868700
2026-04-09,378.2030029296875,378.6300048828125,378.95001220703125,371.29998779296875,371.29998779296875,6036700
2026-04-10,386.1640319824219,386.6000061035156,389.6000061035156,382.6700134277344,382.6700134277344,5596900
2026-04-13,392.89642333984375,393.3399963378906,393.57000732421875,384.3699951171875,384.8800048828125,4377400
2026-04-14,400.7875061035156,401.239990234375,401.44000244140625,393.510009765625,397.8399963378906,5202600
2026-04-15,401.40679931640625,401.8599853515625,402.0899963378906,392.3900146484375,400.30999755859375,5570200
2026-04-16,405.4922180175781,405.95001220703125,407.4800109863281,397.989990234375,400.6000061035156,4400500
2026-04-17,415.2412109375,415.7099914550781,415.7300109863281,409.5799865722656,413.3800048828125,5729100
2026-04-20,417.0791015625,417.54998779296875,418.8599853515625,411.7900085449219,417.42999267578125,3493500
2026-04-21,420.2255859375,420.70001220703125,423.3500061035156,416.6700134277344,420.3999938964844,3676800
2026-04-22,431.2830810546875,431.7699890136719,432.1600036621094,422.82000732421875,427.260009765625,6557600
2026-04-23,440.502685546875,441.0,446.6400146484375,434.0400085449219,435.3399963378906,10812400
2026-04-24,461.0794677734375,461.6000061035156,463.8699951171875,450.9700012207031,457.5899963378906,9072000
2026-04-27,454.89642333984375,455.4100036621094,463.0,448.92999267578125,461.75,8924600
2026-04-28,438.21527099609375,438.7099914550781,446.1400146484375,431.739990234375,437.6300048828125,11014900
2026-04-29,449.4825134277344,449.989990234375,450.3699951171875,442.4100036621094,445.260009765625,5972800
2026-04-30,460.91961669921875,461.44000244140625,462.1400146484375,449.3399963378906,455.70001220703125,5170200
2026-05-01,465.2247619628906,465.75,466.9100036621094,455.07000732421875,458.4700012207031,4155900
2026-05-04,461.5389404296875,462.05999755859375,469.6099853515625,457.80999755859375,467.92999267578125,5233100
2026-05-05,482.1856384277344,482.7300109863281,486.17999267578125,470.2300109863281,471.1400146484375,7203000
2026-05-06,506.29840087890625,506.8699951171875,506.94000244140625,487.8599853515625,497.9599914550781,9768600
2026-05-07,491.8047180175781,492.3599853515625,503.67999267578125,488.1300048828125,502.92999267578125,9913700
2026-05-08,519.7132568359375,520.2999877929688,520.4600219726562,502.75,504.239990234375,7754500
2026-05-11,532.1591796875,532.760009765625,533.739990234375,521.6599731445312,524.0800170898438,7492600
2026-05-12,515.4080810546875,515.989990234375,525.1500244140625,495.7099914550781,520.8499755859375,14660600
2026-05-13,527.6942138671875,528.2899780273438,532.25,515.9400024414062,527.6199951171875,7346400
2026-05-14,529.4323120117188,530.030029296875,533.1300048828125,522.2100219726562,526.5,5212400
2026-05-15,507.946533203125,508.5199890136719,518.7899780273438,506.260009765625,511.6700134277344,9388200
2026-05-18,495.310791015625,495.8699951171875,519.9600219726562,486.9200134277344,518.02001953125,9999000
2026-05-19,496.1798095703125,496.739990234375,506.0400085449219,477.95001220703125,484.3999938964844,12217000
2026-05-20,519.7232666015625,520.3099975585938,520.5399780273438,506.54998779296875,507.7300109863281,9457600
2026-05-21,524.1183471679688,524.7100219726562,526.780029296875,515.0,518.1699829101562,6749900
2026-05-22,536.72412109375,537.3300170898438,541.8900146484375,530.1699829101562,531.8800048828125,7671100
2026-05-26,569.4471435546875,570.0900268554688,572.9500122070312,555.4099731445312,556.989990234375,8926200
2026-05-27,563.3439331054688,563.97998046875,584.5,551.8900146484375,584.3800048828125,11412400
2026-05-28,568.8278198242188,569.469970703125,575.7999877929688,554.8300170898438,564.3200073242188,6763900
2026-05-29,568.4382934570312,569.0800170898438,582.22998046875,564.5999755859375,576.4400024414062,7323900
2026-06-01,571.2849731445312,571.9299926757812,577.989990234375,557.3800048828125,563.6699829101562,6999500
2026-06-02,604.3377075195312,605.02001953125,605.4400024414062,581.9299926757812,585.1699829101562,7475400
2026-06-03,614.9856567382812,615.6799926757812,618.8400268554688,598.010009765625,616.2100219726562,8564700
2026-06-04,602.040283203125,602.719970703125,611.260009765625,577.5399780273438,587.6400146484375,11445300
2026-06-05,539.1613159179688,539.77001953125,580.5,539.5700073242188,577.8599853515625,22377300
2026-06-08,570.8055419921875,571.4500122070312,581.3800048828125,560.7899780273438,569.77001953125,12843000
2026-06-09,561.506103515625,562.1400146484375,588.5800170898438,522.239990234375,585.4500122070312,24548100
2026-06-10,540.8993530273438,541.510009765625,572.510009765625,539.3800048828125,551.6599731445312,16672200
2026-06-11,586.2681274414062,586.9299926757812,588.0,554.8099975585938,555.4199829101562,12295400
2026-06-12,595.5775756835938,596.25,602.6900024414062,578.530029296875,584.1099853515625,9928200
2026-06-15,628.0393676757812,628.4500122070312,629.719970703125,618.4500122070312,622.6099853515625,8170800
2026-06-16,590.8536987304688,591.239990234375,629.6400146484375,590.6300048828125,623.8400268554688,11204900
2026-06-17,599.338134765625,599.72998046875,621.989990234375,598.9500122070312,611.5599975585938,8948400
2026-06-18,639.0322265625,639.4500122070312,644.4299926757812,626.1500244140625,626.52001953125,9666000
2026-06-22,654.58203125,655.010009765625,655.9500122070312,643.9299926757812,653.9600219726562,7782700
2026-06-23,602.9957885742188,603.3900146484375,619.9400024414062,598.1900024414062,607.6400146484375,12712200
2026-06-24,601.1069946289062,601.5,609.6900024414062,586.6599731445312,606.1900024414062,9230700
2026-06-25,624.79150390625,625.2000122070312,638.469970703125,598.8300170898438,637.3300170898438,12713200
2026-06-26,589.5545654296875,589.9400024414062,605.8900146484375,588.510009765625,601.4400024414062,11017500
2026-06-29,613.9485473632812,614.3499755859375,615.3499755859375,571.5999755859375,593.7100219726562,11036800
2026-06-30,640.3413696289062,640.760009765625,644.9400024414062,616.1500244140625,616.1500244140625,10112600
2026-07-01,599.3081665039062,599.7000122070312,622.8900146484375,597.8800048828125,616.8200073242188,9983000
2026-07-02,565.9500122070312,566.3200073242188,608.1099853515625,554.9099731445312,601.239990234375,16092600
2026-07-06,581.1300659179688,581.510009765625,598.0,580.47998046875,583.1500244140625,8419400
2026-07-07,551.3295288085938,551.6900024414062,558.0599975585938,536.1199951171875,551.9299926757812,12285700
2026-07-08,561.6627807617188,562.030029296875,564.5,543.8699951171875,544.6599731445312,7195400
2026-07-09,581.3199462890625,581.7000122070312,594.989990234375,579.1400146484375,589.5,10026200
2026-07-10,580.960205078125,581.3400268554688,585.7899780273438,566.6699829101562,571.989990234375,5861000
2026-07-13,553.248291015625,553.6099853515625,566.6500244140625,550.260009765625,563.5800170898438,8307000
2026-07-14,567.5488891601562,567.9199829101562,580.6699829101562,560.239990234375,580.510009765625,7372300
2026-07-15,554.9072265625,555.27001953125,575.8800048828125,538.530029296875,575.1199951171875,10199600
2026-07-16,530.1533813476562,530.5,545.5499877929688,525.4299926757812,539.0499877929688,10343300
2026-07-17,521.4690551757812,521.8099975585938,533.1900024414062,498.5400085449219,508.54998779296875,15576800
2026-07-20,523.7975463867188,524.1400146484375,539.5399780273438,522.8400268554688,534.0,6533100
2026-07-21,552.328857421875,552.6900024414062,555.1599731445312,540.1500244140625,549.0999755859375,10079700
2026-07-22,555.1570434570312,555.52001953125,561.1799926757812,538.719970703125,538.75,6268400
2026-07-23,550.8798217773438,551.239990234375,558.0900268554688,543.7899780273438,545.5,6689500
2026-07-24,526.6656494140625,527.010009765625,548.0,522.2100219726562,544.3599853515625,10952000
2026-07-27,515.8927001953125,516.22998046875,534.3099975585938,500.0,532.6400146484375,13472800
2026-07-28,491.1388854980469,491.4599914550781,498.4800109863281,480.5,496.739990234375,14904200
2026-07-29,464.6961669921875,465.0,496.05999755859375,464.0799865722656,488.6499938964844,18817200
2026-07-30,504.2003479003906,504.5299987792969,509.9800109863281,488.010009765625,491.57000732421875,17477800
2026-07-31,504.56011962890625,504.8900146484375,532.6699829101562,501.29998779296875,527.0999755859375,13113700
2026-08-03,507.3482666015625,507.67999267578125,510.95001220703125,485.7099914550781,491.9200134277344,10302000
2026-08-04,541.8557739257812,542.2100219726562,545.3900146484375,526.5700073242188,529.3099975585938,10898600
2026-08-05,530.353271484375,530.7000122070312,547.5700073242188,528.8800048828125,536.4000244140625,9649300
2026-08-06,532.1720581054688,532.52001953125,542.5599975585938,516.4099731445312,522.6599731445312,7654700
2026-08-07,542.9150390625,543.27001953125,547.9000244140625,531.27001953125,545.2000122070312,5262600
2026-08-10,529.0441284179688,529.3900146484375,547.219970703125,529.3900146484375,545.8499755859375,8763500
2026-08-11,533.8509521484375,534.2000122070312,539.0499877929688,530.0999755859375,537.9099731445312,7176100
2026-08-12,546.2528076171875,546.6099853515625,554.1099853515625,546.469970703125,553.4000244140625,7723600
2026-08-13,550.380126953125,550.739990234375,562.25,546.4000244140625,547.1400146484375,5940700
2026-08-14,550.0603637695312,550.4199829101562,552.8900146484375,542.9299926757812,549.5800170898438,4309800
2026-08-17,558.7546997070312,559.1199951171875,566.02001953125,555.8400268554688,557.9199829101562,5745000
2026-08-18,531.0427856445312,531.3900146484375,541.7000122070312,523.030029296875,537.4199829101562,9993900
2026-08-19,519.3304443359375,519.6699829101562,538.0,514.489990234375,536.260009765625,8413800
2026-08-20,522.0086669921875,522.3499755859375,525.4299926757812,515.260009765625,518.3800048828125,6269000
2026-08-21,519.710205078125,520.0499877929688,528.989990234375,514.6599731445312,528.1500244140625,6255600
2026-08-24,505.8492736816406,506.17999267578125,512.1099853515625,498.92999267578125,511.9700012207031,7828600
2026-08-25,513.72412109375,514.0599975585938,520.0999755859375,509.6600036621094,515.9099731445312,6445900
2026-08-26,515.0632934570312,515.4000244140625,516.3900146484375,509.260009765625,512.0900268554688,4322200
2026-08-27,525.086669921875,525.4299926757812,527.780029296875,517.0,526.0599975585938,9046000
2026-08-28,508.28765869140625,508.6199951171875,522.6500244140625,506.82000732421875,521.2000122070312,8468500
2026-08-31,510.70611572265625,511.0400085449219,514.3300170898438,507.0299987792969,509.82000732421875,6241500
2026-09-01,499.98309326171875,500.30999755859375,504.7200012207031,495.0899963378906,501.42999267578125,8049500
2026-09-02,501.11236572265625,501.44000244140625,504.0199890136719,493.30999755859375,498.17999267578125,5804100
2026-09-03,501.87188720703125,502.20001220703125,503.32000732421875,489.2099914550781,496.6400146484375,6445600
2026-09-04,519.5203247070312,519.8599853515625,520.5599975585938,507.25,509.30999755859375,9234000
2026-09-08,528.0547485351562,528.4000244140625,534.280029296875,525.489990234375,530.5,8833100
2026-09-09,531.6524047851562,532.0,535.47998046875,524.8499755859375,524.8499755859375,6427500
2026-09-10,517.0919189453125,517.4299926757812,522.5,514.3099975585938,518.3200073242188,6651700
2026-09-11,526.7256469726562,527.0700073242188,531.0399780273438,521.1300048828125,525.239990234375,5663000
2026-09-14,497.07501220703125,497.3999938964844,503.17999267578125,495.1499938964844,497.1700134277344,11265500
2026-09-15,498.8500061035156,498.8500061035156,504.739990234375,496.5799865722656,502.54998779296875,6014200
2026-09-16,502.05999755859375,502.05999755859375,510.3699951171875,496.80999755859375,506.7099914550781,8358900
2026-09-17,519.0999755859375,519.0999755859375,520.4199829101562,514.7999877929688,517.0900268554688,6790700
2026-09-18,533.0700073242188,533.0700073242188,533.3200073242188,522.3800048828125,522.7100219726562,6348600
2026-09-21,559.3400268554688,559.3400268554688,562.2000122070312,541.469970703125,545.0800170898438,7966100
2026-09-22,572.780029296875,572.780029296875,573.52001953125,553.3599853515625,553.760009765625,6322800
2026-09-23,565.719970703125,565.719970703125,571.5499877929688,557.0499877929688,570.4000244140625,9984400
2026-09-24,566.0700073242188,566.0700073242188,566.8099975585938,553.239990234375,554.9000244140625,4925900
2026-09-25,572.6799926757812,572.6799926757812,575.6900024414062,567.3499755859375,569.47998046875,4719500
2026-09-28,560.7899780273438,560.7899780273438,570.8699951171875,551.9500122070312,568.7100219726562,7348500
2026-09-29,567.4400024414062,567.4400024414062,574.469970703125,565.2999877929688,569.7899780273438,5131500
2026-09-30,568.6400146484375,568.6400146484375,572.3200073242188,564.010009765625,568.72998046875,4481500
2026-10-01,576.3300170898438,576.3300170898438,579.97998046875,564.0399780273438,569.1900024414062,6085800
2026-10-02,588.9000244140625,588.9000244140625,596.4400024414062,587.25,590.9099731445312,6877400
2026-10-05,589.510009765625,589.510009765625,590.0,582.0800170898438,586.6099853515625,4233000
2026-10-06,589.4500122070312,589.4500122070312,596.3900146484375,588.6400146484375,593.5399780273438,4432600
2026-10-07,582.8200073242188,582.8200073242188,583.8900146484375,574.1300048828125,576.739990234375,4952200
